date,open,high,low,close,volume,amount
1991-04-03,0.34,0.34,0.34,0.34,100.0,5000.0
1991-04-04,0.33,0.33,0.33,0.33,300.0,15000.0
1991-04-05,0.33,0.33,0.33,0.33,200.0,10000.0
1991-04-08,0.33,0.33,0.33,0.33,200.0,10000.0
1991-04-09,0.33,0.33,0.33,0.33,400.0,19000.0
1991-04-10,0.33,0.33,0.33,0.33,1500.0,71000.0
1991-04-12,0.32,0.32,0.32,0.32,800.0,38000.0
1991-04-16,0.32,0.32,0.32,0.32,200.0,9000.0
1991-04-17,0.32,0.32,0.32,0.32,100.0,5000.0
1991-04-18,0.31,0.31,0.31,0.31,400.0,18000.0
1991-04-19,0.31,0.31,0.31,0.31,200.0,9000.0
1991-04-23,0.31,0.31,0.31,0.31,2800.0,126000.0
1991-04-24,0.31,0.31,0.31,0.31,1600.0,72000.0
1991-04-25,0.31,0.31,0.31,0.31,1500.0,67000.0
1991-04-26,0.3,0.3,0.3,0.3,800.0,35000.0
1991-04-29,0.3,0.3,0.3,0.3,400.0,17000.0
1991-04-30,0.3,0.3,0.3,0.3,200.0,9000.0
1991-05-02,0.3,0.3,0.3,0.3,200.0,9000.0
1991-05-03,0.3,0.3,0.3,0.3,300.0,13000.0
1991-05-07,0.29,0.29,0.29,0.29,200.0,8000.0
1991-05-08,0.29,0.29,0.29,0.29,10900.0,462000.0
1991-05-09,0.29,0.29,0.29,0.29,1500.0,63000.0
1991-05-10,0.29,0.29,0.29,0.29,2000.0,84000.0
1991-05-13,0.28,0.28,0.28,0.28,1900.0,79000.0
1991-05-14,0.28,0.28,0.28,0.28,5500.0,227000.0
1991-05-15,0.28,0.28,0.28,0.28,38700.0,1591000.0
1991-05-16,0.28,0.28,0.28,0.28,49300.0,2017000.0
1991-05-17,0.28,0.28,0.28,0.28,41900.0,1706000.0
1991-05-20,0.28,0.28,0.28,0.28,5100.0,205000.0
1991-05-21,0.27,0.27,0.27,0.27,6300.0,253000.0
1991-05-22,0.27,0.27,0.27,0.27,4300.0,171000.0
1991-05-23,0.27,0.27,0.27,0.27,1700.0,67000.0
1991-05-24,0.27,0.27,0.27,0.27,300.0,12000.0
1991-05-27,0.27,0.27,0.27,0.27,500.0,19000.0
1991-05-28,0.27,0.27,0.27,0.27,300.0,12000.0
1991-05-29,0.27,0.27,0.27,0.27,3600.0,139000.0
1991-05-30,0.26,0.26,0.26,0.26,1400.0,54000.0
1991-05-31,0.26,0.26,0.26,0.26,100.0,4000.0
1991-06-03,0.26,0.26,0.26,0.26,700.0,26000.0
1991-06-04,0.26,0.26,0.26,0.26,100.0,4000.0
1991-06-06,0.26,0.26,0.26,0.26,400.0,15000.0
1991-06-07,0.25,0.25,0.25,0.25,100.0,4000.0
1991-06-10,0.25,0.25,0.25,0.25,1500.0,55000.0
1991-06-11,0.25,0.25,0.25,0.25,1200.0,44000.0
1991-06-12,0.25,0.25,0.25,0.25,1500.0,55000.0
1991-06-13,0.25,0.25,0.25,0.25,3400.0,123000.0
1991-06-14,0.25,0.25,0.25,0.25,700.0,25000.0
1991-06-17,0.24,0.24,0.24,0.24,500.0,18000.0
1991-06-18,0.24,0.24,0.24,0.24,1000.0,35000.0
1991-06-19,0.24,0.24,0.24,0.24,5700.0,202000.0
1991-06-20,0.24,0.24,0.24,0.24,3000.0,105000.0
1991-06-21,0.24,0.24,0.24,0.24,200.0,7000.0
1991-06-24,0.24,0.24,0.24,0.24,2500.0,87000.0
1991-06-25,0.24,0.24,0.24,0.24,1200.0,41000.0
1991-06-26,0.24,0.24,0.24,0.24,400.0,14000.0
1991-06-27,0.23,0.23,0.23,0.23,400.0,14000.0
1991-06-28,0.23,0.23,0.23,0.23,200.0,7000.0
1991-07-01,0.23,0.23,0.23,0.23,200.0,7000.0
1991-07-02,0.23,0.23,0.23,0.23,200.0,7000.0
1991-07-04,0.23,0.23,0.23,0.23,1100.0,36000.0
1991-07-05,0.23,0.23,0.23,0.23,200.0,6000.0
1991-07-08,0.22,0.22,0.22,0.22,900.0,29000.0
1991-07-10,0.22,0.22,0.22,0.22,600.0,19000.0
1991-07-11,0.22,0.22,0.22,0.22,100.0,3000.0
1991-07-15,0.22,0.22,0.22,0.22,400.0,13000.0
1991-07-19,0.21,0.21,0.21,0.21,100.0,3000.0
1991-07-24,0.21,0.21,0.21,0.21,200.0,6000.0
1991-07-26,0.21,0.21,0.21,0.21,300.0,9000.0
1991-07-29,0.2,0.2,0.2,0.2,700.0,21000.0
1991-07-30,0.2,0.2,0.2,0.2,700.0,21000.0
1991-07-31,0.2,0.2,0.2,0.2,100.0,3000.0
1991-08-01,0.2,0.2,0.2,0.2,700.0,20000.0
1991-08-02,0.2,0.2,0.2,0.2,100.0,3000.0
1991-08-19,0.14,0.15,0.14,0.15,310000.0,4983000.0
1991-08-20,0.15,0.15,0.14,0.14,196900.0,3135000.0
1991-08-21,0.14,0.14,0.14,0.14,343100.0,5300000.0
1991-08-22,0.14,0.14,0.13,0.13,284100.0,4298000.0
1991-08-23,0.13,0.14,0.13,0.13,438100.0,6405000.0
1991-08-26,0.14,0.14,0.14,0.14,277200.0,4267000.0
1991-08-27,0.14,0.14,0.14,0.14,208500.0,3177000.0
1991-08-28,0.14,0.14,0.13,0.14,243900.0,3688000.0
1991-08-29,0.13,0.14,0.13,0.14,229600.0,3455000.0
1991-08-30,0.13,0.14,0.13,0.13,225100.0,3379000.0
1991-09-02,0.13,0.13,0.13,0.13,231600.0,3440000.0
1991-09-03,0.13,0.13,0.13,0.13,287400.0,4271000.0
1991-09-04,0.13,0.13,0.13,0.13,160400.0,2367000.0
1991-09-05,0.13,0.13,0.13,0.13,484000.0,7030000.0
1991-09-06,0.13,0.13,0.12,0.12,326700.0,4506000.0
1991-09-09,0.12,0.12,0.12,0.12,629700.0,8653000.0
1991-09-10,0.12,0.13,0.12,0.13,423500.0,5856000.0
1991-09-11,0.12,0.13,0.12,0.13,452800.0,6351000.0
1991-09-12,0.13,0.13,0.13,0.13,352400.0,5086000.0
1991-09-13,0.13,0.13,0.13,0.13,752500.0,10822000.0
1991-09-16,0.13,0.13,0.13,0.13,224000.0,3186000.0
1991-09-17,0.13,0.13,0.13,0.13,300900.0,4265000.0
1991-09-18,0.13,0.13,0.13,0.13,262000.0,3696000.0
1991-09-19,0.13,0.13,0.13,0.13,347500.0,4890000.0
1991-09-20,0.13,0.13,0.13,0.13,234000.0,3288000.0
1991-09-23,0.13,0.13,0.13,0.13,207800.0,2922000.0
1991-09-24,0.13,0.13,0.13,0.13,140200.0,1973000.0
1991-09-25,0.13,0.13,0.13,0.13,177000.0,2491000.0
1991-09-26,0.13,0.13,0.13,0.13,71700.0,1018000.0
1991-09-27,0.13,0.13,0.13,0.13,147600.0,2140000.0
1991-10-03,0.13,0.14,0.13,0.14,180900.0,2804000.0
1991-10-04,0.14,0.14,0.14,0.14,393100.0,6113000.0
1991-10-07,0.14,0.16,0.14,0.15,408300.0,6864000.0
1991-10-08,0.17,0.19,0.17,0.19,651400.0,13028000.0
1991-10-09,0.19,0.24,0.19,0.23,647600.0,16554000.0
1991-10-10,0.23,0.25,0.18,0.2,610900.0,15418000.0
1991-10-11,0.2,0.22,0.16,0.22,856600.0,18110000.0
1991-10-14,0.22,0.23,0.22,0.22,648500.0,16122000.0
1991-10-15,0.22,0.22,0.21,0.21,361000.0,8593000.0
1991-10-16,0.21,0.21,0.2,0.21,391400.0,8909000.0
1991-10-17,0.21,0.22,0.21,0.22,420200.0,9842000.0
1991-10-18,0.22,0.22,0.22,0.22,485600.0,11884000.0
1991-10-21,0.22,0.22,0.21,0.21,355700.0,8582000.0
1991-10-22,0.22,0.22,0.21,0.21,333500.0,7887000.0
1991-10-23,0.21,0.21,0.21,0.21,323300.0,7586000.0
1991-10-24,0.21,0.22,0.21,0.22,392800.0,9424000.0
1991-10-25,0.22,0.22,0.21,0.22,357900.0,8571000.0
1991-10-28,0.22,0.22,0.21,0.22,455400.0,11124000.0
1991-10-29,0.22,0.23,0.22,0.23,489400.0,12601000.0
1991-10-30,0.23,0.23,0.23,0.23,378700.0,9733000.0
1991-10-31,0.23,0.24,0.23,0.24,445700.0,11686000.0
1991-11-01,0.24,0.26,0.24,0.26,581000.0,16538000.0
1991-11-04,0.26,0.28,0.26,0.28,677400.0,20534000.0
1991-11-05,0.28,0.29,0.28,0.28,946000.0,30561000.0
1991-11-06,0.28,0.28,0.26,0.27,623900.0,18555000.0
1991-11-07,0.27,0.28,0.27,0.27,767200.0,23581000.0
1991-11-08,0.27,0.27,0.27,0.27,569000.0,17083000.0
1991-11-12,0.29,0.32,0.29,0.32,623700.0,21809000.0
1991-11-13,0.32,0.33,0.32,0.33,770500.0,28174000.0
1991-11-14,0.33,0.33,0.33,0.33,458300.0,15869000.0
1991-11-15,0.33,0.33,0.32,0.32,668400.0,24561000.0
1991-11-18,0.31,0.31,0.26,0.27,415100.0,13364000.0
1991-11-19,0.26,0.29,0.26,0.29,576800.0,17515000.0
1991-11-20,0.29,0.3,0.29,0.3,469700.0,15810000.0
1991-11-21,0.3,0.3,0.28,0.29,327800.0,10583000.0
1991-11-22,0.29,0.29,0.28,0.29,411800.0,13128000.0
1991-11-25,0.29,0.29,0.26,0.26,247500.0,7650000.0
1991-11-26,0.28,0.28,0.26,0.26,356300.0,10566000.0
1991-11-27,0.26,0.27,0.25,0.27,455000.0,13101000.0
1991-11-28,0.27,0.27,0.26,0.26,432000.0,12880000.0
1991-11-29,0.26,0.26,0.25,0.25,306200.0,8557000.0
1991-12-02,0.25,0.25,0.24,0.24,410500.0,11099000.0
1991-12-03,0.24,0.26,0.24,0.25,234800.0,6521000.0
1991-12-04,0.25,0.26,0.25,0.25,242700.0,6853000.0
1991-12-05,0.25,0.25,0.24,0.24,126000.0,3458000.0
1991-12-06,0.24,0.25,0.24,0.25,159400.0,4341000.0
1991-12-09,0.25,0.25,0.25,0.25,144400.0,4045000.0
1991-12-10,0.25,0.26,0.25,0.26,182200.0,5160000.0
1991-12-11,0.26,0.26,0.25,0.25,201900.0,5750000.0
1991-12-12,0.25,0.25,0.25,0.25,105800.0,2953000.0
1991-12-13,0.25,0.25,0.24,0.24,129400.0,3541000.0
1991-12-16,0.25,0.25,0.25,0.25,100100.0,2762000.0
1991-12-17,0.25,0.25,0.25,0.25,91300.0,2521000.0
1991-12-18,0.25,0.25,0.25,0.25,123900.0,3412000.0
1991-12-19,0.25,0.25,0.25,0.25,100900.0,2787000.0
1991-12-20,0.25,0.25,0.25,0.25,100900.0,2787000.0
1991-12-23,0.25,0.25,0.25,0.25,127000.0,3523000.0
1991-12-24,0.25,0.26,0.24,0.26,105000.0,3010000.0
1991-12-25,0.26,0.27,0.26,0.26,226900.0,6703000.0
1991-12-26,0.26,0.26,0.25,0.25,191800.0,5510000.0
1991-12-27,0.25,0.26,0.25,0.26,210500.0,5935000.0
1991-12-30,0.26,0.26,0.26,0.26,105900.0,3093000.0
1991-12-31,0.26,0.26,0.26,0.26,75900.0,2204000.0
1992-01-02,0.26,0.26,0.26,0.26,188600.0,5491000.0
1992-01-03,0.26,0.26,0.26,0.26,221200.0,6433000.0
1992-01-06,0.26,0.27,0.26,0.27,263400.0,7721000.0
1992-01-07,0.27,0.27,0.27,0.27,293100.0,8773000.0
1992-01-08,0.27,0.27,0.27,0.27,192800.0,5745000.0
1992-01-09,0.27,0.27,0.26,0.27,153500.0,4545000.0
1992-01-10,0.27,0.27,0.26,0.27,152500.0,4532000.0
1992-01-13,0.27,0.27,0.27,0.27,135300.0,4016000.0
1992-01-14,0.27,0.27,0.26,0.26,71100.0,2084000.0
1992-01-15,0.26,0.26,0.26,0.26,220500.0,6499000.0
1992-01-16,0.26,0.26,0.26,0.26,126800.0,3658000.0
1992-01-17,0.26,0.26,0.25,0.26,114300.0,3269000.0
1992-01-20,0.26,0.26,0.26,0.26,108500.0,3179000.0
1992-01-21,0.26,0.27,0.26,0.26,157600.0,4660000.0
1992-01-22,0.26,0.26,0.26,0.26,159200.0,4608000.0
1992-01-23,0.26,0.26,0.26,0.26,147700.0,4298000.0
1992-01-24,0.26,0.27,0.26,0.27,232700.0,6857000.0
1992-01-27,0.27,0.27,0.26,0.26,257100.0,7566000.0
1992-01-28,0.26,0.26,0.26,0.26,233600.0,6874000.0
1992-01-29,0.26,0.27,0.26,0.27,212700.0,6338000.0
1992-01-30,0.27,0.27,0.27,0.27,173500.0,5232000.0
1992-01-31,0.27,0.28,0.27,0.28,227500.0,7013000.0
1992-02-10,0.29,0.29,0.28,0.28,164400.0,5170000.0
1992-02-11,0.28,0.29,0.28,0.28,196000.0,6199000.0
1992-02-12,0.28,0.29,0.28,0.29,135800.0,4303000.0
1992-02-13,0.29,0.29,0.29,0.29,181200.0,5790000.0
1992-02-14,0.29,0.29,0.29,0.29,192400.0,6154000.0
1992-02-17,0.28,0.29,0.28,0.28,155700.0,4880000.0
1992-02-18,0.28,0.28,0.28,0.28,195500.0,6063000.0
1992-02-19,0.28,0.28,0.28,0.28,194600.0,6030000.0
1992-02-20,0.28,0.29,0.28,0.29,129600.0,4082000.0
1992-02-21,0.29,0.29,0.28,0.28,171000.0,5429000.0
1992-02-24,0.28,0.28,0.27,0.28,140500.0,4367000.0
1992-02-25,0.28,0.28,0.28,0.28,123100.0,3812000.0
1992-02-26,0.28,0.28,0.27,0.27,141900.0,4357000.0
1992-02-27,0.28,0.28,0.27,0.28,203300.0,6259000.0
1992-02-28,0.28,0.28,0.28,0.28,233500.0,7346000.0
1992-03-02,0.28,0.29,0.28,0.28,313700.0,9962000.0
1992-03-03,0.29,0.29,0.28,0.28,315000.0,9984000.0
1992-03-04,0.29,0.29,0.28,0.28,228800.0,7248000.0
1992-03-05,0.28,0.29,0.28,0.29,273300.0,8699000.0
1992-03-06,0.29,0.29,0.29,0.29,426000.0,13654000.0
1992-03-09,0.29,0.3,0.29,0.29,351500.0,11455000.0
1992-03-10,0.29,0.29,0.29,0.29,228400.0,7351000.0
1992-03-11,0.29,0.29,0.29,0.29,273800.0,8783000.0
1992-03-12,0.29,0.29,0.29,0.29,261500.0,8396000.0
1992-03-13,0.29,0.29,0.29,0.29,317000.0,10224000.0
1992-03-16,0.29,0.3,0.29,0.29,491000.0,15963000.0
1992-03-17,0.3,0.3,0.29,0.29,310600.0,10227000.0
1992-03-18,0.29,0.3,0.29,0.3,605900.0,19918000.0
1992-03-19,0.3,0.3,0.29,0.29,228600.0,7488000.0
1992-03-20,0.29,0.29,0.29,0.29,256300.0,8317000.0
1992-03-23,0.29,0.3,0.29,0.3,486500.0,10646000.0
1992-03-24,0.3,0.3,0.3,0.3,647600.0,14213000.0
1992-03-25,0.3,0.32,0.3,0.31,665200.0,14970000.0
1992-03-26,0.32,0.33,0.31,0.33,915400.0,21920000.0
1992-03-27,0.33,0.33,0.32,0.32,731300.0,17597000.0
1992-03-30,0.32,0.34,0.32,0.34,777200.0,19152000.0
1992-03-31,0.34,0.36,0.34,0.35,883200.0,22801000.0
1992-04-01,0.36,0.37,0.36,0.36,796500.0,21328000.0
1992-04-02,0.36,0.37,0.35,0.35,654400.0,17499000.0
1992-04-03,0.35,0.35,0.34,0.35,623300.0,16093000.0
1992-04-06,0.35,0.38,0.35,0.37,645600.0,17486000.0
1992-04-07,0.37,0.39,0.37,0.38,872500.0,24420000.0
1992-04-08,0.38,0.4,0.38,0.39,1315300.0,38087000.0
1992-04-09,0.39,0.4,0.38,0.4,910900.0,26508000.0
1992-04-10,0.4,0.4,0.39,0.4,767600.0,22620000.0
1992-04-13,0.4,0.46,0.4,0.45,740900.0,23094000.0
1992-04-14,0.45,0.47,0.44,0.44,1053200.0,35329000.0
1992-04-15,0.44,0.45,0.41,0.41,831100.0,26712000.0
1992-04-16,0.42,0.45,0.42,0.44,917700.0,29537000.0
1992-04-17,0.45,0.45,0.43,0.43,971400.0,31576000.0
1992-04-20,0.44,0.44,0.42,0.43,599300.0,18998000.0
1992-04-21,0.43,0.43,0.42,0.43,659700.0,20739000.0
1992-04-22,0.43,0.45,0.43,0.44,627600.0,20172000.0
1992-04-23,0.45,0.46,0.45,0.45,852300.0,28624000.0
1992-04-24,0.45,0.46,0.45,0.46,898300.0,30477000.0
1992-04-27,0.46,0.47,0.45,0.46,854600.0,29122000.0
1992-04-28,0.46,0.47,0.45,0.47,962400.0,32747000.0
1992-04-29,0.47,0.49,0.47,0.49,926600.0,32743000.0
1992-04-30,0.49,0.52,0.49,0.52,806100.0,30400000.0
1992-05-04,0.56,0.59,0.55,0.59,1146200.0,48037000.0
1992-05-05,0.59,0.64,0.59,0.64,1080500.0,50729000.0
1992-05-06,0.64,0.66,0.62,0.62,899900.0,42432000.0
1992-05-07,0.62,0.62,0.58,0.59,1015200.0,44456000.0
1992-05-08,0.59,0.6,0.57,0.58,1072600.0,46726000.0
1992-05-11,0.58,0.59,0.56,0.59,1039000.0,44366000.0
1992-05-12,0.59,0.64,0.59,0.63,796900.0,36841000.0
1992-05-13,0.63,0.64,0.63,0.63,848900.0,39667000.0
1992-05-14,0.63,0.63,0.61,0.62,891200.0,40675000.0
1992-05-15,0.62,0.63,0.61,0.61,862300.0,39173000.0
1992-05-18,0.62,0.62,0.6,0.61,888300.0,39706000.0
1992-05-19,0.61,0.63,0.61,0.63,1068100.0,48544000.0
1992-05-20,0.63,0.65,0.61,0.61,966500.0,45206000.0
1992-05-21,0.61,0.61,0.59,0.61,642600.0,28695000.0
1992-05-22,0.61,0.61,0.6,0.6,618000.0,27654000.0
1992-05-25,0.6,0.62,0.6,0.62,904600.0,40547000.0
1992-05-26,0.62,0.63,0.62,0.63,840900.0,38811000.0
1992-05-27,0.63,0.64,0.62,0.62,942400.0,43915000.0
1992-05-28,0.62,0.62,0.61,0.62,708800.0,32427000.0
1992-05-29,0.62,0.62,0.6,0.61,722100.0,32447000.0
1992-06-01,0.61,0.63,0.61,0.62,925800.0,42723000.0
1992-06-02,0.62,0.62,0.6,0.61,797600.0,35819000.0
1992-06-03,0.61,0.61,0.57,0.57,531100.0,23510000.0
1992-06-04,0.57,0.57,0.52,0.56,958000.0,39101000.0
1992-06-05,0.56,0.58,0.56,0.57,970800.0,40937000.0
1992-06-08,0.57,0.57,0.54,0.56,738200.0,30223000.0
1992-06-09,0.56,0.56,0.53,0.54,477900.0,19125000.0
1992-06-10,0.54,0.54,0.52,0.53,623700.0,24384000.0
1992-06-11,0.53,0.53,0.52,0.53,487300.0,18934000.0
1992-06-12,0.53,0.53,0.51,0.52,670000.0,25666000.0
1992-06-15,0.52,0.52,0.49,0.49,683000.0,25758000.0
1992-06-16,0.49,0.49,0.45,0.45,767500.0,26456000.0
1992-06-17,0.45,0.5,0.44,0.5,876100.0,29785000.0
1992-06-18,0.5,0.52,0.49,0.49,1146400.0,42674000.0
1992-06-19,0.49,0.49,0.47,0.49,667300.0,23914000.0
1992-06-22,0.49,0.49,0.46,0.46,736500.0,25481000.0
1992-06-23,0.47,0.48,0.46,0.48,617100.0,21280000.0
1992-06-24,0.47,0.47,0.46,0.47,588500.0,20425000.0
1992-06-25,0.48,0.49,0.47,0.49,480100.0,17060000.0
1992-06-26,0.49,0.51,0.49,0.5,778900.0,28770000.0
1992-06-29,0.5,0.54,0.5,0.54,989000.0,38750000.0
1992-06-30,0.54,0.57,0.54,0.57,1047400.0,43381000.0
1992-07-01,0.57,0.58,0.55,0.55,1246700.0,51833000.0
1992-07-02,0.55,0.55,0.53,0.54,1230300.0,49439000.0
1992-07-03,0.54,0.56,0.54,0.55,1005300.0,40699000.0
1992-07-06,0.56,0.58,0.54,0.54,1251600.0,51814000.0
1992-07-07,0.55,0.56,0.54,0.55,730500.0,29608000.0
1992-07-08,0.55,0.56,0.55,0.55,447100.0,18222000.0
1992-07-09,0.55,0.55,0.54,0.54,817100.0,32870000.0
1992-07-10,0.54,0.54,0.53,0.54,707300.0,27975000.0
1992-07-13,0.53,0.55,0.53,0.55,884400.0,35147000.0
1992-07-14,0.55,0.56,0.55,0.55,731600.0,29903000.0
1992-07-15,0.56,0.56,0.55,0.55,379500.0,15450000.0
1992-07-16,0.55,0.57,0.55,0.56,564300.0,23193000.0
1992-07-17,0.57,0.57,0.57,0.57,957000.0,40209000.0
1992-07-20,0.57,0.61,0.57,0.61,881200.0,38600000.0
1992-07-21,0.61,0.62,0.6,0.6,1098100.0,49152000.0
1992-07-22,0.6,0.61,0.6,0.6,978700.0,43573000.0
1992-07-23,0.6,0.62,0.6,0.62,943800.0,42506000.0
1992-07-24,0.61,0.62,0.61,0.62,1098300.0,50159000.0
1992-07-27,0.62,0.64,0.62,0.64,915200.0,42956000.0
1992-07-28,0.64,0.64,0.62,0.62,851300.0,39424000.0
1992-07-29,0.62,0.63,0.61,0.62,700800.0,32111000.0
1992-07-30,0.62,0.63,0.62,0.63,685600.0,31571000.0
1992-07-31,0.63,0.63,0.62,0.62,562200.0,25877000.0
1992-08-03,0.2,0.2,0.19,0.2,681600.0,30466000.0
1992-08-04,0.58,0.61,0.57,0.6,855500.0,37329000.0
1992-08-05,0.6,0.61,0.59,0.61,503000.0,22316000.0
1992-08-06,0.6,0.6,0.59,0.6,405000.0,17883000.0
1992-08-07,0.6,0.61,0.59,0.61,663600.0,29641000.0
1992-08-10,0.61,0.63,0.61,0.63,460900.0,21269000.0
1992-08-11,0.63,0.63,0.57,0.59,142000.0,6179000.0
1992-08-12,0.59,0.61,0.59,0.59,920400.0,40694000.0
1992-08-13,0.6,0.6,0.57,0.57,999800.0,42692000.0
1992-08-14,0.57,0.59,0.56,0.59,1119300.0,47720000.0
1992-08-17,0.59,0.61,0.59,0.6,1019400.0,45304000.0
1992-08-18,0.6,0.6,0.58,0.59,741300.0,32176000.0
1992-08-19,0.58,0.6,0.58,0.59,334700.0,14606000.0
1992-08-20,0.59,0.6,0.59,0.59,431400.0,18842000.0
1992-08-21,0.59,0.59,0.58,0.58,586000.0,25350000.0
1992-08-24,0.58,0.58,0.57,0.57,462300.0,19617000.0
1992-08-25,0.57,0.57,0.55,0.55,508100.0,21024000.0
1992-08-26,0.55,0.57,0.55,0.56,957500.0,39334000.0
1992-08-27,0.57,0.58,0.56,0.57,670300.0,27979000.0
1992-08-28,0.57,0.57,0.56,0.57,366100.0,15251000.0
1992-08-31,0.56,0.56,0.56,0.56,361500.0,14922000.0
1992-09-01,0.56,0.56,0.55,0.55,428700.0,17460000.0
1992-09-02,0.55,0.55,0.53,0.54,701100.0,27813000.0
1992-09-03,0.54,0.55,0.53,0.54,539100.0,21553000.0
1992-09-04,0.54,0.54,0.52,0.53,697400.0,27350000.0
1992-09-07,0.52,0.52,0.5,0.5,726100.0,27332000.0
1992-09-08,0.5,0.53,0.49,0.53,1073500.0,40417000.0
1992-09-09,0.53,0.56,0.53,0.56,1138200.0,45747000.0
1992-09-10,0.56,0.58,0.56,0.57,1585400.0,67233000.0
1992-09-11,0.58,0.59,0.56,0.59,1476200.0,62600000.0
1992-09-14,0.59,0.6,0.57,0.57,1359000.0,59413000.0
1992-09-15,0.57,0.58,0.56,0.57,936200.0,39510000.0
1992-09-16,0.57,0.59,0.56,0.58,556000.0,23656000.0
1992-09-17,0.58,0.59,0.58,0.59,797700.0,34505000.0
1992-09-18,0.59,0.59,0.57,0.58,577100.0,24735000.0
1992-09-21,0.58,0.59,0.57,0.58,343000.0,14690000.0
1992-09-22,0.58,0.58,0.57,0.58,447800.0,20430000.0
1992-09-23,0.58,0.59,0.58,0.58,735600.0,31679000.0
1992-09-24,0.58,0.61,0.58,0.61,2018700.0,89877000.0
1992-09-25,0.62,0.63,0.61,0.61,2395300.0,109467000.0
1992-09-28,0.61,0.61,0.6,0.61,975800.0,43934000.0
1992-09-29,0.61,0.61,0.61,0.61,571400.0,25665000.0
1992-09-30,0.61,0.61,0.6,0.6,774600.0,34655000.0
1992-10-05,0.61,0.61,0.6,0.6,335800.0,14962000.0
1992-10-06,0.6,0.6,0.59,0.59,347900.0,15254000.0
1992-10-07,0.59,0.6,0.59,0.6,274500.0,12035000.0
1992-10-08,0.6,0.6,0.59,0.6,277100.0,12237000.0
1992-10-09,0.6,0.6,0.59,0.6,502900.0,22199000.0
1992-10-12,0.61,0.61,0.61,0.61,621500.0,27937000.0
1992-10-13,0.61,0.61,0.6,0.6,304800.0,13553000.0
1992-10-14,0.6,0.6,0.59,0.59,357400.0,15689000.0
1992-10-15,0.59,0.6,0.59,0.6,271600.0,11864000.0
1992-10-16,0.6,0.6,0.59,0.59,271800.0,11950000.0
1992-10-19,0.59,0.59,0.58,0.58,454800.0,19700000.0
1992-10-20,0.58,0.6,0.58,0.58,667900.0,28821000.0
1992-10-21,0.58,0.58,0.57,0.57,499500.0,21239000.0
1992-10-22,0.57,0.57,0.55,0.56,683300.0,28262000.0
1992-10-23,0.56,0.56,0.55,0.55,766700.0,31529000.0
1992-10-26,0.55,0.55,0.5,0.52,1116200.0,42657000.0
1992-10-27,0.52,0.53,0.51,0.51,1449300.0,55373000.0
1992-10-28,0.51,0.53,0.51,0.52,952400.0,36305000.0
1992-10-29,0.52,0.54,0.52,0.54,1189100.0,46187000.0
1992-10-30,0.54,0.55,0.54,0.54,1048100.0,41866000.0
1992-11-02,0.54,0.54,0.51,0.51,722200.0,28034000.0
1992-11-03,0.51,0.53,0.51,0.53,668600.0,25342000.0
1992-11-04,0.53,0.53,0.51,0.52,266600.0,10193000.0
1992-11-05,0.52,0.52,0.51,0.51,341100.0,12945000.0
1992-11-06,0.51,0.52,0.51,0.51,413000.0,15676000.0
1992-11-09,0.51,0.51,0.51,0.51,219300.0,8303000.0
1992-11-10,0.51,0.51,0.51,0.51,303200.0,11440000.0
1992-11-11,0.51,0.51,0.5,0.5,400700.0,14910000.0
1992-11-12,0.5,0.51,0.48,0.48,516900.0,18912000.0
1992-11-13,0.48,0.48,0.46,0.46,828100.0,28325000.0
1992-11-16,0.46,0.46,0.42,0.42,843300.0,27269000.0
1992-11-17,0.41,0.41,0.39,0.4,1307100.0,39039000.0
1992-11-18,0.41,0.44,0.41,0.43,1213300.0,37760000.0
1992-11-19,0.43,0.43,0.42,0.43,1381900.0,43550000.0
1992-11-20,0.43,0.43,0.42,0.42,1049700.0,33207000.0
1992-11-23,0.42,0.42,0.4,0.41,953500.0,28694000.0
1992-11-24,0.41,0.42,0.4,0.42,482500.0,14585000.0
1992-11-25,0.42,0.43,0.42,0.43,720100.0,22654000.0
1992-11-26,0.43,0.48,0.43,0.47,1518200.0,50684000.0
1992-11-27,0.47,0.47,0.46,0.47,2075500.0,71835000.0
1992-11-30,0.47,0.52,0.47,0.52,1287600.0,48360000.0
1992-12-01,0.52,0.53,0.5,0.53,2051600.0,78773000.0
1992-12-02,0.53,0.54,0.52,0.52,1773200.0,69630000.0
1992-12-03,0.52,0.53,0.51,0.51,1134500.0,43398000.0
1992-12-04,0.51,0.53,0.51,0.53,1305800.0,50300000.0
1992-12-07,0.53,0.56,0.53,0.56,1566500.0,63773000.0
1992-12-08,0.56,0.57,0.56,0.56,1530300.0,63477000.0
1992-12-09,0.56,0.56,0.53,0.54,1208100.0,48707000.0
1992-12-10,0.54,0.54,0.52,0.53,1333500.0,52301000.0
1992-12-11,0.53,0.56,0.53,0.55,1402100.0,56798000.0
1992-12-14,0.55,0.56,0.54,0.55,1017100.0,41203000.0
1992-12-15,0.55,0.55,0.54,0.54,619200.0,24848000.0
1992-12-16,0.54,0.55,0.54,0.55,637400.0,25787000.0
1992-12-17,0.55,0.56,0.55,0.55,504100.0,20547000.0
1992-12-18,0.55,0.56,0.55,0.56,615600.0,25229000.0
1992-12-21,0.56,0.57,0.56,0.56,950100.0,39370000.0
1992-12-22,0.57,0.57,0.56,0.56,766000.0,32058000.0
1992-12-23,0.56,0.56,0.56,0.56,581700.0,24019000.0
1992-12-24,0.56,0.57,0.56,0.57,415100.0,17230000.0
1992-12-25,0.57,0.57,0.56,0.57,525900.0,22008000.0
1992-12-28,0.57,0.57,0.57,0.57,495100.0,20778000.0
1992-12-29,0.57,0.59,0.57,0.59,741200.0,31868000.0
1992-12-30,0.59,0.61,0.59,0.61,1268300.0,56493000.0
1992-12-31,0.61,0.61,0.6,0.6,1145000.0,51227000.0
1993-01-04,0.62,0.62,0.61,0.61,1183400.0,53747000.0
1993-01-05,0.61,0.62,0.61,0.61,665300.0,30012000.0
1993-01-06,0.61,0.62,0.61,0.62,665400.0,30137000.0
1993-01-07,0.62,0.62,0.61,0.62,655500.0,29975000.0
1993-01-08,0.62,0.63,0.62,0.63,912700.0,42013000.0
1993-01-11,0.63,0.65,0.63,0.65,962400.0,45488000.0
1993-01-12,0.65,0.65,0.63,0.63,1031400.0,48590000.0
1993-01-13,0.63,0.64,0.63,0.64,847800.0,39754000.0
1993-01-14,0.64,0.64,0.63,0.63,772400.0,36235000.0
1993-01-15,0.63,0.64,0.63,0.64,696300.0,32621000.0
1993-01-18,0.64,0.66,0.64,0.66,1135000.0,54418000.0
1993-01-19,0.66,0.67,0.66,0.66,1388700.0,68030000.0
1993-02-01,0.66,0.72,0.66,0.71,1126900.0,59535000.0
1993-02-02,0.72,0.74,0.72,0.73,1117600.0,60225000.0
1993-02-03,0.73,0.74,0.71,0.71,973600.0,51704000.0
1993-02-04,0.71,0.72,0.7,0.71,1032500.0,54231000.0
1993-02-05,0.71,0.72,0.71,0.71,1222600.0,64511000.0
1993-02-08,0.72,0.74,0.72,0.73,1375000.0,74683000.0
1993-02-09,0.73,0.74,0.72,0.73,1633900.0,88149000.0
1993-02-10,0.73,0.74,0.73,0.74,1057600.0,57600000.0
1993-02-11,0.74,0.74,0.73,0.74,1454700.0,79302000.0
1993-02-12,0.74,0.74,0.7,0.72,2437500.0,129769000.0
1993-02-15,0.72,0.76,0.72,0.75,1656900.0,91316000.0
1993-02-16,0.75,0.77,0.75,0.76,1826200.0,102656000.0
1993-02-17,0.76,0.76,0.75,0.76,1310900.0,73204000.0
1993-02-18,0.77,0.77,0.76,0.77,1205300.0,68287000.0
1993-02-19,0.77,0.8,0.77,0.8,1361100.0,78971000.0
1993-02-22,0.8,0.83,0.8,0.82,1591800.0,96859000.0
1993-02-23,0.82,0.82,0.81,0.81,1340100.0,80635000.0
1993-02-24,0.81,0.81,0.77,0.78,1868300.0,108703000.0
1993-02-25,0.78,0.81,0.77,0.8,1633500.0,94972000.0
1993-02-26,0.8,0.81,0.79,0.8,1182800.0,69693000.0
1993-03-01,0.8,0.84,0.8,0.82,2467500.0,149692000.0
1993-03-02,0.82,0.82,0.81,0.81,1269600.0,76302000.0
1993-03-03,0.81,0.81,0.78,0.78,1216100.0,71790000.0
1993-03-04,0.78,0.8,0.77,0.79,2034000.0,117525000.0
1993-03-05,0.79,0.79,0.76,0.76,1573300.0,90655000.0
1993-03-08,0.76,0.79,0.76,0.78,1526600.0,87618000.0
1993-03-09,0.78,0.79,0.77,0.78,950100.0,54491000.0
1993-03-10,0.77,0.79,0.77,0.79,1128200.0,65366000.0
1993-03-11,0.79,0.8,0.79,0.79,1050800.0,61794000.0
1993-03-12,0.8,0.8,0.79,0.8,939600.0,55379000.0
1993-03-15,0.8,0.8,0.77,0.78,1328200.0,76700000.0
1993-03-16,0.78,0.79,0.78,0.79,960800.0,55764000.0
1993-03-17,0.79,0.79,0.78,0.78,852900.0,49267000.0
1993-03-18,0.78,0.79,0.77,0.78,704000.0,40641000.0
1993-03-19,0.78,0.79,0.78,0.78,763800.0,44168000.0
1993-03-22,0.79,0.79,0.77,0.77,817300.0,46907000.0
1993-03-23,0.77,0.77,0.76,0.76,955100.0,53923000.0
1993-03-24,0.76,0.77,0.75,0.75,837300.0,46841000.0
1993-03-25,0.75,0.77,0.74,0.77,941400.0,52257000.0
1993-03-26,0.77,0.78,0.77,0.77,849300.0,48910000.0
1993-03-29,0.77,0.77,0.76,0.77,479300.0,27314000.0
1993-03-30,0.77,0.77,0.76,0.77,374200.0,21233000.0
1993-03-31,0.77,0.78,0.77,0.78,463500.0,26537000.0
1993-04-01,0.78,0.78,0.77,0.78,419700.0,24100000.0
1993-04-02,0.78,0.78,0.78,0.78,507800.0,29231000.0
1993-04-05,0.78,0.78,0.77,0.77,410900.0,23524000.0
1993-04-06,0.77,0.78,0.77,0.77,429500.0,24493000.0
1993-04-07,0.77,0.78,0.77,0.78,462600.0,26649000.0
1993-04-08,0.78,0.79,0.78,0.79,734600.0,42768000.0
1993-04-09,0.79,0.79,0.79,0.79,711000.0,41623000.0
1993-04-12,0.79,0.82,0.79,0.82,1561200.0,93706000.0
1993-04-13,0.82,0.83,0.82,0.83,1636000.0,99548000.0
1993-04-14,0.83,0.83,0.82,0.82,1204300.0,73313000.0
1993-04-15,0.83,0.83,0.82,0.82,1085700.0,65850000.0
1993-04-16,0.82,0.83,0.82,0.82,884800.0,53825000.0
1993-04-19,0.83,0.83,0.81,0.82,945100.0,57238000.0
1993-04-20,0.82,0.82,0.81,0.81,554300.0,33251000.0
1993-04-21,0.81,0.81,0.81,0.81,362500.0,21715000.0
1993-04-22,0.81,0.81,0.81,0.81,421600.0,25287000.0
1993-04-23,0.81,0.81,0.8,0.8,541900.0,32082000.0
1993-04-26,0.8,0.8,0.79,0.8,397300.0,23446000.0
1993-04-27,0.8,0.8,0.8,0.8,249000.0,14722000.0
1993-04-28,0.8,0.8,0.8,0.8,334400.0,19718000.0
1993-04-29,0.8,0.8,0.79,0.79,288600.0,16979000.0
1993-04-30,0.79,0.8,0.79,0.8,414300.0,24323000.0
1993-05-03,0.8,0.8,0.79,0.79,279500.0,16325000.0
1993-05-04,0.79,0.79,0.78,0.79,341000.0,19768000.0
1993-05-05,0.79,0.79,0.77,0.77,469200.0,26949000.0
1993-05-06,0.77,0.77,0.71,0.75,1294000.0,70441000.0
1993-05-07,0.75,0.75,0.73,0.74,1020700.0,56056000.0
1993-05-10,0.74,0.77,0.74,0.75,1063900.0,59739000.0
1993-05-11,0.75,0.75,0.73,0.74,895800.0,48827000.0
1993-05-12,0.74,0.76,0.74,0.75,589100.0,32586000.0
1993-05-13,0.76,0.77,0.76,0.77,628200.0,35577000.0
1993-05-14,0.77,0.78,0.77,0.77,535200.0,30505000.0
1993-05-17,0.77,0.77,0.76,0.76,478800.0,27061000.0
1993-05-18,0.76,0.76,0.75,0.76,404100.0,22653000.0
1993-05-19,0.76,0.76,0.76,0.76,373500.0,20973000.0
1993-05-20,0.76,0.76,0.75,0.75,646200.0,36167000.0
1993-05-21,0.75,0.75,0.73,0.74,910300.0,49980000.0
1993-05-24,0.74,0.74,0.69,0.7,1384500.0,37913000.0
1993-05-25,0.7,0.71,0.69,0.71,1733900.0,47194000.0
1993-05-26,0.71,0.74,0.71,0.72,2650600.0,74631000.0
1993-05-27,0.72,0.72,0.71,0.72,1848300.0,51620000.0
1993-05-28,0.72,0.73,0.72,0.73,1688300.0,47682000.0
1993-05-31,0.73,0.75,0.73,0.75,1576500.0,45363000.0
1993-06-01,0.75,0.76,0.74,0.74,1877100.0,54452000.0
1993-06-02,0.74,0.75,0.74,0.75,1148400.0,33078000.0
1993-06-03,0.75,0.75,0.75,0.75,1506000.0,43733000.0
1993-06-04,0.75,0.75,0.74,0.75,1124000.0,32531000.0
1993-06-07,0.75,0.75,0.74,0.74,707700.0,20435000.0
1993-06-08,0.74,0.74,0.74,0.74,552100.0,15862000.0
1993-06-09,0.74,0.74,0.73,0.73,572700.0,16205000.0
1993-06-10,0.73,0.73,0.72,0.73,421700.0,11894000.0
1993-06-11,0.73,0.73,0.71,0.72,750400.0,20993000.0
1993-06-14,0.72,0.72,0.69,0.7,1063200.0,28796000.0
1993-06-15,0.7,0.71,0.69,0.71,786700.0,21364000.0
1993-06-16,0.7,0.71,0.7,0.7,445400.0,12133000.0
1993-06-17,0.7,0.7,0.69,0.7,477600.0,12938000.0
1993-06-18,0.7,0.72,0.7,0.72,812400.0,22284000.0
1993-06-21,0.72,0.73,0.7,0.7,885900.0,24460000.0
1993-06-22,0.7,0.71,0.7,0.7,551700.0,15064000.0
1993-06-23,0.7,0.71,0.7,0.7,619300.0,16879000.0
1993-06-24,0.7,0.71,0.7,0.71,816300.0,22310000.0
1993-06-25,0.71,0.71,0.69,0.7,834200.0,22711000.0
1993-06-28,0.7,0.7,0.68,0.69,507300.0,13627000.0
1993-06-29,0.7,0.7,0.69,0.7,345000.0,9322000.0
1993-06-30,0.7,0.7,0.69,0.69,471000.0,12680000.0
1993-07-01,0.69,0.69,0.68,0.68,807200.0,21278000.0
1993-07-02,0.68,0.68,0.65,0.68,1323800.0,33901000.0
1993-07-05,0.68,0.71,0.66,0.67,1211100.0,32018000.0
1993-07-06,0.67,0.67,0.65,0.65,670500.0,17097000.0
1993-07-07,0.65,0.66,0.64,0.65,794500.0,19945000.0
1993-07-08,0.65,0.65,0.64,0.65,550300.0,13808000.0
1993-07-09,0.65,0.65,0.64,0.64,654900.0,16325000.0
1993-07-12,0.64,0.64,0.59,0.6,1138300.0,26716000.0
1993-07-13,0.6,0.6,0.59,0.59,633200.0,14568000.0
1993-07-14,0.59,0.6,0.59,0.6,478800.0,11110000.0
1993-07-15,0.6,0.6,0.59,0.59,520900.0,11943000.0
1993-07-16,0.59,0.59,0.57,0.57,993200.0,22058000.0
1993-07-19,0.57,0.57,0.53,0.54,1127300.0,23766000.0
1993-07-20,0.53,0.53,0.5,0.52,1596900.0,31706000.0
1993-07-21,0.53,0.53,0.51,0.52,1202600.0,24432000.0
1993-07-22,0.52,0.53,0.51,0.53,818200.0,16736000.0
1993-07-23,0.53,0.57,0.53,0.56,1303000.0,28470000.0
1993-07-26,0.57,0.58,0.56,0.58,1660300.0,36878000.0
1993-07-27,0.58,0.62,0.57,0.62,1927500.0,45121000.0
1993-07-28,0.62,0.66,0.62,0.64,2587700.0,64305000.0
1993-07-29,0.64,0.64,0.61,0.63,5668320.0,12831000.0
1993-07-30,0.64,0.64,0.63,0.63,1920500.0,47428000.0
1993-08-02,0.64,0.65,0.64,0.64,985100.0,23839400.0
1993-08-03,0.64,0.64,0.62,0.62,985100.0,23830000.0
1993-08-04,0.62,0.63,0.62,0.62,862300.0,20815000.0
1993-08-05,0.63,0.64,0.63,0.64,712500.0,17436000.0
1993-08-06,0.64,0.64,0.62,0.63,770200.0,18961000.0
1993-08-09,0.63,0.65,0.63,0.65,1445300.0,36067000.0
1993-08-10,0.66,0.67,0.65,0.66,2145400.0,54937000.0
1993-08-11,0.65,0.68,0.65,0.68,1782400.0,45506000.0
1993-08-12,0.69,0.69,0.67,0.69,2825300.0,75147000.0
1993-08-13,0.69,0.7,0.69,0.69,2504300.0,67299000.0
1993-08-16,0.7,0.71,0.7,0.7,4053700.0,109932000.0
1993-08-17,0.71,0.75,0.65,0.65,3730800.0,103344000.0
1993-08-18,0.65,0.68,0.64,0.66,2665500.0,67838000.0
1993-08-19,0.66,0.66,0.64,0.64,1129200.0,28335000.0
1993-08-20,0.64,0.64,0.62,0.62,1530200.0,36912000.0
1993-08-23,0.61,0.61,0.59,0.59,1445600.0,33604000.0
1993-08-24,0.59,0.64,0.58,0.64,1742900.0,41123000.0
1993-08-25,0.64,0.64,0.61,0.61,1171900.0,28194000.0
1993-08-26,0.61,0.62,0.6,0.61,668000.0,15839000.0
1993-08-27,0.61,0.62,0.59,0.6,903900.0,21129000.0
1993-08-30,0.6,0.61,0.59,0.6,492500.0,11440000.0
1993-08-31,0.6,0.62,0.6,0.61,575800.0,13709000.0
1993-09-01,0.61,0.62,0.6,0.6,395400.0,9296000.0
1993-09-02,0.6,0.61,0.6,0.6,346700.0,8064000.0
1993-09-03,0.6,0.61,0.6,0.61,397700.0,9287000.0
1993-09-06,0.61,0.62,0.61,0.61,396900.0,9425000.0
1993-09-07,0.61,0.61,0.61,0.61,238200.0,5621000.0
1993-09-08,0.61,0.61,0.6,0.6,313100.0,7336000.0
1993-09-09,0.6,0.61,0.6,0.6,247900.0,5811000.0
1993-09-10,0.6,0.6,0.59,0.6,367300.0,8532000.0
1993-09-13,0.59,0.59,0.58,0.58,596400.0,13446000.0
1993-09-14,0.57,0.58,0.57,0.58,571800.0,12774000.0
1993-09-15,0.58,0.58,0.57,0.57,395000.0,8808000.0
1993-09-16,0.57,0.57,0.56,0.57,476300.0,10501000.0
1993-09-20,0.56,0.59,0.56,0.59,811900.0,18128000.0
1993-09-21,0.59,0.6,0.58,0.58,641100.0,14634000.0
1993-09-22,0.58,0.59,0.58,0.58,281000.0,6337000.0
1993-09-23,0.59,0.59,0.58,0.59,437600.0,9989000.0
1993-09-24,0.58,0.58,0.55,0.57,540600.0,11913000.0
1993-09-27,0.57,0.58,0.57,0.57,184800.0,4091000.0
1993-09-28,0.57,0.57,0.57,0.57,184600.0,4090000.0
1993-09-29,0.57,0.59,0.57,0.58,334900.0,7523000.0
1993-09-30,0.58,0.59,0.58,0.58,336400.0,7625000.0
1993-10-04,0.59,0.59,0.59,0.59,262500.0,5991000.0
1993-10-05,0.59,0.6,0.59,0.59,591600.0,13635000.0
1993-10-06,0.59,0.59,0.58,0.58,220800.0,4983000.0
1993-10-07,0.58,0.58,0.57,0.58,279200.0,6255000.0
1993-10-08,0.58,0.58,0.57,0.57,280400.0,6273000.0
1993-10-12,0.57,0.57,0.57,0.57,288200.0,6388000.0
1993-10-13,0.57,0.57,0.57,0.57,282000.0,6235000.0
1993-10-14,0.57,0.57,0.57,0.57,256800.0,5650000.0
1993-10-15,0.57,0.57,0.57,0.57,177400.0,3918000.0
1993-10-18,0.57,0.57,0.56,0.56,240400.0,5271000.0
1993-10-19,0.56,0.57,0.56,0.56,251900.0,5486000.0
1993-10-20,0.56,0.56,0.56,0.56,200800.0,4362000.0
1993-10-21,0.56,0.56,0.56,0.56,245400.0,5318000.0
1993-10-22,0.56,0.56,0.55,0.55,319800.0,6858000.0
1993-10-25,0.55,0.55,0.54,0.54,384400.0,8085000.0
1993-10-26,0.54,0.55,0.53,0.55,315400.0,6563000.0
1993-10-27,0.55,0.55,0.54,0.55,376900.0,8041000.0
1993-10-28,0.55,0.58,0.55,0.57,402100.0,8792000.0
1993-10-29,0.58,0.58,0.56,0.56,566900.0,12559000.0
1993-11-01,0.56,0.56,0.55,0.56,314100.0,6794000.0
1993-11-02,0.56,0.57,0.56,0.57,316800.0,6950000.0
1993-11-03,0.57,0.57,0.56,0.56,280500.0,6190000.0
1993-11-04,0.56,0.57,0.56,0.56,148100.0,3241000.0
1993-11-05,0.56,0.57,0.56,0.57,197300.0,4332000.0
1993-11-08,0.56,0.58,0.56,0.57,477300.0,10610000.0
1993-11-09,0.57,0.58,0.57,0.57,388100.0,8625000.0
1993-11-10,0.57,0.59,0.57,0.59,1013600.0,22985000.0
1993-11-11,0.59,0.61,0.59,0.59,1056600.0,24457000.0
1993-11-12,0.6,0.6,0.59,0.6,1050400.0,24274000.0
1993-11-15,0.6,0.63,0.6,0.61,1947500.0,46991000.0
1993-11-16,0.61,0.61,0.59,0.59,929200.0,21651000.0
1993-11-17,0.59,0.6,0.59,0.59,871100.0,20028000.0
1993-11-18,0.59,0.59,0.58,0.59,1046500.0,23934000.0
1993-11-19,0.59,0.59,0.58,0.58,958200.0,21807000.0
1993-11-22,0.59,0.59,0.58,0.58,859000.0,19525000.0
1993-11-23,0.58,0.58,0.57,0.57,662600.0,14887000.0
1993-11-24,0.57,0.57,0.56,0.57,691100.0,15235000.0
1993-11-25,0.56,0.57,0.56,0.57,558700.0,12299000.0
1993-11-26,0.57,0.57,0.57,0.57,533400.0,11803000.0
1993-11-29,0.57,0.57,0.56,0.57,370800.0,8141000.0
1993-11-30,0.57,0.57,0.57,0.57,284300.0,6290000.0
1993-12-01,0.57,0.57,0.57,0.57,394700.0,8694000.0
1993-12-02,0.57,0.57,0.56,0.56,320700.0,7028000.0
1993-12-03,0.56,0.57,0.56,0.56,432200.0,9434000.0
1993-12-06,0.56,0.57,0.56,0.56,438100.0,9576000.0
1993-12-07,0.56,0.56,0.55,0.56,526500.0,11487000.0
1993-12-08,0.56,0.56,0.56,0.56,425400.0,9241000.0
1993-12-09,0.56,0.56,0.56,0.56,487300.0,10585000.0
1993-12-10,0.56,0.59,0.56,0.58,900200.0,20015000.0
1993-12-13,0.58,0.59,0.55,0.56,1130800.0,25090000.0
1993-12-14,0.56,0.57,0.56,0.56,539800.0,11777000.0
1993-12-15,0.56,0.59,0.56,0.58,623600.0,13790000.0
1993-12-16,0.59,0.59,0.58,0.58,1475900.0,33676000.0
1993-12-17,0.58,0.58,0.57,0.58,666600.0,14987000.0
1993-12-20,0.58,0.58,0.56,0.57,1450100.0,31967000.0
1993-12-21,0.57,0.58,0.56,0.58,814400.0,17951000.0
1993-12-22,0.58,0.58,0.57,0.57,548700.0,12213000.0
1993-12-23,0.57,0.57,0.56,0.57,463400.0,10231000.0
1993-12-24,0.56,0.57,0.56,0.57,493200.0,10824000.0
1993-12-27,0.58,0.58,0.57,0.57,369400.0,8173000.0
1993-12-28,0.57,0.57,0.56,0.56,371400.0,8154000.0
1993-12-29,0.56,0.57,0.56,0.56,269800.0,5909000.0
1993-12-30,0.56,0.58,0.56,0.57,682700.0,15136000.0
1993-12-31,0.58,0.59,0.57,0.58,925300.0,20807000.0
1994-01-03,0.58,0.58,0.56,0.56,308200.0,6793000.0
1994-01-04,0.56,0.57,0.56,0.56,215200.0,4719000.0
1994-01-05,0.56,0.57,0.56,0.56,315900.0,6900000.0
1994-01-06,0.56,0.57,0.56,0.57,440700.0,9721000.0
1994-01-07,0.57,0.58,0.56,0.57,599600.0,13288000.0
1994-01-10,0.57,0.58,0.57,0.57,470200.0,10438000.0
1994-01-11,0.57,0.57,0.57,0.57,336400.0,7418000.0
1994-01-12,0.56,0.57,0.56,0.57,200400.0,4398000.0
1994-01-13,0.56,0.57,0.56,0.56,369900.0,8035000.0
1994-01-14,0.56,0.56,0.54,0.54,854200.0,18183000.0
1994-01-17,0.54,0.55,0.54,0.54,336800.0,7069000.0
1994-01-18,0.54,0.54,0.52,0.54,358100.0,7370000.0
1994-01-19,0.54,0.54,0.52,0.53,273400.0,5604000.0
1994-01-20,0.52,0.52,0.52,0.52,306500.0,6163000.0
1994-01-21,0.52,0.52,0.52,0.52,278800.0,5597000.0
1994-01-24,0.52,0.53,0.52,0.52,261600.0,5275000.0
1994-01-25,0.52,0.52,0.51,0.51,311600.0,6212000.0
1994-01-26,0.51,0.51,0.49,0.5,382300.0,7408000.0
1994-01-27,0.5,0.5,0.49,0.5,321700.0,6174000.0
1994-01-28,0.5,0.5,0.49,0.49,292500.0,5611000.0
1994-01-31,0.48,0.48,0.46,0.47,466500.0,8493000.0
1994-02-01,0.46,0.48,0.45,0.46,417000.0,7544000.0
1994-02-02,0.46,0.48,0.46,0.48,378900.0,6902000.0
1994-02-03,0.48,0.51,0.48,0.51,869600.0,16883000.0
1994-02-04,0.52,0.53,0.52,0.53,979600.0,19850000.0
1994-02-14,0.54,0.54,0.49,0.49,627900.0,12359000.0
1994-02-15,0.49,0.49,0.48,0.49,419900.0,7881000.0
1994-02-16,0.49,0.49,0.48,0.49,312700.0,5937000.0
1994-02-17,0.48,0.48,0.47,0.48,251700.0,4660000.0
1994-02-18,0.47,0.48,0.47,0.48,224700.0,4154000.0
1994-02-21,0.47,0.47,0.46,0.46,348600.0,6316000.0
1994-02-22,0.47,0.5,0.47,0.47,860800.0,16112000.0
1994-02-23,0.48,0.48,0.46,0.47,250500.0,4595000.0
1994-02-24,0.48,0.48,0.47,0.48,381700.0,7023000.0
1994-02-25,0.49,0.49,0.48,0.48,489400.0,9149000.0
1994-02-28,0.48,0.48,0.47,0.47,207600.0,3813000.0
1994-03-01,0.47,0.47,0.47,0.47,237500.0,4304000.0
1994-03-02,0.47,0.47,0.46,0.46,193700.0,3496000.0
1994-03-03,0.46,0.46,0.45,0.46,335900.0,5960000.0
1994-03-04,0.45,0.45,0.45,0.45,382000.0,6674000.0
1994-03-07,0.45,0.45,0.43,0.44,508200.0,8562000.0
1994-03-08,0.44,0.44,0.43,0.43,235600.0,3969000.0
1994-03-09,0.43,0.44,0.43,0.43,198800.0,3339000.0
1994-03-10,0.43,0.43,0.43,0.43,303800.0,5042000.0
1994-03-11,0.43,0.44,0.41,0.43,440000.0,7192000.0
1994-03-14,0.44,0.45,0.43,0.44,594300.0,10174000.0
1994-03-15,0.45,0.45,0.43,0.43,440100.0,7512000.0
1994-03-16,0.43,0.43,0.42,0.43,251400.0,4159000.0
1994-03-17,0.43,0.44,0.43,0.44,477500.0,8089000.0
1994-03-18,0.44,0.44,0.43,0.44,422200.0,7175000.0
1994-03-21,0.44,0.44,0.43,0.43,249900.0,4175000.0
1994-03-22,0.42,0.42,0.42,0.42,268200.0,4347000.0
1994-03-23,0.41,0.41,0.4,0.41,548700.0,8704000.0
1994-03-24,0.4,0.41,0.39,0.4,593500.0,9144000.0
1994-03-25,0.4,0.4,0.39,0.39,403500.0,6197000.0
1994-03-28,0.42,0.5,0.4,0.4,766600.0,12239000.0
1994-03-29,0.4,0.41,0.39,0.41,427000.0,6566000.0
1994-03-30,0.41,0.41,0.39,0.4,912700.0,14270000.0
1994-03-31,0.4,0.41,0.39,0.39,418600.0,6465000.0
1994-04-01,0.39,0.39,0.38,0.38,519600.0,7772000.0
1994-04-04,0.38,0.39,0.38,0.38,322000.0,4784000.0
1994-04-05,0.38,0.38,0.37,0.38,346900.0,5058000.0
1994-04-06,0.38,0.38,0.38,0.38,195400.0,2873000.0
1994-04-07,0.38,0.39,0.38,0.38,297800.0,4418000.0
1994-04-08,0.38,0.38,0.36,0.37,258700.0,3725000.0
1994-04-11,0.37,0.37,0.35,0.35,351700.0,4883000.0
1994-04-12,0.35,0.35,0.33,0.34,661000.0,8693000.0
1994-04-13,0.35,0.35,0.33,0.33,465800.0,6141000.0
1994-04-14,0.32,0.33,0.31,0.31,710900.0,8838000.0
1994-04-15,0.31,0.33,0.31,0.33,2284400.0,28149000.0
1994-04-18,0.33,0.33,0.32,0.32,1276100.0,16113000.0
1994-04-19,0.32,0.32,0.3,0.31,1011200.0,12196000.0
1994-04-20,0.3,0.31,0.3,0.31,958500.0,11295000.0
1994-04-21,0.31,0.32,0.31,0.32,1051200.0,12856000.0
1994-04-22,0.32,0.32,0.31,0.31,958000.0,11702000.0
1994-04-25,0.31,0.32,0.31,0.32,423200.0,5215000.0
1994-04-26,0.32,0.33,0.32,0.33,867500.0,10981000.0
1994-04-27,0.33,0.35,0.33,0.35,1778400.0,23317000.0
1994-04-28,0.35,0.38,0.35,0.37,5982900.0,86057000.0
1994-04-29,0.37,0.41,0.36,0.41,6530900.0,97754000.0
1994-05-03,0.43,0.49,0.43,0.46,9029400.0,161442000.0
1994-05-04,0.48,0.48,0.43,0.43,7888100.0,137414000.0
1994-05-05,0.42,0.45,0.41,0.44,6164500.0,104136000.0
1994-05-06,0.45,0.45,0.43,0.44,6067500.0,103806000.0
1994-05-09,0.44,0.47,0.44,0.45,7077400.0,124237000.0
1994-05-10,0.46,0.46,0.44,0.44,3853200.0,65998000.0
1994-05-11,0.44,0.45,0.43,0.43,2271000.0,39041000.0
1994-05-12,0.43,0.43,0.42,0.42,1574300.0,26116000.0
1994-05-13,0.42,0.44,0.42,0.44,1328900.0,21907000.0
1994-05-16,0.44,0.44,0.43,0.44,1440700.0,24425000.0
1994-05-17,0.44,0.44,0.43,0.43,456200.0,7620000.0
1994-05-18,0.43,0.43,0.42,0.42,434800.0,7168000.0
1994-05-19,0.42,0.43,0.42,0.43,556200.0,9167000.0
1994-05-20,0.43,0.43,0.42,0.43,461200.0,7706000.0
1994-05-23,0.43,0.43,0.42,0.42,271100.0,4439000.0
1994-05-24,0.42,0.42,0.42,0.42,190900.0,3107000.0
1994-05-25,0.42,0.43,0.41,0.41,374800.0,6035000.0
1994-05-26,0.41,0.41,0.39,0.39,701500.0,10882000.0
1994-05-27,0.39,0.4,0.38,0.39,918000.0,14039000.0
1994-05-30,0.39,0.39,0.36,0.37,525400.0,7502000.0
1994-05-31,0.36,0.38,0.36,0.38,766000.0,11049000.0
1994-06-01,0.38,0.38,0.36,0.36,615600.0,8824000.0
1994-06-02,0.36,0.37,0.36,0.37,441600.0,6263000.0
1994-06-03,0.37,0.38,0.37,0.37,785200.0,11318000.0
1994-06-06,0.37,0.37,0.36,0.36,304600.0,4321000.0
1994-06-07,0.36,0.37,0.36,0.36,121800.0,1722000.0
1994-06-08,0.36,0.37,0.36,0.37,389700.0,5495000.0
1994-06-09,0.37,0.37,0.36,0.36,326900.0,4658000.0
1994-06-10,0.36,0.36,0.36,0.36,337000.0,4738000.0
1994-06-13,0.36,0.36,0.35,0.35,451100.0,6230000.0
1994-06-14,0.35,0.35,0.34,0.34,472700.0,6304000.0
1994-06-15,0.34,0.34,0.34,0.34,260400.0,3444000.0
1994-06-16,0.34,0.36,0.34,0.36,463700.0,6275000.0
1994-06-17,0.36,0.37,0.35,0.37,1023300.0,14378000.0
1994-06-20,0.37,0.38,0.36,0.36,1753200.0,25187000.0
1994-06-21,0.36,0.36,0.36,0.36,528700.0,7336000.0
1994-06-22,0.36,0.37,0.36,0.36,242200.0,3405000.0
1994-06-23,0.36,0.36,0.36,0.36,246000.0,3456132.0
1994-06-24,0.36,0.36,0.36,0.36,334300.0,4656570.0
1994-06-27,0.36,0.36,0.35,0.35,435700.0,5892822.0
1994-06-28,0.35,0.35,0.34,0.34,294100.0,3909625.0
1994-06-29,0.34,0.35,0.34,0.34,360700.0,4797164.0
1994-06-30,0.34,0.35,0.34,0.35,257500.0,3431772.0
1994-07-01,0.34,0.35,0.34,0.34,244400.0,3265240.0
1994-07-04,0.34,0.34,0.34,0.34,470100.0,6212124.0
1994-07-08,0.34,0.36,0.34,0.36,1526400.0,20533092.0
1994-07-11,0.36,0.36,0.35,0.35,974600.0,8329441.0
1994-07-12,0.35,0.36,0.35,0.36,486400.0,4198574.0
1994-07-13,0.36,0.37,0.36,0.37,559400.0,4920303.0
1994-07-14,0.37,0.37,0.37,0.37,1821800.0,16340394.0
1994-07-15,0.37,0.37,0.35,0.36,1219100.0,10693262.0
1994-07-18,0.35,0.35,0.34,0.34,852900.0,7078806.0
1994-07-19,0.34,0.35,0.34,0.34,644600.0,5346925.0
1994-07-20,0.34,0.34,0.34,0.34,449900.0,3731762.0
1994-07-21,0.34,0.34,0.34,0.34,511400.0,4178515.0
1994-07-22,0.34,0.34,0.33,0.34,610900.0,4953514.0
1994-07-25,0.33,0.34,0.33,0.34,727800.0,5928341.0
1994-07-26,0.35,0.35,0.34,0.35,1385000.0,11651762.0
1994-07-27,0.35,0.36,0.34,0.34,1852200.0,15581781.0
1994-07-28,0.34,0.34,0.33,0.33,1718400.0,13860440.0
1994-07-29,0.33,0.33,0.32,0.33,869300.0,6906138.0
1994-08-01,0.37,0.4,0.36,0.4,9217100.0,85832300.0
1994-08-02,0.41,0.45,0.4,0.4,7911200.0,82374869.0
1994-08-03,0.4,0.45,0.4,0.45,8999200.0,92407748.0
1994-08-04,0.47,0.48,0.43,0.45,16565000.0,183352554.0
1994-08-05,0.45,0.47,0.44,0.47,12671500.0,141174414.0
1994-08-08,0.49,0.51,0.48,0.49,15879200.0,188701967.0
1994-08-09,0.48,0.48,0.45,0.45,6285800.0,71263565.0
1994-08-10,0.46,0.49,0.45,0.49,7694300.0,87677226.0
1994-08-11,0.51,0.52,0.47,0.47,11715400.0,140806907.0
1994-08-12,0.47,0.48,0.46,0.47,5474200.0,62238863.0
1994-08-15,0.46,0.47,0.45,0.46,3083800.0,34475229.0
1994-08-16,0.46,0.48,0.46,0.47,4111100.0,46912278.0
1994-08-17,0.48,0.48,0.47,0.48,2505000.0,28817606.0
1994-08-18,0.49,0.51,0.49,0.51,13254500.0,161705110.0
1994-08-19,0.51,0.51,0.48,0.49,10199200.0,124251576.0
1994-08-22,0.48,0.49,0.47,0.47,5455500.0,62932001.0
1994-08-23,0.48,0.49,0.47,0.49,3353200.0,38683675.0
1994-08-24,0.49,0.49,0.48,0.48,3272300.0,38379854.0
1994-08-25,0.47,0.48,0.47,0.47,2642800.0,30357030.0
1994-08-26,0.47,0.48,0.47,0.47,2984300.0,34376322.0
1994-08-29,0.47,0.51,0.47,0.49,9382400.0,111947460.0
1994-08-30,0.52,0.53,0.49,0.51,11972000.0,147815079.0
1994-08-31,0.52,0.52,0.51,0.52,13848100.0,171887084.0
1994-09-01,0.53,0.56,0.53,0.54,20163500.0,265231894.0
1994-09-02,0.54,0.56,0.54,0.55,11250100.0,149261369.0
1994-09-05,0.6,0.67,0.6,0.66,19990700.0,307171709.0
1994-09-06,0.68,0.71,0.67,0.7,19601900.0,329151360.0
1994-09-07,0.7,0.7,0.62,0.64,18619000.0,302344941.0
1994-09-08,0.63,0.7,0.63,0.68,16137200.0,258472040.0
1994-09-09,0.7,0.7,0.65,0.65,16878600.0,278581071.0
1994-09-12,0.66,0.71,0.66,0.71,26791500.0,453099257.0
1994-09-13,0.72,0.74,0.7,0.71,26665000.0,468530558.0
1994-09-14,0.71,0.71,0.68,0.69,14433900.0,242644626.0
1994-09-15,0.67,0.69,0.66,0.66,8103400.0,132130330.0
1994-09-16,0.68,0.69,0.67,0.68,8148400.0,134153870.0
1994-09-19,0.68,0.68,0.66,0.67,3735000.0,60728222.0
1994-09-20,0.66,0.66,0.65,0.66,4674500.0,74605106.0
1994-09-21,0.66,0.69,0.66,0.68,4312700.0,70572392.0
1994-09-22,0.69,0.69,0.66,0.67,4699500.0,77050991.0
1994-09-23,0.68,0.7,0.67,0.68,17189900.0,284971409.0
1994-09-26,0.68,0.68,0.67,0.68,5386200.0,88659039.0
1994-09-27,0.68,0.68,0.66,0.68,3892100.0,63289398.0
1994-09-28,0.68,0.68,0.66,0.68,6076600.0,99514908.0
1994-09-29,0.68,0.69,0.6,0.64,7931200.0,124780283.0
1994-09-30,0.63,0.63,0.59,0.59,6871400.0,100952075.0
1994-10-05,0.57,0.58,0.5,0.51,8274300.0,106766993.0
1994-10-06,0.51,0.54,0.5,0.5,7094600.0,89364000.0
1994-10-07,0.49,0.54,0.44,0.52,13779700.0,162371603.0
1994-10-10,0.52,0.52,0.47,0.5,6459800.0,78499750.0
1994-10-11,0.49,0.51,0.49,0.5,1596100.0,19294069.0
1994-10-12,0.5,0.5,0.5,0.5,1747400.0,21103946.0
1994-10-13,0.5,0.5,0.47,0.47,2496900.0,29294085.0
1994-10-14,0.47,0.49,0.45,0.48,4328200.0,49158431.0
1994-10-17,0.47,0.47,0.45,0.46,1702400.0,19105133.0
1994-10-18,0.46,0.47,0.45,0.46,844100.0,9433340.0
1994-10-19,0.46,0.47,0.46,0.47,1072100.0,12096778.0
1994-10-20,0.47,0.5,0.47,0.49,2389300.0,27787853.0
1994-10-21,0.5,0.5,0.47,0.48,3245000.0,38690553.0
1994-10-24,0.47,0.5,0.47,0.5,2749500.0,32619301.0
1994-10-25,0.51,0.52,0.48,0.48,5461900.0,65963471.0
1994-10-26,0.48,0.48,0.47,0.47,1805600.0,20810828.0
1994-10-27,0.47,0.48,0.47,0.48,1003600.0,11569927.0
1994-10-28,0.48,0.49,0.47,0.47,1320100.0,15205841.0
1994-10-31,0.48,0.48,0.46,0.46,1398500.0,15754048.0
1994-11-01,0.47,0.47,0.46,0.47,432500.0,4888176.0
1994-11-02,0.47,0.47,0.46,0.47,403500.0,4576396.0
1994-11-03,0.47,0.48,0.47,0.47,807300.0,9283616.0
1994-11-04,0.48,0.48,0.46,0.46,731500.0,8329820.0
1994-11-07,0.46,0.47,0.45,0.46,478500.0,5321080.0
1994-11-08,0.46,0.48,0.46,0.47,1427700.0,16411322.0
1994-11-09,0.47,0.48,0.47,0.48,1190000.0,13643248.0
1994-11-10,0.48,0.49,0.47,0.47,1647200.0,19115273.0
1994-11-11,0.47,0.48,0.47,0.48,644300.0,7431685.0
1994-11-14,0.48,0.49,0.47,0.48,967900.0,11270576.0
1994-11-15,0.47,0.48,0.47,0.47,672100.0,7721878.0
1994-11-16,0.47,0.47,0.47,0.47,354600.0,4037633.0
1994-11-17,0.47,0.47,0.47,0.47,320300.0,3642591.0
1994-11-18,0.47,0.47,0.46,0.47,556600.0,6253956.0
1994-11-21,0.47,0.47,0.46,0.46,204100.0,2300218.0
1994-11-22,0.46,0.47,0.46,0.47,195900.0,2212469.0
1994-11-23,0.47,0.47,0.46,0.46,335900.0,3760482.0
1994-11-24,0.46,0.46,0.46,0.46,281400.0,3144767.0
1994-11-25,0.46,0.47,0.46,0.46,460600.0,5203875.0
1994-11-28,0.46,0.46,0.46,0.46,461400.0,5155088.0
1994-11-29,0.46,0.46,0.46,0.46,357300.0,3984904.0
1994-11-30,0.47,0.47,0.46,0.46,414400.0,4651499.0
1994-12-01,0.46,0.47,0.46,0.46,168700.0,1891888.0
1994-12-02,0.47,0.47,0.46,0.46,260900.0,2927107.0
1994-12-05,0.46,0.46,0.45,0.45,596200.0,6597754.0
1994-12-06,0.45,0.45,0.44,0.44,689700.0,7458005.0
1994-12-07,0.45,0.45,0.44,0.45,252500.0,2730463.0
1994-12-08,0.45,0.45,0.44,0.44,386100.0,4145662.0
1994-12-09,0.43,0.43,0.43,0.43,469000.0,4886970.0
1994-12-12,0.43,0.43,0.42,0.42,443000.0,4567519.0
1994-12-13,0.42,0.43,0.41,0.43,639100.0,6573739.0
1994-12-14,0.43,0.43,0.42,0.42,431600.0,4426042.0
1994-12-15,0.42,0.49,0.42,0.47,1673300.0,18079280.0
1994-12-16,0.47,0.47,0.44,0.46,3018600.0,33863256.0
1994-12-19,0.46,0.46,0.44,0.44,1177200.0,12765380.0
1994-12-20,0.44,0.45,0.44,0.44,830500.0,8878969.0
1994-12-21,0.44,0.44,0.42,0.43,1267300.0,13339600.0
1994-12-22,0.43,0.43,0.42,0.42,800600.0,8264453.0
1994-12-23,0.42,0.44,0.42,0.43,762200.0,7940022.0
1994-12-26,0.43,0.43,0.42,0.43,373500.0,3870536.0
1994-12-27,0.42,0.43,0.42,0.42,880800.0,9017130.0
1994-12-28,0.43,0.43,0.42,0.43,353200.0,3642186.0
1994-12-29,0.43,0.43,0.42,0.43,484400.0,5007785.0
1994-12-30,0.43,0.44,0.42,0.43,913100.0,9491108.0
1995-01-03,0.43,0.44,0.42,0.44,749700.0,7911322.0
1995-01-04,0.44,0.46,0.43,0.46,1749600.0,19033619.0
1995-01-05,0.46,0.47,0.45,0.46,3221200.0,36150262.0
1995-01-06,0.46,0.46,0.45,0.46,1257900.0,13833533.0
1995-01-09,0.45,0.46,0.44,0.45,721800.0,7836265.0
1995-01-10,0.44,0.44,0.43,0.43,1465200.0,15347112.0
1995-01-11,0.43,0.44,0.43,0.44,706700.0,7433095.0
1995-01-12,0.44,0.44,0.43,0.43,660400.0,6908938.0
1995-01-13,0.43,0.43,0.42,0.43,485400.0,5020696.0
1995-01-16,0.43,0.43,0.42,0.42,769200.0,7889384.0
1995-01-17,0.42,0.43,0.42,0.42,344700.0,3535492.0
1995-01-18,0.42,0.44,0.42,0.43,447500.0,4641979.0
1995-01-19,0.44,0.44,0.42,0.42,716900.0,7443566.0
1995-01-20,0.42,0.43,0.42,0.42,717300.0,7327036.0
1995-01-23,0.42,0.43,0.42,0.42,383500.0,3951780.0
1995-01-24,0.42,0.43,0.42,0.43,522000.0,5407403.0
1995-01-25,0.43,0.44,0.43,0.44,916700.0,9646597.0
1995-01-26,0.44,0.44,0.43,0.44,726800.0,7632434.0
1995-01-27,0.44,0.44,0.43,0.43,925600.0,9818474.0
1995-02-13,0.44,0.44,0.43,0.44,325000.0,3415879.0
1995-02-14,0.43,0.44,0.43,0.43,197000.0,2071693.0
1995-02-15,0.43,0.43,0.43,0.43,220300.0,2312771.0
1995-02-16,0.43,0.43,0.43,0.43,157800.0,1653474.0
1995-02-17,0.43,0.44,0.43,0.43,252600.0,2643914.0
1995-02-20,0.43,0.43,0.43,0.43,162000.0,1690567.0
1995-02-21,0.43,0.43,0.43,0.43,313200.0,3265690.0
1995-02-22,0.43,0.47,0.43,0.46,1545800.0,16955894.0
1995-02-23,0.46,0.46,0.44,0.45,2475500.0,27071270.0
1995-02-24,0.45,0.45,0.43,0.43,1407600.0,14927106.0
1995-02-27,0.43,0.46,0.43,0.44,1167800.0,12534330.0
1995-02-28,0.44,0.44,0.44,0.44,319600.0,3385317.0
1995-03-01,0.44,0.45,0.44,0.45,687100.0,7346875.0
1995-03-02,0.45,0.45,0.44,0.44,422500.0,4550918.0
1995-03-03,0.44,0.45,0.44,0.45,1141500.0,12452263.0
1995-03-06,0.45,0.46,0.45,0.46,1382600.0,15287812.0
1995-03-07,0.47,0.47,0.45,0.47,3497200.0,39343115.0
1995-03-08,0.47,0.47,0.46,0.46,1922800.0,21544642.0
1995-03-09,0.46,0.46,0.45,0.45,1158900.0,12842878.0
1995-03-10,0.45,0.46,0.45,0.45,1127000.0,12372213.0
1995-03-13,0.46,0.46,0.44,0.45,944300.0,10311501.0
1995-03-14,0.45,0.45,0.44,0.44,668000.0,7228753.0
1995-03-15,0.45,0.45,0.43,0.44,964600.0,10291913.0
1995-03-16,0.44,0.44,0.43,0.44,298200.0,3165010.0
1995-03-17,0.44,0.45,0.44,0.44,510400.0,5462373.0
1995-03-20,0.44,0.45,0.44,0.44,285400.0,3065198.0
1995-03-21,0.44,0.44,0.43,0.44,532600.0,5643248.0
1995-03-22,0.44,0.45,0.44,0.44,487000.0,5223329.0
1995-03-23,0.45,0.45,0.44,0.44,355900.0,3832953.0
1995-03-24,0.44,0.45,0.44,0.44,265900.0,2832798.0
1995-03-27,0.44,0.45,0.44,0.44,657800.0,7037594.0
1995-03-28,0.44,0.44,0.44,0.44,197700.0,2115678.0
1995-03-29,0.44,0.45,0.43,0.45,315600.0,3353468.0
1995-03-30,0.45,0.45,0.44,0.44,610000.0,6567198.0
1995-03-31,0.44,0.44,0.44,0.44,377600.0,4037704.0
1995-04-03,0.44,0.45,0.44,0.45,601100.0,6494464.0
1995-04-04,0.45,0.45,0.44,0.44,473700.0,5064460.0
1995-04-05,0.44,0.45,0.44,0.44,337200.0,3603645.0
1995-04-06,0.44,0.44,0.44,0.44,484600.0,5147538.0
1995-04-07,0.44,0.46,0.44,0.45,1576400.0,17257175.0
1995-04-10,0.45,0.46,0.45,0.45,1163300.0,12865136.0
1995-04-11,0.45,0.45,0.44,0.44,816500.0,8779762.0
1995-04-12,0.44,0.44,0.44,0.44,529100.0,5635148.0
1995-04-13,0.44,0.45,0.44,0.44,412600.0,4398837.0
1995-04-14,0.44,0.44,0.44,0.44,363300.0,3855494.0
1995-04-17,0.44,0.44,0.44,0.44,313000.0,3348557.0
1995-04-18,0.43,0.44,0.43,0.44,388700.0,4118824.0
1995-04-19,0.43,0.44,0.43,0.44,231000.0,2438000.0
1995-04-20,0.44,0.44,0.44,0.44,298500.0,3168757.0
1995-04-21,0.44,0.44,0.43,0.44,364500.0,3866770.0
1995-04-24,0.43,0.44,0.43,0.43,549000.0,5738000.0
1995-04-25,0.43,0.43,0.42,0.43,351200.0,3630747.0
1995-04-26,0.42,0.43,0.41,0.41,657100.0,6696877.0
1995-04-27,0.41,0.41,0.37,0.39,2500800.0,23991349.0
1995-04-28,0.4,0.4,0.39,0.4,811800.0,7833220.0
1995-05-02,0.4,0.4,0.39,0.4,289700.0,2787831.0
1995-05-03,0.4,0.4,0.39,0.39,262900.0,2519549.0
1995-05-04,0.39,0.39,0.39,0.39,261900.0,2470544.0
1995-05-05,0.39,0.39,0.38,0.39,316900.0,2966915.0
1995-05-08,0.39,0.39,0.38,0.38,188800.0,1757356.0
1995-05-09,0.38,0.39,0.38,0.39,119800.0,1125389.0
1995-05-10,0.39,0.39,0.38,0.38,382100.0,3539758.0
1995-05-11,0.38,0.38,0.38,0.38,297600.0,2735908.0
1995-05-12,0.38,0.39,0.38,0.39,294000.0,2743125.0
1995-05-15,0.39,0.39,0.38,0.38,122300.0,1135410.0
1995-05-16,0.39,0.39,0.38,0.38,179900.0,1675781.0
1995-05-17,0.38,0.38,0.38,0.38,140900.0,1307775.0
1995-05-18,0.51,0.52,0.45,0.48,11554100.0,136828332.0
1995-05-19,0.49,0.5,0.48,0.5,8164000.0,98258105.0
1995-05-22,0.51,0.53,0.49,0.5,11986700.0,149355762.0
1995-05-23,0.45,0.47,0.41,0.42,9807600.0,105340215.0
1995-05-24,0.41,0.44,0.41,0.42,3302000.0,33621231.0
1995-05-25,0.43,0.43,0.41,0.41,1337800.0,13602890.0
1995-05-26,0.41,0.45,0.4,0.41,2302600.0,23155566.0
1995-05-29,0.42,0.42,0.41,0.41,811300.0,8204022.0
1995-05-30,0.42,0.42,0.41,0.41,489400.0,4876000.0
1995-05-31,0.41,0.41,0.4,0.4,495000.0,4888877.0
1995-06-01,0.4,0.41,0.4,0.41,470800.0,4644213.0
1995-06-02,0.41,0.41,0.41,0.41,928900.0,9235716.0
1995-06-05,0.41,0.41,0.4,0.4,577000.0,5686987.0
1995-06-06,0.4,0.4,0.4,0.4,681800.0,6660499.0
1995-06-07,0.4,0.41,0.4,0.41,618800.0,6049817.0
1995-06-08,0.41,0.41,0.4,0.41,626500.0,6233836.0
1995-06-09,0.4,0.41,0.4,0.4,471400.0,4609101.0
1995-06-12,0.4,0.4,0.4,0.4,459600.0,4476236.0
1995-06-13,0.4,0.4,0.39,0.4,693600.0,6666187.0
1995-06-14,0.4,0.4,0.39,0.39,650500.0,6218526.0
1995-06-15,0.38,0.38,0.36,0.38,1070900.0,9719450.0
1995-06-16,0.37,0.38,0.37,0.38,1137800.0,10457712.0
1995-06-19,0.38,0.39,0.38,0.39,863200.0,8022018.0
1995-06-20,0.38,0.39,0.38,0.38,462100.0,4331943.0
1995-06-21,0.39,0.39,0.38,0.39,429600.0,4028603.0
1995-06-22,0.39,0.39,0.38,0.39,237100.0,2221474.0
1995-06-23,0.39,0.39,0.38,0.39,348900.0,3260409.0
1995-06-26,0.39,0.39,0.38,0.38,205100.0,1910248.0
1995-06-27,0.38,0.39,0.38,0.38,277200.0,2582729.0
1995-06-28,0.38,0.38,0.38,0.38,217700.0,2009244.0
1995-06-29,0.38,0.38,0.38,0.38,238700.0,2203315.0
1995-06-30,0.38,0.38,0.38,0.38,238400.0,2185000.0
1995-07-03,0.38,0.38,0.37,0.37,328900.0,2963203.0
1995-07-04,0.37,0.37,0.37,0.37,210100.0,1887974.0
1995-07-05,0.37,0.38,0.37,0.37,231300.0,2090504.0
1995-07-06,0.38,0.38,0.37,0.37,297800.0,2687860.0
1995-07-07,0.37,0.38,0.37,0.38,525900.0,4795385.0
1995-07-10,0.38,0.38,0.37,0.38,683000.0,6231647.0
1995-07-11,0.38,0.38,0.37,0.37,373200.0,3372232.0
1995-07-12,0.37,0.37,0.37,0.37,288200.0,2595325.0
1995-07-13,0.37,0.38,0.37,0.37,417200.0,3763091.0
1995-07-14,0.38,0.38,0.37,0.37,378200.0,3418370.0
1995-07-17,0.37,0.38,0.37,0.38,630100.0,5756003.0
1995-07-18,0.38,0.39,0.37,0.38,1139500.0,10476477.0
1995-07-19,0.39,0.39,0.38,0.38,905900.0,8371142.0
1995-07-20,0.38,0.38,0.38,0.38,615800.0,5647252.0
1995-07-21,0.38,0.38,0.38,0.38,470200.0,4324956.0
1995-07-24,0.38,0.38,0.38,0.38,582700.0,5387200.0
1995-07-25,0.38,0.38,0.38,0.38,327600.0,2990853.0
1995-07-26,0.38,0.38,0.38,0.38,263600.0,2416278.0
1995-07-27,0.38,0.38,0.37,0.38,310100.0,2833452.0
1995-07-28,0.38,0.38,0.38,0.38,331300.0,3032092.0
1995-07-31,0.38,0.38,0.38,0.38,276200.0,2527575.0
1995-08-01,0.38,0.38,0.38,0.38,514600.0,4720338.0
1995-08-02,0.39,0.39,0.38,0.38,371400.0,3436328.0
1995-08-03,0.38,0.38,0.38,0.38,359900.0,3301833.0
1995-08-07,0.38,0.4,0.38,0.4,2022700.0,19218797.0
1995-08-08,0.41,0.41,0.39,0.4,3213200.0,31585886.0
1995-08-09,0.4,0.4,0.39,0.39,911900.0,8644942.0
1995-08-10,0.4,0.4,0.39,0.39,857800.0,8174852.0
1995-08-11,0.4,0.41,0.4,0.4,1085000.0,10568840.0
1995-08-14,0.4,0.41,0.4,0.41,2064000.0,20085498.0
1995-08-15,0.41,0.42,0.4,0.41,4017000.0,40506396.0
1995-08-16,0.41,0.41,0.4,0.41,1415600.0,13871975.0
1995-08-17,0.41,0.41,0.4,0.41,1742600.0,17202348.0
1995-08-18,0.41,0.42,0.4,0.41,3986600.0,39981532.0
1995-08-21,0.42,0.42,0.4,0.41,1972800.0,19694069.0
1995-08-22,0.4,0.43,0.4,0.41,5071100.0,50646994.0
1995-08-23,0.42,0.42,0.41,0.42,4792300.0,48358144.0
1995-08-24,0.42,0.45,0.42,0.45,14519900.0,155131316.0
1995-08-25,0.45,0.46,0.43,0.44,11702000.0,127164178.0
1995-08-29,0.44,0.44,0.4,0.41,4532700.0,45373613.0
1995-08-30,0.4,0.41,0.4,0.4,2509000.0,24524125.0
1995-08-31,0.4,0.4,0.4,0.4,1995100.0,19200363.0
1995-09-04,0.4,0.4,0.4,0.4,1084000.0,10534458.0
1995-09-05,0.4,0.4,0.4,0.4,881000.0,8533325.0
1995-09-06,0.4,0.4,0.4,0.4,989300.0,9515836.0
1995-09-07,0.41,0.41,0.4,0.4,1052300.0,10234985.0
1995-09-08,0.4,0.4,0.4,0.4,844500.0,8133574.0
1995-09-11,0.4,0.4,0.4,0.4,1146500.0,11043878.0
1995-09-12,0.4,0.41,0.4,0.4,907000.0,8853344.0
1995-09-13,0.4,0.41,0.4,0.4,1255100.0,12206653.0
1995-09-14,0.41,0.41,0.4,0.4,1176500.0,11487938.0
1995-09-15,0.41,0.42,0.41,0.42,4634300.0,46777044.0
1995-09-18,0.42,0.42,0.42,0.42,1870600.0,19088745.0
1995-09-19,0.42,0.42,0.41,0.41,2361200.0,23517423.0
1995-09-20,0.4,0.41,0.4,0.41,1385700.0,13556130.0
1995-09-21,0.41,0.41,0.4,0.41,892700.0,8807057.0
1995-09-22,0.41,0.41,0.41,0.41,1414800.0,13993502.0
1995-09-25,0.41,0.41,0.4,0.41,853200.0,6773544.0
1995-09-26,0.41,0.41,0.4,0.4,1048700.0,8313567.0
1995-09-27,0.4,0.4,0.39,0.4,1210800.0,9408768.0
1995-09-28,0.39,0.4,0.39,0.39,929300.0,7137985.0
1995-09-29,0.39,0.41,0.39,0.4,958500.0,7500587.0
1995-10-04,0.4,0.41,0.4,0.4,624900.0,4886501.0
1995-10-05,0.4,0.4,0.39,0.4,474400.0,3707533.0
1995-10-06,0.4,0.4,0.39,0.4,439400.0,3418234.0
1995-10-09,0.4,0.4,0.38,0.39,1179700.0,9009484.0
1995-10-10,0.39,0.39,0.38,0.38,785500.0,5942414.0
1995-10-11,0.38,0.38,0.38,0.38,705000.0,5244397.0
1995-10-12,0.38,0.38,0.37,0.37,1051100.0,7726723.0
1995-10-13,0.37,0.39,0.37,0.38,758900.0,5618241.0
1995-10-16,0.38,0.39,0.38,0.38,852700.0,6405038.0
1995-10-17,0.39,0.39,0.39,0.39,805800.0,6123098.0
1995-10-18,0.39,0.39,0.38,0.39,689800.0,5235757.0
1995-10-19,0.39,0.39,0.38,0.38,787900.0,5929388.0
1995-10-20,0.38,0.41,0.38,0.4,2670900.0,20502132.0
1995-10-23,0.4,0.4,0.39,0.39,2171600.0,16826013.0
1995-10-24,0.39,0.4,0.39,0.39,776700.0,5972770.0
1995-10-25,0.41,0.42,0.39,0.4,2951200.0,23229114.0
1995-10-26,0.4,0.4,0.39,0.39,1808800.0,13973884.0
1995-10-27,0.38,0.39,0.38,0.39,1077400.0,8122964.0
1995-10-30,0.38,0.39,0.38,0.38,836300.0,6270043.0
1995-10-31,0.38,0.39,0.38,0.38,909400.0,6791688.0
1995-11-01,0.38,0.39,0.38,0.38,857100.0,6365674.0
1995-11-02,0.38,0.38,0.38,0.38,542000.0,4021878.0
1995-11-03,0.38,0.38,0.38,0.38,513000.0,3815176.0
1995-11-06,0.38,0.38,0.38,0.38,576800.0,4305755.0
1995-11-07,0.38,0.38,0.38,0.38,584600.0,4344054.0
1995-11-08,0.38,0.38,0.38,0.38,771300.0,5703106.0
1995-11-09,0.38,0.38,0.37,0.38,493100.0,3628060.0
1995-11-10,0.38,0.38,0.38,0.38,303300.0,2238790.0
1995-11-13,0.37,0.38,0.37,0.37,714000.0,5164755.0
1995-11-14,0.37,0.37,0.37,0.37,631300.0,4557754.0
1995-11-15,0.37,0.37,0.36,0.37,424800.0,3052760.0
1995-11-16,0.37,0.37,0.37,0.37,431700.0,3106031.0
1995-11-17,0.37,0.37,0.37,0.37,465700.0,3340819.0
1995-11-20,0.37,0.37,0.36,0.37,339500.0,2426229.0
1995-11-21,0.37,0.37,0.37,0.37,374000.0,2691979.0
1995-11-22,0.37,0.39,0.37,0.37,2275700.0,16749070.0
1995-11-23,0.37,0.37,0.37,0.37,448600.0,3228988.0
1995-11-24,0.37,0.37,0.37,0.37,389100.0,2811454.0
1995-11-27,0.37,0.37,0.37,0.37,456400.0,3287928.0
1995-11-28,0.37,0.37,0.36,0.36,764000.0,5420328.0
1995-11-29,0.37,0.37,0.36,0.36,480100.0,3394766.0
1995-11-30,0.36,0.36,0.35,0.36,662000.0,4624342.0
1995-12-01,0.36,0.36,0.35,0.36,519400.0,3630286.0
1995-12-04,0.36,0.36,0.35,0.36,404100.0,2816516.0
1995-12-05,0.36,0.36,0.36,0.36,417200.0,2932504.0
1995-12-06,0.36,0.36,0.36,0.36,337000.0,2362723.0
1995-12-07,0.36,0.36,0.35,0.36,384400.0,2680427.0
1995-12-08,0.36,0.36,0.36,0.36,364900.0,2555860.0
1995-12-11,0.36,0.36,0.35,0.35,501300.0,3465758.0
1995-12-12,0.35,0.35,0.35,0.35,654300.0,4457392.0
1995-12-13,0.35,0.35,0.34,0.35,490800.0,3333896.0
1995-12-14,0.34,0.35,0.34,0.34,322900.0,2176595.0
1995-12-15,0.34,0.34,0.34,0.34,643200.0,4302275.0
1995-12-18,0.34,0.34,0.33,0.34,444900.0,2941072.0
1995-12-19,0.34,0.34,0.33,0.34,376800.0,2487425.0
1995-12-20,0.33,0.34,0.33,0.34,371600.0,2454902.0
1995-12-21,0.34,0.34,0.34,0.34,484000.0,3226933.0
1995-12-22,0.34,0.34,0.34,0.34,351700.0,2328962.0
1995-12-25,0.34,0.34,0.33,0.33,477200.0,3107284.0
1995-12-26,0.33,0.34,0.33,0.33,530100.0,3463820.0
1995-12-27,0.33,0.33,0.33,0.33,398500.0,2575585.0
1995-12-28,0.33,0.33,0.33,0.33,425900.0,2742669.0
1995-12-29,0.33,0.33,0.33,0.33,382400.0,2452091.0
1996-01-02,0.32,0.32,0.32,0.32,215900.0,1367751.0
1996-01-03,0.31,0.32,0.31,0.32,384100.0,2379219.0
1996-01-04,0.32,0.32,0.31,0.32,314800.0,1967471.0
1996-01-05,0.32,0.33,0.32,0.32,475200.0,3004506.0
1996-01-08,0.32,0.32,0.31,0.32,306400.0,1888829.0
1996-01-09,0.32,0.32,0.32,0.32,288400.0,1800410.0
1996-01-10,0.32,0.32,0.31,0.32,219000.0,1357065.0
1996-01-11,0.32,0.32,0.31,0.32,189100.0,1171471.0
1996-01-12,0.32,0.32,0.31,0.32,329900.0,2057670.0
1996-01-15,0.32,0.32,0.32,0.32,265800.0,1657469.0
1996-01-16,0.32,0.32,0.32,0.32,189600.0,1189027.0
1996-01-17,0.32,0.32,0.32,0.32,234800.0,1470251.0
1996-01-18,0.31,0.32,0.31,0.31,412800.0,2515336.0
1996-01-19,0.31,0.31,0.31,0.31,216300.0,1313194.0
1996-01-22,0.31,0.31,0.3,0.31,713200.0,4269788.0
1996-01-23,0.31,0.31,0.3,0.3,378200.0,2251132.0
1996-01-24,0.31,0.31,0.3,0.31,414500.0,2478696.0
1996-01-25,0.31,0.31,0.31,0.31,524000.0,3179251.0
1996-01-26,0.31,0.32,0.3,0.31,326100.0,1986461.0
1996-01-29,0.31,0.32,0.31,0.31,252300.0,1550317.0
1996-01-30,0.31,0.31,0.31,0.31,206700.0,1265232.0
1996-01-31,0.31,0.31,0.31,0.31,338100.0,2070828.0
1996-02-01,0.31,0.32,0.31,0.31,725000.0,4460466.0
1996-02-02,0.32,0.32,0.31,0.31,444900.0,2730917.0
1996-02-05,0.31,0.32,0.31,0.31,715300.0,4390542.0
1996-02-06,0.31,0.32,0.31,0.32,329300.0,2021303.0
1996-02-07,0.32,0.32,0.31,0.32,241100.0,1485726.0
1996-02-08,0.31,0.32,0.31,0.32,441200.0,2727846.0
1996-02-09,0.32,0.33,0.32,0.32,1294500.0,8181560.0
1996-02-12,0.32,0.33,0.32,0.33,1244400.0,7981340.0
1996-02-13,0.33,0.35,0.33,0.34,3461300.0,23190041.0
1996-02-14,0.34,0.35,0.34,0.34,2725400.0,18408235.0
1996-02-15,0.34,0.35,0.34,0.35,2163600.0,14665571.0
1996-02-16,0.36,0.38,0.36,0.38,8089100.0,58608724.0
1996-03-04,0.4,0.41,0.38,0.4,7789400.0,60283747.0
1996-03-05,0.4,0.4,0.39,0.39,5023100.0,38622078.0
1996-03-06,0.38,0.39,0.38,0.38,3435500.0,25615161.0
1996-03-07,0.38,0.41,0.38,0.41,5410200.0,41820515.0
1996-03-08,0.41,0.41,0.4,0.41,10213300.0,81697015.0
1996-03-11,0.4,0.4,0.39,0.39,3756300.0,29088496.0
1996-03-12,0.39,0.4,0.39,0.4,2353200.0,18091047.0
1996-03-13,0.39,0.4,0.39,0.4,1786900.0,13771542.0
1996-03-14,0.42,0.42,0.4,0.4,11362400.0,90528157.0
1996-03-15,0.4,0.4,0.39,0.4,3536700.0,27522555.0
1996-03-18,0.4,0.41,0.4,0.41,4850200.0,38654983.0
1996-03-19,0.41,0.42,0.41,0.41,4088500.0,32965003.0
1996-03-20,0.41,0.41,0.41,0.41,1761200.0,14062447.0
1996-03-21,0.41,0.41,0.4,0.4,2617700.0,20847250.0
1996-03-22,0.4,0.41,0.4,0.41,2025900.0,15993884.0
1996-03-25,0.41,0.41,0.4,0.41,1770400.0,14089574.0
1996-03-26,0.41,0.41,0.4,0.4,2601600.0,20626316.0
1996-03-27,0.4,0.41,0.4,0.4,1762800.0,13872391.0
1996-03-28,0.4,0.41,0.4,0.4,1352700.0,10707498.0
1996-03-29,0.4,0.41,0.4,0.41,1615300.0,12777686.0
1996-04-01,0.41,0.41,0.41,0.41,2458893.0,19709578.0
1996-04-02,0.41,0.41,0.4,0.4,1173300.0,9335038.0
1996-04-03,0.4,0.41,0.4,0.41,1428700.0,11399931.0
1996-04-04,0.41,0.42,0.41,0.42,6881000.0,56355000.0
1996-04-05,0.42,0.44,0.42,0.43,8593600.0,72833063.0
1996-04-08,0.43,0.44,0.41,0.44,5309100.0,45196272.0
1996-04-09,0.43,0.44,0.43,0.44,3209800.0,27457128.0
1996-04-10,0.43,0.44,0.43,0.44,2745300.0,23598885.0
1996-04-11,0.44,0.45,0.44,0.45,4573600.0,39898934.0
1996-04-12,0.45,0.47,0.45,0.46,7473600.0,67591428.0
1996-04-15,0.46,0.47,0.46,0.46,5739000.0,52343758.0
1996-04-16,0.46,0.47,0.46,0.47,3199600.0,29080663.0
1996-04-17,0.46,0.47,0.46,0.47,4157600.0,37984827.0
1996-04-18,0.47,0.5,0.46,0.5,5877100.0,55784672.0
1996-04-19,0.5,0.54,0.5,0.53,13584300.0,138297951.0
1996-04-22,0.54,0.54,0.52,0.52,10319800.0,108005726.0
1996-04-23,0.52,0.54,0.52,0.54,7333800.0,76004146.0
1996-04-24,0.54,0.59,0.54,0.59,12567200.0,141985328.0
1996-04-25,0.59,0.62,0.58,0.59,15082700.0,177262894.0
1996-04-26,0.6,0.73,0.6,0.71,31777100.0,422653188.0
1996-04-29,0.74,0.81,0.74,0.81,23914700.0,363537818.0
1996-04-30,0.83,0.84,0.75,0.79,26728200.0,420838456.0
1996-05-02,0.83,0.84,0.73,0.74,24836000.0,373039564.0
1996-05-03,0.74,0.76,0.71,0.75,14788800.0,214210412.0
1996-05-06,0.76,0.82,0.76,0.82,16590800.0,255757131.0
1996-05-07,0.83,0.83,0.79,0.8,13155700.0,207074938.0
1996-05-08,0.79,0.8,0.76,0.78,9255900.0,141149279.0
1996-05-09,0.77,0.79,0.77,0.78,7851500.0,119976639.0
1996-05-10,0.78,0.78,0.75,0.77,8607900.0,128693657.0
1996-05-13,0.78,0.8,0.77,0.79,9751600.0,150021138.0
1996-05-14,0.8,0.84,0.79,0.81,26395200.0,424720170.0
1996-05-15,0.8,0.88,0.8,0.88,28220400.0,470835358.0
1996-05-16,0.9,0.93,0.88,0.9,26002500.0,460695606.0
1996-05-17,0.91,0.93,0.89,0.92,21512400.0,385464524.0
1996-05-20,0.99,0.99,0.89,0.92,17411200.0,322726540.0
1996-05-21,0.91,0.93,0.86,0.86,18948800.0,360011525.0
1996-05-22,0.85,0.93,0.83,0.93,24512200.0,427700505.0
1996-05-23,0.97,0.99,0.89,0.92,38990500.0,714884649.0
1996-05-24,0.92,0.95,0.91,0.94,26590600.0,486039509.0
1996-05-27,0.97,0.99,0.94,0.95,38711000.0,364776975.0
1996-05-28,0.94,0.95,0.9,0.92,21831000.0,198150604.0
1996-05-29,0.91,0.98,0.9,0.98,45676000.0,426104807.0
1996-05-30,0.99,1.04,0.97,1.02,83697400.0,827834372.0
1996-05-31,1.02,1.27,1.02,1.25,113959500.0,1302852715.0
1996-06-03,1.29,1.42,1.29,1.34,139323900.0,1842415716.0
1996-06-04,1.34,1.37,1.31,1.36,66744400.0,874992707.0
1996-06-05,1.37,1.4,1.32,1.33,55609200.0,730831091.0
1996-06-06,1.32,1.42,1.27,1.39,82546700.0,1093652908.0
1996-06-07,1.4,1.44,1.37,1.39,66649000.0,921454234.0
1996-06-10,1.38,1.41,1.36,1.39,29815400.0,403677523.0
1996-06-11,1.41,1.56,1.39,1.53,80408600.0,1182781808.0
1996-06-12,1.56,1.57,1.52,1.54,48163000.0,726377741.0
1996-06-13,1.55,1.59,1.54,1.55,37048600.0,566190941.0
1996-06-14,1.55,1.57,1.52,1.52,35801300.0,539182413.0
1996-06-17,1.52,1.55,1.49,1.51,38032600.0,566356710.0
1996-06-18,1.5,1.57,1.47,1.56,34159300.0,509662751.0
1996-06-19,1.58,1.6,1.53,1.55,32516700.0,496520673.0
1996-06-20,1.53,1.63,1.53,1.6,57451300.0,901845107.0
1996-06-21,1.6,1.61,1.57,1.58,25114500.0,391970536.0
1996-06-24,1.58,1.65,1.57,1.62,27888500.0,441388169.0
1996-06-25,1.58,1.64,1.58,1.6,23792300.0,376169937.0
1996-06-26,1.6,1.62,1.59,1.61,14300600.0,225302541.0
1996-06-27,1.62,1.65,1.61,1.61,20300600.0,323554303.0
1996-06-28,1.61,1.62,1.55,1.56,28160500.0,437300234.0
1996-07-01,1.53,1.56,1.48,1.49,31223000.0,464950179.0
1996-07-02,1.48,1.52,1.48,1.51,17220500.0,253535434.0
1996-07-03,1.52,1.59,1.51,1.58,29861700.0,454875606.0
1996-07-04,1.62,1.65,1.59,1.62,46396400.0,736929904.0
1996-07-05,1.64,1.73,1.63,1.68,55985600.0,919742655.0
1996-07-08,1.71,1.73,1.66,1.7,51106400.0,852001000.0
1996-07-09,1.68,1.7,1.64,1.67,41064500.0,670349176.0
1996-07-10,1.67,1.68,1.64,1.66,28519100.0,462167721.0
1996-07-11,1.66,1.68,1.62,1.63,31374400.0,505763027.0
1996-07-12,1.62,1.69,1.6,1.69,30118700.0,485380584.0
1996-07-15,1.7,1.71,1.62,1.64,22644300.0,364993465.0
1996-07-16,1.68,1.71,1.64,1.66,25655400.0,418443604.0
1996-07-17,1.66,1.69,1.53,1.62,28782600.0,464021777.0
1996-07-18,1.61,1.64,1.6,1.63,18877200.0,299553319.0
1996-07-19,1.63,1.64,1.6,1.63,23755800.0,374473873.0
1996-07-22,1.62,1.63,1.58,1.6,17674500.0,276899000.0
1996-07-23,1.6,1.68,1.59,1.64,21212900.0,341531810.0
1996-07-24,1.65,1.66,1.62,1.62,17183300.0,275487746.0
1996-07-25,1.63,1.72,1.63,1.64,37203800.0,609454579.0
1996-07-26,1.63,1.66,1.62,1.63,15719400.0,251936544.0
1996-07-29,1.62,1.66,1.62,1.65,13884500.0,222486161.0
1996-07-30,1.67,1.68,1.63,1.63,17813400.0,289905684.0
1996-07-31,1.64,1.65,1.6,1.61,13384100.0,212113234.0
1996-08-01,1.61,1.62,1.58,1.61,9365100.0,146880328.0
1996-08-02,1.62,1.65,1.58,1.6,11487600.0,181719460.0
1996-08-05,1.61,1.63,1.59,1.63,8890000.0,140707907.0
1996-08-06,1.63,1.66,1.62,1.66,12446300.0,199879492.0
1996-08-07,1.66,1.81,1.66,1.79,83604900.0,1439611758.0
1996-08-08,1.8,1.81,1.75,1.76,25768300.0,448734083.0
1996-08-09,1.77,1.78,1.71,1.74,30105300.0,511366982.0
1996-08-12,1.75,1.77,1.74,1.75,15705900.0,270050168.0
1996-08-13,1.75,1.77,1.75,1.77,13293600.0,228900448.0
1996-08-14,1.8,1.81,1.76,1.76,18635200.0,324380000.0
1996-08-15,1.77,1.79,1.74,1.74,18416000.0,317779064.0
1996-08-16,1.74,1.74,1.68,1.73,25709700.0,431007256.0
1996-08-19,1.74,1.74,1.7,1.7,10415400.0,175103035.0
1996-08-20,1.69,1.71,1.66,1.67,19388700.0,318207905.0
1996-08-21,1.68,1.79,1.68,1.75,57180800.0,979817574.0
1996-08-22,1.77,1.77,1.71,1.72,24644200.0,417283047.0
1996-08-23,1.73,1.73,1.65,1.68,33305200.0,547783155.0
1996-08-26,1.66,1.68,1.63,1.64,15055300.0,243109604.0
1996-08-27,1.63,1.65,1.62,1.64,12688300.0,203048319.0
1996-08-28,1.64,1.66,1.63,1.65,14939200.0,240595415.0
1996-08-29,1.63,1.67,1.61,1.64,9593700.0,154460016.0
1996-08-30,1.64,1.67,1.63,1.67,23685400.0,383230734.0
1996-09-02,1.67,1.68,1.64,1.65,20509200.0,331866232.0
1996-09-03,1.66,1.68,1.64,1.66,15444800.0,251147082.0
1996-09-04,1.66,1.68,1.65,1.67,13117800.0,213231505.0
1996-09-05,1.67,1.68,1.63,1.64,15883200.0,256601908.0
1996-09-06,1.63,1.65,1.61,1.62,11762200.0,187128545.0
1996-09-09,1.61,1.63,1.61,1.61,7164300.0,113116165.0
1996-09-10,1.59,1.61,1.55,1.56,13328500.0,205913311.0
1996-09-11,1.56,1.59,1.53,1.57,11734900.0,179710846.0
1996-09-12,1.56,1.57,1.52,1.53,10754300.0,161594509.0
1996-09-13,1.52,1.52,1.48,1.51,8962600.0,131764036.0
1996-09-16,1.5,1.5,1.44,1.48,12692000.0,182094524.0
1996-09-17,1.48,1.53,1.45,1.51,9528500.0,139449701.0
1996-09-18,1.51,1.52,1.43,1.44,10444500.0,149352517.0
1996-09-19,1.43,1.45,1.42,1.43,7773600.0,108653479.0
1996-09-20,1.43,1.5,1.43,1.5,8010200.0,114941110.0
1996-09-23,1.5,1.55,1.44,1.52,10184400.0,151192035.0
1996-09-24,1.52,1.55,1.52,1.54,7685000.0,115801362.0
1996-09-25,1.55,1.6,1.52,1.55,10638900.0,162386958.0
1996-09-26,1.55,1.61,1.55,1.6,19122100.0,298312536.0
1996-09-27,1.61,1.68,1.61,1.66,25401300.0,412902118.0
1996-10-03,1.7,1.72,1.63,1.65,13624400.0,224887761.0
1996-10-04,1.65,1.68,1.63,1.64,12381800.0,200231171.0
1996-10-07,1.64,1.66,1.63,1.66,8599000.0,138816104.0
1996-10-08,1.66,1.67,1.63,1.65,11441100.0,184447773.0
1996-10-09,1.66,1.67,1.63,1.64,13368600.0,216308164.0
1996-10-10,1.64,1.68,1.63,1.68,13596100.0,220001579.0
1996-10-11,1.7,1.71,1.66,1.68,16455600.0,271046940.0
1996-10-14,1.69,1.76,1.68,1.72,27545200.0,466175379.0
1996-10-16,1.79,1.8,1.69,1.73,28254600.0,487500436.0
1996-10-17,1.73,1.73,1.69,1.7,19180000.0,319207974.0
1996-10-18,1.7,1.71,1.64,1.66,16278400.0,267459487.0
1996-10-21,1.63,1.68,1.62,1.67,15230900.0,247325239.0
1996-10-22,1.63,1.66,1.61,1.65,16015200.0,257721214.0
1996-10-23,1.65,1.74,1.64,1.7,17427100.0,287165681.0
1996-10-24,1.72,1.74,1.66,1.68,13773100.0,229498752.0
1996-10-25,1.68,1.69,1.65,1.67,10072600.0,164158599.0
1996-10-28,1.67,1.72,1.66,1.7,17417100.0,288864939.0
1996-10-29,1.72,1.89,1.72,1.82,88485100.0,1589640077.0
1996-10-30,1.84,1.87,1.75,1.75,35954700.0,631407908.0
1996-10-31,1.76,1.79,1.73,1.77,21258700.0,364507924.0
1996-11-01,1.73,1.76,1.69,1.72,27036100.0,456393632.0
1996-11-04,1.71,1.76,1.7,1.74,16033100.0,272193409.0
1996-11-05,1.75,1.75,1.71,1.72,13938400.0,235983710.0
1996-11-06,1.74,1.74,1.68,1.69,11992600.0,198960298.0
1996-11-07,1.7,1.73,1.68,1.7,6843600.0,114384420.0
1996-11-08,1.7,1.73,1.7,1.73,10753500.0,180743286.0
1996-11-11,1.74,1.78,1.74,1.76,17874900.0,308958885.0
1996-11-12,1.78,1.8,1.75,1.77,12651700.0,219491255.0
1996-11-13,1.79,1.83,1.78,1.8,24928500.0,439589443.0
1996-11-14,1.8,1.88,1.79,1.87,50964200.0,926436918.0
1996-11-15,1.86,1.95,1.84,1.94,46032600.0,868319931.0
1996-11-18,1.99,2.06,1.97,2.02,47200800.0,932808562.0
1996-11-19,2.02,2.04,1.98,1.99,29591500.0,579367934.0
1996-11-20,1.94,2.02,1.92,1.99,27802500.0,538907748.0
1996-11-21,1.99,1.99,1.86,1.87,33277400.0,627493623.0
1996-11-22,1.84,1.89,1.8,1.89,31027400.0,558860044.0
1996-11-25,1.89,1.9,1.85,1.89,21598300.0,397456953.0
1996-11-26,1.89,1.91,1.85,1.87,17043100.0,313297681.0
1996-11-27,1.86,1.89,1.83,1.84,15415300.0,279780479.0
1996-11-28,1.83,1.85,1.81,1.83,13344100.0,238687596.0
1996-11-29,1.84,1.87,1.83,1.85,14004900.0,253061474.0
1996-12-02,1.87,1.89,1.84,1.85,15208800.0,275961005.0
1996-12-03,1.85,1.89,1.84,1.89,15452200.0,283054810.0
1996-12-04,1.91,1.93,1.88,1.89,15483100.0,288148013.0
1996-12-05,1.89,1.98,1.89,1.93,18666900.0,352289679.0
1996-12-06,1.95,1.99,1.94,1.95,20463900.0,392473666.0
1996-12-09,1.97,2.02,1.96,2.02,18514000.0,360102025.0
1996-12-10,2.02,2.02,1.94,1.98,16817200.0,327178973.0
1996-12-11,1.98,2.04,1.97,2.03,24023400.0,473195829.0
1996-12-12,2.04,2.09,1.98,2.02,29144700.0,583645302.0
1996-12-13,2.01,2.01,1.89,1.92,45830000.0,869339603.0
1996-12-16,1.72,1.72,1.72,1.72,6244200.0,105277212.0
1996-12-17,1.55,1.71,1.55,1.55,46367500.0,718902356.0
1996-12-18,1.56,1.7,1.55,1.7,44538000.0,719400534.0
1996-12-19,1.74,1.83,1.63,1.67,57294600.0,970125641.0
1996-12-20,1.65,1.7,1.62,1.67,27775800.0,451471038.0
1996-12-23,1.69,1.72,1.67,1.69,15536900.0,258261007.0
1996-12-24,1.69,1.71,1.63,1.63,15316800.0,249324479.0
1996-12-25,1.64,1.71,1.62,1.68,17539100.0,285567868.0
1996-12-26,1.7,1.71,1.66,1.68,5151600.0,85214987.0
1996-12-27,1.71,1.72,1.67,1.71,17591600.0,292340237.0
1996-12-30,1.71,1.73,1.68,1.72,17508100.0,292681492.0
1996-12-31,1.72,1.72,1.68,1.69,10838000.0,179979707.0
1997-01-02,1.68,1.71,1.67,1.68,6749800.0,111365048.0
1997-01-03,1.68,1.69,1.65,1.66,7246200.0,118729578.0
1997-01-06,1.65,1.66,1.62,1.62,9268700.0,148282291.0
1997-01-07,1.61,1.78,1.6,1.74,32716400.0,553694833.0
1997-01-08,1.73,1.73,1.67,1.68,12485100.0,207672521.0
1997-01-09,1.68,1.71,1.68,1.69,4621400.0,76656510.0
1997-01-10,1.68,1.74,1.68,1.73,11841700.0,199163354.0
1997-01-13,1.72,1.73,1.71,1.72,8914500.0,149926089.0
1997-01-14,1.72,1.72,1.67,1.68,7743600.0,127889111.0
1997-01-15,1.68,1.73,1.67,1.69,8176800.0,136439854.0
1997-01-16,1.68,1.71,1.68,1.7,4133700.0,68724657.0
1997-01-17,1.7,1.72,1.7,1.71,5172400.0,86423319.0
1997-01-20,1.72,1.72,1.7,1.71,7403200.0,123633828.0
1997-01-21,1.72,1.76,1.72,1.73,13129600.0,222958937.0
1997-01-22,1.76,1.8,1.74,1.79,23268700.0,404747090.0
1997-01-23,1.79,1.88,1.79,1.85,26484700.0,477342723.0
1997-01-24,1.86,1.86,1.81,1.84,16960100.0,304699120.0
1997-01-27,1.85,1.86,1.84,1.84,15488600.0,280520681.0
1997-01-28,1.84,1.87,1.84,1.86,11050700.0,201187994.0
1997-01-29,1.86,1.95,1.86,1.92,20076300.0,376379631.0
1997-01-30,1.94,1.95,1.91,1.94,12571200.0,237463511.0
1997-01-31,1.94,1.99,1.93,1.97,27149000.0,523225108.0
1997-02-17,1.94,2.0,1.91,1.96,17907000.0,341957362.0
1997-02-18,1.94,1.95,1.77,1.8,63657200.0,1145976679.0
1997-02-19,1.84,1.94,1.84,1.93,45450400.0,842649085.0
1997-02-20,1.74,2.0,1.74,1.93,62995800.0,1170372482.0
1997-02-21,1.92,1.95,1.91,1.94,22854100.0,430911416.0
1997-02-24,1.95,1.96,1.93,1.93,14288400.0,271371094.0
1997-02-25,1.94,2.02,1.92,1.98,28411100.0,550137196.0
1997-02-26,2.0,2.01,1.98,2.0,12955500.0,252455908.0
1997-02-27,1.99,2.0,1.96,1.97,15898400.0,308582008.0
1997-02-28,1.97,1.97,1.93,1.96,14989800.0,286664557.0
1997-03-03,1.97,2.0,1.96,1.98,12286300.0,237792306.0
1997-03-04,1.97,1.97,1.94,1.96,15685600.0,300425305.0
1997-03-05,1.96,1.97,1.94,1.94,11464500.0,218817429.0
1997-03-06,1.94,1.95,1.93,1.95,9556900.0,181844550.0
1997-03-07,1.95,1.98,1.94,1.95,9848300.0,188266908.0
1997-03-10,1.96,2.0,1.96,1.98,12849700.0,249649152.0
1997-03-11,1.99,2.01,1.97,2.0,18357500.0,358038267.0
1997-03-12,2.01,2.06,2.01,2.05,25112600.0,502022493.0
1997-03-13,2.05,2.07,2.02,2.03,17858300.0,357744560.0
1997-03-14,2.03,2.08,2.0,2.08,17115900.0,341503711.0
1997-03-17,2.12,2.28,2.12,2.28,46557200.0,1015967497.0
1997-03-18,2.3,2.39,2.24,2.3,43943600.0,997350926.0
1997-03-19,2.31,2.43,2.29,2.39,42372900.0,979953618.0
1997-03-20,2.4,2.48,2.35,2.36,31848500.0,754820025.0
1997-03-21,2.35,2.5,2.35,2.49,33339200.0,795193085.0
1997-03-24,2.56,2.74,2.56,2.74,43467900.0,1145204705.0
1997-03-25,2.81,2.85,2.74,2.83,43113300.0,1186120657.0
1997-03-26,2.83,2.95,2.76,2.88,29143600.0,800782027.0
1997-03-27,2.88,2.91,2.79,2.81,25345500.0,707349022.0
1997-03-28,2.78,2.88,2.77,2.81,22141400.0,609810349.0
1997-03-31,2.81,2.85,2.78,2.79,14699900.0,404823575.0
1997-04-01,2.79,2.84,2.76,2.8,15975100.0,435560558.0
1997-04-02,2.82,2.82,2.77,2.78,15194600.0,416490215.0
1997-04-03,2.78,2.86,2.78,2.86,17260300.0,477881308.0
1997-04-04,2.88,3.02,2.86,2.96,30496100.0,881068413.0
1997-04-07,2.97,3.06,2.96,3.01,29475500.0,872059010.0
1997-04-08,2.98,2.98,2.88,2.89,35642400.0,1021459926.0
1997-04-09,2.88,2.95,2.88,2.92,21444800.0,612089010.0
1997-04-10,2.92,2.92,2.86,2.87,26672400.0,753820273.0
1997-04-11,2.85,2.86,2.8,2.85,27717800.0,765371688.0
1997-04-14,2.85,2.88,2.8,2.81,20819300.0,575181277.0
1997-04-15,2.83,2.89,2.79,2.87,18262300.0,506429411.0
1997-04-16,2.87,2.9,2.84,2.85,11988000.0,335679842.0
1997-04-17,2.84,3.01,2.84,2.97,43815600.0,1263940043.0
1997-04-18,3.01,3.04,2.92,2.96,24851400.0,722160733.0
1997-04-21,3.17,3.25,3.08,3.18,36733500.0,1139187913.0
1997-04-22,3.2,3.21,3.16,3.17,17596900.0,547194519.0
1997-04-23,3.17,3.31,3.16,3.28,23870700.0,762344649.0
1997-04-24,3.26,3.36,3.21,3.31,21901800.0,707871317.0
1997-04-25,3.3,3.37,3.27,3.32,28269500.0,919540165.0
1997-04-28,3.37,3.66,3.37,3.64,30007400.0,1048351100.0
1997-04-29,3.7,3.87,3.49,3.65,33437900.0,1207606291.0
1997-04-30,3.65,3.76,3.58,3.75,20322300.0,732400845.0
1997-05-05,3.83,4.13,3.83,4.13,34141700.0,1347021181.0
1997-05-06,4.23,4.54,4.21,4.54,29604900.0,1293508351.0
1997-05-07,4.66,5.0,4.64,4.99,43005700.0,2028539647.0
1997-05-08,5.0,5.0,4.54,4.58,49233600.0,2319614522.0
1997-05-09,4.42,4.8,4.42,4.79,54494200.0,2458332540.0
1997-05-12,4.92,5.0,4.68,4.73,37486300.0,1772326845.0
1997-05-13,4.65,4.75,4.49,4.6,34312800.0,1546640762.0
1997-05-14,4.54,4.59,4.24,4.25,42804300.0,1841835315.0
1997-05-15,4.13,4.25,3.86,4.21,61845600.0,2454288540.0
1997-05-16,3.79,4.06,3.79,3.79,52422400.0,1995661405.0
1997-05-19,3.86,3.93,3.58,3.78,26100400.0,952094787.0
1997-05-20,3.81,4.15,3.8,4.15,44721200.0,1762414974.0
1997-05-21,4.25,4.29,3.98,4.08,46313900.0,1873245231.0
1997-05-22,3.67,3.94,3.67,3.74,46749300.0,1738769478.0
1997-05-23,3.74,4.03,3.74,3.99,40874200.0,1565712242.0
1997-05-26,3.68,3.93,3.64,3.86,17097800.0,640426782.0
1997-05-27,3.83,3.87,3.73,3.79,23091700.0,856498033.0
1997-05-28,3.79,3.82,3.66,3.67,25804400.0,938341433.0
1997-05-29,3.6,3.61,3.37,3.37,43773400.0,1500522541.0
1997-05-30,3.26,3.47,3.12,3.44,38544300.0,1242915139.0
1997-06-02,3.48,3.57,3.4,3.56,21174200.0,726230182.0
1997-06-03,3.57,3.71,3.53,3.55,19008500.0,672063546.0
1997-06-04,3.55,3.6,3.52,3.56,10569000.0,367888253.0
1997-06-05,3.57,3.69,3.57,3.61,14753600.0,523511007.0
1997-06-06,3.3,3.52,3.3,3.37,29084600.0,967149234.0
1997-06-09,3.37,3.37,3.25,3.31,9219100.0,298089487.0
1997-06-10,3.31,3.37,3.22,3.24,8792000.0,283441319.0
1997-06-11,3.22,3.27,2.98,3.26,21210000.0,640846291.0
1997-06-12,3.27,3.3,3.06,3.15,9435100.0,295029359.0
1997-06-20,3.36,3.47,3.22,3.47,23751900.0,784271836.0
1997-06-23,3.73,3.82,3.68,3.73,27564900.0,1022573621.0
1997-06-24,3.78,3.91,3.74,3.9,35186900.0,1320020498.0
1997-06-25,3.94,3.97,3.87,3.89,20235900.0,775736631.0
1997-06-26,3.88,3.93,3.83,3.9,12738300.0,484426605.0
1997-06-27,3.9,3.96,3.83,3.85,22186200.0,850530472.0
1997-07-02,3.88,3.93,3.47,3.69,18824700.0,678427106.0
1997-07-03,3.67,3.67,3.53,3.55,14187900.0,498018699.0
1997-07-04,3.47,3.6,3.41,3.53,12215600.0,422565945.0
1997-07-07,3.51,3.51,3.18,3.22,15075500.0,491662553.0
1997-07-08,3.17,3.39,3.15,3.38,17298000.0,554534461.0
1997-07-09,3.41,3.49,3.34,3.47,10507800.0,353040021.0
1997-07-10,3.47,3.53,3.37,3.38,7865300.0,268016403.0
1997-07-11,3.33,3.52,3.32,3.51,10737800.0,363680107.0
1997-07-14,3.55,3.63,3.53,3.57,9746400.0,342441087.0
1997-07-15,3.57,3.59,3.5,3.53,6221300.0,215414274.0
1997-07-16,3.55,3.71,3.54,3.64,14974900.0,536258584.0
1997-07-17,3.66,3.79,3.66,3.78,17546100.0,642012018.0
1997-07-18,3.83,3.84,3.78,3.8,14985700.0,558904382.0
1997-07-21,3.86,3.88,3.68,3.75,18561800.0,689069746.0
1997-07-23,3.99,4.0,3.75,3.78,21093700.0,795069881.0
1997-07-24,3.72,3.74,3.55,3.57,16576500.0,591137168.0
1997-07-25,3.52,3.61,3.47,3.56,11110600.0,386162589.0
1997-07-28,3.51,3.54,3.42,3.43,8612700.0,292535314.0
1997-07-29,3.4,3.51,3.39,3.49,6970500.0,236115389.0
1997-07-30,3.51,3.56,3.49,3.55,5010000.0,173876181.0
1997-07-31,3.57,3.58,3.53,3.54,3509600.0,122218620.0
1997-08-01,3.55,3.56,3.48,3.51,3281200.0,112873525.0
1997-08-04,3.49,3.49,3.43,3.45,4520100.0,152943204.0
1997-08-05,3.46,3.54,3.46,3.48,2680400.0,92000824.0
1997-08-06,3.49,3.51,3.43,3.44,2368700.0,80195403.0
1997-08-07,3.42,3.46,3.39,3.43,3051200.0,102095959.0
1997-08-08,3.43,3.52,3.35,3.47,3914300.0,132541664.0
1997-08-11,3.48,3.49,3.37,3.38,3741800.0,124721141.0
1997-08-12,3.35,3.37,3.22,3.22,7275400.0,233581029.0
1997-08-13,3.17,3.26,3.12,3.14,6972300.0,217376403.0
1997-08-14,3.12,3.25,3.12,3.23,5329200.0,166495358.0
1997-08-15,3.25,3.27,3.13,3.15,4395800.0,136884924.0
1997-08-18,3.11,3.16,3.05,3.12,6357800.0,191964422.0
1997-08-19,3.17,3.26,3.15,3.21,5299800.0,166300456.0
1997-08-20,3.26,3.37,3.25,3.34,6669400.0,216325797.0
1997-08-21,3.37,3.39,3.21,3.23,9307800.0,297906982.0
1997-08-22,3.22,3.28,3.17,3.22,10009500.0,318214635.0
1997-08-25,3.24,3.5,3.24,3.49,13065800.0,285891896.0
1997-08-26,3.51,3.56,3.43,3.45,19886400.0,453726054.0
1997-08-27,3.41,3.45,3.36,3.41,11148700.0,246225034.0
1997-08-28,3.4,3.56,3.37,3.44,12219800.0,276321543.0
1997-08-29,3.44,3.47,3.38,3.42,9329100.0,206159108.0
1997-09-01,3.41,3.49,3.38,3.42,5760000.0,128284103.0
1997-09-02,3.42,3.47,3.39,3.45,5152300.0,114487276.0
1997-09-03,3.44,3.58,3.44,3.57,18229400.0,417704009.0
1997-09-04,3.59,3.62,3.52,3.55,9794800.0,227296700.0
1997-09-05,3.56,3.56,3.51,3.55,4767300.0,109279325.0
1997-09-08,3.54,3.56,3.5,3.51,5167100.0,117979691.0
1997-09-09,3.5,3.54,3.47,3.48,4839700.0,109962816.0
1997-09-10,3.45,3.53,3.43,3.51,5624700.0,127208112.0
1997-09-11,3.51,3.63,3.47,3.53,14104300.0,325375091.0
1997-09-12,3.53,3.53,3.45,3.45,5504900.0,124634074.0
1997-09-15,3.45,3.45,3.35,3.36,6886900.0,151789286.0
1997-09-16,3.36,3.41,3.33,3.36,3480400.0,75910633.0
1997-09-17,3.36,3.37,3.31,3.32,2937900.0,63528680.0
1997-09-18,3.33,3.36,3.29,3.31,3659600.0,78621133.0
1997-09-19,3.31,3.35,3.31,3.33,2840200.0,61239336.0
1997-09-22,3.33,3.33,3.1,3.12,8084200.0,167268380.0
1997-09-23,3.08,3.11,2.9,2.96,11836300.0,230710983.0
1997-09-24,3.05,3.18,3.02,3.15,15424500.0,311365366.0
1997-09-25,3.24,3.28,3.15,3.2,10377000.0,215542971.0
1997-09-26,3.2,3.22,3.1,3.21,5952900.0,122213712.0
1997-09-29,3.16,3.25,3.12,3.22,7437900.0,154272869.0
1997-09-30,3.21,3.32,3.18,3.28,8758800.0,186550881.0
1997-10-06,3.37,3.37,3.24,3.25,4630900.0,98308554.0
1997-10-07,3.24,3.28,3.2,3.28,3730100.0,78374088.0
1997-10-08,3.34,3.4,3.28,3.38,9184400.0,200032989.0
1997-10-09,3.39,3.4,3.32,3.33,4261800.0,93002695.0
1997-10-10,3.33,3.37,3.31,3.35,3421600.0,74513155.0
1997-10-13,3.39,3.4,3.32,3.32,2981800.0,64657535.0
1997-10-14,3.31,3.35,3.29,3.33,3462200.0,74668330.0
1997-10-15,3.33,3.52,3.33,3.49,17912500.0,401047220.0
1997-10-16,3.51,3.67,3.48,3.64,40555300.0,944438244.0
1997-10-17,3.67,3.78,3.66,3.74,41043100.0,995611408.0
1997-10-20,3.77,3.88,3.75,3.83,38404500.0,950905603.0
1997-10-21,3.85,3.91,3.78,3.88,27597800.0,688456549.0
1997-10-22,3.93,4.27,3.92,4.07,114945700.0,3066993532.0
1997-10-23,4.0,4.08,3.93,3.99,45978900.0,1193752134.0
1997-10-24,3.93,4.0,3.9,3.98,23977500.0,615271540.0
1997-10-27,4.01,4.07,3.98,4.0,22877300.0,596255539.0
1997-10-28,4.01,4.01,3.81,3.86,33321900.0,840972923.0
1997-10-29,3.88,3.95,3.85,3.94,22089600.0,559054019.0
1997-10-30,3.96,4.0,3.85,3.85,20392800.0,520522038.0
1997-10-31,3.82,3.93,3.81,3.87,14051500.0,351123970.0
1997-11-03,3.87,3.92,3.85,3.87,6721200.0,169271139.0
1997-11-04,3.88,3.97,3.87,3.96,10690200.0,273030713.0
1997-11-05,3.96,4.05,3.96,4.02,16299600.0,424954637.0
1997-11-06,4.05,4.08,3.96,3.96,11289200.0,294643586.0
1997-11-07,3.96,4.01,3.93,3.96,9474900.0,243163182.0
1997-11-10,3.96,4.0,3.85,3.88,12649600.0,321231879.0
1997-11-11,3.86,3.9,3.83,3.88,9691900.0,243210755.0
1997-11-12,3.88,3.96,3.86,3.87,8215700.0,208390155.0
1997-11-13,3.85,4.01,3.81,3.98,13266400.0,334135133.0
1997-11-14,4.0,4.04,3.94,3.97,16251400.0,421397142.0
1997-11-17,4.01,4.05,3.94,3.95,8489200.0,219131799.0
1997-11-18,3.94,4.04,3.93,3.95,7507500.0,194203094.0
1997-11-19,3.96,4.0,3.93,3.96,6158600.0,158329980.0
1997-11-20,3.95,3.98,3.87,3.9,6454500.0,163892119.0
1997-11-21,3.86,3.89,3.82,3.84,10222000.0,255170387.0
1997-11-24,3.83,3.83,3.7,3.7,8286000.0,201067174.0
1997-11-25,3.7,3.76,3.67,3.72,6729900.0,162026730.0
1997-11-26,3.73,3.75,3.7,3.73,4019100.0,97005067.0
1997-11-27,3.73,3.75,3.65,3.66,5700300.0,136607681.0
1997-11-28,3.62,3.76,3.61,3.74,7474800.0,177362063.0
1997-12-01,3.7,3.75,3.64,3.68,3992900.0,95809708.0
1997-12-02,3.68,3.74,3.67,3.67,2345400.0,56185242.0
1997-12-03,3.67,3.69,3.65,3.66,2895100.0,68918947.0
1997-12-04,3.66,3.7,3.63,3.68,3407600.0,81257410.0
1997-12-05,3.7,3.74,3.68,3.68,4104700.0,98717602.0
1997-12-08,3.68,3.73,3.68,3.68,2849600.0,68286645.0
1997-12-09,3.7,3.7,3.68,3.69,2284900.0,54687031.0
1997-12-10,3.7,3.76,3.7,3.72,2753400.0,66647279.0
1997-12-11,3.74,3.84,3.7,3.82,5697700.0,138768328.0
1997-12-12,3.83,3.85,3.75,3.76,4544500.0,112194365.0
1997-12-15,3.76,3.78,3.7,3.73,5157400.0,124796167.0
1997-12-16,3.74,3.78,3.72,3.75,5357400.0,130071828.0
1997-12-17,3.76,3.77,3.67,3.69,7871000.0,188984918.0
1997-12-18,3.67,3.77,3.64,3.68,5892200.0,140920321.0
1997-12-19,3.68,3.69,3.65,3.67,5436200.0,129215796.0
1997-12-22,3.65,3.75,3.55,3.67,12176900.0,287305418.0
1997-12-23,3.68,3.72,3.63,3.64,5795100.0,137967857.0
1997-12-24,3.64,3.64,3.55,3.57,9642900.0,225148006.0
1997-12-25,3.57,3.6,3.53,3.56,13935000.0,321937625.0
1997-12-26,3.62,3.7,3.57,3.6,10837100.0,253869078.0
1997-12-29,3.62,3.64,3.55,3.56,9902000.0,229767438.0
1997-12-30,3.56,3.58,3.51,3.53,11553700.0,265122652.0
1997-12-31,3.51,3.53,3.47,3.5,11457500.0,259356341.0
1998-01-05,3.49,3.7,3.41,3.7,20032600.0,465782321.0
1998-01-06,3.71,3.75,3.65,3.67,11700900.0,281123509.0
1998-01-07,3.67,3.67,3.59,3.61,6834300.0,160438169.0
1998-01-08,3.61,3.64,3.55,3.57,7861600.0,182432181.0
1998-01-09,3.55,3.6,3.52,3.55,8620100.0,198185890.0
1998-01-12,3.55,3.62,3.51,3.55,9205100.0,211524874.0
1998-01-13,3.51,3.51,3.19,3.43,15077500.0,333022421.0
1998-01-14,3.43,3.48,3.41,3.47,8592400.0,191756045.0
1998-01-15,3.48,3.51,3.41,3.46,5062100.0,113170660.0
1998-01-16,3.45,3.51,3.41,3.45,4919100.0,109984282.0
1998-01-19,3.47,3.47,3.41,3.42,4798000.0,106795229.0
1998-01-20,3.41,3.45,3.39,3.43,3371400.0,74873420.0
1998-01-21,3.42,3.44,3.4,3.41,3000000.0,66584971.0
1998-01-22,3.41,3.56,3.4,3.49,5273100.0,119424402.0
1998-01-23,3.51,3.61,3.49,3.57,6890600.0,159434977.0
1998-02-09,3.64,3.74,3.63,3.68,11603400.0,277129586.0
1998-02-10,3.68,3.69,3.58,3.61,3773900.0,88698704.0
1998-02-11,3.59,3.62,3.55,3.56,2424800.0,56237368.0
1998-02-12,3.55,3.59,3.51,3.52,2937100.0,67572453.0
1998-02-13,3.54,3.57,3.51,3.53,2304400.0,52855441.0
1998-02-16,3.53,3.53,3.48,3.48,2894900.0,65532533.0
1998-02-17,3.48,3.53,3.45,3.48,2914200.0,65769124.0
1998-02-18,3.48,3.51,3.46,3.48,2650400.0,59710329.0
1998-02-19,3.48,3.57,3.48,3.56,2596300.0,59228711.0
1998-02-20,3.58,3.59,3.51,3.53,2467500.0,56726909.0
1998-02-23,3.51,3.52,3.45,3.48,2670200.0,60244960.0
1998-02-24,3.48,3.52,3.47,3.48,1943700.0,43986768.0
1998-02-25,3.48,3.49,3.44,3.45,2680000.0,60285196.0
1998-02-26,3.44,3.51,3.42,3.46,3149800.0,70645926.0
1998-02-27,3.44,3.58,3.42,3.5,5435200.0,124057126.0
1998-03-02,3.47,3.48,3.36,3.38,6175500.0,136559129.0
1998-03-03,3.36,3.39,3.3,3.38,3916400.0,84975191.0
1998-03-04,3.39,3.41,3.37,3.4,2942000.0,64624316.0
1998-03-05,3.4,3.43,3.32,3.33,4460700.0,96998225.0
1998-03-06,3.24,3.3,3.21,3.29,6041500.0,128205177.0
1998-03-09,3.31,3.32,3.22,3.22,5534300.0,116277015.0
1998-03-10,3.2,3.3,3.13,3.22,7878400.0,162276482.0
1998-03-11,3.24,3.31,3.22,3.23,4488900.0,95084109.0
1998-03-12,3.1,3.29,3.09,3.19,4620100.0,96566683.0
1998-03-13,3.19,3.31,3.16,3.3,4704200.0,99258361.0
1998-03-16,3.31,3.34,3.27,3.32,3431800.0,73634697.0
1998-03-17,3.34,3.41,3.33,3.39,5090300.0,111817575.0
1998-03-18,3.42,3.42,3.31,3.32,2916800.0,63409908.0
1998-03-19,3.31,3.34,3.29,3.3,2093700.0,44930592.0
1998-03-20,3.3,3.33,3.24,3.27,1994200.0,42450456.0
1998-03-23,3.25,3.3,3.22,3.24,2931100.0,61652642.0
1998-03-24,3.24,3.41,3.23,3.4,4644000.0,100442892.0
1998-03-25,3.47,3.5,3.32,3.34,7156400.0,158259721.0
1998-03-26,3.33,3.33,3.25,3.26,2898900.0,61728541.0
1998-03-27,3.25,3.36,3.24,3.31,4193700.0,89629497.0
1998-03-30,3.32,3.38,3.27,3.33,5821600.0,125131578.0
1998-03-31,3.34,3.39,3.29,3.32,5168400.0,112374050.0
1998-04-01,3.31,3.34,3.28,3.29,4169900.0,89237421.0
1998-04-02,3.29,3.38,3.29,3.33,6695200.0,144694208.0
1998-04-03,3.33,3.47,3.33,3.45,14199300.0,315137725.0
1998-04-06,3.46,3.48,3.39,3.41,7533800.0,167661710.0
1998-04-07,3.42,3.45,3.39,3.4,5824700.0,129021548.0
1998-04-08,3.39,3.44,3.36,3.4,5025700.0,110604338.0
1998-04-09,3.41,3.45,3.38,3.4,6601100.0,145646080.0
1998-04-10,3.41,3.43,3.38,3.41,5162400.0,113938248.0
1998-04-13,3.41,3.55,3.41,3.49,13804500.0,313599057.0
1998-04-14,3.49,3.5,3.41,3.42,4513700.0,101227029.0
1998-04-15,3.42,3.43,3.38,3.4,5340600.0,117912816.0
1998-04-17,3.16,3.42,3.16,3.29,5461800.0,118354639.0
1998-04-20,3.24,3.24,3.14,3.17,9208500.0,190261737.0
1998-04-21,3.16,3.23,3.16,3.18,4038000.0,83459614.0
1998-04-22,3.2,3.21,3.17,3.21,5993600.0,123922524.0
1998-04-23,3.22,3.22,3.17,3.19,5590600.0,115469890.0
1998-04-24,3.19,3.3,3.17,3.21,7747300.0,161190949.0
1998-04-27,3.19,3.2,3.15,3.16,5354500.0,110166349.0
1998-04-28,3.17,3.24,3.17,3.22,4030800.0,83674137.0
1998-04-29,3.22,3.24,3.17,3.2,4894000.0,101348017.0
1998-04-30,3.2,3.23,3.18,3.22,4591000.0,95220150.0
1998-05-04,3.22,3.29,3.21,3.26,6670200.0,140923047.0
1998-05-05,3.28,3.3,3.22,3.22,4460900.0,93931843.0
1998-05-06,3.22,3.22,3.18,3.19,5049800.0,104340238.0
1998-05-07,3.19,3.21,3.14,3.15,7392000.0,151802063.0
1998-05-08,3.14,3.18,3.14,3.17,7281900.0,149184892.0
1998-05-11,3.17,3.21,3.12,3.15,7944500.0,161907919.0
1998-05-12,3.14,3.14,3.12,3.13,4525000.0,91897474.0
1998-05-13,3.14,3.16,3.11,3.15,5864500.0,118918396.0
1998-05-14,3.14,3.15,3.11,3.12,5032000.0,101790933.0
1998-05-15,3.13,3.24,3.13,3.19,6546700.0,135613481.0
1998-05-18,3.21,3.22,3.13,3.14,2991100.0,61285532.0
1998-05-19,3.14,3.16,3.12,3.12,3094200.0,62721645.0
1998-05-20,3.13,3.18,3.11,3.11,3416100.0,69266195.0
1998-05-21,3.11,3.13,3.1,3.11,3456100.0,69639231.0
1998-05-22,3.11,3.14,3.11,3.11,5357900.0,108313108.0
1998-05-25,3.11,3.12,3.09,3.1,5824100.0,117001019.0
1998-05-26,3.1,3.16,3.08,3.09,6175300.0,124211610.0
1998-05-27,3.09,3.11,3.08,3.09,6738700.0,134944388.0
1998-05-28,3.1,3.12,3.08,3.09,5388300.0,107915030.0
1998-05-29,3.1,3.1,3.08,3.09,5119400.0,102557937.0
1998-06-01,3.1,3.12,3.08,3.1,5796100.0,116428514.0
1998-06-02,3.1,3.1,3.08,3.08,5915400.0,118377895.0
1998-06-03,3.08,3.08,3.03,3.04,6435400.0,127292085.0
1998-06-04,3.03,3.08,2.99,3.04,6350700.0,124654405.0
1998-06-05,3.04,3.13,3.04,3.08,5579300.0,111680436.0
1998-06-08,3.08,3.09,3.02,3.02,3435700.0,67939226.0
1998-06-09,3.03,3.04,2.98,2.98,3649100.0,71015879.0
1998-06-10,2.98,3.01,2.93,2.94,3721300.0,71212350.0
1998-06-11,2.94,2.95,2.91,2.91,3951900.0,74892257.0
1998-06-12,3.01,3.03,2.93,2.94,3644500.0,69855882.0
1998-06-15,2.94,2.94,2.87,2.88,3892600.0,72955861.0
1998-06-16,2.87,2.87,2.8,2.81,4678500.0,85586778.0
1998-06-17,2.81,2.85,2.8,2.81,3772600.0,68832355.0
1998-06-18,2.83,2.94,2.81,2.91,4483200.0,84308066.0
1998-06-19,2.91,2.93,2.87,2.9,2455600.0,46049048.0
1998-06-22,2.87,2.88,2.81,2.82,3841400.0,70435603.0
1998-06-23,2.81,2.85,2.77,2.81,4425900.0,80348814.0
1998-06-24,2.8,2.83,2.78,2.81,4099200.0,74327468.0
1998-06-25,2.85,2.87,2.79,2.8,1369700.0,24954797.0
1998-06-26,2.81,2.82,2.79,2.79,2412400.0,43837181.0
1998-06-29,2.79,2.79,2.71,2.72,4080000.0,72506079.0
1998-06-30,2.73,2.73,2.64,2.64,3974000.0,68520406.0
1998-07-01,2.71,2.73,2.56,2.61,6287200.0,106925745.0
1998-07-02,2.6,2.64,2.57,2.63,4448700.0,75297187.0
1998-07-03,2.64,2.69,2.63,2.66,3345700.0,57649166.0
1998-07-06,2.64,2.64,2.59,2.59,2355800.0,39885493.0
1998-07-07,2.57,2.6,2.54,2.57,2929500.0,48660242.0
1998-07-08,2.59,2.64,2.57,2.61,1988100.0,33673709.0
1998-07-09,2.62,2.65,2.61,2.62,1632600.0,27853163.0
1998-07-10,2.62,2.62,2.59,2.6,1851900.0,31262471.0
1998-07-13,2.62,2.62,2.57,2.6,1751500.0,29390051.0
1998-07-14,2.61,2.61,2.55,2.55,1890100.0,31494392.0
1998-07-15,2.55,2.55,2.48,2.49,2942300.0,47890625.0
1998-07-16,2.47,2.48,2.43,2.44,4336100.0,68771049.0
1998-07-17,2.44,2.46,2.4,2.41,4025700.0,63174732.0
1998-07-20,2.4,2.4,2.33,2.34,4420400.0,67268542.0
1998-07-21,2.33,2.57,2.31,2.57,7739500.0,124956217.0
1998-07-22,2.57,2.77,2.48,2.65,22116700.0,383264359.0
1998-07-23,2.64,2.68,2.62,2.67,5477800.0,94051972.0
1998-07-24,2.67,2.76,2.65,2.74,9710400.0,172297853.0
1998-07-27,2.75,2.77,2.7,2.74,4473800.0,79576663.0
1998-07-28,2.71,2.74,2.67,2.68,2727200.0,47644510.0
1998-07-29,2.68,2.74,2.67,2.69,2519700.0,44193271.0
1998-07-30,2.69,2.72,2.65,2.67,2210500.0,38319903.0
1998-07-31,2.68,2.7,2.65,2.66,1540600.0,26670458.0
1998-08-03,2.66,2.67,2.56,2.57,3148500.0,52988315.0
1998-08-04,2.55,2.65,2.52,2.6,3330200.0,55752995.0
1998-08-05,2.61,2.62,2.56,2.61,1851700.0,31131957.0
1998-08-06,2.62,2.65,2.56,2.57,1754100.0,29594694.0
1998-08-07,2.55,2.61,2.55,2.57,1856600.0,30922017.0
1998-08-10,2.56,2.56,2.48,2.52,2084500.0,34033658.0
1998-08-11,2.52,2.56,2.45,2.46,2561100.0,41441947.0
1998-08-12,2.46,2.51,2.4,2.49,3523300.0,56015824.0
1998-08-13,2.5,2.52,2.47,2.49,2508100.0,40485654.0
1998-08-14,2.49,2.49,2.42,2.44,2449100.0,38838714.0
1998-08-17,2.43,2.43,2.31,2.34,4802200.0,73736057.0
1998-08-18,2.33,2.43,2.31,2.37,3446400.0,53353097.0
1998-08-19,2.38,2.46,2.37,2.45,3088400.0,48294585.0
1998-08-20,2.47,2.48,2.42,2.45,2325300.0,36843236.0
1998-08-21,2.46,2.69,2.43,2.65,9735400.0,162494053.0
1998-08-24,2.64,2.7,2.57,2.58,7277700.0,124094851.0
1998-08-25,2.57,2.58,2.51,2.56,2789900.0,46039031.0
1998-08-26,2.57,2.65,2.51,2.53,4354200.0,73119266.0
1998-08-27,2.51,2.53,2.47,2.48,2794100.0,45245427.0
1998-08-28,2.47,2.5,2.44,2.45,2721300.0,43494129.0
1998-08-31,2.44,2.49,2.39,2.49,3444300.0,54165771.0
1998-09-01,2.49,2.49,2.43,2.45,1486300.0,23729162.0
1998-09-02,2.44,2.47,2.42,2.44,969900.0,15393657.0
1998-09-03,2.44,2.47,2.43,2.44,1649500.0,26109128.0
1998-09-04,2.45,2.5,2.44,2.45,1573000.0,25101426.0
1998-09-07,2.46,2.47,2.43,2.45,1780100.0,28221305.0
1998-09-08,2.46,2.52,2.46,2.46,2221300.0,35787578.0
1998-09-09,2.45,2.48,2.44,2.47,1534600.0,24473570.0
1998-09-10,2.48,2.54,2.46,2.5,3689400.0,59830480.0
1998-09-11,2.51,2.53,2.46,2.47,2943300.0,47552511.0
1998-09-14,2.47,2.52,2.44,2.48,4069800.0,65114283.0
1998-09-15,2.48,2.54,2.48,2.5,5062200.0,82224417.0
1998-09-16,2.5,2.5,2.46,2.48,2962400.0,47571792.0
1998-09-17,2.48,2.49,2.43,2.44,4046100.0,64539868.0
1998-09-18,2.42,2.46,2.4,2.41,2914500.0,45755586.0
1998-09-21,2.39,2.41,2.38,2.41,2026400.0,31514372.0
1998-09-22,2.41,2.47,2.41,2.42,1833800.0,28960493.0
1998-09-23,2.43,2.45,2.4,2.43,1469900.0,23011979.0
1998-09-24,2.4,2.44,2.39,2.39,1952700.0,30346587.0
1998-09-25,2.39,2.4,2.37,2.38,2212600.0,34160657.0
1998-09-28,2.41,2.44,2.38,2.39,2510600.0,38964493.0
1998-09-29,2.42,2.5,2.42,2.43,3467100.0,55369237.0
1998-09-30,2.44,2.47,2.41,2.43,1619800.0,25528955.0
1998-10-05,2.43,2.44,2.39,2.4,1447900.0,22515374.0
1998-10-06,2.39,2.4,2.37,2.37,1762800.0,27165600.0
1998-10-07,2.37,2.38,2.35,2.36,2128600.0,32603450.0
1998-10-08,2.36,2.37,2.35,2.36,1778200.0,27204628.0
1998-10-09,2.37,2.39,2.36,2.36,1660300.0,25432820.0
1998-10-12,2.36,2.38,2.33,2.34,2228300.0,33893730.0
1998-10-13,2.34,2.4,2.34,2.35,3680700.0,56401795.0
1998-10-14,2.35,2.36,2.33,2.33,2012100.0,30513754.0
1998-10-15,2.33,2.36,2.32,2.36,2658800.0,40197119.0
1998-10-16,2.38,2.39,2.35,2.35,1770900.0,27138044.0
1998-10-19,2.36,2.39,2.34,2.35,2018400.0,30897440.0
1998-10-20,2.35,2.37,2.32,2.33,2131200.0,32276191.0
1998-10-21,2.33,2.33,2.27,2.27,4294700.0,63758912.0
1998-10-22,2.24,2.25,2.21,2.25,4171200.0,60317165.0
1998-10-23,2.36,2.42,2.3,2.3,4914600.0,74917816.0
1998-10-26,2.28,2.28,2.22,2.24,3127200.0,45360297.0
1998-10-27,2.24,2.24,2.21,2.22,2488600.0,35785689.0
1998-10-28,2.21,2.25,2.2,2.22,2089900.0,30053432.0
1998-10-29,2.24,2.28,2.2,2.23,3770600.0,54807886.0
1998-10-30,2.24,2.34,2.24,2.3,5640600.0,84545494.0
1998-11-02,2.31,2.34,2.27,2.28,2311300.0,34309149.0
1998-11-03,2.28,2.3,2.25,2.25,2022200.0,29623850.0
1998-11-04,2.25,2.29,2.24,2.27,2272600.0,33288979.0
1998-11-05,2.27,2.3,2.25,2.29,2633700.0,38753938.0
1998-11-06,2.31,2.34,2.29,2.31,4827300.0,72503331.0
1998-11-09,2.32,2.36,2.31,2.34,3926100.0,59464566.0
1998-11-10,2.35,2.42,2.33,2.38,5331700.0,82374794.0
1998-11-11,2.39,2.39,2.34,2.36,2368200.0,36241964.0
1998-11-12,2.37,2.44,2.34,2.39,5561800.0,86559823.0
1998-11-13,2.39,2.4,2.37,2.39,3030700.0,46809166.0
1998-11-16,2.4,2.62,2.4,2.62,24988000.0,413255937.0
1998-11-17,2.65,2.74,2.61,2.64,26543700.0,461493663.0
1998-11-18,2.64,2.68,2.58,2.62,9133800.0,155924973.0
1998-11-19,2.61,2.62,2.58,2.58,5390000.0,90885923.0
1998-11-20,2.57,2.62,2.57,2.59,3837200.0,64572431.0
1998-11-23,2.59,2.6,2.53,2.55,4586600.0,76060440.0
1998-11-24,2.55,2.59,2.54,2.55,1969800.0,32701418.0
1998-11-25,2.56,2.59,2.48,2.48,3469700.0,56612459.0
1998-11-26,2.47,2.5,2.45,2.45,3133000.0,50112003.0
1998-11-27,2.45,2.48,2.41,2.42,2266300.0,35932060.0
1998-11-30,2.41,2.45,2.39,2.44,1733100.0,27210391.0
1998-12-01,2.47,2.47,2.4,2.41,1146000.0,18047990.0
1998-12-02,2.42,2.44,2.4,2.44,1671400.0,26221070.0
1998-12-03,2.44,2.49,2.42,2.45,1995000.0,31790471.0
1998-12-04,2.45,2.51,2.44,2.45,4139500.0,66566169.0
1998-12-07,2.51,2.52,2.42,2.43,2892700.0,46528726.0
1998-12-08,2.42,2.46,2.42,2.43,1128400.0,17838186.0
1998-12-09,2.44,2.45,2.41,2.41,1127900.0,17713311.0
1998-12-10,2.41,2.41,2.36,2.37,2096700.0,32393264.0
1998-12-11,2.36,2.41,2.35,2.4,1109900.0,17134979.0
1998-12-14,2.37,2.39,2.35,2.35,1389900.0,21326208.0
1998-12-15,2.34,2.36,2.31,2.35,3049500.0,46022266.0
1998-12-16,2.36,2.38,2.33,2.33,1339500.0,20355197.0
1998-12-17,2.33,2.33,2.29,2.3,2510000.0,37603171.0
1998-12-18,2.29,2.33,2.28,2.3,1591900.0,23738493.0
1998-12-21,2.31,2.36,2.3,2.31,2145300.0,32283909.0
1998-12-22,2.31,2.36,2.31,2.34,2378100.0,36024520.0
1998-12-23,2.35,2.38,2.31,2.32,2936500.0,44694509.0
1998-12-24,2.31,2.32,2.3,2.31,1951000.0,29267758.0
1998-12-25,2.31,2.37,2.31,2.32,2235700.0,33787380.0
1998-12-28,2.32,2.35,2.3,2.3,1346200.0,20235049.0
1998-12-29,2.3,2.32,2.28,2.28,1682800.0,25079200.0
1998-12-30,2.28,2.31,2.27,2.3,1371100.0,20311351.0
1998-12-31,2.3,2.32,2.29,2.29,1328100.0,19833009.0
1999-01-04,2.29,2.3,2.24,2.24,1070500.0,15710576.0
1999-01-05,2.24,2.25,2.2,2.23,1740800.0,25148052.0
1999-01-06,2.24,2.28,2.23,2.25,1203600.0,17579927.0
1999-01-07,2.24,2.35,2.24,2.3,1702800.0,25376533.0
1999-01-08,2.3,2.34,2.3,2.32,2051800.0,30898447.0
1999-01-11,2.34,2.34,2.29,2.31,1224300.0,18299031.0
1999-01-12,2.31,2.31,2.26,2.27,2042200.0,30210856.0
1999-01-13,2.26,2.29,2.25,2.26,1531200.0,22510345.0
1999-01-14,2.26,2.28,2.25,2.27,1863100.0,27297938.0
1999-01-15,2.28,2.28,2.25,2.25,1178900.0,17258069.0
1999-01-18,2.26,2.31,2.24,2.29,1456500.0,21588594.0
1999-01-19,2.31,2.31,2.27,2.29,1171300.0,17437285.0
1999-01-20,2.29,2.3,2.27,2.27,897500.0,13305758.0
1999-01-21,2.25,2.27,2.25,2.26,1171100.0,17134684.0
1999-01-22,2.26,2.29,2.24,2.27,2322400.0,34058107.0
1999-01-25,2.27,2.29,2.23,2.24,1645400.0,24089613.0
1999-01-26,2.24,2.25,2.22,2.22,1461700.0,21158511.0
1999-01-27,2.23,2.24,2.22,2.23,1554600.0,22482776.0
1999-01-28,2.24,2.24,2.22,2.22,1502900.0,21648216.0
1999-01-29,2.22,2.26,2.2,2.23,1677600.0,24104959.0
1999-02-01,2.23,2.24,2.2,2.2,1756400.0,25213284.0
1999-02-02,2.2,2.21,2.18,2.2,2056400.0,29182699.0
1999-02-03,2.2,2.21,2.18,2.18,1245400.0,17667387.0
1999-02-04,2.17,2.17,2.13,2.13,2389700.0,33355480.0
1999-02-05,2.12,2.13,2.08,2.09,2453100.0,33407892.0
1999-02-08,2.07,2.11,2.04,2.07,1974300.0,26512437.0
1999-02-09,2.07,2.11,2.06,2.09,2601400.0,35350914.0
1999-03-01,2.1,2.15,2.08,2.14,1008100.0,13937073.0
1999-03-02,2.14,2.15,2.08,2.11,1324600.0,18109651.0
1999-03-03,2.1,2.14,2.08,2.13,1409900.0,19319809.0
1999-03-04,2.14,2.14,2.1,2.11,1281300.0,17571030.0
1999-03-05,2.1,2.15,2.1,2.13,1435100.0,19766969.0
1999-03-08,2.13,2.13,2.1,2.11,1775600.0,24256015.0
1999-03-09,2.11,2.19,2.11,2.15,3431000.0,48037815.0
1999-03-10,2.15,2.16,2.11,2.12,1162200.0,16065800.0
1999-03-11,2.1,2.17,2.1,2.14,1910400.0,26510541.0
1999-03-12,2.14,2.18,2.14,2.16,1939100.0,27166080.0
1999-03-15,2.16,2.17,2.14,2.15,1767000.0,24636048.0
1999-03-16,2.14,2.15,2.12,2.13,1645100.0,22725664.0
1999-03-17,2.13,2.18,2.13,2.14,2168700.0,30298842.0
1999-03-18,2.14,2.15,2.12,2.12,1419400.0,19601606.0
1999-03-19,2.13,2.14,2.09,2.14,1770400.0,24404163.0
1999-03-22,2.14,2.14,2.11,2.12,2260200.0,30976619.0
1999-03-23,2.12,2.13,2.09,2.11,2470800.0,33743612.0
1999-03-24,2.11,2.23,2.11,2.16,6813700.0,96440059.0
1999-03-25,2.16,2.17,2.12,2.13,1816500.0,25166656.0
1999-03-26,2.13,2.14,2.11,2.12,1533500.0,21160553.0
1999-03-29,2.12,2.14,2.1,2.14,1575000.0,21689674.0
1999-03-30,2.14,2.16,2.11,2.12,931500.0,12876639.0
1999-03-31,2.12,2.13,2.1,2.11,1303700.0,17847085.0
1999-04-01,2.1,2.11,2.09,2.1,2084000.0,28338583.0
1999-04-02,2.1,2.16,2.1,2.12,1360900.0,18692854.0
1999-04-05,2.12,2.17,2.12,2.16,2581400.0,35885469.0
1999-04-06,2.16,2.16,2.12,2.13,1672900.0,23125604.0
1999-04-07,2.13,2.17,2.13,2.14,2116900.0,29459053.0
1999-04-08,2.15,2.27,2.14,2.25,12052300.0,172603948.0
1999-04-09,2.25,2.28,2.19,2.2,9100600.0,132253914.0
1999-04-12,2.2,2.23,2.16,2.16,3540400.0,50122935.0
1999-04-13,2.17,2.24,2.15,2.19,3907900.0,55838869.0
1999-04-14,2.19,2.21,2.16,2.17,1994300.0,28136823.0
1999-04-15,2.17,2.17,2.13,2.14,2256800.0,31483369.0
1999-04-16,2.14,2.17,2.12,2.14,2123500.0,29489010.0
1999-04-19,2.14,2.15,2.12,2.12,1609600.0,22197614.0
1999-04-20,2.12,2.16,2.11,2.13,1165300.0,16155101.0
1999-04-21,2.13,2.15,2.1,2.1,1606400.0,22022427.0
1999-04-22,2.1,2.12,2.05,2.08,2334500.0,31432074.0
1999-04-23,2.1,2.22,2.08,2.12,2210000.0,30474244.0
1999-04-26,2.13,2.13,2.06,2.06,2284500.0,31024651.0
1999-04-27,2.06,2.06,2.02,2.02,2612700.0,34511179.0
1999-04-28,2.03,2.08,2.03,2.04,1491100.0,19765688.0
1999-04-29,2.04,2.06,2.03,2.05,1245400.0,16504751.0
1999-04-30,2.05,2.09,2.05,2.07,1282100.0,17199412.0
1999-05-04,2.07,2.08,2.04,2.05,1158100.0,15399601.0
1999-05-05,2.05,2.06,2.02,2.03,1477500.0,19482728.0
1999-05-06,2.03,2.07,2.03,2.07,1710500.0,22690659.0
1999-05-07,2.07,2.07,2.02,2.02,1447900.0,19126370.0
1999-05-10,2.02,2.02,1.94,1.97,3456300.0,44225954.0
1999-05-11,1.97,2.01,1.97,1.98,1411300.0,18110493.0
1999-05-12,1.98,2.01,1.96,1.99,1812900.0,23303050.0
1999-05-13,2.0,2.0,1.95,1.96,1071900.0,13682307.0
1999-05-14,1.96,1.96,1.9,1.91,2164500.0,27005138.0
1999-05-17,1.91,1.96,1.87,1.89,2479500.0,30629605.0
1999-05-18,1.89,1.92,1.88,1.88,1130300.0,13920822.0
1999-05-19,1.88,2.02,1.87,2.0,3717300.0,47320219.0
1999-05-20,2.0,2.11,1.99,2.09,6814200.0,90490557.0
1999-05-21,2.09,2.17,2.07,2.1,8165200.0,112676356.0
1999-05-24,2.11,2.2,2.05,2.18,11760200.0,163412850.0
1999-05-25,2.19,2.22,2.1,2.15,8530800.0,119724565.0
1999-05-26,2.14,2.36,2.11,2.36,40712300.0,614616975.0
1999-05-27,2.6,2.6,2.59,2.6,7786100.0,131195221.0
1999-05-31,2.86,2.86,2.75,2.86,103232900.0,1902100616.0
1999-06-01,2.86,3.14,2.78,3.1,85969400.0,1666572172.0
1999-06-02,3.13,3.41,3.08,3.12,95654500.0,2003214792.0
1999-06-03,3.08,3.17,3.04,3.06,50971700.0,1022292705.0
1999-06-04,3.1,3.21,3.07,3.13,41333400.0,842517204.0
1999-06-07,3.14,3.28,3.11,3.25,35021400.0,727753002.0
1999-06-08,3.28,3.31,3.16,3.18,33052600.0,691063840.0
1999-06-09,3.18,3.22,3.1,3.19,17893400.0,366414914.0
1999-06-10,3.47,3.48,3.16,3.19,46833700.0,1001679196.0
1999-06-11,3.16,3.21,3.14,3.17,15833200.0,326125204.0
1999-06-14,3.18,3.22,3.13,3.18,18486700.0,380608359.0
1999-06-15,3.27,3.39,3.12,3.18,43578100.0,926959412.0
1999-06-16,3.22,3.31,3.18,3.29,19601000.0,413803391.0
1999-06-17,3.34,3.51,3.25,3.47,55537900.0,1225288637.0
1999-06-18,3.51,3.55,3.39,3.41,39057600.0,877930067.0
1999-06-21,3.42,3.47,3.39,3.44,21099800.0,468788560.0
1999-06-22,3.45,3.47,3.31,3.37,23204800.0,509374816.0
1999-06-23,3.39,3.67,3.36,3.58,46253100.0,1057346585.0
1999-06-24,3.62,3.94,3.6,3.94,64218900.0,1584704565.0
1999-06-25,4.16,4.34,3.85,3.99,106499600.0,2915463393.0
1999-06-28,4.08,4.35,4.05,4.34,71200400.0,1959130883.0
1999-06-29,4.47,4.53,4.27,4.39,69318500.0,1968177180.0
1999-06-30,4.39,4.41,4.17,4.25,52792200.0,1467349747.0
1999-07-01,4.21,4.21,3.82,4.15,91177500.0,2388650445.0
1999-07-02,4.24,4.32,4.1,4.13,37324900.0,1011374686.0
1999-07-05,4.13,4.16,3.85,3.88,25579300.0,659479326.0
1999-07-06,3.83,3.84,3.54,3.55,33602100.0,799673984.0
1999-07-07,3.55,3.73,3.52,3.73,24479700.0,577377802.0
1999-07-08,3.59,3.76,3.58,3.67,15640500.0,374674305.0
1999-07-09,3.67,3.7,3.58,3.66,13948700.0,328107749.0
1999-07-12,3.65,3.65,3.37,3.41,26995300.0,610903072.0
1999-07-13,3.36,3.36,3.16,3.17,30513000.0,636899296.0
1999-07-14,3.17,3.3,3.17,3.3,18254700.0,383738902.0
1999-07-15,3.3,3.33,3.22,3.24,11542000.0,243590889.0
1999-07-16,3.24,3.24,3.16,3.18,11468700.0,237279998.0
1999-07-19,3.05,3.14,2.93,2.96,23315850.0,458900544.0
1999-07-20,2.93,3.26,2.91,3.26,23058800.0,463506475.0
1999-07-21,3.41,3.58,3.41,3.54,53764500.0,1222162050.0
1999-07-22,3.49,3.52,3.35,3.36,24845900.0,553315714.0
1999-07-23,3.31,3.5,3.31,3.41,12876800.0,286185645.0
1999-07-26,3.42,3.46,3.38,3.39,7675800.0,169918317.0
1999-07-27,3.38,3.43,3.33,3.38,6745300.0,147120469.0
1999-07-28,3.38,3.47,3.36,3.39,6565900.0,145157475.0
1999-07-29,3.45,3.48,3.38,3.4,4972100.0,110026587.0
1999-07-30,3.42,3.45,3.38,3.41,6169500.0,136610924.0
1999-08-02,3.42,3.61,3.39,3.53,15307200.0,351601260.0
1999-08-03,3.55,3.56,3.48,3.5,6187200.0,141069635.0
1999-08-04,3.48,3.58,3.48,3.54,7347200.0,168734000.0
1999-08-05,3.55,3.57,3.49,3.5,6325200.0,144141429.0
1999-08-06,3.48,3.52,3.35,3.46,14569700.0,323127630.0
1999-08-09,3.38,3.44,3.37,3.37,6137000.0,134855633.0
1999-08-10,3.35,3.36,3.3,3.31,7709700.0,165959688.0
1999-08-11,3.25,3.36,3.25,3.27,4649000.0,99293188.0
1999-08-12,3.26,3.35,3.26,3.29,4395700.0,94148102.0
1999-08-13,3.3,3.36,3.28,3.29,3306900.0,70986928.0
1999-08-17,3.39,3.62,3.37,3.38,5850700.0,129902254.0
1999-08-18,3.39,3.43,3.33,3.39,2848100.0,62075746.0
1999-08-19,3.44,3.73,3.41,3.69,59938500.0,1425243421.0
1999-08-20,3.69,3.75,3.64,3.65,24720600.0,592242145.0
1999-08-23,3.64,3.79,3.63,3.7,14788800.0,357432364.0
1999-08-24,3.73,3.79,3.68,3.71,9969400.0,241445436.0
1999-08-25,3.71,3.74,3.6,3.64,11487000.0,272619180.0
1999-08-26,3.62,3.7,3.6,3.67,6713700.0,159176193.0
1999-08-27,3.68,3.78,3.65,3.71,11764700.0,284498804.0
1999-08-30,3.73,3.89,3.73,3.82,32974200.0,819565884.0
1999-08-31,3.85,3.86,3.74,3.8,10371300.0,255356180.0
1999-09-01,3.8,3.8,3.65,3.68,12418800.0,299408956.0
1999-09-02,3.66,3.74,3.59,3.72,10270600.0,243931417.0
1999-09-03,3.73,3.76,3.63,3.64,6922800.0,165695923.0
1999-09-06,3.59,3.67,3.59,3.62,5505800.0,129182464.0
1999-09-07,3.62,3.71,3.62,3.65,4503400.0,106983059.0
1999-09-08,3.65,3.72,3.65,3.67,4257100.0,101826032.0
1999-09-09,3.72,3.94,3.72,3.88,25771500.0,644724853.0
1999-09-10,3.93,3.94,3.78,3.81,18267100.0,456115630.0
1999-09-13,3.85,3.86,3.79,3.81,7563400.0,187346116.0
1999-09-14,3.82,3.85,3.78,3.78,5158400.0,127319249.0
1999-09-15,3.79,3.82,3.74,3.77,6639600.0,162420388.0
1999-09-16,3.76,3.79,3.75,3.75,4199900.0,102473022.0
1999-09-17,3.76,3.8,3.7,3.74,6001000.0,146043105.0
1999-09-20,3.74,3.76,3.7,3.7,5619800.0,135252162.0
1999-09-21,3.68,3.7,3.62,3.67,8932800.0,211724729.0
1999-09-22,3.67,3.71,3.65,3.67,5026700.0,119977833.0
1999-09-23,3.68,3.75,3.66,3.69,7537200.0,180967640.0
1999-09-24,3.71,3.79,3.68,3.7,5189500.0,125306820.0
1999-09-27,3.76,3.77,3.64,3.67,4914400.0,117887589.0
1999-09-28,3.67,3.69,3.61,3.64,5375400.0,127047697.0
1999-09-29,3.65,3.73,3.64,3.65,5125590.0,122260009.0
1999-09-30,3.65,3.7,3.57,3.59,6357500.0,150422168.0
1999-10-08,3.55,3.58,3.47,3.49,5341900.0,121685913.0
1999-10-11,3.49,3.55,3.41,3.42,2945400.0,66079128.0
1999-10-12,3.42,3.48,3.41,3.46,2914400.0,65088320.0
1999-10-13,3.48,3.5,3.37,3.38,3987900.0,88021013.0
1999-10-14,3.36,3.45,3.32,3.36,3996200.0,87281751.0
1999-10-15,3.37,3.5,3.37,3.49,5310300.0,118857428.0
1999-10-18,3.56,3.56,3.4,3.43,4864400.0,106870945.0
1999-10-19,3.37,3.39,3.31,3.33,6032000.0,127587111.0
1999-10-20,3.34,3.43,3.33,3.42,3531600.0,75582517.0
1999-10-21,3.42,3.42,3.34,3.35,3109800.0,66208264.0
1999-10-22,3.33,3.61,3.33,3.47,7178900.0,158113926.0
1999-10-25,3.49,3.5,3.39,3.4,2653400.0,57339553.0
1999-10-26,3.41,3.5,3.41,3.46,2632300.0,57424837.0
1999-10-27,3.53,3.58,3.48,3.52,6549000.0,145822207.0
1999-10-28,3.52,3.54,3.44,3.45,3613000.0,79273520.0
1999-10-29,3.45,3.48,3.39,3.42,3078900.0,66525644.0
1999-11-01,3.42,3.45,3.37,3.39,2890800.0,61930664.0
1999-11-02,3.42,3.58,3.42,3.48,9948000.0,220654692.0
1999-11-03,3.48,3.51,3.42,3.48,3456400.0,75531535.0
1999-11-04,3.45,3.5,3.43,3.45,2332500.0,50937335.0
1999-11-05,3.45,3.52,3.42,3.45,3945000.0,86654568.0
1999-11-08,3.48,3.58,3.46,3.56,13713700.0,306809099.0
1999-11-09,3.58,3.59,3.5,3.52,5364600.0,119867519.0
1999-11-10,3.52,3.52,3.32,3.43,5756800.0,124292049.0
1999-11-11,3.43,3.48,3.4,3.46,5144600.0,112014265.0
1999-11-12,3.44,3.53,3.42,3.48,2672000.0,58855521.0
1999-11-15,3.48,3.48,3.39,3.42,2763100.0,59666301.0
1999-11-16,3.44,3.49,3.33,3.35,4988500.0,106330935.0
1999-11-17,3.35,3.39,3.33,3.39,3239000.0,68572188.0
1999-11-18,3.4,3.45,3.34,3.39,3509300.0,75316253.0
1999-11-19,3.48,3.48,3.37,3.38,3068000.0,66070334.0
1999-11-22,3.38,3.38,3.32,3.36,4118300.0,86760398.0
1999-11-23,3.36,3.38,3.32,3.33,2537500.0,53412447.0
1999-11-24,3.33,3.34,3.25,3.26,4607700.0,95590617.0
1999-11-25,3.24,3.25,3.17,3.23,4545000.0,92167356.0
1999-11-26,3.23,3.25,3.2,3.21,2891800.0,58782268.0
1999-11-29,3.21,3.21,3.14,3.15,5529700.0,110577281.0
1999-11-30,3.14,3.17,3.1,3.12,3890700.0,76954496.0
1999-12-01,3.1,3.17,3.07,3.14,3689500.0,72815118.0
1999-12-02,3.14,3.16,3.11,3.11,1567000.0,31021794.0
1999-12-03,3.11,3.14,3.07,3.08,2772800.0,54088596.0
1999-12-06,3.09,3.09,3.01,3.02,5854400.0,111569204.0
1999-12-07,3.01,3.07,2.98,3.01,5501600.0,104800570.0
1999-12-08,3.01,3.04,2.99,3.01,2495600.0,47375103.0
1999-12-09,3.01,3.01,2.96,2.97,3203900.0,60333550.0
1999-12-10,2.97,3.04,2.92,3.03,4895332.0,91878866.0
1999-12-13,3.03,3.06,2.98,3.01,3654700.0,69713697.0
1999-12-14,3.01,3.02,2.99,3.01,1943100.0,36923090.0
1999-12-15,3.01,3.14,3.01,3.11,6170000.0,120902640.0
1999-12-16,3.11,3.11,3.04,3.04,4256300.0,82559510.0
1999-12-17,3.04,3.06,2.99,3.0,3429000.0,65072142.0
1999-12-21,2.98,2.98,2.88,2.89,5170100.0,95160791.0
1999-12-22,2.89,2.91,2.85,2.86,4021900.0,72983583.0
1999-12-23,2.87,2.88,2.82,2.83,3409774.0,61284709.0
1999-12-24,2.83,2.86,2.77,2.79,2893700.0,51226216.0
1999-12-27,2.79,2.79,2.69,2.7,6365400.0,110047000.0
1999-12-28,2.7,2.8,2.69,2.72,10208900.0,176008846.0
1999-12-29,2.72,2.77,2.7,2.75,4856700.0,84016662.0
1999-12-30,2.77,2.79,2.74,2.76,4712300.0,82193194.0
2000-01-04,2.77,2.94,2.72,2.9,8216100.0,147325357.0
2000-01-05,2.91,2.98,2.85,2.86,9399300.0,173475159.0
2000-01-06,2.85,3.02,2.81,2.97,12022200.0,221192511.0
2000-01-07,3.01,3.13,2.99,3.09,22934600.0,443592446.0
2000-01-10,3.13,3.24,3.13,3.19,18521100.0,372294496.0
2000-01-11,3.19,3.2,2.98,3.01,12666300.0,245867487.0
2000-01-12,3.01,3.04,2.87,2.89,9175300.0,169418266.0
2000-01-13,2.88,2.91,2.83,2.87,5005900.0,90723737.0
2000-01-14,2.87,2.91,2.81,2.83,5597300.0,100267787.0
2000-01-17,2.83,2.87,2.77,2.86,3450100.0,61534197.0
2000-01-18,2.85,2.86,2.78,2.8,4656400.0,82818828.0
2000-01-19,2.77,2.83,2.77,2.82,3781100.0,67007290.0
2000-01-20,2.82,2.83,2.78,2.82,5843800.0,103508668.0
2000-01-21,2.82,2.89,2.8,2.84,8626200.0,154067431.0
2000-01-24,2.84,2.84,2.72,2.77,11251700.0,196243595.0
2000-01-25,2.77,2.9,2.77,2.81,8371900.0,149259930.0
2000-01-26,2.81,2.83,2.77,2.79,4772300.0,83862976.0
2000-01-27,2.79,2.88,2.78,2.83,7356900.0,131076059.0
2000-01-28,2.85,2.94,2.8,2.93,16736700.0,305519412.0
2000-02-14,3.04,3.23,2.96,3.23,23371000.0,460705046.0
2000-02-15,3.25,3.33,3.02,3.08,35073200.0,703966200.0
2000-02-16,3.06,3.06,2.94,2.98,21539300.0,404820089.0
2000-02-17,2.98,3.12,2.89,2.98,35884200.0,677313697.0
2000-02-18,2.98,2.98,2.87,2.92,13929400.0,255057907.0
2000-02-21,2.92,3.09,2.85,2.99,23791700.0,446412926.0
2000-02-22,3.01,3.05,2.88,2.89,12488800.0,232056386.0
2000-02-23,2.88,2.94,2.85,2.87,8817600.0,160031669.0
2000-02-24,2.86,2.9,2.85,2.88,6333900.0,114762026.0
2000-02-25,2.88,2.88,2.85,2.86,9762500.0,176013066.0
2000-02-28,2.87,2.97,2.82,2.94,15435900.0,279276541.0
2000-02-29,2.95,3.01,2.86,2.9,14389500.0,264902326.0
2000-03-01,2.91,3.09,2.87,2.98,30241400.0,571840000.0
2000-03-02,2.96,2.97,2.88,2.91,11886000.0,218828156.0
2000-03-03,2.92,2.99,2.91,2.94,12072700.0,225128844.0
2000-03-06,2.98,3.07,2.88,2.89,18009800.0,339648429.0
2000-03-07,2.85,3.06,2.85,3.01,27755400.0,521234011.0
2000-03-08,3.02,3.04,2.93,2.97,10835500.0,202977133.0
2000-03-09,2.97,3.26,2.92,3.18,78059000.0,1544929045.0
2000-03-10,3.16,3.16,3.01,3.01,28743200.0,560296966.0
2000-03-13,3.01,3.1,2.99,3.03,11233500.0,215746249.0
2000-03-14,2.99,3.01,2.9,2.94,17220000.0,318663908.0
2000-03-15,2.93,2.99,2.9,2.92,7301100.0,134828015.0
2000-03-16,2.91,2.91,2.82,2.84,16805800.0,303394685.0
2000-03-17,2.82,2.9,2.82,2.88,8867000.0,160129738.0
2000-03-20,2.83,2.91,2.8,2.88,7564400.0,137068150.0
2000-03-21,2.88,2.91,2.85,2.89,6967300.0,126477662.0
2000-03-22,2.89,2.95,2.87,2.93,7382900.0,135505221.0
2000-03-23,2.93,2.96,2.89,2.95,8230100.0,152317755.0
2000-03-24,3.03,3.08,2.92,2.93,11762700.0,223136929.0
2000-03-27,2.93,2.98,2.91,2.98,9871800.0,183487861.0
2000-03-28,2.99,3.01,2.95,2.96,9315400.0,174865613.0
2000-03-29,2.98,2.99,2.9,2.93,7641400.0,141508336.0
2000-03-30,2.92,2.96,2.91,2.94,7310800.0,135297304.0
2000-03-31,2.94,2.95,2.9,2.91,7178700.0,131989156.0
2000-04-03,2.91,2.93,2.88,2.89,6135500.0,112469575.0
2000-04-04,2.89,2.9,2.86,2.87,6356300.0,115426679.0
2000-04-05,2.87,2.96,2.86,2.91,5897900.0,107869751.0
2000-04-06,2.91,2.93,2.89,2.93,5244500.0,96256388.0
2000-04-07,2.94,3.04,2.92,2.99,22106700.0,418218385.0
2000-04-10,3.01,3.06,2.96,2.98,10505900.0,199596600.0
2000-04-11,2.98,3.06,2.96,2.99,10033300.0,190863539.0
2000-04-12,3.01,3.09,2.99,3.03,15765000.0,302649267.0
2000-04-13,3.03,3.05,2.99,3.03,9569900.0,182244007.0
2000-04-14,3.03,3.17,3.03,3.09,31763100.0,622422808.0
2000-04-17,3.09,3.17,3.0,3.04,21281200.0,415862376.0
2000-04-18,3.05,3.08,3.0,3.02,7595900.0,145110000.0
2000-04-19,3.09,3.12,3.02,3.03,6877900.0,133048394.0
2000-04-20,3.04,3.06,2.99,3.01,9286000.0,176625712.0
2000-04-21,3.01,3.02,2.97,2.98,7994700.0,151082430.0
2000-04-24,2.98,3.0,2.93,2.94,6172200.0,115057513.0
2000-04-25,2.94,3.0,2.94,2.96,4029700.0,75276044.0
2000-04-26,2.98,3.14,2.95,3.03,10223300.0,196202480.0
2000-04-27,3.06,3.07,2.96,2.97,4816300.0,91328254.0
2000-04-28,2.97,3.04,2.95,3.02,6912500.0,130823175.0
2000-05-08,3.03,3.04,2.97,2.98,4399900.0,82869672.0
2000-05-09,2.98,2.99,2.88,2.91,5813100.0,107205030.0
2000-05-10,2.9,2.91,2.85,2.87,5181600.0,93915605.0
2000-05-11,2.87,2.91,2.84,2.85,5210200.0,94298571.0
2000-05-12,2.85,2.88,2.82,2.85,4638700.0,83417120.0
2000-05-15,2.85,2.86,2.77,2.77,4279900.0,75823016.0
2000-05-16,2.77,2.82,2.77,2.81,2877300.0,50852860.0
2000-05-17,2.81,2.84,2.77,2.79,3122000.0,55064065.0
2000-05-18,2.79,2.83,2.77,2.82,3197300.0,56475979.0
2000-05-19,2.83,2.88,2.82,2.84,4138500.0,74248805.0
2000-05-22,2.84,2.9,2.84,2.86,5673000.0,102295064.0
2000-05-23,2.86,2.88,2.8,2.88,5432200.0,97403644.0
2000-05-24,2.88,2.89,2.84,2.86,5690700.0,102758152.0
2000-05-25,2.87,3.01,2.87,2.95,12227800.0,228292105.0
2000-05-26,2.98,2.99,2.9,2.9,5853200.0,108164869.0
2000-05-29,2.9,2.93,2.85,2.89,9564800.0,173297466.0
2000-05-30,2.91,2.92,2.85,2.86,5287300.0,95727968.0
2000-05-31,2.86,2.89,2.83,2.85,5417000.0,97498394.0
2000-06-01,2.85,2.9,2.84,2.86,4400200.0,79414330.0
2000-06-02,2.86,2.93,2.85,2.88,7168100.0,130463797.0
2000-06-05,2.88,2.92,2.86,2.87,7560200.0,137512842.0
2000-06-06,2.87,2.9,2.85,2.89,5862500.0,106444037.0
2000-06-07,2.9,2.95,2.89,2.93,9672200.0,178507246.0
2000-06-08,2.95,3.04,2.95,2.96,24044300.0,454826527.0
2000-06-09,2.99,3.0,2.89,2.91,7045300.0,130540121.0
2000-06-12,2.9,2.95,2.88,2.93,4421200.0,81191549.0
2000-06-13,2.93,2.96,2.91,2.94,4509200.0,83585885.0
2000-06-14,2.96,3.01,2.94,2.96,8789800.0,165480805.0
2000-06-15,2.96,3.02,2.93,2.98,7636600.0,143493514.0
2000-06-16,2.98,3.0,2.91,2.93,4688700.0,87274135.0
2000-06-19,2.93,2.94,2.88,2.89,5046700.0,92356074.0
2000-06-20,2.89,2.91,2.86,2.88,4820400.0,87845976.0
2000-06-21,2.89,2.91,2.86,2.89,3167900.0,57588523.0
2000-06-23,2.93,2.93,2.87,2.88,4244600.0,77357005.0
2000-06-26,2.88,2.9,2.87,2.88,6462400.0,117511955.0
2000-06-27,2.88,2.9,2.86,2.87,7400500.0,134153167.0
2000-06-28,2.87,2.9,2.87,2.87,4839500.0,87916353.0
2000-06-29,2.87,2.88,2.85,2.86,6150300.0,111064824.0
2000-06-30,2.86,2.89,2.83,2.87,7280100.0,131085031.0
2000-07-03,2.85,2.85,2.8,2.81,5523000.0,98410142.0
2000-07-04,2.8,2.85,2.79,2.82,5034300.0,89437946.0
2000-07-05,2.83,2.83,2.79,2.8,3682800.0,65252452.0
2000-07-06,2.8,2.83,2.8,2.81,2437100.0,43182102.0
2000-07-07,2.81,2.86,2.8,2.84,2388800.0,42708994.0
2000-07-10,2.85,2.87,2.8,2.8,4305100.0,76428581.0
2000-07-11,2.81,2.88,2.81,2.85,4433200.0,79494382.0
2000-07-12,2.85,2.94,2.85,2.88,7092700.0,129735912.0
2000-07-13,2.88,2.91,2.84,2.85,5116100.0,92543819.0
2000-07-14,2.85,2.86,2.83,2.84,3826200.0,68523336.0
2000-07-17,2.85,2.85,2.81,2.82,3888800.0,69247113.0
2000-07-18,2.83,2.85,2.82,2.82,1567200.0,27931965.0
2000-07-19,2.84,2.9,2.82,2.86,3657300.0,65937606.0
2000-07-20,2.86,2.87,2.82,2.83,2677500.0,47919682.0
2000-07-21,2.83,2.86,2.82,2.82,3522800.0,62952781.0
2000-07-24,2.82,2.82,2.8,2.81,3640200.0,64565038.0
2000-07-25,2.81,2.83,2.8,2.82,4026900.0,71493877.0
2000-07-26,2.78,2.85,2.78,2.8,3104200.0,55097724.0
2000-07-27,2.83,3.08,2.83,3.01,64471000.0,1228250065.0
2000-07-28,2.98,3.0,2.92,2.92,17627300.0,329043797.0
2000-07-31,2.93,2.99,2.92,2.93,8213500.0,153192513.0
2000-08-01,2.94,2.98,2.93,2.94,4833200.0,90129336.0
2000-08-02,2.95,2.97,2.88,2.89,5439100.0,99672574.0
2000-08-03,2.9,2.94,2.87,2.89,7286000.0,133099586.0
2000-08-04,2.89,2.92,2.85,2.89,9967700.0,181013148.0
2000-08-07,2.9,2.95,2.88,2.9,3138000.0,57672688.0
2000-08-08,2.91,2.91,2.87,2.88,4515200.0,82147804.0
2000-08-09,2.88,2.94,2.87,2.91,4407000.0,80766225.0
2000-08-10,2.91,2.92,2.88,2.88,4499100.0,82069165.0
2000-08-11,2.89,2.92,2.88,2.9,4666800.0,85484691.0
2000-08-14,2.91,2.98,2.9,2.93,6784200.0,125764532.0
2000-08-15,2.93,2.94,2.89,2.9,2855400.0,52501701.0
2000-08-16,2.91,2.94,2.89,2.92,4656000.0,85710013.0
2000-08-17,2.92,3.0,2.91,2.94,8308400.0,155420047.0
2000-08-18,2.95,2.96,2.92,2.93,3454000.0,63937074.0
2000-08-21,2.93,2.96,2.91,2.91,5139600.0,94992029.0
2000-08-22,2.91,2.93,2.87,2.88,4434100.0,81234181.0
2000-08-23,2.87,2.9,2.8,2.86,8761600.0,157344816.0
2000-08-24,2.86,2.91,2.84,2.87,5012600.0,90965670.0
2000-08-25,2.87,2.88,2.85,2.87,3101700.0,56040408.0
2000-08-28,2.87,2.9,2.85,2.86,3371400.0,61097388.0
2000-08-29,2.86,2.87,2.85,2.85,3767700.0,67929668.0
2000-08-30,2.86,2.87,2.83,2.83,5050500.0,90554472.0
2000-08-31,2.83,2.84,2.81,2.81,4360100.0,77650896.0
2000-09-01,2.8,2.83,2.79,2.81,3858100.0,68413762.0
2000-09-04,2.8,2.82,2.77,2.79,3698100.0,65053931.0
2000-09-05,2.81,2.81,2.71,2.73,3914000.0,68170703.0
2000-09-06,2.72,2.72,2.66,2.67,5202863.0,88342642.0
2000-09-07,2.67,2.72,2.66,2.69,3011200.0,51218148.0
2000-09-08,2.69,2.71,2.68,2.68,2417200.0,41027111.0
2000-09-11,2.69,2.74,2.67,2.68,2198800.0,37347530.0
2000-09-12,2.68,2.74,2.68,2.72,3061400.0,52443588.0
2000-09-13,2.72,2.82,2.72,2.76,7145900.0,124987918.0
2000-09-14,2.76,2.77,2.71,2.71,1796800.0,30928690.0
2000-09-15,2.71,2.72,2.69,2.7,1813500.0,30908836.0
2000-09-18,2.7,2.71,2.66,2.66,2436800.0,41141961.0
2000-09-19,2.66,2.66,2.59,2.6,3094000.0,51015987.0
2000-09-20,2.59,2.64,2.55,2.62,3519400.0,57459814.0
2000-09-21,2.63,2.66,2.58,2.61,3849000.0,63437096.0
2000-09-22,2.61,2.63,2.57,2.57,2514800.0,41079925.0
2000-09-25,2.58,2.63,2.58,2.6,2027100.0,33271905.0
2000-09-26,2.6,2.66,2.6,2.63,1906000.0,31759846.0
2000-09-27,2.64,2.73,2.64,2.7,4738300.0,80215549.0
2000-09-28,2.71,2.73,2.67,2.67,4454100.0,75950462.0
2000-09-29,2.69,2.7,2.68,2.69,1914400.0,32513292.0
2000-10-09,2.69,2.72,2.64,2.65,1529500.0,25598468.0
2000-10-10,2.66,2.8,2.64,2.79,7765100.0,133587763.0
2000-10-11,2.8,2.83,2.76,2.76,12999700.0,229745879.0
2000-10-12,2.76,2.77,2.71,2.72,3243200.0,55922763.0
2000-10-13,2.71,2.76,2.71,2.72,2283200.0,39341643.0
2000-10-16,2.71,2.72,2.65,2.66,2097800.0,35438178.0
2000-10-17,2.66,2.7,2.65,2.68,1164800.0,19620185.0
2000-10-18,2.69,2.73,2.68,2.69,1816100.0,30976998.0
2000-10-19,2.69,2.7,2.64,2.66,1676900.0,28261118.0
2000-10-20,2.66,2.72,2.66,2.7,2271900.0,38463768.0
2000-10-23,2.76,2.8,2.74,2.76,10133500.0,177173747.0
2000-10-24,2.77,2.79,2.75,2.78,3785600.0,66167643.0
2000-10-25,2.78,2.83,2.77,2.81,6476000.0,114336870.0
2000-10-26,2.81,2.82,2.75,2.75,3260200.0,57207824.0
2000-10-27,2.75,2.79,2.73,2.77,3059100.0,53190892.0
2000-10-30,2.77,2.79,2.77,2.78,2763900.0,48467219.0
2000-10-31,2.78,2.8,2.77,2.78,3486200.0,61256310.0
2000-11-01,2.78,2.82,2.78,2.8,5260300.0,93184163.0
2000-11-02,2.82,2.85,2.81,2.83,9507900.0,170040280.0
2000-11-03,2.84,2.85,2.79,2.8,11812400.0,209813158.0
2000-11-06,2.85,2.85,2.79,2.81,5300200.0,82600136.0
2000-11-07,2.81,2.83,2.75,2.76,5564300.0,85125820.0
2000-11-08,2.76,2.82,2.76,2.8,2946000.0,45520484.0
2000-11-09,2.81,2.82,2.79,2.81,2996700.0,46367214.0
2000-11-10,2.81,2.85,2.79,2.82,4395000.0,68324177.0
2000-11-13,2.81,2.86,2.81,2.84,5237500.0,81950095.0
2000-11-14,2.85,2.87,2.83,2.86,3950500.0,62095386.0
2000-11-15,2.86,2.93,2.86,2.9,8468800.0,135846033.0
2000-11-16,2.9,2.93,2.88,2.89,4489900.0,71885004.0
2000-11-17,2.9,2.91,2.84,2.85,4931300.0,77763852.0
2000-11-20,2.85,2.85,2.81,2.83,4228846.0,65853186.0
2000-11-21,2.84,2.87,2.81,2.83,2653476.0,41619744.0
2000-11-22,2.83,2.87,2.83,2.86,2763363.0,43495920.0
2000-11-23,2.86,2.9,2.86,2.88,4000351.0,63487099.0
2000-11-24,2.89,2.97,2.85,2.87,11939083.0,192508942.0
2000-11-27,2.86,2.86,2.83,2.83,2951379.0,46202515.0
2000-11-28,2.83,2.85,2.83,2.84,2190099.0,34302192.0
2000-11-29,2.84,2.84,2.81,2.81,3230314.0,50190874.0
2000-11-30,2.81,2.84,2.8,2.81,2579025.0,39999718.0
2000-12-01,2.81,2.83,2.8,2.81,2419662.0,37467150.0
2000-12-04,2.81,2.81,2.79,2.81,2456076.0,37895112.0
2000-12-05,2.81,2.83,2.81,2.81,1940693.0,30161718.0
2000-12-06,2.81,2.82,2.78,2.79,2450000.0,37793347.0
2000-12-07,2.79,2.79,2.76,2.77,2370945.0,36295555.0
2000-12-08,2.75,2.77,2.74,2.75,5154879.0,78289374.0
2000-12-11,2.75,2.76,2.67,2.68,5291466.0,79107142.0
2000-12-12,2.68,2.72,2.66,2.72,3733069.0,55102631.0
2000-12-13,2.72,2.74,2.68,2.69,1957405.0,29097330.0
2000-12-14,2.72,2.75,2.69,2.71,2480565.0,37186304.0
2000-12-15,2.73,2.78,2.71,2.77,3923221.0,59415829.0
2000-12-18,2.77,2.78,2.7,2.77,4790266.0,72757314.0
2000-12-19,2.77,2.77,2.7,2.71,5509928.0,82689222.0
2000-12-20,2.72,2.72,2.68,2.69,3087900.0,45892506.0
2000-12-21,2.7,2.72,2.69,2.69,2831456.0,42063819.0
2000-12-22,2.69,2.69,2.65,2.66,5895195.0,86405491.0
2000-12-25,2.66,2.66,2.6,2.61,4711762.0,67947645.0
2000-12-26,2.61,2.65,2.59,2.61,4515727.0,65023653.0
2000-12-27,2.61,2.63,2.6,2.61,3603686.0,51933024.0
2000-12-28,2.61,2.61,2.6,2.6,3882719.0,55779303.0
2000-12-29,2.6,2.65,2.6,2.63,2363092.0,34243068.0
2001-01-02,2.64,2.66,2.61,2.64,3412268.0,49505252.0
2001-01-03,2.64,2.65,2.6,2.62,5429420.0,78304304.0
2001-01-04,2.62,2.63,2.59,2.6,4840444.0,69573357.0
2001-01-05,2.6,2.6,2.56,2.57,6641901.0,94154813.0
2001-01-08,2.57,2.57,2.53,2.54,6994494.0,98044058.0
2001-01-09,2.54,2.64,2.51,2.64,5233637.0,74344352.0
2001-01-10,2.64,2.64,2.59,2.61,3450341.0,49823172.0
2001-01-11,2.62,2.76,2.62,2.68,8121118.0,120765127.0
2001-01-12,2.68,2.71,2.66,2.68,3890296.0,57510599.0
2001-01-15,2.68,2.68,2.56,2.57,2998198.0,43491885.0
2001-01-16,2.57,2.64,2.56,2.62,2336703.0,33634022.0
2001-01-17,2.63,2.72,2.63,2.66,4697137.0,69421970.0
2001-01-18,2.66,2.74,2.66,2.7,5365933.0,80080995.0
2001-01-19,2.72,2.73,2.7,2.72,6223674.0,93350293.0
2001-02-05,2.72,2.74,2.64,2.64,2441595.0,36108462.0
2001-02-06,2.64,2.68,2.61,2.66,2210148.0,32148979.0
2001-02-07,2.66,2.68,2.63,2.64,1350808.0,19732635.0
2001-02-08,2.64,2.65,2.54,2.56,2423376.0,34689471.0
2001-02-09,2.56,2.63,2.56,2.61,2028635.0,29095130.0
2001-02-12,2.61,2.63,2.56,2.61,2302874.0,32847659.0
2001-02-13,2.61,2.62,2.59,2.59,1509215.0,21663776.0
2001-02-14,2.58,2.6,2.57,2.58,1359397.0,19399011.0
2001-02-15,2.59,2.6,2.56,2.56,1369219.0,19457171.0
2001-02-16,2.57,2.57,2.55,2.57,1673214.0,23641137.0
2001-02-19,2.57,2.63,2.56,2.63,1531943.0,21857236.0
2001-02-20,2.62,2.64,2.57,2.59,1596191.0,22972611.0
2001-02-21,2.58,2.58,2.53,2.54,3653927.0,51274126.0
2001-02-22,2.52,2.54,2.51,2.51,3442142.0,47856412.0
2001-02-23,2.5,2.56,2.5,2.56,1837423.0,25558110.0
2001-02-26,2.56,2.6,2.56,2.58,1862435.0,26492512.0
2001-02-27,2.58,2.59,2.55,2.56,2352105.0,33177353.0
2001-02-28,2.57,2.57,2.55,2.55,1485492.0,20954101.0
2001-03-01,2.57,2.63,2.56,2.59,2185671.0,31308760.0
2001-03-02,2.61,2.77,2.61,2.73,27729239.0,416886804.0
2001-03-05,2.74,2.79,2.72,2.73,18675662.0,284499972.0
2001-03-06,2.73,2.74,2.69,2.74,6002180.0,89882910.0
2001-03-07,2.75,2.82,2.74,2.8,15345969.0,236435121.0
2001-03-08,2.81,2.98,2.77,2.93,47704774.0,763859985.0
2001-03-09,2.94,2.98,2.9,2.94,31503553.0,511896725.0
2001-03-12,2.94,2.95,2.89,2.92,13888150.0,223758680.0
2001-03-13,2.92,2.95,2.88,2.9,13094607.0,210222307.0
2001-03-14,2.9,3.05,2.88,3.01,32052751.0,532170235.0
2001-03-15,3.01,3.05,2.99,3.03,19042571.0,317041029.0
2001-03-16,3.03,3.08,2.99,3.0,18400416.0,308007518.0
2001-03-19,3.0,3.04,2.96,3.02,12027980.0,199294907.0
2001-03-20,3.03,3.07,3.0,3.03,8912537.0,149000120.0
2001-03-21,3.03,3.1,2.99,3.07,19498994.0,329230887.0
2001-03-22,3.08,3.1,3.03,3.04,13828281.0,232902214.0
2001-03-23,3.04,3.05,2.91,2.92,24573781.0,403146841.0
2001-03-26,2.91,2.99,2.9,2.96,9864528.0,160815859.0
2001-03-27,2.99,3.0,2.92,2.95,7536029.0,122854090.0
2001-03-28,2.95,2.98,2.94,2.97,8172357.0,133262936.0
2001-03-29,2.97,3.0,2.95,2.96,6620203.0,108531097.0
2001-03-30,2.96,2.98,2.92,2.94,8532059.0,138537063.0
2001-04-02,2.95,3.02,2.92,3.0,8825856.0,144641143.0
2001-04-03,3.0,3.01,2.96,2.99,5646400.0,93006375.0
2001-04-04,2.99,3.05,2.9,2.93,9768285.0,161312272.0
2001-04-05,2.93,2.96,2.92,2.95,5750162.0,93211617.0
2001-04-06,2.98,3.01,2.94,2.96,4561312.0,74695276.0
2001-04-09,2.96,2.97,2.93,2.95,4328407.0,70248599.0
2001-04-10,2.95,3.0,2.95,2.97,3971022.0,65183099.0
2001-04-11,3.03,3.03,2.97,2.99,3972327.0,65524998.0
2001-04-12,2.99,3.02,2.96,2.98,7291515.0,120149794.0
2001-04-13,2.99,3.08,2.97,3.05,22294273.0,373305843.0
2001-04-16,3.08,3.1,3.05,3.06,17575428.0,297997989.0
2001-04-17,3.08,3.08,3.02,3.04,8930799.0,150031523.0
2001-04-18,3.02,3.05,3.0,3.01,8157508.0,136003717.0
2001-04-19,3.01,3.01,2.95,2.97,8604053.0,141135672.0
2001-04-20,2.97,2.99,2.93,2.94,10589130.0,172437825.0
2001-04-23,2.94,2.95,2.91,2.92,6246208.0,100879240.0
2001-04-24,2.93,2.96,2.92,2.93,4185800.0,67783000.0
2001-04-25,2.93,2.95,2.84,2.85,12347958.0,196499115.0
2001-04-26,2.85,2.86,2.81,2.82,6961969.0,108651430.0
2001-04-27,2.81,2.87,2.81,2.84,5490627.0,85784929.0
2001-04-30,2.84,2.85,2.81,2.82,3831900.0,59566000.0
2001-05-08,2.82,2.84,2.8,2.81,2647884.0,41145003.0
2001-05-09,2.82,2.83,2.81,2.81,4562739.0,70902643.0
2001-05-10,2.82,2.9,2.81,2.84,3534200.0,55602000.0
2001-05-11,2.85,2.87,2.82,2.84,2241053.0,35011331.0
2001-05-14,2.84,2.89,2.8,2.86,4203341.0,65600521.0
2001-05-15,2.87,2.89,2.82,2.83,3197903.0,50195855.0
2001-05-16,2.84,2.86,2.81,2.85,4850759.0,75690152.0
2001-05-17,2.85,2.86,2.81,2.81,3457448.0,53838492.0
2001-05-18,2.81,2.82,2.78,2.79,6972958.0,107323621.0
2001-05-21,2.79,2.79,2.75,2.76,9122279.0,139034426.0
2001-05-22,2.76,2.85,2.76,2.8,7300305.0,113669306.0
2001-05-23,2.81,2.87,2.78,2.85,7287217.0,113614568.0
2001-05-24,2.85,2.87,2.81,2.82,5770931.0,90424220.0
2001-05-25,2.82,2.85,2.8,2.82,2842410.0,44110922.0
2001-05-28,2.83,2.9,2.83,2.87,10988181.0,174535635.0
2001-05-29,2.87,2.91,2.87,2.87,7134622.0,113863287.0
2001-05-30,2.88,2.97,2.88,2.95,14419780.0,233935524.0
2001-05-31,2.96,2.98,2.93,2.94,6852721.0,111426124.0
2001-06-01,2.94,3.01,2.93,2.95,9691040.0,159154548.0
2001-06-04,2.96,2.98,2.9,2.91,5436496.0,87825242.0
2001-06-05,2.91,2.93,2.87,2.88,5255938.0,83808858.0
2001-06-06,2.88,2.91,2.87,2.89,4311366.0,68730004.0
2001-06-07,2.89,2.9,2.86,2.87,5299608.0,84033966.0
2001-06-08,2.87,2.88,2.81,2.85,3821787.0,60046573.0
2001-06-11,2.85,2.86,2.82,2.82,4137687.0,64590835.0
2001-06-12,2.82,2.86,2.81,2.83,3037191.0,47482750.0
2001-06-13,2.83,2.91,2.83,2.88,4123311.0,65259556.0
2001-06-14,2.9,2.94,2.85,2.85,6661486.0,106511381.0
2001-06-15,2.85,2.88,2.83,2.86,2963282.0,46501352.0
2001-06-18,2.86,2.87,2.78,2.8,4175504.0,64927816.0
2001-06-19,2.79,2.81,2.77,2.8,2986551.0,45936069.0
2001-06-20,2.8,2.83,2.75,2.77,4958011.0,75939799.0
2001-06-21,2.77,2.79,2.76,2.78,4431345.0,67836029.0
2001-06-22,2.79,2.83,2.76,2.82,3304583.0,50776013.0
2001-06-25,2.83,2.86,2.82,2.85,2909281.0,45637420.0
2001-06-26,2.85,2.85,2.81,2.81,3349091.0,52098285.0
2001-06-27,2.81,2.82,2.79,2.8,3355502.0,51803728.0
2001-06-28,2.81,2.82,2.77,2.78,3488909.0,53645604.0
2001-07-02,2.79,2.83,2.77,2.78,2243902.0,34537048.0
2001-07-03,2.78,2.8,2.77,2.79,1621667.0,24899242.0
2001-07-04,2.79,2.85,2.79,2.83,2209506.0,34398795.0
2001-07-05,2.84,2.91,2.83,2.84,8032595.0,127473544.0
2001-07-06,2.85,2.87,2.8,2.81,2402622.0,37503268.0
2001-07-09,2.84,2.84,2.78,2.79,1766384.0,27237664.0
2001-07-10,2.79,2.81,2.78,2.8,1420585.0,21890882.0
2001-07-11,2.8,2.81,2.76,2.77,4144580.0,63359431.0
2001-07-12,2.77,2.77,2.73,2.75,4503948.0,68186693.0
2001-07-13,2.75,2.77,2.74,2.74,2513759.0,38049233.0
2001-07-16,2.76,2.79,2.7,2.71,2833781.0,42683088.0
2001-07-17,2.71,2.71,2.66,2.68,3350636.0,49315962.0
2001-07-18,2.69,2.9,2.69,2.75,2285380.0,34621783.0
2001-07-19,2.75,2.76,2.7,2.74,2026385.0,30429431.0
2001-07-20,2.76,2.79,2.73,2.76,3642097.0,55244641.0
2001-07-23,2.76,2.78,2.73,2.74,2699606.0,40926601.0
2001-07-24,2.73,2.73,2.71,2.72,3132686.0,46923232.0
2001-07-25,2.72,2.72,2.67,2.68,3235308.0,48066698.0
2001-07-26,2.68,2.69,2.65,2.68,2972406.0,43631450.0
2001-07-27,2.69,2.72,2.65,2.72,3243363.0,48053418.0
2001-07-30,2.7,2.7,2.47,2.54,7598049.0,108007045.0
2001-07-31,2.5,2.57,2.49,2.51,4037643.0,56392958.0
2001-08-01,2.51,2.58,2.51,2.58,3646771.0,51147656.0
2001-08-02,2.58,2.58,2.5,2.53,2900598.0,40401791.0
2001-08-03,2.53,2.54,2.47,2.5,3763271.0,51911353.0
2001-08-06,2.49,2.5,2.28,2.37,7604139.0,99291092.0
2001-08-07,2.35,2.4,2.31,2.39,3579740.0,46623843.0
2001-08-08,2.39,2.39,2.34,2.35,2790222.0,36322362.0
2001-08-09,2.36,2.39,2.35,2.37,2672292.0,34910830.0
2001-08-10,2.46,2.46,2.41,2.44,2496438.0,33496575.0
2001-08-13,2.44,2.47,2.42,2.44,2295697.0,30971954.0
2001-08-14,2.43,2.46,2.39,2.41,2042760.0,27399742.0
2001-08-15,2.42,2.43,2.41,2.42,1258399.0,16792383.0
2001-08-16,2.42,2.42,2.37,2.37,2909741.0,38296890.0
2001-08-17,2.37,2.42,2.37,2.39,1235154.0,16303461.0
2001-08-20,2.4,2.41,2.37,2.4,1348979.0,17742701.0
2001-08-21,2.41,2.44,2.4,2.41,1353436.0,18099364.0
2001-08-22,2.4,2.41,2.37,2.38,1711001.0,22439737.0
2001-08-23,2.37,2.39,2.36,2.38,1662373.0,21713537.0
2001-08-24,2.38,2.41,2.36,2.36,1333528.0,17445284.0
2001-08-27,2.36,2.36,2.28,2.32,3075352.0,39338257.0
2001-08-28,2.3,2.33,2.27,2.32,2497811.0,31612374.0
2001-08-29,2.33,2.35,2.32,2.32,1580232.0,20302483.0
2001-08-30,2.32,2.32,2.3,2.3,926508.0,11784067.0
2001-08-31,2.3,2.33,2.3,2.3,927115.0,11782380.0
2001-09-03,2.31,2.33,2.27,2.28,1309240.0,16526705.0
2001-09-04,2.27,2.37,2.27,2.35,2123407.0,27291165.0
2001-09-05,2.37,2.38,2.33,2.34,1769298.0,23069075.0
2001-09-06,2.34,2.36,2.33,2.36,1302648.0,16884173.0
2001-09-07,2.36,2.36,2.28,2.3,2336988.0,29751530.0
2001-09-10,2.27,2.37,2.27,2.36,2055009.0,26472530.0
2001-09-11,2.37,2.37,2.33,2.34,1583920.0,20482357.0
2001-09-12,2.24,2.3,2.19,2.29,4797915.0,60072573.0
2001-09-13,2.3,2.32,2.28,2.28,1103190.0,13954552.0
2001-09-14,2.28,2.3,2.24,2.25,2228979.0,27721224.0
2001-09-17,2.24,2.24,2.18,2.18,5096035.0,61735568.0
2001-09-18,2.18,2.23,2.17,2.19,2236498.0,27098452.0
2001-09-19,2.19,2.35,2.18,2.33,5257944.0,66430269.0
2001-09-20,2.34,2.37,2.28,2.29,5734821.0,73850559.0
2001-09-21,2.29,2.32,2.27,2.29,1892716.0,23931414.0
2001-09-24,2.29,2.29,2.25,2.27,1186708.0,14884960.0
2001-09-25,2.27,2.32,2.27,2.28,1411526.0,17808605.0
2001-09-26,2.28,2.28,2.25,2.25,1141964.0,14252603.0
2001-09-27,2.25,2.3,2.24,2.26,1446877.0,18109857.0
2001-09-28,2.28,2.32,2.27,2.31,2182240.0,27766698.0
2001-10-08,2.31,2.33,2.26,2.28,1468128.0,18546734.0
2001-10-09,2.27,2.35,2.26,2.33,2210276.0,28267798.0
2001-10-10,2.26,2.27,2.18,2.24,2127783.0,26286732.0
2001-10-11,2.23,2.26,2.16,2.19,3352197.0,40628948.0
2001-10-12,2.19,2.33,2.16,2.29,5822545.0,72607106.0
2001-10-15,2.29,2.37,2.25,2.35,7096183.0,91299563.0
2001-10-16,2.35,2.36,2.29,2.32,3002586.0,38497249.0
2001-10-17,2.32,2.43,2.31,2.36,10485489.0,137723963.0
2001-10-18,2.37,2.43,2.36,2.37,8707321.0,114648740.0
2001-10-19,2.37,2.37,2.24,2.31,9392163.0,119883027.0
2001-10-22,2.3,2.37,2.28,2.32,5663887.0,73022653.0
2001-10-23,2.55,2.55,2.45,2.55,28815918.0,403209421.0
2001-10-24,2.6,2.63,2.5,2.56,26960458.0,382937669.0
2001-10-25,2.54,2.55,2.49,2.5,8351758.0,115800066.0
2001-10-26,2.5,2.54,2.48,2.52,5216897.0,72146078.0
2001-10-29,2.52,2.56,2.5,2.52,3570733.0,49833378.0
2001-10-30,2.52,2.52,2.46,2.47,4207761.0,57538318.0
2001-10-31,2.47,2.51,2.45,2.5,2727126.0,37243120.0
2001-11-01,2.5,2.54,2.49,2.5,2190853.0,30310240.0
2001-11-02,2.51,2.51,2.46,2.47,2372216.0,32338866.0
2001-11-05,2.46,2.46,2.43,2.43,2461217.0,33088240.0
2001-11-06,2.44,2.46,2.42,2.43,1994443.0,26784411.0
2001-11-07,2.4,2.43,2.27,2.32,5157072.0,67442757.0
2001-11-08,2.3,2.37,2.27,2.36,3347994.0,43102874.0
2001-11-09,2.36,2.43,2.33,2.41,4266228.0,56287257.0
2001-11-12,2.42,2.43,2.38,2.41,2264828.0,30083006.0
2001-11-13,2.4,2.44,2.39,2.41,1282873.0,17117236.0
2001-11-14,2.41,2.42,2.39,2.39,1115626.0,14804171.0
2001-11-15,2.39,2.41,2.36,2.37,1445579.0,18922665.0
2001-11-16,2.52,2.57,2.39,2.4,5640191.0,76492351.0
2001-11-19,2.43,2.43,2.38,2.4,1322850.0,17502011.0
2001-11-20,2.42,2.46,2.4,2.45,3296512.0,44429753.0
2001-11-21,2.46,2.48,2.43,2.48,3001511.0,40542250.0
2001-11-22,2.48,2.5,2.47,2.48,2811972.0,38578232.0
2001-11-23,2.48,2.49,2.45,2.45,1983145.0,26963285.0
2001-11-26,2.45,2.45,2.42,2.43,1843786.0,24732625.0
2001-11-27,2.43,2.44,2.42,2.43,1511486.0,20267147.0
2001-11-28,2.44,2.49,2.44,2.45,2568179.0,34837232.0
2001-11-29,2.45,2.46,2.42,2.43,2233183.0,29958930.0
2001-11-30,2.42,2.45,2.41,2.43,2302427.0,30819483.0
2001-12-03,2.43,2.47,2.43,2.45,3101437.0,41900441.0
2001-12-04,2.45,2.47,2.43,2.46,2599598.0,35226635.0
2001-12-05,2.47,2.47,2.4,2.4,4620015.0,61795821.0
2001-12-06,2.4,2.43,2.38,2.4,3415411.0,45149914.0
2001-12-07,2.4,2.43,2.38,2.39,2349813.0,30980638.0
2001-12-10,2.38,2.39,2.36,2.38,1877069.0,24583946.0
2001-12-11,2.39,2.4,2.36,2.37,2182225.0,28533276.0
2001-12-12,2.37,2.37,2.32,2.33,3407472.0,43912226.0
2001-12-13,2.32,2.35,2.3,2.31,2671791.0,34256918.0
2001-12-14,2.3,2.33,2.29,2.3,2030245.0,25850896.0
2001-12-17,2.3,2.31,2.28,2.28,2205088.0,27850094.0
2001-12-18,2.28,2.3,2.28,2.3,1655964.0,20927155.0
2001-12-19,2.31,2.32,2.27,2.27,2463920.0,31157191.0
2001-12-20,2.27,2.27,2.22,2.23,3086644.0,38043808.0
2001-12-21,2.23,2.24,2.23,2.23,1977584.0,24338188.0
2001-12-24,2.25,2.25,2.18,2.19,2992787.0,36322663.0
2001-12-25,2.18,2.21,2.17,2.2,2247715.0,27149616.0
2001-12-26,2.2,2.23,2.18,2.23,1808447.0,21976373.0
2001-12-27,2.23,2.25,2.19,2.19,2253776.0,27534612.0
2001-12-28,2.19,2.22,2.19,2.2,2382988.0,28919906.0
2001-12-31,2.21,2.23,2.19,2.22,2115838.0,25781010.0
2002-01-04,2.23,2.23,2.19,2.2,1254059.0,15274001.0
2002-01-07,2.2,2.21,2.17,2.18,1611777.0,19372097.0
2002-01-08,2.18,2.21,2.18,2.18,1438526.0,17352092.0
2002-01-09,2.18,2.18,2.15,2.16,2365008.0,28219986.0
2002-01-10,2.15,2.16,2.08,2.14,5828846.0,67518529.0
2002-01-11,2.14,2.14,2.08,2.09,2703689.0,31269675.0
2002-01-14,2.07,2.07,1.99,2.0,4798818.0,53365105.0
2002-01-15,1.98,2.02,1.97,1.97,3378988.0,37102544.0
2002-01-16,1.98,2.02,1.96,1.99,2351812.0,25771994.0
2002-01-17,1.99,1.99,1.86,1.87,3928084.0,41505541.0
2002-01-18,1.85,1.89,1.81,1.85,5584397.0,56711191.0
2002-01-21,1.85,1.85,1.74,1.74,5024465.0,49446707.0
2002-01-22,1.72,1.79,1.72,1.74,3465640.0,33522462.0
2002-01-23,1.74,1.88,1.72,1.87,4074245.0,40302138.0
2002-01-24,1.85,1.92,1.79,1.88,5353860.0,55613746.0
2002-01-25,1.88,1.89,1.84,1.85,2472285.0,25369855.0
2002-01-28,1.85,1.88,1.74,1.75,4252547.0,41783731.0
2002-01-29,1.72,1.79,1.71,1.77,2637929.0,25631097.0
2002-01-30,1.78,1.79,1.75,1.79,1752493.0,17162438.0
2002-01-31,1.79,1.93,1.79,1.91,9068143.0,94665886.0
2002-02-01,1.91,1.95,1.87,1.88,4950616.0,51981248.0
2002-02-04,1.88,1.92,1.86,1.92,3469445.0,36277611.0
2002-02-05,1.92,1.99,1.91,1.96,5695355.0,61446836.0
2002-02-06,1.97,1.97,1.88,1.88,3854754.0,40758206.0
2002-02-07,1.88,1.95,1.88,1.94,3769952.0,40069723.0
2002-02-08,1.97,1.97,1.92,1.93,3423210.0,36670982.0
2002-02-25,1.97,1.98,1.88,1.9,5894585.0,62017389.0
2002-02-26,1.89,1.89,1.83,1.85,4562929.0,46606969.0
2002-02-27,1.85,1.9,1.85,1.87,3336216.0,34486193.0
2002-02-28,1.87,1.87,1.84,1.84,2754767.0,28132675.0
2002-03-01,1.84,1.89,1.83,1.85,3454767.0,35315729.0
2002-03-04,1.85,1.88,1.83,1.88,2119651.0,21749794.0
2002-03-05,1.88,1.94,1.88,1.92,5925216.0,62515452.0
2002-03-06,1.92,2.01,1.91,1.96,11532487.0,125274811.0
2002-03-07,1.96,2.07,1.94,2.07,14608959.0,161409403.0
2002-03-08,2.08,2.12,2.03,2.07,15573304.0,177803664.0
2002-03-11,2.08,2.1,2.05,2.09,9016141.0,103359596.0
2002-03-12,2.09,2.13,2.04,2.04,11089980.0,127298175.0
2002-03-13,2.02,2.21,2.0,2.09,26432138.0,311956915.0
2002-03-14,2.09,2.13,2.07,2.11,8999325.0,104348218.0
2002-03-15,2.13,2.15,2.05,2.06,9877830.0,114508057.0
2002-03-18,2.09,2.16,2.07,2.16,16528374.0,194138352.0
2002-03-19,2.16,2.19,2.13,2.16,9954996.0,118662980.0
2002-03-20,2.17,2.19,2.14,2.16,9290871.0,110858300.0
2002-03-21,2.16,2.18,2.13,2.14,6196507.0,73509556.0
2002-03-22,2.13,2.13,2.07,2.08,6343526.0,73206835.0
2002-03-25,2.08,2.09,2.06,2.09,3279664.0,37577547.0
2002-03-26,2.09,2.09,2.03,2.05,4199422.0,47472544.0
2002-03-27,2.04,2.07,2.03,2.04,2496811.0,28170919.0
2002-03-28,2.04,2.09,2.04,2.05,2493128.0,28377452.0
2002-03-29,2.06,2.07,1.99,2.0,3968836.0,44235587.0
2002-04-01,2.0,2.0,1.96,1.99,2733170.0,29857246.0
2002-04-02,1.99,2.0,1.93,1.94,2541785.0,27495982.0
2002-04-03,1.94,1.97,1.92,1.95,2273565.0,24454408.0
2002-04-04,1.96,2.02,1.94,2.01,2991216.0,32793448.0
2002-04-05,2.02,2.04,2.0,2.02,2711320.0,30153751.0
2002-04-08,2.03,2.06,2.01,2.04,3105802.0,34923547.0
2002-04-09,2.04,2.05,1.98,2.02,6902651.0,76176484.0
2002-04-10,2.02,2.03,1.98,2.02,5203599.0,57299787.0
2002-04-11,2.02,2.02,1.99,2.0,3589843.0,39711373.0
2002-04-12,1.99,2.02,1.98,2.01,2884879.0,31837128.0
2002-04-15,2.0,2.02,1.96,1.97,2440908.0,26679435.0
2002-04-16,1.96,1.98,1.95,1.95,2541868.0,27467482.0
2002-04-17,1.95,1.97,1.94,1.95,1939883.0,20907459.0
2002-04-19,1.94,1.94,1.89,1.9,5465615.0,57404508.0
2002-04-22,1.9,1.9,1.88,1.9,2476014.0,25802782.0
2002-04-23,1.9,1.97,1.9,1.91,2868203.0,30635484.0
2002-04-24,1.91,1.93,1.89,1.9,2537228.0,26651356.0
2002-04-25,1.91,1.95,1.9,1.94,2542856.0,26943310.0
2002-04-26,1.94,1.98,1.94,1.96,2965095.0,32127523.0
2002-04-29,1.97,1.99,1.94,1.99,3636063.0,39504919.0
2002-04-30,1.99,2.14,1.98,2.08,19751631.0,225426679.0
2002-05-08,2.09,2.13,2.07,2.08,7913526.0,91729964.0
2002-05-09,2.07,2.16,2.07,2.14,12007624.0,141089813.0
2002-05-10,2.14,2.14,2.07,2.09,6940981.0,80699148.0
2002-05-13,2.08,2.1,2.05,2.05,4923040.0,56115610.0
2002-05-14,2.05,2.08,2.03,2.04,2634491.0,29842562.0
2002-05-15,2.03,2.04,1.98,2.01,3521872.0,39061334.0
2002-05-16,2.0,2.04,1.98,2.03,6562773.0,72575709.0
2002-05-17,2.03,2.06,2.02,2.05,5152953.0,57970326.0
2002-05-20,2.05,2.05,2.01,2.02,3159473.0,35249043.0
2002-05-21,2.05,2.1,2.03,2.07,5698473.0,65273610.0
2002-05-23,2.05,2.08,2.01,2.03,5156704.0,58130314.0
2002-05-24,2.03,2.03,1.98,1.98,4513007.0,49758305.0
2002-05-27,1.98,2.0,1.96,1.98,2248308.0,24438538.0
2002-05-28,1.99,2.03,1.98,2.01,2955977.0,32895509.0
2002-05-29,2.02,2.03,1.99,2.0,2539982.0,28031841.0
2002-05-30,1.99,2.05,1.98,2.04,4286161.0,47762400.0
2002-05-31,2.04,2.08,2.02,2.02,3931309.0,44443000.0
2002-06-03,2.02,2.05,2.01,2.02,3815597.0,42559308.0
2002-06-04,2.03,2.1,2.03,2.07,6985704.0,79869723.0
2002-06-05,2.07,2.08,2.0,2.0,3944470.0,44111510.0
2002-06-06,1.99,2.08,1.98,2.06,6691027.0,75097907.0
2002-06-07,2.07,2.1,2.04,2.07,7845274.0,89973068.0
2002-06-10,2.07,2.14,2.06,2.09,6804786.0,79086848.0
2002-06-11,2.09,2.11,2.07,2.08,2596285.0,29893594.0
2002-06-12,2.08,2.1,2.06,2.1,3331112.0,38103699.0
2002-06-13,2.1,2.1,2.06,2.06,2010594.0,23018855.0
2002-06-14,2.06,2.06,2.02,2.02,3406892.0,38374457.0
2002-06-17,2.01,2.03,2.01,2.03,1852020.0,20656769.0
2002-06-18,2.03,2.08,2.03,2.06,3382426.0,38387798.0
2002-06-19,2.06,2.08,2.02,2.02,4841771.0,54554164.0
2002-06-20,2.02,2.07,2.02,2.03,2074591.0,23375861.0
2002-06-21,2.04,2.2,2.04,2.16,32146770.0,380398627.0
2002-06-24,2.37,2.37,2.32,2.37,57577108.0,753050956.0
2002-06-25,2.61,2.61,2.49,2.61,117684897.0,1683310275.0
2002-06-26,2.57,2.73,2.56,2.62,81464757.0,1195457538.0
2002-06-27,2.61,2.74,2.61,2.68,52699782.0,783208060.0
2002-06-28,2.69,2.81,2.67,2.72,61510280.0,931425129.0
2002-07-01,2.73,2.73,2.67,2.68,18004875.0,267705458.0
2002-07-02,2.68,2.72,2.64,2.71,13977401.0,205950136.0
2002-07-03,2.7,2.81,2.7,2.75,23284690.0,354551652.0
2002-07-04,2.76,2.79,2.68,2.68,21689695.0,326230129.0
2002-07-05,2.68,2.71,2.66,2.7,7605347.0,112616180.0
2002-07-08,2.71,2.74,2.68,2.7,11052611.0,164899291.0
2002-07-09,2.7,2.74,2.68,2.7,11811344.0,176207614.0
2002-07-10,2.71,2.72,2.58,2.61,29624844.0,429851630.0
2002-07-11,2.59,2.62,2.57,2.59,12983517.0,186082795.0
2002-07-12,2.59,2.61,2.57,2.58,6211887.0,88622981.0
2002-07-15,2.57,2.57,2.53,2.54,9534082.0,133978317.0
2002-07-16,2.54,2.61,2.52,2.53,6821208.0,96210002.0
2002-07-17,2.54,2.62,2.53,2.61,6238213.0,88266861.0
2002-07-18,2.62,2.72,2.6,2.71,30115450.0,445254629.0
2002-07-19,2.71,2.73,2.68,2.72,20162373.0,301490084.0
2002-07-22,2.72,2.72,2.62,2.63,15370250.0,226151591.0
2002-07-23,2.63,2.8,2.62,2.76,47852002.0,717882394.0
2002-07-24,2.76,2.81,2.73,2.76,33217899.0,502157282.0
2002-07-25,2.76,2.77,2.69,2.71,13731947.0,203608704.0
2002-07-26,2.71,2.76,2.68,2.71,12944240.0,192519921.0
2002-07-29,2.71,2.76,2.7,2.75,12751830.0,190853928.0
2002-07-31,2.79,2.84,2.75,2.75,38013458.0,578121610.0
2002-08-01,2.74,2.8,2.71,2.78,16485010.0,248642162.0
2002-08-02,2.78,2.8,2.76,2.78,12497246.0,190035629.0
2002-08-05,2.78,2.78,2.72,2.72,12364477.0,184818010.0
2002-08-06,2.72,2.79,2.71,2.75,10813025.0,162323914.0
2002-08-07,2.75,2.75,2.71,2.74,8413877.0,125343736.0
2002-08-08,2.74,2.76,2.72,2.73,6498302.0,97066788.0
2002-08-09,2.73,2.75,2.71,2.72,6384187.0,94976812.0
2002-08-12,2.71,2.73,2.68,2.69,7724748.0,113779952.0
2002-08-13,2.67,2.71,2.67,2.69,6129350.0,89997112.0
2002-08-14,2.69,2.72,2.69,2.72,4335400.0,64086282.0
2002-08-15,2.72,2.73,2.7,2.72,5307028.0,78582992.0
2002-08-16,2.71,2.73,2.66,2.7,7201575.0,105937599.0
2002-08-19,2.7,2.78,2.69,2.75,17936696.0,269701633.0
2002-08-20,2.76,2.87,2.75,2.87,48553573.0,749799372.0
2002-08-21,2.87,2.89,2.82,2.84,19062539.0,298054090.0
2002-08-22,2.84,2.87,2.82,2.84,16205097.0,251550925.0
2002-08-23,2.84,2.88,2.84,2.84,10180798.0,158518473.0
2002-08-26,2.85,2.85,2.79,2.8,12772480.0,196286521.0
2002-08-27,2.8,2.83,2.79,2.8,8231692.0,125922172.0
2002-08-28,2.8,2.86,2.8,2.84,10512919.0,162678951.0
2002-08-29,2.84,2.89,2.82,2.82,11457813.0,178640607.0
2002-08-30,2.82,2.84,2.81,2.82,3328433.0,51282721.0
2002-09-02,2.83,2.87,2.81,2.85,7972805.0,123992695.0
2002-09-04,2.88,2.9,2.85,2.86,13278965.0,207897686.0
2002-09-05,2.85,2.86,2.75,2.79,23846862.0,364666472.0
2002-09-06,2.78,2.8,2.75,2.76,11014217.0,166531736.0
2002-09-09,2.74,2.75,2.7,2.73,11107124.0,165269270.0
2002-09-10,2.73,2.75,2.71,2.73,6659821.0,99210085.0
2002-09-11,2.75,2.76,2.69,2.73,9287171.0,137924931.0
2002-09-12,2.73,2.76,2.71,2.74,3560645.0,53264907.0
2002-09-13,2.76,2.76,2.73,2.75,2852131.0,42792220.0
2002-09-16,2.75,2.76,2.6,2.6,18091641.0,261252490.0
2002-09-17,2.61,2.64,2.54,2.61,11985744.0,169133991.0
2002-09-18,2.6,2.61,2.56,2.56,4962637.0,69604488.0
2002-09-19,2.56,2.66,2.54,2.63,10912949.0,154500459.0
2002-09-20,2.63,2.64,2.58,2.6,4183868.0,59645594.0
2002-09-23,2.57,2.62,2.57,2.6,2782527.0,39561400.0
2002-09-24,2.61,2.62,2.57,2.57,3762828.0,53235525.0
2002-09-25,2.58,2.63,2.56,2.61,4425412.0,62905858.0
2002-09-26,2.61,2.65,2.61,2.62,5554468.0,79657574.0
2002-09-27,2.65,2.65,2.49,2.52,17240596.0,240262041.0
2002-10-08,2.47,2.5,2.44,2.47,4826901.0,64848857.0
2002-10-09,2.45,2.48,2.42,2.44,3382071.0,45119534.0
2002-10-10,2.44,2.46,2.38,2.4,3209883.0,42702646.0
2002-10-11,2.41,2.43,2.35,2.36,5353039.0,69409115.0
2002-10-14,2.38,2.38,2.29,2.36,4448220.0,56874185.0
2002-10-15,2.36,2.39,2.35,2.37,5036770.0,65174495.0
2002-10-17,2.4,2.41,2.34,2.34,7280128.0,94390896.0
2002-10-18,2.34,2.45,2.34,2.44,8893477.0,116875805.0
2002-10-21,2.44,2.49,2.4,2.47,6177314.0,82464351.0
2002-10-22,2.46,2.49,2.45,2.48,9751549.0,131497530.0
2002-10-23,2.47,2.48,2.43,2.46,8177373.0,109108381.0
2002-10-24,2.45,2.46,2.41,2.42,3935267.0,52231843.0
2002-10-25,2.44,2.45,2.38,2.39,6203611.0,81322576.0
2002-10-28,2.38,2.39,2.35,2.36,4340662.0,56063849.0
2002-10-29,2.36,2.4,2.34,2.38,5309341.0,68458775.0
2002-10-30,2.38,2.4,2.35,2.38,5327357.0,69078259.0
2002-10-31,2.38,2.41,2.36,2.37,6229133.0,81136106.0
2002-11-01,2.37,2.38,2.34,2.36,5161383.0,66416060.0
2002-11-04,2.39,2.45,2.38,2.45,11490243.0,151107143.0
2002-11-05,2.45,2.53,2.44,2.49,21788772.0,294514312.0
2002-11-06,2.49,2.49,2.46,2.47,5875012.0,79436460.0
2002-11-07,2.46,2.53,2.46,2.51,11643085.0,158855337.0
2002-11-08,2.55,2.55,2.4,2.43,22512191.0,302436387.0
2002-11-11,2.44,2.45,2.37,2.38,7906631.0,103445333.0
2002-11-12,2.39,2.43,2.36,2.37,9760568.0,127202473.0
2002-11-13,2.37,2.39,2.33,2.38,7204302.0,92825249.0
2002-11-14,2.37,2.38,2.32,2.33,7178408.0,91861230.0
2002-11-15,2.32,2.38,2.3,2.32,9453574.0,120436499.0
2002-11-18,2.32,2.34,2.23,2.24,9395636.0,115935467.0
2002-11-19,2.23,2.26,2.2,2.25,8227779.0,100185823.0
2002-11-20,2.25,2.25,2.21,2.23,6425750.0,78182031.0
2002-11-21,2.22,2.23,2.16,2.16,10172315.0,121587388.0
2002-11-22,2.16,2.2,2.12,2.16,7449836.0,87920807.0
2002-11-25,2.16,2.18,2.13,2.17,3384699.0,39870523.0
2002-11-26,2.17,2.19,2.12,2.12,3619842.0,42409065.0
2002-11-27,2.11,2.15,2.09,2.14,6137440.0,71092019.0
2002-11-28,2.14,2.2,2.12,2.2,5872574.0,69439463.0
2002-11-29,2.2,2.26,2.18,2.22,13877279.0,168526402.0
2002-12-02,2.21,2.21,2.12,2.13,5746051.0,68006411.0
2002-12-03,2.13,2.16,2.12,2.15,2843511.0,33301133.0
2002-12-04,2.15,2.19,2.14,2.16,3923235.0,46291618.0
2002-12-05,2.16,2.16,2.11,2.13,4550348.0,52768872.0
2002-12-06,2.13,2.16,2.11,2.13,3193475.0,37171785.0
2002-12-09,2.12,2.15,2.11,2.12,1836981.0,21293724.0
2002-12-10,2.12,2.15,2.09,2.09,4120997.0,47569087.0
2002-12-11,2.09,2.1,2.02,2.04,7172907.0,80099909.0
2002-12-12,2.06,2.06,2.01,2.03,8912325.0,98931596.0
2002-12-13,2.0,2.05,1.98,2.03,6125997.0,67743207.0
2002-12-16,2.04,2.05,2.01,2.04,4929065.0,54691423.0
2002-12-17,2.04,2.07,2.04,2.05,4023583.0,45098745.0
2002-12-18,2.05,2.08,2.04,2.05,4235007.0,47770058.0
2002-12-19,2.05,2.05,2.02,2.04,2485130.0,27632139.0
2002-12-20,2.05,2.08,2.02,2.07,5384551.0,60406456.0
2002-12-23,2.07,2.1,2.07,2.07,5030074.0,57238559.0
2002-12-24,2.07,2.07,2.03,2.05,3592064.0,40191001.0
2002-12-25,2.05,2.07,2.03,2.03,5084893.0,56533095.0
2002-12-26,2.03,2.03,1.94,1.95,11462737.0,123812110.0
2002-12-27,1.92,1.95,1.9,1.93,9445658.0,99419780.0
2002-12-30,1.91,1.93,1.87,1.93,7888103.0,81273392.0
2002-12-31,1.9,1.94,1.88,1.92,13755233.0,143379570.0
2003-01-02,1.9,1.9,1.83,1.84,6484885.0,65629649.0
2003-01-03,1.83,1.85,1.82,1.84,4959469.0,49522855.0
2003-01-06,1.84,1.85,1.82,1.84,3655307.0,36626666.0
2003-01-07,1.84,1.86,1.83,1.84,2714959.0,27361467.0
2003-01-08,1.83,1.97,1.83,1.93,8042170.0,83768831.0
2003-01-09,1.93,2.0,1.9,1.96,19172123.0,203174049.0
2003-01-10,1.95,1.98,1.92,1.93,12788591.0,136604834.0
2003-01-13,1.92,1.94,1.9,1.9,4735488.0,49492478.0
2003-01-14,1.91,2.1,1.9,2.1,54203669.0,611847871.0
2003-01-15,2.11,2.14,2.03,2.05,27493517.0,312851559.0
2003-01-16,2.05,2.1,2.03,2.08,14444456.0,163164681.0
2003-01-17,2.08,2.11,2.06,2.09,11106888.0,126229499.0
2003-01-20,2.09,2.14,2.07,2.12,14173625.0,163119199.0
2003-01-21,2.12,2.14,2.05,2.05,16300211.0,185981231.0
2003-01-22,2.05,2.07,2.03,2.05,4444001.0,49717319.0
2003-01-23,2.05,2.08,2.04,2.05,3950142.0,44412427.0
2003-01-24,2.05,2.09,2.01,2.08,7126242.0,80316328.0
2003-01-27,2.09,2.13,2.08,2.12,10722270.0,123603328.0
2003-01-28,2.12,2.14,2.1,2.12,7457718.0,86235891.0
2003-01-29,2.12,2.16,2.11,2.13,14181052.0,165877602.0
2003-02-10,2.12,2.12,2.06,2.07,4947747.0,56358434.0
2003-02-11,2.07,2.09,2.06,2.08,2923950.0,33080059.0
2003-02-12,2.08,2.1,2.07,2.09,4381368.0,49943048.0
2003-02-13,2.09,2.12,2.05,2.06,12066789.0,136838494.0
2003-02-14,2.06,2.09,2.05,2.08,5820956.0,65734278.0
2003-02-17,2.08,2.09,2.05,2.05,4510898.0,50820339.0
2003-02-18,2.05,2.06,2.03,2.05,3895385.0,43460715.0
2003-02-19,2.05,2.07,2.03,2.07,5474756.0,61261208.0
2003-02-20,2.07,2.08,2.06,2.06,3316193.0,37478579.0
2003-02-21,2.06,2.06,2.0,2.0,10324170.0,114032508.0
2003-02-24,2.0,2.01,1.98,1.99,5371782.0,58558698.0
2003-02-25,1.99,2.04,1.98,2.03,6482130.0,71396736.0
2003-02-28,2.08,2.09,2.04,2.06,13958032.0,157344810.0
2003-03-03,2.07,2.09,2.07,2.08,5335089.0,60371966.0
2003-03-04,2.08,2.1,2.07,2.09,7106562.0,81179775.0
2003-03-05,2.09,2.1,2.06,2.07,4283707.0,48448513.0
2003-03-06,2.07,2.07,2.03,2.03,6313386.0,70464571.0
2003-03-07,2.03,2.04,2.01,2.02,4492039.0,49701175.0
2003-03-10,2.02,2.03,1.97,1.98,6339998.0,69000022.0
2003-03-11,1.97,1.99,1.96,1.98,3147481.0,33974674.0
2003-03-12,1.98,1.99,1.96,1.99,2994205.0,32243906.0
2003-03-13,1.99,2.0,1.97,1.98,2540534.0,27502563.0
2003-03-14,1.97,2.01,1.97,1.99,2649710.0,28796187.0
2003-03-17,1.99,1.99,1.97,1.99,2447195.0,26439073.0
2003-03-18,1.99,2.02,1.98,1.98,3305784.0,36127033.0
2003-03-19,1.98,2.05,1.97,2.01,6687678.0,73649201.0
2003-03-20,2.01,2.03,2.0,2.0,3246757.0,35655429.0
2003-03-21,2.0,2.07,2.0,2.05,12272996.0,136799762.0
2003-03-24,2.06,2.08,2.04,2.06,4398879.0,49427248.0
2003-03-25,2.06,2.06,2.01,2.01,4987107.0,55129901.0
2003-03-26,2.0,2.05,2.0,2.02,5486384.0,60787047.0
2003-03-27,2.02,2.15,2.01,2.13,27826089.0,319174473.0
2003-03-28,2.12,2.17,2.1,2.12,24072218.0,280749344.0
2003-03-31,2.12,2.17,2.12,2.16,14396497.0,168906757.0
2003-04-01,2.16,2.19,2.14,2.16,19530165.0,231568108.0
2003-04-02,2.16,2.23,2.15,2.2,25550546.0,307503077.0
2003-04-03,2.2,2.21,2.16,2.17,10467916.0,124704843.0
2003-04-04,2.16,2.23,2.16,2.22,15587225.0,187541878.0
2003-04-07,2.23,2.26,2.2,2.21,18588512.0,226955973.0
2003-04-08,2.21,2.23,2.18,2.2,13142864.0,157857435.0
2003-04-09,2.2,2.29,2.18,2.27,20688132.0,252121306.0
2003-04-10,2.27,2.32,2.24,2.25,25858671.0,321155634.0
2003-04-11,2.25,2.28,2.23,2.26,21706228.0,266877721.0
2003-04-14,2.26,2.36,2.23,2.3,31039567.0,386631489.0
2003-04-15,2.31,2.32,2.26,2.29,25181673.0,314356384.0
2003-04-16,2.3,2.52,2.3,2.52,120770560.0,1648743556.0
2003-04-17,2.51,2.55,2.41,2.47,58135441.0,783243530.0
2003-04-18,2.47,2.47,2.35,2.36,30994986.0,403941710.0
2003-04-21,2.4,2.4,2.26,2.32,27804286.0,351067305.0
2003-04-22,2.35,2.4,2.34,2.36,24526424.0,318010742.0
2003-04-23,2.37,2.4,2.29,2.3,21329034.0,271405105.0
2003-04-24,2.3,2.3,2.16,2.19,30090284.0,363422127.0
2003-04-25,2.19,2.23,2.17,2.18,15995446.0,191848564.0
2003-04-28,2.16,2.36,2.12,2.33,31087520.0,385060484.0
2003-04-29,2.29,2.34,2.24,2.26,23441452.0,292256396.0
2003-04-30,2.26,2.34,2.26,2.28,17559852.0,220040366.0
2003-05-12,2.23,2.34,2.19,2.31,16839765.0,209422298.0
2003-05-13,2.31,2.33,2.18,2.19,23623688.0,289106131.0
2003-05-14,2.18,2.23,2.16,2.21,11795143.0,141668333.0
2003-05-15,2.22,2.25,2.18,2.24,14900272.0,181092459.0
2003-05-16,2.25,2.41,2.24,2.31,34325542.0,438513482.0
2003-05-19,2.32,2.37,2.28,2.34,20120869.0,255752856.0
2003-05-20,2.34,2.34,2.28,2.29,10198708.0,128469713.0
2003-05-21,2.29,2.34,2.26,2.27,9578831.0,119972107.0
2003-05-22,2.27,2.31,2.23,2.29,10410339.0,128755509.0
2003-05-23,2.3,2.35,2.29,2.31,17673402.0,224626413.0
2003-05-26,2.31,2.35,2.3,2.33,13429909.0,170337194.0
2003-05-27,2.34,2.36,2.32,2.33,9450688.0,120420998.0
2003-05-28,2.34,2.38,2.31,2.31,16454143.0,210517437.0
2003-05-29,2.3,2.32,2.25,2.32,13173484.0,164470428.0
2003-05-30,2.33,2.34,2.27,2.3,14258872.0,179128450.0
2003-06-02,2.3,2.3,2.25,2.28,9348744.0,115447714.0
2003-06-03,2.28,2.28,2.24,2.25,9360217.0,115298659.0
2003-06-04,2.24,2.29,2.23,2.29,6863701.0,84827090.0
2003-06-05,2.28,2.29,2.24,2.25,6562209.0,81071465.0
2003-06-06,2.25,2.25,2.2,2.21,9044532.0,109696830.0
2003-06-09,2.2,2.21,2.17,2.17,6506824.0,77782346.0
2003-06-10,2.17,2.19,2.16,2.18,3794121.0,45194505.0
2003-06-11,2.18,2.23,2.18,2.22,5626233.0,67820669.0
2003-06-12,2.22,2.23,2.19,2.19,3558631.0,42820770.0
2003-06-13,2.2,2.23,2.19,2.22,3557379.0,42845372.0
2003-06-16,2.22,2.23,2.19,2.2,2614594.0,31340409.0
2003-06-17,2.19,2.2,2.17,2.17,4172077.0,49610388.0
2003-06-18,2.17,2.2,2.17,2.17,3435790.0,40858343.0
2003-06-19,2.17,2.19,2.12,2.13,11170006.0,130342911.0
2003-06-20,2.13,2.15,2.1,2.1,7130201.0,82366530.0
2003-06-23,2.09,2.11,2.08,2.09,3202022.0,36566797.0
2003-06-24,2.14,2.14,2.09,2.11,3219543.0,36950579.0
2003-06-25,2.12,2.12,2.07,2.08,2435743.0,27781163.0
2003-06-26,2.07,2.1,2.02,2.08,5810318.0,65437414.0
2003-06-27,2.08,2.09,2.03,2.03,3499101.0,39235713.0
2003-06-30,2.03,2.07,2.02,2.03,3049907.0,33897257.0
2003-07-01,2.03,2.07,2.02,2.03,3180621.0,35512469.0
2003-07-02,2.03,2.08,2.02,2.07,4167554.0,46828327.0
2003-07-03,2.07,2.09,2.05,2.07,3322013.0,37584022.0
2003-07-04,2.07,2.08,2.04,2.05,2405894.0,27018466.0
2003-07-07,2.05,2.06,2.03,2.04,2134469.0,23748704.0
2003-07-08,2.05,2.07,2.04,2.07,2825423.0,31836251.0
2003-07-09,2.07,2.08,2.03,2.04,2384505.0,26731884.0
2003-07-10,2.05,2.1,2.04,2.09,6650471.0,75471420.0
2003-07-11,2.09,2.09,2.07,2.07,3588308.0,40686644.0
2003-07-14,2.07,2.07,2.03,2.04,4504901.0,50240426.0
2003-07-15,2.04,2.07,2.04,2.05,2987643.0,33402229.0
2003-07-16,2.05,2.07,2.05,2.06,2937835.0,32972819.0
2003-07-17,2.06,2.08,2.03,2.07,8065794.0,90717284.0
2003-07-18,2.07,2.08,1.99,2.0,11403298.0,125770847.0
2003-07-21,1.96,1.99,1.94,1.95,7821909.0,83718684.0
2003-07-22,1.96,1.99,1.92,1.93,8131191.0,85965201.0
2003-07-23,1.94,1.97,1.94,1.97,4326183.0,46276563.0
2003-07-24,1.97,1.97,1.93,1.94,4006838.0,42526350.0
2003-07-25,1.94,1.97,1.92,1.92,4995717.0,52760907.0
2003-07-28,1.92,1.92,1.89,1.9,2934569.0,30503271.0
2003-07-29,1.9,1.92,1.9,1.92,2883753.0,30047775.0
2003-07-30,1.92,1.95,1.92,1.95,3930769.0,41648620.0
2003-07-31,1.95,1.96,1.94,1.94,3055663.0,32493101.0
2003-08-01,1.94,1.99,1.94,1.98,4711589.0,50649246.0
2003-08-04,1.98,2.01,1.96,1.99,3801497.0,41229859.0
2003-08-05,1.99,2.0,1.98,1.98,2813860.0,30517012.0
2003-08-06,1.98,1.99,1.95,1.97,4307582.0,46193575.0
2003-08-07,1.97,2.04,1.97,2.01,7001597.0,76998072.0
2003-08-08,2.01,2.01,1.96,1.96,3936807.0,42435233.0
2003-08-11,1.95,1.98,1.94,1.97,1857772.0,19925967.0
2003-08-12,1.97,1.99,1.96,1.97,1235115.0,13312386.0
2003-08-13,1.97,1.98,1.94,1.95,2143386.0,22881083.0
2003-08-14,1.94,1.96,1.93,1.94,2869362.0,30426338.0
2003-08-15,1.94,2.01,1.94,1.98,5575573.0,60062718.0
2003-08-18,1.98,2.01,1.96,1.99,4164570.0,45220811.0
2003-08-19,2.0,2.01,1.99,1.99,2914191.0,31775808.0
2003-08-20,1.99,2.0,1.95,1.97,2900648.0,31189492.0
2003-08-21,1.97,1.99,1.96,1.99,2294033.0,24754012.0
2003-08-22,1.98,2.01,1.96,1.97,7500738.0,81520116.0
2003-08-25,1.96,1.96,1.92,1.93,4610641.0,48687608.0
2003-08-27,1.92,1.95,1.91,1.92,2495063.0,26256585.0
2003-08-28,1.91,1.92,1.86,1.87,5836635.0,60261172.0
2003-08-29,1.86,1.9,1.85,1.89,4905411.0,50065663.0
2003-09-01,1.89,1.92,1.87,1.91,4086493.0,42325898.0
2003-09-02,1.91,1.92,1.89,1.89,3751022.0,39017552.0
2003-09-03,1.89,1.91,1.89,1.9,1759945.0,18235975.0
2003-09-04,1.9,1.91,1.89,1.9,2161182.0,22468869.0
2003-09-05,1.9,1.9,1.86,1.87,3668842.0,37557061.0
2003-09-08,1.87,1.87,1.84,1.85,6201282.0,62579163.0
2003-09-09,1.85,1.87,1.83,1.84,6212553.0,62723269.0
2003-09-10,1.84,1.86,1.83,1.85,2577610.0,26029696.0
2003-09-11,1.85,1.88,1.85,1.87,3748277.0,38246857.0
2003-09-12,1.87,1.87,1.82,1.83,6741040.0,67500526.0
2003-09-15,1.82,1.83,1.75,1.76,7663981.0,74742223.0
2003-09-16,1.76,1.78,1.74,1.78,4104746.0,39525449.0
2003-09-17,1.78,1.78,1.71,1.72,6021420.0,57077256.0
2003-09-18,1.72,1.74,1.72,1.74,4290135.0,40442412.0
2003-09-19,1.74,1.75,1.71,1.74,4703068.0,44367023.0
2003-09-22,1.74,1.74,1.71,1.72,2193811.0,20619255.0
2003-09-23,1.72,1.75,1.7,1.75,5131901.0,48380170.0
2003-09-24,1.75,1.75,1.72,1.74,3749364.0,35572106.0
2003-09-25,1.74,1.74,1.7,1.71,3492386.0,32688392.0
2003-09-26,1.71,1.73,1.71,1.71,1903188.0,17814322.0
2003-09-29,1.74,1.74,1.68,1.69,3678937.0,33635071.0
2003-09-30,1.69,1.71,1.67,1.71,3076701.0,28016725.0
2003-10-08,1.72,1.73,1.7,1.71,1828293.0,16824656.0
2003-10-09,1.71,1.73,1.71,1.71,1387409.0,12787349.0
2003-10-10,1.71,1.76,1.7,1.75,3812981.0,35518191.0
2003-10-13,1.75,1.76,1.73,1.74,3183656.0,29878363.0
2003-10-14,1.73,1.74,1.7,1.7,3219560.0,29555414.0
2003-10-15,1.7,1.75,1.68,1.68,5644280.0,51669304.0
2003-10-17,1.68,1.68,1.66,1.68,3852518.0,34567577.0
2003-10-20,1.68,1.68,1.66,1.67,2439904.0,21893866.0
2003-10-21,1.67,1.67,1.63,1.65,3171348.0,28048930.0
2003-10-22,1.66,1.7,1.64,1.68,5257222.0,47328482.0
2003-10-23,1.68,1.7,1.66,1.66,4152921.0,37462726.0
2003-10-24,1.67,1.67,1.64,1.65,3269220.0,29009098.0
2003-10-27,1.65,1.65,1.62,1.62,5347444.0,46726943.0
2003-10-28,1.62,1.64,1.61,1.64,4143232.0,36126078.0
2003-10-29,1.64,1.65,1.58,1.6,5573141.0,48116780.0
2003-10-30,1.6,1.61,1.52,1.53,8411052.0,69660460.0
2003-10-31,1.53,1.55,1.48,1.52,6482880.0,52661245.0
2003-11-03,1.51,1.54,1.49,1.52,5242574.0,42610850.0
2003-11-04,1.52,1.6,1.52,1.56,9785325.0,81960298.0
2003-11-05,1.56,1.57,1.51,1.52,6805318.0,56421158.0
2003-11-06,1.52,1.52,1.49,1.5,7618892.0,61514739.0
2003-11-07,1.5,1.5,1.43,1.47,9139372.0,71581730.0
2003-11-10,1.47,1.49,1.45,1.49,3427528.0,27160984.0
2003-11-11,1.49,1.5,1.47,1.49,2193436.0,17488767.0
2003-11-12,1.49,1.49,1.45,1.46,3057355.0,23994443.0
2003-11-13,1.45,1.47,1.44,1.45,2813283.0,21993319.0
2003-11-14,1.45,1.48,1.44,1.46,5095941.0,39766157.0
2003-11-17,1.46,1.47,1.43,1.44,3693728.0,28690988.0
2003-11-18,1.45,1.45,1.42,1.43,2815148.0,21604554.0
2003-11-19,1.42,1.49,1.42,1.47,5214291.0,40964994.0
2003-11-20,1.47,1.54,1.47,1.54,10466910.0,85098937.0
2003-11-21,1.55,1.58,1.5,1.5,9126299.0,75487702.0
2003-11-24,1.5,1.56,1.5,1.56,8154688.0,67742399.0
2003-11-25,1.57,1.67,1.57,1.62,21683240.0,189700776.0
2003-11-26,1.61,1.62,1.59,1.6,7357125.0,63241603.0
2003-11-27,1.6,1.61,1.55,1.55,7114537.0,60097492.0
2003-11-28,1.54,1.57,1.54,1.56,4149777.0,34701297.0
2003-12-01,1.56,1.61,1.56,1.6,5313433.0,45426541.0
2003-12-02,1.62,1.63,1.58,1.59,5522382.0,47501162.0
2003-12-03,1.59,1.61,1.55,1.58,5720306.0,48537587.0
2003-12-04,1.58,1.63,1.58,1.61,8661460.0,74979856.0
2003-12-05,1.61,1.63,1.59,1.6,4633293.0,40029127.0
2003-12-08,1.6,1.63,1.58,1.58,3582067.0,30756965.0
2003-12-09,1.57,1.58,1.55,1.57,3869834.0,32466494.0
2003-12-10,1.58,1.65,1.58,1.6,7568921.0,65336465.0
2003-12-11,1.61,1.65,1.61,1.64,12243536.0,107561841.0
2003-12-12,1.65,1.7,1.63,1.68,21646779.0,194374735.0
2003-12-15,1.68,1.69,1.65,1.66,8552946.0,76620334.0
2003-12-16,1.65,1.65,1.61,1.64,6297046.0,55086716.0
2003-12-17,1.64,1.66,1.62,1.62,4991344.0,43969305.0
2003-12-18,1.62,1.62,1.59,1.6,5798203.0,49928536.0
2003-12-19,1.6,1.62,1.55,1.57,9203958.0,77845057.0
2003-12-22,1.56,1.62,1.54,1.62,8837308.0,74874282.0
2003-12-23,1.64,1.66,1.62,1.63,9591016.0,84531676.0
2003-12-24,1.67,1.69,1.66,1.66,14370627.0,129142570.0
2003-12-25,1.66,1.67,1.63,1.63,6526188.0,57578201.0
2003-12-26,1.63,1.65,1.61,1.63,4212021.0,36763755.0
2003-12-29,1.63,1.63,1.6,1.6,4051155.0,34964931.0
2003-12-30,1.6,1.63,1.6,1.62,3506094.0,30468404.0
2003-12-31,1.62,1.63,1.57,1.58,5658855.0,48689174.0
2004-01-02,1.58,1.61,1.57,1.61,5804780.0,49634048.0
2004-01-05,1.61,1.67,1.6,1.66,12057777.0,106529110.0
2004-01-06,1.68,1.78,1.68,1.74,37591745.0,351523151.0
2004-01-07,1.74,1.77,1.72,1.75,19536244.0,183458430.0
2004-01-08,1.75,1.76,1.72,1.75,12701527.0,118499004.0
2004-01-09,1.75,1.76,1.68,1.68,16045970.0,147739529.0
2004-01-12,1.68,1.71,1.67,1.71,9085634.0,82441735.0
2004-01-13,1.72,1.75,1.69,1.71,10865359.0,100501595.0
2004-01-14,1.72,1.72,1.68,1.68,7326908.0,66271350.0
2004-01-15,1.68,1.71,1.68,1.69,6167846.0,56127994.0
2004-01-16,1.69,1.74,1.69,1.73,8907718.0,82305230.0
2004-01-29,1.73,1.78,1.71,1.77,11326806.0,106591597.0
2004-01-30,1.78,1.79,1.73,1.73,8234225.0,77301461.0
2004-02-02,1.75,1.82,1.74,1.8,23519653.0,226425339.0
2004-02-03,1.8,1.85,1.78,1.83,17544695.0,171743918.0
2004-02-04,1.84,1.88,1.83,1.86,19397504.0,193901443.0
2004-02-05,1.87,1.91,1.86,1.87,17483903.0,176605510.0
2004-02-06,1.88,2.04,1.84,1.96,43812503.0,459817984.0
2004-02-09,1.96,2.0,1.94,1.97,19630069.0,207037582.0
2004-02-10,1.98,2.04,1.96,2.0,23260262.0,249109851.0
2004-02-11,2.01,2.02,1.95,1.98,20199117.0,213547214.0
2004-02-12,1.98,2.01,1.95,1.96,14827641.0,157931865.0
2004-02-13,1.94,1.97,1.9,1.91,14423658.0,149173020.0
2004-02-16,1.91,1.98,1.91,1.97,12619536.0,131898474.0
2004-02-17,1.98,2.0,1.96,1.97,11930389.0,126621801.0
2004-02-18,1.96,2.0,1.95,1.96,12168461.0,128583955.0
2004-02-19,1.96,2.0,1.95,1.97,11797292.0,124969097.0
2004-02-20,1.97,2.09,1.97,2.07,59757094.0,657841139.0
2004-02-23,2.08,2.12,2.03,2.03,31529582.0,350455127.0
2004-02-24,2.03,2.03,1.95,1.98,21951132.0,233197540.0
2004-02-25,1.98,2.0,1.91,1.92,18810525.0,197563864.0
2004-02-26,1.91,1.94,1.89,1.92,13566783.0,139413198.0
2004-02-27,1.93,1.94,1.9,1.93,8180086.0,84445377.0
2004-03-01,1.92,1.94,1.87,1.93,9583648.0,97767697.0
2004-03-02,1.94,1.97,1.93,1.95,9874340.0,103314299.0
2004-03-03,1.92,2.01,1.92,1.98,18211090.0,192808053.0
2004-03-04,1.97,2.07,1.96,2.06,34066490.0,369809951.0
2004-03-05,2.08,2.08,1.98,1.99,22448758.0,245038038.0
2004-03-08,1.99,2.02,1.93,1.94,13280269.0,140727137.0
2004-03-09,1.93,1.98,1.93,1.94,8771816.0,92045570.0
2004-03-10,1.94,1.99,1.94,1.99,8059458.0,85266149.0
2004-03-11,1.99,2.03,1.98,2.01,12175180.0,131239015.0
2004-03-12,2.0,2.01,1.97,1.98,8074978.0,85983265.0
2004-03-15,1.97,2.05,1.97,2.04,20382781.0,221928475.0
2004-03-16,2.05,2.05,2.01,2.03,12458035.0,135955349.0
2004-03-17,2.03,2.11,2.02,2.09,38534338.0,429353424.0
2004-03-18,2.09,2.12,2.04,2.05,29509166.0,330512853.0
2004-03-19,2.05,2.08,2.04,2.08,14215519.0,157903725.0
2004-03-22,2.08,2.12,2.08,2.11,15192734.0,170724781.0
2004-03-23,2.11,2.11,2.04,2.06,17369175.0,192195102.0
2004-03-24,2.06,2.06,2.01,2.03,16101349.0,175177103.0
2004-03-25,2.03,2.06,2.0,2.03,9472232.0,102988066.0
2004-03-26,2.03,2.04,2.0,2.02,8743083.0,94583694.0
2004-03-29,2.01,2.02,1.95,1.96,19253541.0,204298234.0
2004-03-30,1.97,1.99,1.95,1.98,6928043.0,73287134.0
2004-03-31,1.99,1.99,1.96,1.98,6407592.0,68043732.0
2004-04-01,1.98,2.0,1.96,1.99,8896248.0,94624490.0
2004-04-02,1.99,2.0,1.97,2.0,8675925.0,92679018.0
2004-04-05,2.0,2.01,1.96,1.97,8678689.0,92281891.0
2004-04-06,1.97,1.99,1.94,1.98,11322094.0,119232503.0
2004-04-07,1.98,1.98,1.95,1.96,9570810.0,100777108.0
2004-04-08,1.95,1.96,1.93,1.93,11468470.0,119349626.0
2004-04-09,1.93,1.96,1.89,1.91,11652085.0,120145209.0
2004-04-12,1.9,1.92,1.89,1.91,7828709.0,79929581.0
2004-04-13,1.91,1.93,1.84,1.84,16066004.0,161353022.0
2004-04-14,1.84,1.84,1.77,1.79,16561009.0,159047908.0
2004-04-15,1.79,1.89,1.79,1.82,14663949.0,145361540.0
2004-04-16,1.82,1.85,1.78,1.81,6910611.0,67079164.0
2004-04-19,1.81,1.82,1.73,1.74,8618927.0,81792257.0
2004-04-20,1.73,1.77,1.71,1.75,6236145.0,58329734.0
2004-04-21,1.76,1.8,1.76,1.77,6101887.0,58235364.0
2004-04-22,1.77,1.79,1.76,1.79,3617293.0,34509872.0
2004-04-23,1.79,1.8,1.74,1.75,3782786.0,35682047.0
2004-04-26,1.75,1.76,1.73,1.74,2761123.0,25853416.0
2004-04-27,1.74,1.76,1.7,1.71,5270796.0,48851198.0
2004-04-28,1.71,1.74,1.66,1.72,6774513.0,61603142.0
2004-04-29,1.72,1.75,1.71,1.72,5411255.0,50269006.0
2004-04-30,1.72,1.77,1.71,1.74,4771468.0,44539515.0
2004-05-10,1.74,1.75,1.68,1.69,3590924.0,32901601.0
2004-05-11,1.69,1.71,1.68,1.71,2443107.0,22210013.0
2004-05-12,1.71,1.74,1.7,1.74,2997941.0,27831050.0
2004-05-13,1.74,1.75,1.72,1.73,2731366.0,25451085.0
2004-05-14,1.73,1.74,1.69,1.7,2936895.0,26903449.0
2004-05-17,1.7,1.71,1.68,1.68,2864953.0,26032687.0
2004-05-18,1.69,1.72,1.68,1.72,2234901.0,20342897.0
2004-05-19,1.72,1.74,1.7,1.72,3165565.0,29328430.0
2004-05-20,1.72,1.73,1.69,1.7,2027089.0,18592621.0
2004-05-21,1.69,1.71,1.69,1.71,1379114.0,12600091.0
2004-05-24,1.71,1.73,1.7,1.7,2138472.0,19694334.0
2004-05-25,1.7,1.71,1.68,1.68,2758384.0,25051303.0
2004-05-26,1.68,1.69,1.64,1.65,4405323.0,39325706.0
2004-05-27,1.65,1.73,1.65,1.71,6280757.0,57319111.0
2004-05-28,1.71,1.72,1.7,1.72,3193031.0,29334315.0
2004-05-31,1.78,1.84,1.76,1.79,14833913.0,142889194.0
2004-06-01,1.81,1.82,1.79,1.8,9767510.0,94709680.0
2004-06-02,1.81,1.87,1.79,1.85,16192206.0,160024843.0
2004-06-03,1.84,1.84,1.8,1.81,6878122.0,66906081.0
2004-06-04,1.81,1.82,1.79,1.79,4538796.0,43946453.0
2004-06-07,1.79,1.8,1.75,1.75,4077004.0,38571641.0
2004-06-08,1.75,1.76,1.71,1.71,4031424.0,37510282.0
2004-06-09,1.71,1.72,1.69,1.69,3887789.0,35461152.0
2004-06-10,1.69,1.71,1.68,1.69,3171248.0,28869361.0
2004-06-11,1.69,1.74,1.68,1.69,3725591.0,34106733.0
2004-06-14,1.68,1.68,1.64,1.65,3666796.0,32776170.0
2004-06-15,1.65,1.76,1.64,1.73,5295282.0,48564590.0
2004-06-16,1.73,1.73,1.7,1.71,3317098.0,30608012.0
2004-06-17,1.71,1.71,1.66,1.68,2913721.0,26345375.0
2004-06-18,1.68,1.7,1.67,1.69,2700508.0,24410005.0
2004-06-21,1.68,1.69,1.65,1.69,1916451.0,17245223.0
2004-06-22,1.69,1.71,1.68,1.7,2473812.0,22491706.0
2004-06-23,1.7,1.71,1.68,1.68,1731162.0,15688737.0
2004-06-24,1.68,1.7,1.66,1.66,2759182.0,24773114.0
2004-06-25,1.66,1.69,1.65,1.65,3103844.0,27688774.0
2004-06-28,1.64,1.66,1.56,1.57,5999953.0,52004691.0
2004-06-29,1.57,1.61,1.56,1.6,3576755.0,30385899.0
2004-07-01,1.59,1.64,1.57,1.63,3650686.0,31763889.0
2004-07-02,1.63,1.64,1.61,1.62,2735630.0,23777408.0
2004-07-05,1.62,1.63,1.6,1.61,1682130.0,14500623.0
2004-07-06,1.61,1.63,1.61,1.62,2088629.0,18185091.0
2004-07-07,1.62,1.62,1.59,1.59,1923263.0,16468626.0
2004-07-08,1.59,1.6,1.58,1.58,1828827.0,15596646.0
2004-07-09,1.59,1.62,1.57,1.57,2320243.0,19911295.0
2004-07-12,1.57,1.58,1.54,1.55,3556331.0,29650943.0
2004-07-13,1.55,1.56,1.54,1.55,1379240.0,11495089.0
2004-07-14,1.55,1.56,1.52,1.54,2381433.0,19667737.0
2004-07-15,1.54,1.57,1.54,1.56,2113052.0,17657087.0
2004-07-16,1.56,1.6,1.56,1.6,5250215.0,44831862.0
2004-07-19,1.6,1.61,1.58,1.6,2475375.0,21239084.0
2004-07-20,1.6,1.6,1.57,1.57,2302144.0,19522182.0
2004-07-21,1.57,1.58,1.56,1.56,1861981.0,15642997.0
2004-07-22,1.56,1.57,1.53,1.53,3757114.0,31070186.0
2004-07-23,1.53,1.53,1.49,1.52,5908841.0,47645956.0
2004-07-26,1.52,1.53,1.51,1.51,2119731.0,17251395.0
2004-07-27,1.51,1.52,1.49,1.5,2208980.0,17836002.0
2004-07-28,1.5,1.52,1.49,1.51,1567867.0,12683170.0
2004-07-29,1.51,1.53,1.51,1.53,1958987.0,15967717.0
2004-07-30,1.53,1.53,1.5,1.51,1634092.0,13265418.0
2004-08-02,1.5,1.51,1.49,1.5,1477232.0,11888204.0
2004-08-03,1.5,1.5,1.49,1.49,1709906.0,13737778.0
2004-08-04,1.49,1.54,1.49,1.52,3104425.0,25240897.0
2004-08-05,1.52,1.54,1.5,1.51,1788359.0,14573602.0
2004-08-06,1.51,1.52,1.5,1.51,1394539.0,11302025.0
2004-08-09,1.51,1.53,1.49,1.51,1616402.0,13079759.0
2004-08-10,1.51,1.52,1.49,1.52,1917343.0,15523187.0
2004-08-11,1.52,1.52,1.5,1.51,1376076.0,11127090.0
2004-08-12,1.5,1.5,1.47,1.48,3174146.0,25327449.0
2004-08-13,1.49,1.52,1.48,1.49,2190821.0,17612567.0
2004-08-16,1.5,1.53,1.48,1.5,1827408.0,14687002.0
2004-08-17,1.51,1.51,1.49,1.5,1160324.0,9347568.0
2004-08-18,1.51,1.53,1.5,1.51,3789165.0,30946173.0
2004-08-19,1.51,1.52,1.49,1.51,2211079.0,17831593.0
2004-08-20,1.5,1.52,1.5,1.52,2091954.0,17003042.0
2004-08-23,1.52,1.53,1.5,1.51,1632675.0,13228529.0
2004-08-24,1.5,1.52,1.5,1.51,1610465.0,13078248.0
2004-08-25,1.52,1.52,1.5,1.5,1001120.0,8111928.0
2004-08-26,1.5,1.51,1.49,1.49,2276229.0,18262254.0
2004-08-27,1.49,1.5,1.47,1.48,1834285.0,14611781.0
2004-08-30,1.48,1.51,1.47,1.5,1389317.0,11121982.0
2004-08-31,1.52,1.53,1.51,1.52,3017262.0,24552724.0
2004-09-01,1.52,1.52,1.49,1.49,1363167.0,10951018.0
2004-09-02,1.49,1.5,1.48,1.49,1969788.0,15708915.0
2004-09-03,1.49,1.5,1.48,1.49,1203302.0,9632512.0
2004-09-06,1.49,1.49,1.47,1.48,874812.0,6962165.0
2004-09-07,1.49,1.52,1.49,1.51,1065204.0,8559910.0
2004-09-08,1.51,1.51,1.49,1.51,1576484.0,12724364.0
2004-09-09,1.51,1.51,1.47,1.48,1992609.0,15860397.0
2004-09-10,1.47,1.51,1.46,1.5,2221713.0,17722264.0
2004-09-13,1.49,1.49,1.46,1.47,1724723.0,13656424.0
2004-09-14,1.47,1.52,1.47,1.51,3296183.0,26611363.0
2004-09-15,1.51,1.58,1.49,1.55,10484871.0,86959530.0
2004-09-16,1.57,1.58,1.54,1.55,6518916.0,54568530.0
2004-09-17,1.56,1.59,1.55,1.59,9413043.0,79464331.0
2004-09-20,1.59,1.63,1.58,1.63,12619192.0,108731058.0
2004-09-21,1.64,1.65,1.6,1.62,10592669.0,91720854.0
2004-09-22,1.65,1.72,1.62,1.62,25243411.0,226239759.0
2004-09-23,1.62,1.67,1.58,1.66,9927847.0,85824753.0
2004-09-24,1.66,1.67,1.6,1.6,13240842.0,116636533.0
2004-09-27,1.6,1.63,1.54,1.55,7541152.0,63850765.0
2004-09-28,1.55,1.56,1.52,1.53,6612162.0,54731790.0
2004-09-29,1.54,1.54,1.5,1.51,7738576.0,63014666.0
2004-09-30,1.51,1.53,1.51,1.52,3435900.0,27963890.0
2004-10-08,1.53,1.53,1.48,1.53,4599061.0,37094465.0
2004-10-11,1.55,1.58,1.53,1.53,7560806.0,63240194.0
2004-10-12,1.53,1.53,1.49,1.5,5584093.0,45079830.0
2004-10-13,1.5,1.52,1.5,1.52,3129828.0,25353584.0
2004-10-14,1.52,1.52,1.46,1.46,6418701.0,51068884.0
2004-10-15,1.46,1.49,1.46,1.47,4226959.0,33368052.0
2004-10-18,1.47,1.48,1.43,1.44,5171091.0,40149510.0
2004-10-19,1.44,1.48,1.44,1.45,3556036.0,27898987.0
2004-10-20,1.45,1.45,1.4,1.42,4863995.0,37156053.0
2004-10-21,1.42,1.42,1.28,1.3,18523113.0,131908635.0
2004-10-22,1.3,1.3,1.23,1.27,11636248.0,79058280.0
2004-10-25,1.3,1.33,1.28,1.29,7117776.0,49579045.0
2004-10-26,1.28,1.3,1.26,1.3,4306938.0,29592955.0
2004-10-27,1.3,1.3,1.27,1.3,4813908.0,33244363.0
2004-10-28,1.3,1.32,1.29,1.3,5585743.0,39240071.0
2004-10-29,1.31,1.41,1.31,1.33,15695033.0,114849734.0
2004-11-01,1.33,1.36,1.3,1.35,6588158.0,46973168.0
2004-11-02,1.33,1.35,1.31,1.32,3845651.0,27293255.0
2004-11-03,1.32,1.34,1.3,1.32,3233340.0,22902882.0
2004-11-04,1.32,1.34,1.29,1.29,3670917.0,25937068.0
2004-11-05,1.32,1.33,1.29,1.3,2163213.0,15121624.0
2004-11-08,1.3,1.3,1.27,1.28,2886771.0,19754636.0
2004-11-09,1.28,1.29,1.26,1.28,2431946.0,16641914.0
2004-11-10,1.28,1.33,1.27,1.32,5454556.0,38232224.0
2004-11-11,1.33,1.34,1.31,1.31,7571504.0,54047634.0
2004-11-12,1.31,1.32,1.3,1.3,3597183.0,25249797.0
2004-11-15,1.31,1.34,1.31,1.32,3289490.0,23379824.0
2004-11-16,1.33,1.35,1.33,1.34,5179108.0,37169824.0
2004-11-17,1.34,1.35,1.31,1.32,2656919.0,18883910.0
2004-11-18,1.32,1.34,1.31,1.34,3027150.0,21573298.0
2004-11-19,1.34,1.4,1.34,1.38,14905044.0,109945719.0
2004-11-22,1.38,1.39,1.36,1.37,4472557.0,32959254.0
2004-11-23,1.37,1.37,1.35,1.35,3386752.0,24631518.0
2004-11-24,1.36,1.36,1.33,1.33,3354974.0,24280100.0
2004-11-25,1.33,1.35,1.33,1.34,2276763.0,16362043.0
2004-11-26,1.34,1.35,1.33,1.34,1737280.0,12498432.0
2004-11-29,1.34,1.34,1.31,1.31,2346566.0,16665578.0
2004-11-30,1.31,1.32,1.3,1.31,2860793.0,20121427.0
2004-12-01,1.31,1.31,1.28,1.29,3752851.0,26063939.0
2004-12-02,1.29,1.3,1.28,1.3,2075607.0,14404673.0
2004-12-03,1.3,1.31,1.3,1.31,2154277.0,15098484.0
2004-12-06,1.31,1.31,1.29,1.3,1908971.0,13330679.0
2004-12-07,1.3,1.31,1.3,1.3,1966664.0,13807387.0
2004-12-08,1.31,1.32,1.29,1.3,2597571.0,18171669.0
2004-12-09,1.3,1.35,1.28,1.32,4328096.0,30590730.0
2004-12-10,1.32,1.32,1.29,1.29,2271061.0,15873845.0
2004-12-14,1.29,1.3,1.28,1.28,2262816.0,15609681.0
2004-12-15,1.28,1.3,1.28,1.3,2405056.0,16630496.0
2004-12-16,1.29,1.33,1.28,1.3,3622574.0,25486608.0
2004-12-17,1.29,1.31,1.28,1.29,2059533.0,14309004.0
2004-12-20,1.28,1.29,1.28,1.28,3002280.0,20649222.0
2004-12-21,1.28,1.29,1.27,1.28,2420394.0,16560342.0
2004-12-22,1.28,1.3,1.27,1.3,3833753.0,26424490.0
2004-12-23,1.29,1.31,1.28,1.28,1738410.0,12059991.0
2004-12-24,1.28,1.29,1.27,1.27,1769134.0,12124798.0
2004-12-27,1.27,1.27,1.24,1.26,2700952.0,18215533.0
2004-12-28,1.25,1.25,1.24,1.25,1850912.0,12380174.0
2004-12-29,1.25,1.25,1.24,1.24,2057579.0,13723841.0
2004-12-30,1.24,1.25,1.22,1.22,3678576.0,24351289.0
2004-12-31,1.22,1.24,1.22,1.23,1752143.0,11594603.0
2005-01-04,1.23,1.23,1.2,1.21,1760832.0,11465603.0
2005-01-05,1.21,1.22,1.18,1.2,3222144.0,20718559.0
2005-01-06,1.21,1.23,1.2,1.21,2666413.0,17333840.0
2005-01-07,1.22,1.23,1.2,1.21,1886151.0,12302853.0
2005-01-10,1.21,1.23,1.19,1.23,2632055.0,17111498.0
2005-01-12,1.23,1.23,1.2,1.22,1638669.0,10672635.0
2005-01-13,1.22,1.23,1.21,1.22,1600774.0,10504590.0
2005-01-14,1.22,1.23,1.21,1.21,1604770.0,10476658.0
2005-01-17,1.2,1.2,1.16,1.16,3171407.0,20039971.0
2005-01-18,1.16,1.17,1.14,1.16,2591786.0,16109620.0
2005-01-19,1.16,1.16,1.14,1.15,1685394.0,10416563.0
2005-01-20,1.15,1.15,1.11,1.12,3948938.0,23815009.0
2005-01-21,1.12,1.21,1.09,1.19,10037864.0,62408193.0
2005-01-24,1.23,1.24,1.19,1.2,6458370.0,41761044.0
2005-01-25,1.2,1.2,1.17,1.17,3500183.0,22142394.0
2005-01-26,1.17,1.2,1.16,1.17,2537556.0,16124242.0
2005-01-27,1.17,1.17,1.14,1.14,2525015.0,15671762.0
2005-01-28,1.14,1.15,1.13,1.15,2331278.0,14212959.0
2005-01-31,1.14,1.14,1.12,1.13,1857816.0,11288374.0
2005-02-01,1.13,1.15,1.13,1.13,2126785.0,13006364.0
2005-02-02,1.14,1.19,1.13,1.19,5696657.0,35957947.0
2005-02-03,1.19,1.2,1.17,1.17,4140780.0,26337392.0
2005-02-04,1.17,1.25,1.16,1.23,8917972.0,58460211.0
2005-02-16,1.23,1.24,1.22,1.23,4231699.0,27970435.0
2005-02-17,1.23,1.24,1.21,1.22,3027991.0,19839010.0
2005-02-18,1.22,1.24,1.22,1.23,3964630.0,26213869.0
2005-02-21,1.23,1.26,1.23,1.25,6460861.0,43335847.0
2005-02-22,1.25,1.26,1.23,1.25,7842572.0,52460968.0
2005-02-23,1.25,1.26,1.23,1.24,5119877.0,34215337.0
2005-02-24,1.24,1.24,1.22,1.23,4987234.0,32969255.0
2005-02-25,1.23,1.26,1.23,1.24,5657898.0,37865716.0
2005-02-28,1.24,1.24,1.2,1.21,5158778.0,33546810.0
2005-03-01,1.21,1.21,1.19,1.19,3363695.0,21592546.0
2005-03-02,1.19,1.2,1.18,1.19,3079848.0,19739123.0
2005-03-03,1.19,1.2,1.18,1.2,1779976.0,11399016.0
2005-03-04,1.2,1.2,1.18,1.18,2176119.0,13861124.0
2005-03-07,1.18,1.19,1.16,1.16,3173417.0,19970363.0
2005-03-08,1.19,1.19,1.16,1.18,4561920.0,28709799.0
2005-03-09,1.18,1.19,1.16,1.17,4356118.0,27405674.0
2005-03-10,1.17,1.17,1.14,1.15,4114598.0,25487681.0
2005-03-11,1.14,1.15,1.13,1.14,3626511.0,22164102.0
2005-03-14,1.14,1.15,1.12,1.13,3693345.0,22469620.0
2005-03-15,1.14,1.14,1.11,1.12,4332940.0,26068269.0
2005-03-16,1.12,1.12,1.1,1.1,3200931.0,19019884.0
2005-03-17,1.11,1.12,1.1,1.11,2874931.0,17202351.0
2005-03-18,1.12,1.13,1.1,1.1,3211023.0,19121018.0
2005-03-21,1.1,1.12,1.1,1.11,1841032.0,10936012.0
2005-03-22,1.12,1.12,1.03,1.03,5236209.0,29748205.0
2005-03-23,1.03,1.04,0.99,1.0,5965876.0,32514008.0
2005-03-24,1.0,1.01,0.99,1.01,5310820.0,28537971.0
2005-03-25,1.01,1.01,0.99,1.01,2548895.0,13743520.0
2005-03-28,1.0,1.01,0.98,0.99,2745045.0,14545215.0
2005-03-29,0.99,1.0,0.98,0.99,1924809.0,10245726.0
2005-03-30,0.99,0.99,0.94,0.95,4233671.0,21780402.0
2005-03-31,0.95,0.97,0.94,0.97,3408518.0,17553914.0
2005-04-01,0.97,1.07,0.95,1.04,7004655.0,38229996.0
2005-04-04,1.03,1.04,1.0,1.01,5368979.0,29392985.0
2005-04-05,1.01,1.04,1.01,1.02,4510296.0,24840491.0
2005-04-06,1.02,1.06,1.01,1.04,5285188.0,29248053.0
2005-04-07,1.06,1.15,1.06,1.15,25041593.0,152371698.0
2005-04-08,1.17,1.26,1.15,1.26,49716401.0,320033427.0
2005-04-11,1.27,1.38,1.23,1.29,55705101.0,390768305.0
2005-04-12,1.28,1.29,1.23,1.24,29134874.0,196698219.0
2005-04-13,1.25,1.33,1.24,1.28,41049501.0,284353272.0
2005-04-14,1.28,1.28,1.21,1.23,20330132.0,135473534.0
2005-04-15,1.21,1.26,1.19,1.23,18402621.0,121206909.0
2005-04-18,1.22,1.22,1.18,1.2,10199392.0,65648150.0
2005-04-19,1.2,1.26,1.19,1.26,19204568.0,127516858.0
2005-04-20,1.23,1.25,1.2,1.23,13212542.0,87204359.0
2005-04-22,1.15,1.19,1.11,1.11,24913014.0,152338280.0
2005-04-25,1.08,1.09,1.01,1.08,16440083.0,92417042.0
2005-04-26,1.07,1.14,1.06,1.13,14487460.0,85802178.0
2005-04-27,1.13,1.13,1.06,1.06,10979891.0,63958179.0
2005-04-28,1.06,1.12,1.02,1.09,13263365.0,77119703.0
2005-04-29,1.09,1.2,1.08,1.15,23627350.0,146846534.0
2005-05-09,1.16,1.17,1.11,1.13,9693911.0,59428487.0
2005-05-10,1.13,1.18,1.11,1.17,10841413.0,67332306.0
2005-05-11,1.17,1.19,1.14,1.15,10686837.0,66813691.0
2005-05-12,1.15,1.18,1.14,1.15,7939648.0,49387037.0
2005-05-13,1.15,1.16,1.1,1.12,11148138.0,67292190.0
2005-05-16,1.12,1.12,1.07,1.1,5446162.0,32003585.0
2005-05-17,1.1,1.14,1.08,1.13,6094428.0,36815800.0
2005-05-18,1.13,1.15,1.12,1.14,5204644.0,31843283.0
2005-05-19,1.14,1.17,1.12,1.15,7299406.0,45054190.0
2005-05-20,1.16,1.18,1.14,1.16,9881085.0,61928409.0
2005-05-23,1.14,1.15,1.11,1.11,8263800.0,49957549.0
2005-05-24,1.11,1.16,1.1,1.15,6993600.0,42826925.0
2005-05-25,1.15,1.17,1.14,1.15,5526770.0,34222409.0
2005-05-26,1.15,1.16,1.14,1.14,4368986.0,26903132.0
2005-05-27,1.14,1.17,1.14,1.14,5431951.0,33668510.0
2005-05-30,1.14,1.14,1.1,1.14,5804527.0,35028504.0
2005-05-31,1.14,1.15,1.11,1.12,5999522.0,36305938.0
2005-06-01,1.12,1.12,1.1,1.11,3859103.0,23047623.0
2005-06-02,1.11,1.12,1.06,1.08,7876474.0,45884840.0
2005-06-03,1.08,1.12,1.06,1.09,6644720.0,38920534.0
2005-06-06,1.08,1.11,1.06,1.11,4961684.0,29060143.0
2005-06-07,1.11,1.14,1.1,1.11,6965848.0,41759293.0
2005-06-08,1.1,1.22,1.1,1.21,22011618.0,138782547.0
2005-06-09,1.21,1.24,1.19,1.21,21271048.0,138010351.0
2005-06-10,1.2,1.29,1.19,1.22,25708353.0,171604813.0
2005-06-13,1.22,1.25,1.19,1.21,13763523.0,89578752.0
2005-06-14,1.21,1.25,1.19,1.19,10363322.0,67648831.0
2005-06-15,1.18,1.2,1.15,1.16,7263208.0,45629289.0
2005-06-16,1.16,1.2,1.16,1.19,6695361.0,42332446.0
2005-06-20,1.18,1.21,1.13,1.19,15249883.0,96519912.0
2005-06-21,1.2,1.22,1.17,1.19,9489547.0,61052706.0
2005-06-22,1.2,1.22,1.19,1.21,8766748.0,56644392.0
2005-06-23,1.2,1.21,1.15,1.16,11494922.0,72681123.0
2005-06-24,1.16,1.17,1.15,1.17,5276151.0,32967766.0
2005-06-27,1.19,1.21,1.18,1.2,11268956.0,72527186.0
2005-06-28,1.19,1.19,1.16,1.16,7199013.0,45167274.0
2005-06-29,1.17,1.18,1.16,1.16,3168320.0,19801236.0
2005-06-30,1.16,1.16,1.1,1.1,11105586.0,66944070.0
2005-07-01,1.1,1.11,1.07,1.08,7613441.0,44347470.0
2005-07-04,1.07,1.09,1.06,1.09,5568714.0,31891346.0
2005-07-05,1.08,1.09,1.06,1.07,2754874.0,15924866.0
2005-07-06,1.07,1.08,1.05,1.06,4210860.0,24070201.0
2005-07-07,1.05,1.07,1.05,1.05,2716718.0,15400993.0
2005-07-08,1.05,1.05,1.01,1.02,6766561.0,37220064.0
2005-07-11,1.02,1.06,1.01,1.02,4416530.0,24514712.0
2005-07-12,1.02,1.09,1.01,1.08,8090188.0,46324747.0
2005-07-13,1.08,1.08,1.06,1.07,4207730.0,24175368.0
2005-07-14,1.07,1.08,1.06,1.07,3405279.0,19648386.0
2005-07-15,1.07,1.08,1.04,1.05,3185215.0,18141572.0
2005-07-18,1.05,1.06,1.03,1.05,4436596.0,24948194.0
2005-07-19,1.05,1.08,1.03,1.06,5144999.0,29200091.0
2005-07-20,1.07,1.08,1.05,1.08,5571335.0,32182962.0
2005-07-21,1.08,1.08,1.06,1.08,2608965.0,14990914.0
2005-07-22,1.08,1.13,1.08,1.11,12614176.0,75059452.0
2005-07-25,1.11,1.12,1.09,1.11,5479140.0,32591555.0
2005-07-26,1.1,1.14,1.1,1.12,8602500.0,51893036.0
2005-07-27,1.12,1.13,1.1,1.13,7287598.0,43727084.0
2005-07-28,1.13,1.14,1.12,1.12,9522067.0,57827642.0
2005-07-29,1.12,1.12,1.1,1.1,6047233.0,35946544.0
2005-08-01,1.1,1.12,1.08,1.1,5332286.0,31453232.0
2005-08-02,1.11,1.12,1.09,1.12,6268306.0,37227921.0
2005-08-03,1.12,1.18,1.12,1.14,15543154.0,96121490.0
2005-08-04,1.13,1.14,1.12,1.12,6846038.0,41579880.0
2005-08-05,1.12,1.16,1.12,1.16,14919287.0,92365302.0
2005-08-08,1.16,1.17,1.15,1.16,9705430.0,60519928.0
2005-08-09,1.16,1.17,1.14,1.17,8456140.0,52556261.0
2005-08-10,1.17,1.19,1.16,1.17,11549194.0,72491366.0
2005-08-11,1.17,1.21,1.17,1.2,22532034.0,144217047.0
2005-08-12,1.2,1.21,1.15,1.15,16857487.0,106591929.0
2005-08-15,1.15,1.18,1.15,1.17,9768177.0,60947049.0
2005-08-16,1.17,1.18,1.14,1.14,11089302.0,68620082.0
2005-08-17,1.14,1.15,1.11,1.15,10451901.0,63761681.0
2005-08-18,1.15,1.17,1.12,1.12,13462937.0,82577591.0
2005-08-19,1.12,1.14,1.1,1.11,7819777.0,46883461.0
2005-08-22,1.12,1.13,1.11,1.12,4658779.0,28052128.0
2005-08-23,1.12,1.13,1.09,1.12,6612721.0,39431027.0
2005-08-24,1.11,1.13,1.11,1.12,4965580.0,29951553.0
2005-08-25,1.12,1.13,1.11,1.12,4317897.0,25921650.0
2005-08-26,1.12,1.15,1.11,1.14,9917291.0,60867164.0
2005-08-29,1.15,1.16,1.13,1.13,7683444.0,47182213.0
2005-08-30,1.14,1.16,1.13,1.14,8840462.0,54477347.0
2005-08-31,1.14,1.16,1.13,1.16,10091217.0,62215125.0
2005-09-01,1.16,1.18,1.15,1.17,15285947.0,95897501.0
2005-09-02,1.18,1.2,1.16,1.17,13273137.0,83999295.0
2005-09-05,1.17,1.18,1.15,1.17,7798013.0,48765982.0
2005-09-06,1.18,1.18,1.14,1.14,9047970.0,56411996.0
2005-09-07,1.14,1.16,1.13,1.16,8423887.0,51833633.0
2005-09-08,1.16,1.19,1.15,1.18,17995609.0,113567540.0
2005-09-09,1.17,1.2,1.16,1.16,9911621.0,62725717.0
2005-09-12,1.17,1.17,1.15,1.16,4957368.0,30873740.0
2005-09-13,1.16,1.18,1.15,1.18,8212424.0,51399302.0
2005-09-14,1.18,1.19,1.17,1.19,13442384.0,85405431.0
2005-09-15,1.19,1.19,1.17,1.17,8272999.0,52137575.0
2005-09-16,1.17,1.19,1.17,1.17,7281596.0,45986923.0
2005-09-19,1.17,1.18,1.16,1.17,6951378.0,43485943.0
2005-09-20,1.17,1.17,1.14,1.14,10565926.0,65257978.0
2005-09-21,1.14,1.15,1.12,1.12,8360385.0,50898029.0
2005-09-22,1.12,1.12,1.09,1.1,9389200.0,55674714.0
2005-09-23,1.1,1.11,1.09,1.09,4711101.0,27713331.0
2005-09-26,1.09,1.11,1.08,1.11,4100122.0,24081487.0
2005-09-27,1.12,1.12,1.07,1.07,5031324.0,29231815.0
2005-10-21,1.17,1.18,1.12,1.18,17706285.0,111927934.0
2005-10-24,1.22,1.22,1.16,1.16,37866940.0,241903586.0
2005-10-25,1.16,1.17,1.12,1.13,17457306.0,106832137.0
2005-10-26,1.14,1.14,1.09,1.1,13473362.0,80724260.0
2005-10-27,1.1,1.11,1.08,1.09,10013586.0,58863839.0
2005-10-28,1.08,1.09,1.03,1.04,10212402.0,58016412.0
2005-10-31,1.04,1.08,1.04,1.06,9095033.0,51856154.0
2005-11-01,1.06,1.07,1.04,1.06,4472116.0,25340329.0
2005-11-02,1.06,1.08,1.05,1.07,4438692.0,25518060.0
2005-11-03,1.07,1.08,1.04,1.06,4285176.0,24301799.0
2005-11-04,1.05,1.06,1.04,1.06,3127217.0,17654136.0
2005-11-07,1.06,1.07,1.05,1.06,3123434.0,17758073.0
2005-11-08,1.06,1.08,1.05,1.07,3279311.0,18778329.0
2005-11-09,1.07,1.08,1.05,1.06,2681452.0,15312464.0
2005-11-10,1.06,1.06,1.03,1.03,4369174.0,24437883.0
2005-11-11,1.03,1.04,1.03,1.03,2623860.0,14597961.0
2005-11-14,1.03,1.05,1.03,1.04,1678676.0,9389450.0
2005-11-15,1.04,1.06,1.04,1.04,2786674.0,15686218.0
2005-11-16,1.04,1.05,1.04,1.05,2354378.0,13207854.0
2005-11-17,1.06,1.06,1.05,1.06,3379501.0,19175942.0
2005-11-18,1.06,1.08,1.05,1.08,7559823.0,43453648.0
2005-11-21,1.08,1.08,1.06,1.07,3446140.0,19781882.0
2005-11-22,1.07,1.07,1.04,1.04,2989819.0,16881701.0
2005-11-23,1.04,1.06,1.03,1.05,2320456.0,13092401.0
2005-11-24,1.06,1.07,1.04,1.06,3510546.0,20055166.0
2005-11-25,1.06,1.1,1.06,1.09,13761255.0,80344038.0
2005-11-28,1.09,1.09,1.07,1.08,4656458.0,27068346.0
2005-11-29,1.07,1.09,1.07,1.08,3165767.0,18330401.0
2005-11-30,1.07,1.09,1.07,1.09,3648567.0,21214085.0
2005-12-01,1.09,1.09,1.07,1.08,2639365.0,15323981.0
2005-12-02,1.08,1.09,1.07,1.09,4323731.0,25178664.0
2005-12-05,1.08,1.08,1.04,1.05,4464117.0,25507541.0
2005-12-06,1.04,1.09,1.04,1.07,4980589.0,28708748.0
2005-12-07,1.07,1.09,1.07,1.08,4086209.0,23680627.0
2005-12-08,1.08,1.09,1.08,1.08,3502428.0,20417876.0
2005-12-09,1.08,1.1,1.07,1.09,7472858.0,43866337.0
2005-12-12,1.1,1.11,1.09,1.1,6441169.0,38175548.0
2005-12-13,1.09,1.1,1.09,1.1,3678946.0,21586533.0
2005-12-14,1.1,1.15,1.09,1.13,14480307.0,87156673.0
2005-12-15,1.13,1.14,1.12,1.12,13072279.0,78839111.0
2005-12-16,1.12,1.12,1.11,1.12,5690724.0,34144708.0
2005-12-19,1.12,1.12,1.11,1.12,4100696.0,24564084.0
2005-12-20,1.12,1.14,1.11,1.13,9381589.0,56894510.0
2005-12-21,1.13,1.16,1.13,1.13,11230304.0,68925355.0
2005-12-22,1.13,1.13,1.12,1.13,4850985.0,29346607.0
2005-12-23,1.13,1.15,1.13,1.14,7309066.0,44653239.0
2005-12-26,1.15,1.17,1.14,1.16,15872803.0,98606082.0
2005-12-27,1.16,1.16,1.15,1.15,5593362.0,34568292.0
2005-12-28,1.15,1.15,1.14,1.15,4870747.0,29975438.0
2005-12-29,1.15,1.17,1.14,1.16,7959788.0,49418040.0
2005-12-30,1.16,1.16,1.14,1.14,5638929.0,34766193.0
2006-01-04,1.14,1.18,1.14,1.17,15445068.0,96989007.0
2006-01-05,1.17,1.18,1.16,1.18,15385586.0,96812528.0
2006-01-06,1.19,1.21,1.18,1.19,23866399.0,153652213.0
2006-01-09,1.19,1.2,1.18,1.19,11022101.0,70422238.0
2006-01-10,1.18,1.18,1.14,1.17,21426743.0,133992626.0
2006-01-11,1.17,1.18,1.15,1.16,9749282.0,60874419.0
2006-01-12,1.16,1.17,1.15,1.17,6720529.0,41928720.0
2006-01-13,1.16,1.18,1.15,1.16,7996673.0,49797333.0
2006-01-16,1.15,1.15,1.13,1.13,9770421.0,59761385.0
2006-01-17,1.13,1.15,1.13,1.14,5454865.0,33457474.0
2006-01-18,1.14,1.17,1.14,1.16,6711604.0,41664882.0
2006-01-19,1.16,1.17,1.15,1.17,7959103.0,49647188.0
2006-01-20,1.18,1.18,1.15,1.16,6229093.0,38794295.0
2006-01-23,1.16,1.16,1.14,1.15,7077331.0,43698189.0
2006-01-24,1.15,1.17,1.14,1.17,8373949.0,51929167.0
2006-01-25,1.16,1.18,1.16,1.18,11559852.0,72851116.0
2006-02-06,1.18,1.2,1.18,1.19,10703127.0,68383372.0
2006-02-07,1.19,1.19,1.15,1.17,12094492.0,76012322.0
2006-02-08,1.17,1.17,1.15,1.17,7653700.0,47678718.0
2006-02-09,1.17,1.17,1.15,1.15,7277997.0,45127694.0
2006-02-10,1.15,1.16,1.14,1.16,5948896.0,36875399.0
2006-02-13,1.16,1.17,1.15,1.16,5438483.0,33694048.0
2006-02-14,1.15,1.17,1.15,1.16,5417638.0,33789402.0
2006-02-15,1.17,1.2,1.17,1.18,15188826.0,96683808.0
2006-02-16,1.17,1.17,1.15,1.15,9430067.0,58602034.0
2006-02-17,1.15,1.17,1.14,1.16,8606834.0,53456823.0
2006-02-20,1.16,1.19,1.15,1.17,11164054.0,70511244.0
2006-02-21,1.17,1.27,1.17,1.26,44875616.0,296836103.0
2006-02-22,1.26,1.28,1.24,1.26,36617400.0,248056240.0
2006-02-23,1.27,1.31,1.26,1.3,46486043.0,323757106.0
2006-02-24,1.3,1.31,1.28,1.31,26548048.0,185345905.0
2006-02-27,1.31,1.32,1.27,1.27,22834340.0,157473746.0
2006-02-28,1.27,1.28,1.23,1.27,18225604.0,123162477.0
2006-03-01,1.27,1.28,1.25,1.26,14252399.0,96867699.0
2006-03-02,1.26,1.26,1.21,1.22,20886736.0,138277794.0
2006-03-03,1.22,1.23,1.2,1.22,15489333.0,100863133.0
2006-03-06,1.21,1.24,1.21,1.22,9069964.0,59617545.0
2006-03-07,1.22,1.22,1.17,1.18,11510433.0,73589282.0
2006-03-08,1.17,1.2,1.17,1.19,8753546.0,55516964.0
2006-03-09,1.19,1.19,1.15,1.16,9681956.0,60652953.0
2006-03-10,1.16,1.17,1.15,1.15,10555706.0,65528285.0
2006-03-13,1.15,1.17,1.15,1.17,8684506.0,54041056.0
2006-03-14,1.17,1.17,1.15,1.15,7433603.0,46088059.0
2006-03-15,1.15,1.17,1.15,1.17,5990224.0,37442960.0
2006-03-16,1.17,1.19,1.16,1.17,7651911.0,48290274.0
2006-03-17,1.17,1.17,1.15,1.15,5947756.0,37054921.0
2006-03-20,1.15,1.17,1.14,1.17,6741831.0,42004177.0
2006-03-21,1.17,1.2,1.16,1.18,16267721.0,103448861.0
2006-03-22,1.18,1.19,1.17,1.18,7308055.0,46371830.0
2006-03-23,1.18,1.2,1.18,1.19,9236134.0,59044927.0
2006-03-24,1.19,1.2,1.17,1.17,7166145.0,45433050.0
2006-03-27,1.17,1.18,1.15,1.18,8876903.0,55648503.0
2006-03-28,1.18,1.19,1.18,1.19,9195163.0,58630460.0
2006-03-29,1.19,1.22,1.19,1.21,19039757.0,123464524.0
2006-03-30,1.21,1.22,1.17,1.19,12919177.0,82853546.0
2006-03-31,1.17,1.2,1.17,1.19,10364846.0,65720499.0
2006-04-03,1.18,1.2,1.17,1.19,12597876.0,80419640.0
2006-04-04,1.19,1.23,1.19,1.22,20124252.0,131220018.0
2006-04-05,1.22,1.24,1.21,1.23,19260170.0,127274685.0
2006-04-06,1.23,1.25,1.21,1.21,17804528.0,116712610.0
2006-04-07,1.21,1.22,1.19,1.2,11963006.0,77509179.0
2006-04-10,1.21,1.26,1.21,1.25,20038946.0,133943983.0
2006-04-11,1.25,1.31,1.24,1.29,31212451.0,213419304.0
2006-04-12,1.29,1.29,1.25,1.25,16022060.0,109360605.0
2006-04-13,1.25,1.27,1.23,1.23,15297093.0,102462716.0
2006-04-14,1.23,1.28,1.22,1.28,14024835.0,94447255.0
2006-04-17,1.28,1.29,1.26,1.27,13342339.0,91209827.0
2006-04-18,1.27,1.28,1.25,1.25,10931109.0,73985970.0
2006-04-19,1.26,1.3,1.24,1.28,22136712.0,151203964.0
2006-04-20,1.28,1.29,1.26,1.26,13980110.0,95454391.0
2006-04-21,1.26,1.28,1.25,1.27,17479371.0,119113823.0
2006-04-24,1.27,1.28,1.21,1.21,23766713.0,158330202.0
2006-04-25,1.21,1.21,1.17,1.19,17060363.0,109468957.0
2006-04-26,1.2,1.31,1.2,1.31,22845526.0,158274098.0
2006-04-27,1.36,1.4,1.33,1.37,85852460.0,630296662.0
2006-04-28,1.43,1.51,1.35,1.47,68498093.0,523034642.0
2006-05-08,1.47,1.5,1.43,1.46,41177149.0,324025642.0
2006-05-09,1.47,1.58,1.43,1.56,49556720.0,394876733.0
2006-05-10,1.55,1.61,1.5,1.54,41747767.0,349094608.0
2006-05-11,1.54,1.63,1.52,1.55,45781795.0,390102775.0
2006-05-12,1.55,1.62,1.54,1.59,37563908.0,319976921.0
2006-05-15,1.58,1.62,1.55,1.61,35106447.0,297640092.0
2006-05-16,1.59,1.6,1.5,1.53,35257481.0,291836179.0
2006-05-17,1.53,1.58,1.51,1.53,26521525.0,219569761.0
2006-05-18,1.53,1.54,1.47,1.51,23285729.0,187545328.0
2006-05-19,1.51,1.56,1.49,1.55,25250546.0,208534328.0
2006-05-22,1.54,1.55,1.51,1.53,25645520.0,210183294.0
2006-05-23,1.52,1.52,1.46,1.46,23388148.0,186638855.0
2006-05-24,1.46,1.54,1.46,1.49,26290136.0,211921270.0
2006-05-25,1.49,1.54,1.47,1.53,21102843.0,171703822.0
2006-05-26,1.54,1.67,1.53,1.63,70907528.0,612343275.0
2006-06-12,1.47,1.47,1.47,1.47,2268700.0,17922730.0
2006-06-13,1.32,1.36,1.32,1.32,86724024.0,618648690.0
2006-06-14,1.32,1.34,1.28,1.33,30477297.0,214766014.0
2006-06-16,1.34,1.35,1.32,1.32,29245189.0,208844349.0
2006-06-19,1.31,1.33,1.27,1.32,20085645.0,141334305.0
2006-06-20,1.31,1.33,1.3,1.33,20226315.0,143171450.0
2006-06-21,1.33,1.34,1.32,1.34,23893423.0,171001814.0
2006-06-22,1.34,1.39,1.33,1.38,36133933.0,266218316.0
2006-06-23,1.37,1.37,1.35,1.36,18723688.0,136585602.0
2006-06-27,1.36,1.38,1.36,1.38,20926052.0,153653547.0
2006-06-28,1.38,1.38,1.36,1.36,19449862.0,142650825.0
2006-06-29,1.36,1.39,1.35,1.39,22213409.0,164791271.0
2006-06-30,1.39,1.43,1.39,1.41,22363506.0,169301151.0
2006-07-03,1.41,1.53,1.41,1.51,32548812.0,258392493.0
2006-07-04,1.51,1.52,1.46,1.5,22946586.0,183715176.0
2006-07-05,1.5,1.53,1.49,1.5,26759764.0,216430336.0
2006-07-06,1.5,1.5,1.47,1.48,21130295.0,167413824.0
2006-07-07,1.48,1.48,1.41,1.44,26144709.0,203779011.0
2006-07-19,1.37,1.4,1.31,1.33,12388312.0,89717551.0
2006-07-20,1.33,1.35,1.32,1.33,5990928.0,42991894.0
2006-07-21,1.34,1.37,1.34,1.34,6403408.0,46545465.0
2006-07-24,1.33,1.36,1.31,1.35,4184724.0,30064478.0
2006-07-25,1.35,1.36,1.34,1.35,7054983.0,51096312.0
2006-07-26,1.35,1.35,1.33,1.33,8159783.0,58427282.0
2006-07-27,1.33,1.35,1.3,1.31,14241063.0,101244848.0
2006-07-28,1.31,1.33,1.28,1.3,11125200.0,77385738.0
2006-07-31,1.28,1.29,1.25,1.25,11464067.0,77544802.0
2006-08-01,1.25,1.27,1.23,1.25,6805200.0,45597478.0
2006-08-02,1.25,1.28,1.24,1.27,6441897.0,43451381.0
2006-08-03,1.28,1.28,1.26,1.27,4745556.0,32417880.0
2006-08-04,1.28,1.28,1.24,1.24,4071541.0,27579899.0
2006-08-07,1.24,1.26,1.22,1.22,5402803.0,36052508.0
2006-08-08,1.23,1.27,1.23,1.26,6308664.0,42337877.0
2006-08-09,1.27,1.27,1.25,1.25,3899678.0,26382909.0
2006-08-10,1.25,1.28,1.25,1.28,4779887.0,32607120.0
2006-08-11,1.28,1.28,1.27,1.27,3200139.0,21891417.0
2006-08-14,1.27,1.29,1.26,1.27,6074074.0,41631725.0
2006-08-15,1.27,1.29,1.26,1.28,4683721.0,32108245.0
2006-08-16,1.29,1.31,1.28,1.31,7128341.0,49959270.0
2006-08-17,1.31,1.32,1.29,1.32,5522451.0,38682607.0
2006-08-18,1.32,1.32,1.28,1.29,6761147.0,47248738.0
2006-08-21,1.27,1.32,1.24,1.32,6835390.0,47495778.0
2006-08-22,1.31,1.33,1.31,1.31,5778577.0,40989443.0
2006-08-23,1.31,1.34,1.31,1.31,7103428.0,50492127.0
2006-08-24,1.32,1.32,1.29,1.31,8264996.0,57908686.0
2006-08-25,1.31,1.32,1.3,1.3,3820054.0,26733397.0
2006-08-28,1.3,1.37,1.3,1.36,15935746.0,114795521.0
2006-08-29,1.36,1.38,1.33,1.34,10488529.0,76297695.0
2006-08-30,1.34,1.35,1.33,1.34,5117794.0,36871534.0
2006-08-31,1.34,1.36,1.33,1.35,7203289.0,52130882.0
2006-09-01,1.34,1.35,1.3,1.31,6189579.0,43900416.0
2006-09-04,1.31,1.33,1.31,1.32,4604299.0,32643338.0
2006-09-05,1.32,1.35,1.31,1.33,11325733.0,81033670.0
2006-09-06,1.32,1.33,1.32,1.33,5936118.0,42259942.0
2006-09-07,1.33,1.36,1.32,1.34,13216218.0,95753857.0
2006-09-08,1.34,1.35,1.33,1.35,7639625.0,55096294.0
2006-09-11,1.33,1.39,1.33,1.38,20246635.0,148930477.0
2006-09-12,1.38,1.4,1.37,1.38,13260586.0,98758624.0
2006-09-13,1.38,1.41,1.37,1.38,17360571.0,130265463.0
2006-09-14,1.38,1.43,1.38,1.4,19215542.0,144576330.0
2006-09-15,1.4,1.42,1.39,1.42,19595090.0,148741293.0
2006-09-18,1.43,1.44,1.41,1.42,11921680.0,90988712.0
2006-09-19,1.42,1.46,1.41,1.44,15553289.0,120214181.0
2006-09-20,1.43,1.44,1.42,1.43,8474604.0,65001348.0
2006-09-21,1.43,1.46,1.43,1.44,11019187.0,85330748.0
2006-09-22,1.44,1.45,1.38,1.39,16415420.0,124453096.0
2006-09-25,1.38,1.43,1.38,1.41,10175551.0,76750129.0
2006-09-26,1.41,1.42,1.4,1.41,6416015.0,48444428.0
2006-09-27,1.41,1.5,1.4,1.49,25306138.0,199228111.0
2006-09-28,1.49,1.49,1.46,1.48,15572360.0,123553056.0
2006-09-29,1.48,1.54,1.48,1.52,26377105.0,214527258.0
2006-10-09,1.55,1.63,1.55,1.62,35407242.0,302137421.0
2006-10-13,1.62,1.76,1.61,1.68,54044520.0,489180030.0
2006-10-16,1.68,1.71,1.64,1.65,24645951.0,221181024.0
2006-10-17,1.64,1.69,1.62,1.67,20149021.0,179342843.0
2006-10-18,1.67,1.71,1.65,1.69,17477925.0,158167203.0
2006-10-19,1.69,1.69,1.66,1.67,13070593.0,117801810.0
2006-10-20,1.66,1.7,1.66,1.69,18440445.0,167203645.0
2006-10-23,1.69,1.73,1.66,1.68,24565830.0,224924014.0
2006-10-24,1.68,1.77,1.68,1.75,34873578.0,323768463.0
2006-10-25,1.75,1.8,1.75,1.77,30020980.0,286050328.0
2006-10-26,1.78,1.84,1.75,1.83,41079195.0,399375514.0
2006-10-27,1.82,1.91,1.81,1.82,43165159.0,429461951.0
2006-10-30,1.79,1.83,1.72,1.75,30872772.0,291953919.0
2006-10-31,1.75,1.8,1.74,1.78,21955017.0,209225689.0
2006-11-01,1.78,1.79,1.72,1.73,21191144.0,198877967.0
2006-11-02,1.73,1.74,1.69,1.74,18590416.0,171511742.0
2006-11-03,1.74,1.82,1.72,1.78,24406235.0,233758020.0
2006-11-06,1.75,1.86,1.75,1.84,23225195.0,226980323.0
2006-11-07,1.84,1.89,1.83,1.87,23897307.0,238848824.0
2006-11-08,1.87,1.89,1.84,1.87,26651798.0,267855767.0
2006-11-09,1.86,1.97,1.85,1.95,39046913.0,404885184.0
2006-11-10,1.95,2.0,1.89,1.92,37930198.0,398474609.0
2006-11-13,1.91,1.96,1.86,1.88,22719245.0,233866052.0
2006-11-14,1.89,1.92,1.84,1.87,28472657.0,286451041.0
2006-11-15,1.88,1.94,1.85,1.94,23771158.0,242609592.0
2006-11-16,1.94,1.99,1.92,1.94,32976498.0,347317343.0
2006-11-17,1.94,1.95,1.89,1.91,18036400.0,185432575.0
2006-11-20,1.92,2.01,1.92,2.0,32719951.0,346155166.0
2006-11-21,2.0,2.2,1.95,2.2,82009760.0,932197020.0
2006-11-22,2.21,2.42,2.19,2.4,67891371.0,836698387.0
2006-11-23,2.4,2.45,2.33,2.35,48399487.0,623603352.0
2006-11-24,2.35,2.41,2.28,2.36,41744785.0,524634392.0
2006-11-27,2.34,2.4,2.27,2.34,34337581.0,429537941.0
2006-11-28,2.33,2.36,2.29,2.29,20473058.0,254090239.0
2006-11-29,2.2,2.33,2.2,2.3,29523964.0,358277867.0
2006-11-30,2.31,2.36,2.28,2.35,32717618.0,407057211.0
2006-12-01,2.36,2.38,2.3,2.31,23039510.0,288315482.0
2006-12-04,2.31,2.49,2.27,2.45,42545318.0,550707860.0
2006-12-05,2.45,2.47,2.38,2.41,40779155.0,532345362.0
2006-12-06,2.42,2.51,2.33,2.44,41050172.0,536588439.0
2006-12-07,2.44,2.63,2.44,2.49,53340156.0,728859029.0
2006-12-08,2.44,2.53,2.41,2.45,34047311.0,450406362.0
2006-12-11,2.44,2.56,2.44,2.52,30158134.0,407620706.0
2006-12-12,2.55,2.65,2.52,2.59,40632628.0,565319598.0
2006-12-13,2.61,2.62,2.46,2.5,41228295.0,558764901.0
2006-12-14,2.49,2.53,2.45,2.49,35891253.0,476514502.0
2006-12-15,2.51,2.51,2.41,2.49,29484931.0,389877650.0
2006-12-18,2.49,2.56,2.46,2.53,27334359.0,367086166.0
2006-12-19,2.52,2.63,2.49,2.53,35093911.0,481865286.0
2006-12-20,2.53,2.54,2.46,2.51,18672270.0,250714383.0
2006-12-21,2.51,2.52,2.44,2.45,35803634.0,476466347.0
2006-12-22,2.45,2.49,2.4,2.42,21685306.0,283431821.0
2006-12-25,2.41,2.57,2.4,2.49,38765743.0,520909607.0
2006-12-26,2.49,2.51,2.43,2.46,20186167.0,267769282.0
2006-12-27,2.46,2.59,2.44,2.55,36787477.0,500640419.0
2006-12-28,2.56,2.7,2.55,2.61,53476036.0,754610473.0
2006-12-29,2.63,2.73,2.62,2.69,50242799.0,727135037.0
2007-01-04,2.73,2.85,2.57,2.63,69207082.0,1016722868.0
2007-01-05,2.59,2.59,2.42,2.43,53732890.0,715011004.0
2007-01-08,2.43,2.52,2.42,2.49,31761560.0,421819403.0
2007-01-09,2.49,2.58,2.48,2.57,47968021.0,650410192.0
2007-01-10,2.57,2.65,2.53,2.62,44737422.0,619003214.0
2007-01-11,2.64,2.75,2.62,2.75,40996055.0,599350537.0
2007-01-12,2.81,2.89,2.77,2.89,90902123.0,1399725036.0
2007-01-15,2.89,3.03,2.8,3.03,55236455.0,873682681.0
2007-01-16,3.07,3.19,3.07,3.17,52523640.0,893096126.0
2007-01-17,3.16,3.27,3.05,3.17,45910806.0,779058425.0
2007-01-18,3.16,3.19,3.01,3.01,48969519.0,801280767.0
2007-01-19,3.02,3.16,3.02,3.16,47932790.0,802892924.0
2007-01-22,3.18,3.31,3.18,3.31,54038875.0,958069065.0
2007-01-23,3.26,3.41,3.22,3.37,50369492.0,895826282.0
2007-01-24,3.35,3.44,3.27,3.3,44248617.0,794955323.0
2007-01-25,3.31,3.36,3.23,3.24,48436276.0,861761522.0
2007-01-26,3.39,3.4,3.28,3.4,62425541.0,1127756301.0
2007-01-29,3.52,3.57,3.52,3.57,27014435.0,517616076.0
2007-01-30,3.75,3.75,3.7,3.75,29635567.0,595829416.0
2007-01-31,3.91,3.91,3.56,3.56,73196002.0,1459524478.0
2007-02-01,3.45,3.53,3.38,3.44,66285498.0,1222286994.0
2007-02-02,3.38,3.47,3.27,3.27,39611049.0,709006991.0
2007-02-05,3.22,3.28,3.1,3.11,39927406.0,679882766.0
2007-02-06,3.11,3.26,3.1,3.26,28237726.0,484248900.0
2007-02-07,3.43,3.43,3.43,3.43,5916647.0,108866305.0
2007-02-08,3.43,3.6,3.37,3.56,64727854.0,1225465319.0
2007-02-09,3.57,3.57,3.4,3.42,30926290.0,576342130.0
2007-02-12,3.42,3.59,3.42,3.59,25159809.0,482695233.0
2007-02-13,3.72,3.76,3.61,3.66,24394451.0,482550368.0
2007-02-14,3.7,3.83,3.65,3.83,27999331.0,568001003.0
2007-02-15,3.84,3.94,3.76,3.82,31972344.0,663331467.0
2007-02-16,3.85,3.98,3.83,3.87,27975051.0,587215173.0
2007-02-26,3.8,3.82,3.69,3.76,21393632.0,430798236.0
2007-02-27,3.76,3.87,3.57,3.57,22746641.0,449230072.0
2007-02-28,3.4,3.57,3.4,3.55,43811486.0,808293424.0
2007-03-01,3.54,3.54,3.37,3.37,22927483.0,418404551.0
2007-03-02,3.33,3.42,3.27,3.39,20750706.0,374155488.0
2007-03-05,3.36,3.4,3.22,3.26,31385015.0,553921869.0
2007-03-06,3.26,3.42,3.26,3.42,28507821.0,518521178.0
2007-03-07,3.43,3.52,3.41,3.46,28029635.0,520049140.0
2007-03-08,3.48,3.62,3.46,3.52,18552006.0,352256708.0
2007-03-09,3.52,3.57,3.46,3.53,21954379.0,414411884.0
2007-03-12,3.53,3.54,3.36,3.43,15982161.0,295400560.0
2007-03-13,3.43,3.49,3.42,3.45,13520785.0,251016030.0
2007-03-14,3.41,3.41,3.31,3.35,18252022.0,328372462.0
2007-03-15,3.34,3.43,3.34,3.42,14248334.0,259448785.0
2007-03-16,3.42,3.45,3.34,3.36,18641612.0,339576411.0
2007-03-19,3.31,3.53,3.28,3.53,27595802.0,516975865.0
2007-03-20,3.61,3.61,3.52,3.53,25024333.0,478599982.0
2007-03-21,3.56,3.7,3.55,3.7,35862050.0,706176903.0
2007-03-22,3.78,3.89,3.63,3.71,54898793.0,1121148793.0
2007-03-23,3.66,3.68,3.53,3.61,35862049.0,694815306.0
2007-03-26,3.54,3.6,3.45,3.57,28182462.0,535392774.0
2007-03-27,3.54,3.56,3.49,3.53,23566174.0,445686074.0
2007-03-28,3.52,3.61,3.36,3.55,41538426.0,785154853.0
2007-03-29,3.55,3.73,3.52,3.57,58951589.0,1149695721.0
2007-03-30,3.51,3.54,3.46,3.51,21638160.0,406970917.0
2007-04-02,3.53,3.65,3.53,3.59,31360278.0,609052911.0
2007-04-03,3.59,3.66,3.57,3.6,25328363.0,491256969.0
2007-04-04,3.61,3.76,3.61,3.7,40243715.0,798945733.0
2007-04-05,3.7,3.74,3.64,3.72,29075555.0,575979919.0
2007-04-06,3.66,3.7,3.6,3.64,26554073.0,520492064.0
2007-04-09,3.64,3.72,3.61,3.67,22376321.0,440993000.0
2007-04-10,3.67,3.78,3.65,3.78,34751591.0,698547421.0
2007-04-11,3.78,3.96,3.78,3.96,59411003.0,1259700119.0
2007-04-12,3.98,4.16,3.96,4.16,46382562.0,1025244447.0
2007-04-13,4.23,4.37,4.23,4.37,36148752.0,846929491.0
2007-04-16,4.46,4.56,4.26,4.42,36826020.0,869212459.0
2007-04-17,4.38,4.42,4.2,4.27,35539117.0,817622631.0
2007-04-18,4.26,4.36,4.19,4.28,20469190.0,471600991.0
2007-04-19,4.23,4.29,4.07,4.07,35264191.0,780768608.0
2007-04-20,3.98,4.26,3.98,4.21,22926799.0,513912245.0
2007-04-23,4.22,4.42,4.15,4.42,38138414.0,886722788.0
2007-04-24,4.5,4.52,4.37,4.38,34033433.0,812324939.0
2007-04-25,4.37,4.6,4.29,4.6,45918037.0,1116248133.0
2007-04-26,4.8,4.83,4.69,4.83,47077758.0,1215873563.0
2007-05-08,4.88,5.07,4.88,5.07,25374071.0,689417015.0
2007-05-09,5.21,5.26,4.82,5.1,49926386.0,1357693384.0
2007-05-10,4.99,5.15,4.93,4.99,27752980.0,747504722.0
2007-05-11,4.93,5.23,4.85,5.18,25931276.0,712695424.0
2007-05-25,5.44,5.44,5.43,5.44,47968371.0,1402575292.0
2007-05-28,5.67,5.67,5.32,5.32,60331556.0,1769983181.0
2007-05-29,5.39,5.47,5.22,5.35,44421042.0,1270286926.0
2007-05-30,5.09,5.23,5.09,5.09,50509818.0,1387346889.0
2007-05-31,5.03,5.34,4.9,5.34,90502870.0,2545382596.0
2007-06-20,6.76,6.82,6.28,6.39,130252684.0,4182345222.0
2007-06-21,6.64,7.03,6.4,7.03,68168182.0,2285484674.0
2007-06-22,7.29,7.33,6.92,7.25,78994405.0,2761567354.0
2007-06-25,7.38,7.49,7.04,7.21,66012025.0,2324185978.0
2007-06-27,6.49,6.92,6.49,6.6,75775141.0,2446555671.0
2007-06-28,6.45,6.63,6.15,6.17,52116542.0,1617433934.0
2007-06-29,6.1,6.14,5.58,5.64,48968722.0,1410757781.0
2007-07-02,5.49,5.71,5.44,5.61,32376147.0,875614738.0
2007-07-03,5.64,5.77,5.48,5.58,25253297.0,693645138.0
2007-07-04,5.62,5.64,5.35,5.37,24396028.0,652710615.0
2007-07-05,5.26,5.5,5.15,5.16,37158795.0,971989930.0
2007-07-06,5.22,5.55,5.2,5.53,44071420.0,1166873402.0
2007-07-09,5.59,5.84,5.53,5.76,27259521.0,760716250.0
2007-07-10,5.74,6.01,5.74,5.83,33547092.0,964135139.0
2007-07-11,5.82,5.87,5.74,5.76,11424753.0,322761756.0
2007-07-12,5.79,5.97,5.79,5.89,15205761.0,437502706.0
2007-07-13,5.94,5.94,5.74,5.81,7528854.0,212984504.0
2007-07-16,5.78,5.78,5.43,5.44,17613547.0,478271847.0
2007-07-17,5.61,5.98,5.57,5.97,32957137.0,931946089.0
2007-07-18,5.94,6.39,5.86,6.19,56388959.0,1703256383.0
2007-07-19,6.12,6.41,6.08,6.24,30302852.0,932526475.0
2007-07-23,6.84,6.84,6.51,6.75,52801621.0,1728640597.0
2007-07-24,6.76,7.1,6.66,6.83,34924283.0,1177780926.0
2007-07-25,6.83,7.25,6.83,7.21,34852682.0,1207820783.0
2007-07-26,7.17,7.27,7.12,7.17,26751068.0,939092013.0
2007-07-27,7.12,7.14,6.86,6.93,33739135.0,1148577927.0
2007-07-30,6.9,7.19,6.88,7.01,24488239.0,844941681.0
2007-07-31,6.93,7.46,6.89,7.42,41820351.0,1479465821.0
2007-08-01,7.42,7.6,7.05,7.17,29143344.0,1042756522.0
2007-08-02,7.23,7.75,7.23,7.72,39658389.0,1452566158.0
2007-08-03,7.78,8.1,7.76,8.01,43827170.0,1706257556.0
2007-08-06,7.99,8.17,7.84,8.03,25817796.0,1005318357.0
2007-08-07,7.98,8.08,7.84,8.01,15632214.0,608291771.0
2007-08-08,7.84,8.3,7.78,7.95,26142523.0,1027444228.0
2007-08-09,7.95,8.21,7.89,8.2,30803008.0,1224242014.0
2007-08-10,8.15,8.21,7.88,7.99,18578181.0,728871708.0
2007-08-13,7.89,8.19,7.78,8.01,26055802.0,1013334165.0
2007-08-14,8.03,8.06,7.58,7.86,34927384.0,1320118849.0
2007-08-15,7.87,7.98,7.67,7.78,24604524.0,936157977.0
2007-08-16,7.79,7.79,7.33,7.42,38534807.0,1417127667.0
2007-08-17,7.37,7.56,7.04,7.14,42068519.0,1492587979.0
2007-08-20,7.37,7.81,7.37,7.76,36638584.0,1371154958.0
2007-08-21,7.88,8.04,7.72,7.9,33599021.0,1299416165.0
2007-08-22,7.75,8.11,7.71,7.9,31534169.0,1224443914.0
2007-08-23,7.87,7.95,7.72,7.86,26457769.0,1004795787.0
2007-08-24,7.85,8.2,7.82,8.11,38945697.0,1538402541.0
2007-08-27,8.11,8.37,7.87,8.03,27509618.0,1093845571.0
2007-08-28,7.89,7.95,7.68,7.78,31333584.0,1187909758.0
2007-08-29,7.68,7.72,7.5,7.55,26720876.0,989245420.0
2007-08-30,7.64,7.8,7.49,7.72,24682722.0,918011622.0
2007-08-31,7.71,7.8,7.57,7.78,17383461.0,655288081.0
2007-09-03,7.8,7.9,7.75,7.76,19369706.0,741200572.0
2007-09-04,7.75,7.75,7.52,7.58,23152879.0,865134277.0
2007-09-05,7.58,7.64,7.38,7.54,21830307.0,799279161.0
2007-09-06,7.58,7.81,7.52,7.62,19072119.0,712622761.0
2007-09-07,7.64,7.78,7.58,7.6,15748450.0,588261723.0
2007-09-10,7.49,7.76,7.41,7.69,16844567.0,626875802.0
2007-09-11,7.66,7.76,7.35,7.35,19623064.0,723824770.0
2007-09-12,7.25,7.43,7.08,7.28,16118919.0,569745209.0
2007-09-13,7.29,7.55,7.23,7.55,14645985.0,527528945.0
2007-09-14,7.56,7.61,7.34,7.45,13848825.0,505725230.0
2007-09-17,7.65,7.65,7.41,7.46,13577318.0,498729300.0
2007-09-18,7.49,7.55,7.16,7.23,19907099.0,707943135.0
2007-09-19,7.28,7.53,7.28,7.41,19033887.0,691880565.0
2007-09-20,7.41,7.54,7.36,7.37,13596616.0,494855226.0
2007-09-21,7.37,7.45,7.17,7.41,15811498.0,560067395.0
2007-09-24,7.4,7.81,7.31,7.81,24330316.0,910931751.0
2007-09-25,7.83,7.89,7.64,7.67,14770547.0,558946003.0
2007-09-26,7.6,8.01,7.58,7.79,28547625.0,1104154682.0
2007-09-27,7.78,8.03,7.76,7.95,24267706.0,943870239.0
2007-09-28,8.01,8.25,8.01,8.19,35294443.0,1408135980.0
2007-10-08,8.5,8.73,8.32,8.53,27622941.0,1153482332.0
2007-10-09,8.42,8.65,8.32,8.37,14521710.0,598597423.0
2007-10-10,8.37,8.72,8.17,8.19,21037971.0,869430725.0
2007-10-11,8.18,8.45,8.09,8.4,15702791.0,636738771.0
2007-10-12,8.46,8.48,7.8,8.07,18695556.0,736596693.0
2007-10-15,8.19,8.34,7.93,8.15,21236449.0,844443379.0
2007-10-16,8.21,8.71,8.14,8.59,27901240.0,1149469520.0
2007-10-17,8.56,8.86,8.39,8.57,20107745.0,852784248.0
2007-10-18,8.6,8.64,8.09,8.09,18733211.0,752555151.0
2007-10-19,8.19,8.4,7.99,8.15,10040026.0,403075689.0
2007-10-22,8.11,8.32,7.89,8.15,12744208.0,504347192.0
2007-10-23,8.21,8.48,8.2,8.42,17013974.0,693256937.0
2007-10-24,8.46,8.83,8.45,8.56,25049771.0,1062998830.0
2007-10-25,8.58,8.81,8.37,8.42,21924523.0,919352960.0
2007-10-26,8.54,9.24,8.52,9.13,34751791.0,1509456598.0
2007-10-29,9.2,9.75,9.13,9.27,34200252.0,1578727386.0
2007-10-30,9.27,9.34,9.05,9.24,18812002.0,842647756.0
2007-10-31,9.42,10.0,9.28,9.84,30969678.0,1440424750.0
2007-11-01,9.65,10.03,9.63,9.67,22331877.0,1072296819.0
2007-11-02,9.46,9.81,9.22,9.32,18146154.0,841694062.0
2007-11-05,9.22,9.46,8.91,8.96,16283298.0,730234416.0
2007-11-06,8.83,9.09,8.73,8.9,10391831.0,451763965.0
2007-11-07,9.0,9.14,8.74,9.14,9763222.0,427142787.0
2007-11-08,9.06,9.07,8.66,8.71,13417110.0,581040192.0
2007-11-09,8.64,8.93,8.56,8.66,10562545.0,451231358.0
2007-11-12,8.51,8.7,8.38,8.54,12881574.0,536234856.0
2007-11-13,8.68,8.79,8.14,8.19,21374596.0,873836819.0
2007-11-14,8.42,8.46,8.06,8.4,19607313.0,788767835.0
2007-11-15,8.34,8.5,8.15,8.3,16561797.0,673806082.0
2007-11-16,8.17,8.19,7.86,7.91,17753002.0,691470950.0
2007-11-19,7.97,8.04,7.7,7.75,12969870.0,494762856.0
2007-11-20,7.66,8.01,7.56,8.01,16355434.0,617752038.0
2007-11-21,8.02,8.06,7.6,7.74,22370406.0,853682407.0
2007-11-22,7.54,7.79,7.35,7.36,11939746.0,438673166.0
2007-11-23,7.35,7.64,7.33,7.58,12601691.0,461108155.0
2007-11-26,7.7,7.74,7.42,7.43,13020932.0,482552754.0
2007-11-27,7.35,7.47,7.17,7.19,12374205.0,441296943.0
2007-11-28,7.2,7.25,6.88,7.01,20926523.0,725442944.0
2007-11-29,7.17,7.6,7.13,7.59,30497058.0,1097701473.0
2007-11-30,7.58,7.58,7.37,7.39,14948658.0,545215949.0
2007-12-03,7.7,8.13,7.58,7.84,33351253.0,1281146399.0
2007-12-04,7.95,8.13,7.84,7.88,23081893.0,900748943.0
2007-12-05,7.88,8.11,7.82,8.07,16592582.0,648699950.0
2007-12-06,8.1,8.18,7.94,8.04,12144228.0,478345955.0
2007-12-07,8.04,8.21,8.04,8.15,13334078.0,529860714.0
2007-12-10,7.94,8.06,7.89,8.01,30603151.0,1190791707.0
2007-12-11,8.07,8.21,7.78,7.93,27425217.0,1067083042.0
2007-12-12,7.87,7.87,7.48,7.57,33681263.0,1253047643.0
2007-12-13,7.54,7.64,7.49,7.52,19899504.0,734574435.0
2007-12-14,7.48,7.65,7.38,7.64,18426529.0,673349045.0
2007-12-17,7.58,7.58,7.23,7.23,15084511.0,541917440.0
2007-12-18,7.2,7.42,7.16,7.32,12560989.0,447961338.0
2007-12-20,7.52,7.58,7.41,7.52,18196821.0,666067359.0
2007-12-21,7.46,7.64,7.43,7.53,29041825.0,1068493417.0
2007-12-24,7.58,7.82,7.55,7.79,23935083.0,896900395.0
2007-12-25,7.81,7.9,7.74,7.79,18519447.0,708107813.0
2007-12-26,7.78,7.9,7.68,7.72,16491463.0,625417842.0
2007-12-27,7.74,8.03,7.58,7.99,36721582.0,1403599322.0
2007-12-28,7.97,8.04,7.91,7.91,26156728.0,1019671351.0
2008-01-02,7.89,7.93,7.71,7.78,20052473.0,763465693.0
2008-01-03,7.78,7.8,7.48,7.65,27564831.0,1023422992.0
2008-01-04,7.66,7.93,7.66,7.86,19870438.0,762161143.0
2008-01-07,7.82,8.15,7.78,8.02,31514015.0,1236910298.0
2008-01-08,8.07,8.47,8.07,8.27,49992445.0,2029248375.0
2008-01-09,8.27,8.44,8.27,8.42,19249479.0,786313028.0
2008-01-10,8.46,8.7,8.32,8.59,24469958.0,1016737570.0
2008-01-11,8.58,9.11,8.56,9.03,35843020.0,1555168244.0
2008-01-14,9.04,9.05,8.81,8.9,20857080.0,911745204.0
2008-01-15,8.9,9.01,8.6,8.61,17704050.0,760841733.0
2008-01-16,8.46,8.55,8.13,8.15,30123006.0,1216729636.0
2008-01-17,8.09,8.47,7.97,8.38,24076153.0,964622905.0
2008-01-18,8.4,8.54,8.25,8.38,11558553.0,474717899.0
2008-01-21,8.3,8.36,7.66,7.74,21187522.0,823186954.0
2008-01-22,7.54,7.82,7.15,7.33,26457135.0,962125424.0
2008-01-23,7.54,7.76,7.41,7.74,21565431.0,802576505.0
2008-01-24,7.88,7.88,7.41,7.66,18302062.0,682211328.0
2008-01-25,7.58,8.0,7.44,7.8,17885973.0,675607464.0
2008-01-28,7.68,7.7,7.25,7.26,12042490.0,437361332.0
2008-01-29,7.33,7.52,7.16,7.32,9887327.0,352020169.0
2008-01-30,7.46,7.48,6.72,6.95,19531760.0,677674213.0
2008-01-31,6.97,7.11,6.8,6.82,15679243.0,532842871.0
2008-02-01,6.87,7.27,6.76,7.08,15547731.0,536802113.0
2008-02-04,7.35,7.79,7.35,7.77,24883405.0,931200829.0
2008-02-05,7.78,7.84,7.59,7.64,10076306.0,380401156.0
2008-02-13,7.48,7.57,7.38,7.45,4539728.0,165790283.0
2008-02-14,7.55,7.65,7.54,7.58,4347812.0,161568573.0
2008-02-15,7.53,7.53,7.23,7.39,6990423.0,250463811.0
2008-02-18,7.51,7.55,7.38,7.47,8387170.0,306414573.0
2008-02-19,7.53,7.66,7.41,7.64,11073467.0,405380855.0
2008-02-20,7.58,7.62,7.08,7.13,40262356.0,1419914192.0
2008-02-21,7.15,7.16,6.82,6.96,25883847.0,877311409.0
2008-02-22,6.88,6.9,6.49,6.6,22755692.0,739232038.0
2008-02-25,6.56,6.68,6.26,6.29,21110563.0,658642033.0
2008-02-26,6.55,6.61,6.29,6.44,21754748.0,685714527.0
2008-02-27,6.47,6.8,6.47,6.72,18590426.0,607664973.0
2008-02-28,6.76,6.82,6.66,6.72,9632576.0,318004551.0
2008-02-29,6.7,6.85,6.66,6.79,6860431.0,226789980.0
2008-03-03,6.74,6.87,6.53,6.76,34385007.0,1134439844.0
2008-03-04,6.77,6.77,6.08,6.09,93051716.0,2841377417.0
2008-03-05,6.13,6.21,5.8,6.02,30709062.0,899375372.0
2008-03-06,6.04,6.41,6.01,6.21,27566228.0,841079773.0
2008-03-07,6.11,6.35,6.02,6.08,14039600.0,419821388.0
2008-03-10,6.02,6.02,5.59,5.63,27610749.0,773107715.0
2008-03-11,5.54,5.68,5.44,5.53,26149871.0,706947519.0
2008-03-12,5.71,5.73,5.28,5.3,27762925.0,741610438.0
2008-03-13,5.22,5.42,5.18,5.34,25454355.0,658979484.0
2008-03-14,5.33,5.33,5.06,5.1,28678661.0,719480905.0
2008-03-17,5.07,5.28,5.01,5.12,20630924.0,517284829.0
2008-03-18,5.12,5.32,5.04,5.16,25803284.0,651083603.0
2008-03-19,5.35,5.58,5.3,5.53,32823978.0,871755609.0
2008-03-20,5.26,6.02,5.04,5.94,47922708.0,1326190789.0
2008-03-21,5.89,5.97,5.71,5.8,28001818.0,801884055.0
2008-03-24,5.83,5.89,5.43,5.43,17875188.0,488004034.0
2008-03-25,5.34,5.7,5.27,5.63,23801815.0,636462493.0
2008-03-26,5.67,5.93,5.63,5.71,23280296.0,658557258.0
2008-03-27,5.6,5.81,5.53,5.63,21298116.0,591752652.0
2008-03-28,5.55,6.05,5.39,5.95,46300692.0,1317889106.0
2008-03-31,5.72,5.95,5.68,5.78,21667078.0,615586190.0
2008-04-01,5.74,5.97,5.53,5.72,30186231.0,854289487.0
2008-04-02,5.85,6.14,5.74,5.92,43599162.0,1265319128.0
2008-04-03,5.84,6.0,5.68,5.99,23375837.0,668824109.0
2008-04-07,5.93,6.22,5.85,6.14,25576906.0,759409718.0
2008-04-08,6.17,6.17,5.92,6.08,20170024.0,595111332.0
2008-04-09,5.96,6.02,5.66,5.68,26314042.0,751083795.0
2008-04-10,5.68,5.78,5.54,5.75,18071758.0,500369733.0
2008-04-11,5.86,5.92,5.74,5.84,12228299.0,346391233.0
2008-04-14,5.69,5.74,5.25,5.25,22241733.0,586425889.0
2008-04-15,5.22,5.26,4.98,5.24,16833730.0,417869371.0
2008-04-16,5.2,5.29,5.09,5.09,15123700.0,382049503.0
2008-04-17,5.05,5.24,4.67,4.75,25121721.0,599452189.0
2008-04-18,4.67,4.82,4.51,4.68,15742948.0,358581267.0
2008-04-21,5.08,5.08,4.56,4.59,28200987.0,658192739.0
2008-04-22,4.55,4.87,4.4,4.82,23957040.0,544237527.0
2008-04-23,4.79,5.15,4.76,5.12,24528121.0,601125239.0
2008-04-24,5.62,5.63,5.45,5.63,49454643.0,1348041194.0
2008-04-25,5.65,5.93,5.53,5.72,39189251.0,1099907099.0
2008-04-28,5.61,5.77,5.55,5.7,20070757.0,556851982.0
2008-04-29,5.67,5.79,5.63,5.72,15081118.0,422900020.0
2008-04-30,5.74,6.14,5.74,6.07,30875968.0,902970516.0
2008-05-05,6.1,6.18,5.93,6.07,23730439.0,699203053.0
2008-05-06,5.96,6.01,5.84,5.88,19056215.0,550140868.0
2008-05-07,5.86,5.95,5.51,5.51,30220487.0,840335457.0
2008-05-08,5.43,5.65,5.31,5.64,17947774.0,481840840.0
2008-05-09,5.65,5.7,5.28,5.34,32322191.0,853456155.0
2008-05-12,5.24,5.6,5.14,5.5,21832917.0,568819304.0
2008-05-13,5.33,5.47,5.3,5.36,19155322.0,502046983.0
2008-05-14,5.34,5.73,5.34,5.71,22140581.0,604388926.0
2008-05-15,5.79,5.83,5.57,5.57,15454360.0,431630237.0
2008-05-16,5.57,5.74,5.57,5.68,16571754.0,457886466.0
2008-05-19,5.63,5.77,5.57,5.74,13026267.0,363248633.0
2008-05-20,5.74,5.81,5.33,5.36,15256881.0,417147705.0
2008-05-21,5.29,5.48,5.2,5.41,14083501.0,363837640.0
2008-05-22,5.35,5.44,5.23,5.26,14851410.0,384939537.0
2008-05-23,5.26,5.35,5.14,5.22,11565388.0,296325925.0
2008-05-26,5.12,5.17,4.95,5.09,13153037.0,325161401.0
2008-05-27,5.1,5.18,5.05,5.12,5844609.0,145988634.0
2008-05-28,5.13,5.41,5.12,5.36,12619931.0,325909399.0
2008-05-29,5.32,5.35,5.1,5.11,7862650.0,201982007.0
2008-05-30,5.17,5.24,5.1,5.17,8133357.0,204994976.0
2008-06-02,5.17,5.34,5.09,5.3,14623899.0,371610950.0
2008-06-03,5.26,5.35,5.17,5.21,8044111.0,206197424.0
2008-06-04,5.2,5.26,5.04,5.24,9670587.0,242826866.0
2008-06-05,5.17,5.24,5.1,5.16,7901501.0,198896314.0
2008-06-06,5.18,5.21,5.05,5.07,7634001.0,190255200.0
2008-06-10,4.77,4.77,4.56,4.56,17527141.0,396986165.0
2008-06-11,4.48,4.54,4.33,4.34,18995264.0,410763541.0
2008-06-13,4.32,4.38,4.23,4.34,14290813.0,300625998.0
2008-06-16,4.35,4.53,4.28,4.42,10627305.0,228695985.0
2008-06-17,4.39,4.48,4.28,4.34,11178552.0,238013318.0
2008-06-18,4.3,4.56,4.23,4.52,17811935.0,385958299.0
2008-06-19,4.5,4.54,4.1,4.14,15358741.0,327375904.0
2008-06-20,4.09,4.54,4.08,4.3,19909047.0,423584479.0
2008-06-23,4.34,4.48,4.3,4.39,12773789.0,274218141.0
2008-06-24,4.28,4.49,4.24,4.41,17355432.0,371483322.0
2008-06-25,4.34,4.54,4.27,4.49,33998563.0,735661456.0
2008-06-26,4.43,4.57,4.36,4.42,25886924.0,563796633.0
2008-06-27,4.27,4.27,3.98,3.98,45600137.0,903065847.0
2008-06-30,3.9,4.04,3.9,3.96,18748959.0,361839838.0
2008-07-01,3.96,3.99,3.77,3.84,21972982.0,413741740.0
2008-07-02,3.82,3.88,3.78,3.83,10492748.0,195999224.0
2008-07-03,3.79,3.98,3.64,3.88,16808785.0,313262865.0
2008-07-04,3.93,3.96,3.89,3.9,14608876.0,278948916.0
2008-07-07,3.92,4.18,3.91,4.17,17193599.0,343651400.0
2008-07-08,4.19,4.22,4.1,4.13,12175823.0,245832075.0
2008-07-09,4.18,4.46,4.18,4.36,23275615.0,494841942.0
2008-07-10,4.28,4.5,4.25,4.35,16263534.0,348748279.0
2008-07-11,4.35,4.39,4.21,4.28,9422513.0,196647902.0
2008-07-14,4.18,4.37,4.17,4.33,9246602.0,194173156.0
2008-07-15,4.34,4.35,4.05,4.07,15070962.0,304248662.0
2008-07-16,4.01,4.01,3.73,3.85,15023373.0,284146412.0
2008-07-17,3.94,3.96,3.78,3.82,10090353.0,190898878.0
2008-07-18,3.91,3.97,3.79,3.97,16424095.0,312376277.0
2008-07-21,3.91,4.09,3.89,4.07,12947334.0,254927988.0
2008-07-22,4.08,4.15,4.06,4.08,6544650.0,130773605.0
2008-07-23,4.13,4.2,4.02,4.05,8631436.0,173514746.0
2008-07-24,4.09,4.27,3.91,4.26,20512131.0,418890809.0
2008-07-25,4.18,4.39,4.15,4.32,22351323.0,470310099.0
2008-07-28,4.37,4.53,4.35,4.47,27212752.0,595038363.0
2008-07-29,4.36,4.41,4.3,4.35,10577427.0,224814301.0
2008-07-30,4.43,4.47,4.34,4.41,10733509.0,230508691.0
2008-07-31,4.38,4.41,4.26,4.26,10316822.0,218859990.0
2008-08-01,4.25,4.57,4.22,4.48,14167331.0,304838658.0
2008-08-04,4.42,4.53,4.39,4.39,13620809.0,297606906.0
2008-08-05,4.44,4.5,4.29,4.3,13761518.0,295564704.0
2008-08-06,4.34,4.42,4.17,4.27,10367490.0,217979426.0
2008-08-07,4.24,4.34,4.2,4.29,7491428.0,156494446.0
2008-08-08,4.28,4.28,4.09,4.1,9303355.0,189331718.0
2008-08-11,4.1,4.24,3.93,3.95,9938972.0,197994221.0
2008-08-12,3.94,4.01,3.91,3.95,7730797.0,149263464.0
2008-08-13,3.94,3.99,3.83,3.95,7040456.0,133439057.0
2008-08-14,3.9,3.99,3.86,3.95,3202969.0,61442319.0
2008-08-15,3.96,4.07,3.87,4.01,7281591.0,142601763.0
2008-08-18,4.02,4.05,3.89,3.9,7740958.0,150178736.0
2008-08-19,3.88,4.04,3.83,3.94,4432379.0,85448459.0
2008-08-20,3.92,4.32,3.9,4.27,17558719.0,357636983.0
2008-08-21,4.3,4.3,4.1,4.14,8331330.0,170344984.0
2008-08-22,4.13,4.17,4.0,4.08,6420982.0,127911319.0
2008-08-25,4.1,4.19,4.01,4.13,7999602.0,161250530.0
2008-08-26,4.07,4.17,4.04,4.1,8055195.0,161453055.0
2008-08-27,4.09,4.17,4.04,4.09,6792051.0,136582335.0
2008-08-28,4.09,4.19,4.06,4.11,7265713.0,146549350.0
2008-08-29,4.14,4.22,4.07,4.14,15302998.0,309625664.0
2008-09-01,4.12,4.12,3.88,3.88,11032846.0,213113048.0
2008-09-02,3.87,3.91,3.79,3.83,11106084.0,208084692.0
2008-09-03,3.83,3.84,3.68,3.72,8582486.0,156530589.0
2008-09-04,3.72,3.79,3.67,3.75,5238821.0,94909186.0
2008-09-05,3.67,3.79,3.62,3.74,10625396.0,191459024.0
2008-09-08,3.81,3.81,3.58,3.62,6171235.0,110649603.0
2008-09-09,3.65,3.66,3.56,3.57,7871995.0,138427970.0
2008-09-10,3.56,3.62,3.46,3.52,6220651.0,107032599.0
2008-09-11,3.52,3.52,3.28,3.3,9413327.0,154977360.0
2008-09-12,3.3,3.36,3.25,3.28,4854249.0,78310532.0
2008-09-16,3.22,3.22,2.95,2.95,27883392.0,403052197.0
2008-09-17,2.85,2.9,2.65,2.68,29809021.0,394824114.0
2008-09-18,2.56,2.86,2.54,2.72,29019241.0,374958743.0
2008-09-19,3.0,3.0,2.97,3.0,11136764.0,162823430.0
2008-09-22,3.29,3.3,3.09,3.3,60346739.0,965465798.0
2008-09-23,3.15,3.25,3.07,3.09,20571693.0,316776916.0
2008-09-24,3.01,3.04,2.94,3.01,19568613.0,286085933.0
2008-09-25,3.03,3.21,3.01,3.14,24620104.0,375387844.0
2008-09-26,3.18,3.19,2.95,3.07,25302827.0,376995238.0
2008-10-06,3.03,3.03,2.76,2.85,29675771.0,414885326.0
2008-10-07,2.73,2.94,2.7,2.87,19088611.0,263179265.0
2008-10-08,2.72,2.77,2.61,2.7,30044517.0,395906964.0
2008-10-09,2.79,2.79,2.63,2.66,15857376.0,208970240.0
2008-10-10,2.54,2.57,2.45,2.47,15885640.0,194138953.0
2008-10-13,2.5,2.72,2.48,2.72,51112279.0,662164809.0
2008-10-14,2.84,2.88,2.69,2.7,50409608.0,691503093.0
2008-10-16,2.57,2.62,2.49,2.54,25859654.0,323126885.0
2008-10-17,2.57,2.64,2.54,2.64,18829992.0,238347950.0
2008-10-20,2.62,2.83,2.58,2.78,15201682.0,201089270.0
2008-10-21,2.79,2.84,2.72,2.72,15051568.0,204932801.0
2008-10-22,2.67,2.79,2.66,2.69,13697794.0,182835543.0
2008-10-23,2.62,2.62,2.44,2.57,35768548.0,438513600.0
2008-10-24,2.57,2.59,2.43,2.46,28775096.0,350582208.0
2008-10-27,2.39,2.4,2.22,2.22,30655300.0,342612512.0
2008-10-28,2.15,2.41,2.13,2.35,41883820.0,470876544.0
2008-10-29,2.39,2.39,2.25,2.26,28227916.0,319639488.0
2008-10-30,2.25,2.37,2.23,2.32,34201992.0,387916896.0
2008-10-31,2.32,2.34,2.22,2.24,24405444.0,208945376.0
2008-11-03,2.2,2.31,2.18,2.24,20198124.0,170813008.0
2008-11-04,2.22,2.26,2.14,2.23,19527612.0,161018400.0
2008-11-05,2.26,2.44,2.25,2.36,47262232.0,416404736.0
2008-11-06,2.27,2.31,2.23,2.25,23361786.0,197855632.0
2008-11-07,2.21,2.4,2.19,2.35,31894458.0,278272192.0
2008-11-10,2.43,2.58,2.4,2.58,56584864.0,531007200.0
2008-11-11,2.55,2.64,2.51,2.54,51500032.0,496466912.0
2008-11-12,2.5,2.64,2.49,2.61,36471064.0,354006368.0
2008-11-13,2.56,2.79,2.53,2.75,64883600.0,646979328.0
2008-11-14,2.78,2.87,2.71,2.84,68860608.0,718879424.0
2008-11-17,2.83,2.95,2.78,2.94,65175408.0,701432832.0
2008-11-18,2.91,3.03,2.65,2.7,72660512.0,774392896.0
2008-11-19,2.7,2.95,2.68,2.93,54566248.0,575104256.0
2008-11-20,2.85,2.92,2.77,2.81,61133936.0,648795008.0
2008-11-21,2.7,2.85,2.63,2.73,54656808.0,558293312.0
2008-11-24,2.73,2.74,2.6,2.61,45110664.0,446222080.0
2008-11-25,2.68,2.69,2.53,2.58,37093708.0,362505952.0
2008-11-26,2.59,2.59,2.48,2.54,31366296.0,298018080.0
2008-11-27,2.7,2.72,2.52,2.53,83405616.0,819263360.0
2008-11-28,2.49,2.49,2.35,2.4,49514180.0,445436160.0
2008-12-01,2.37,2.45,2.37,2.44,31861070.0,287548160.0
2008-12-02,2.37,2.45,2.35,2.44,34089364.0,307018592.0
2008-12-03,2.48,2.58,2.47,2.58,86389888.0,818587776.0
2008-12-04,2.67,2.79,2.64,2.67,117416872.0,1195770112.0
2008-12-05,2.66,2.77,2.66,2.75,67229776.0,686355904.0
2008-12-08,2.83,2.93,2.81,2.9,87382864.0,941639808.0
2008-12-09,2.94,2.94,2.78,2.78,69102992.0,738684800.0
2008-12-10,2.79,3.03,2.79,3.0,101726064.0,1107176448.0
2008-12-11,2.94,3.02,2.88,2.89,67510032.0,743099840.0
2008-12-12,2.84,2.87,2.69,2.73,49130136.0,509399616.0
2008-12-15,2.81,2.83,2.62,2.73,55898860.0,566912640.0
2008-12-16,2.69,2.73,2.6,2.71,40333588.0,402624512.0
2008-12-17,2.73,2.75,2.64,2.68,51809248.0,522745216.0
2008-12-18,2.68,2.84,2.64,2.83,62334396.0,646179712.0
2008-12-19,2.8,2.89,2.79,2.81,55108832.0,585389824.0
2008-12-22,2.8,2.83,2.72,2.75,34056208.0,352120672.0
2008-12-23,2.75,2.83,2.67,2.72,50569216.0,517378336.0
2008-12-24,2.66,2.77,2.65,2.7,34603492.0,351841920.0
2008-12-25,2.74,2.74,2.58,2.61,30683966.0,305689632.0
2008-12-26,2.6,2.64,2.58,2.6,26588140.0,259658880.0
2008-12-29,2.56,2.57,2.46,2.53,27793062.0,260911104.0
2008-12-30,2.53,2.57,2.49,2.54,32719300.0,310284256.0
2008-12-31,2.55,2.56,2.48,2.53,23226224.0,219748176.0
2009-01-05,2.56,2.6,2.54,2.59,34082720.0,327584256.0
2009-01-06,2.62,2.79,2.6,2.75,63533036.0,644107968.0
2009-01-07,2.72,2.78,2.67,2.67,61196036.0,622328640.0
2009-01-08,2.6,2.61,2.54,2.56,39257248.0,379270688.0
2009-01-09,2.56,2.65,2.56,2.63,60445728.0,589480448.0
2009-01-12,2.61,2.69,2.58,2.63,41548040.0,409864352.0
2009-01-13,2.37,2.57,2.37,2.53,173070800.0,1592403456.0
2009-01-14,2.48,2.74,2.48,2.72,76532472.0,752488576.0
2009-01-15,2.67,2.83,2.66,2.75,89501440.0,928498880.0
2009-01-16,2.76,2.92,2.76,2.84,66437036.0,710657408.0
2009-01-19,2.84,3.03,2.84,2.97,93633488.0,1046119936.0
2009-01-20,2.96,3.04,2.94,3.03,47297472.0,532378880.0
2009-01-21,2.98,3.26,2.94,3.15,82445600.0,965184768.0
2009-01-22,3.15,3.2,3.04,3.15,46940960.0,549913024.0
2009-01-23,3.09,3.19,3.09,3.11,34571256.0,406089408.0
2009-02-02,3.14,3.2,3.07,3.11,32974936.0,386448384.0
2009-02-03,3.11,3.22,3.1,3.19,36864028.0,438563936.0
2009-02-04,3.21,3.51,3.21,3.48,54095164.0,687869120.0
2009-02-05,3.49,3.53,3.37,3.42,37342848.0,483389216.0
2009-02-06,3.42,3.59,3.42,3.52,32469802.0,427737248.0
2009-02-09,3.59,3.75,3.59,3.67,47428272.0,652256448.0
2009-02-10,3.63,3.69,3.52,3.65,53370564.0,719521472.0
2009-02-11,3.6,3.81,3.49,3.69,82219312.0,1112270080.0
2009-02-12,3.7,3.7,3.44,3.55,55995692.0,741834816.0
2009-02-13,3.51,3.66,3.47,3.63,51296008.0,689403072.0
2009-02-16,3.65,3.85,3.65,3.83,69180968.0,973517952.0
2009-02-17,3.83,4.02,3.71,3.84,72735160.0,1053926144.0
2009-02-18,3.79,3.98,3.66,3.74,97747552.0,1383613312.0
2009-02-19,3.74,3.79,3.47,3.59,63473556.0,861836672.0
2009-02-20,3.55,3.65,3.5,3.64,40842992.0,549270144.0
2009-02-23,3.6,4.0,3.58,4.0,69336560.0,1001283968.0
2009-02-25,3.85,4.27,3.69,4.05,143462608.0,2090937472.0
2009-02-26,3.95,4.07,3.64,3.69,87113776.0,1250457472.0
2009-03-02,3.53,3.79,3.47,3.74,59278180.0,801972736.0
2009-03-03,3.58,3.73,3.57,3.61,29564234.0,403854592.0
2009-03-04,3.63,3.97,3.63,3.96,67897936.0,979017344.0
2009-03-05,3.99,4.21,3.92,4.05,91314312.0,1382553984.0
2009-03-06,3.94,4.1,3.93,4.0,45439592.0,683511168.0
2009-03-09,4.08,4.19,3.88,3.92,56138188.0,851579584.0
2009-03-10,3.86,3.97,3.82,3.97,25137584.0,367283936.0
2009-03-11,4.11,4.14,3.91,3.92,45120024.0,682414336.0
2009-03-12,3.92,4.05,3.85,4.04,34793356.0,514788832.0
2009-03-13,4.05,4.08,3.95,3.96,26856230.0,403403840.0
2009-03-16,3.93,4.11,3.87,4.07,41565144.0,625111104.0
2009-03-17,4.05,4.29,4.02,4.24,66010096.0,1034028288.0
2009-03-18,4.27,4.29,4.18,4.2,53778472.0,851286464.0
2009-03-19,4.2,4.26,4.08,4.22,57050540.0,891205120.0
2009-03-20,4.14,4.18,4.01,4.09,63737660.0,974719552.0
2009-03-23,4.04,4.18,4.04,4.17,71122744.0,1096019712.0
2009-03-24,4.23,4.33,4.18,4.18,84296480.0,1342706304.0
2009-03-25,4.15,4.29,4.14,4.22,48814832.0,773482624.0
2009-03-26,4.23,4.43,4.19,4.41,71702776.0,1161662464.0
2009-03-27,4.41,4.45,4.33,4.37,38755128.0,635156672.0
2009-03-30,4.38,4.4,4.23,4.28,40576760.0,650878080.0
2009-03-31,4.19,4.3,4.15,4.26,32344848.0,509961184.0
2009-04-01,4.27,4.41,4.27,4.33,40323900.0,653598016.0
2009-04-02,4.33,4.5,4.33,4.46,56585360.0,943747264.0
2009-04-03,4.49,4.6,4.43,4.47,60770480.0,1025483072.0
2009-04-07,4.47,4.59,4.4,4.45,32679460.0,548561536.0
2009-04-08,4.42,4.51,4.28,4.29,44819964.0,736657216.0
2009-04-09,4.29,4.38,4.28,4.37,30797570.0,499445888.0
2009-04-10,4.41,4.44,4.34,4.44,32964042.0,543590656.0
2009-04-13,4.45,4.5,4.41,4.47,33386720.0,556322496.0
2009-04-14,4.44,4.48,4.4,4.45,26497676.0,440280096.0
2009-04-15,4.43,4.44,4.27,4.35,42437780.0,689311808.0
2009-04-16,4.35,4.39,4.26,4.37,40431864.0,654320064.0
2009-04-17,4.33,4.33,4.23,4.24,41670276.0,665845184.0
2009-04-20,4.23,4.32,4.2,4.31,32062704.0,512547648.0
2009-04-21,4.26,4.27,4.13,4.22,35331688.0,556042944.0
2009-04-22,4.23,4.29,4.06,4.08,35164920.0,552663552.0
2009-04-23,4.07,4.12,4.01,4.06,22036412.0,335080480.0
2009-04-24,4.12,4.26,4.08,4.09,34010264.0,531858080.0
2009-04-27,4.05,4.13,4.01,4.05,20666502.0,314098816.0
2009-04-28,4.05,4.2,4.05,4.17,37591696.0,585159168.0
2009-04-29,4.17,4.52,4.16,4.41,58709208.0,955554240.0
2009-04-30,4.38,4.44,4.3,4.36,34225412.0,559033024.0
2009-05-04,4.39,4.52,4.34,4.48,38377788.0,640081728.0
2009-05-05,4.5,4.59,4.46,4.48,31403166.0,531835040.0
2009-05-06,4.46,4.63,4.44,4.61,47128948.0,804699520.0
2009-05-07,4.6,4.82,4.6,4.79,61011412.0,1083382912.0
2009-05-08,4.72,4.88,4.7,4.86,57994600.0,1043097152.0
2009-05-11,4.86,5.13,4.7,4.71,67328848.0,1249003904.0
2009-05-12,4.7,4.81,4.66,4.78,20702638.0,367649728.0
2009-05-13,4.8,4.86,4.72,4.76,23391168.0,418430784.0
2009-05-14,4.75,4.75,4.61,4.65,31501792.0,547898112.0
2009-05-15,4.7,4.71,4.62,4.67,14635163.0,256399248.0
2009-05-19,4.76,4.86,4.76,4.78,29211544.0,524996000.0
2009-05-20,4.79,4.8,4.69,4.7,14042095.0,248650624.0
2009-05-21,4.69,4.71,4.51,4.53,25424044.0,435761376.0
2009-05-22,4.51,4.61,4.45,4.57,23404076.0,395973408.0
2009-05-25,4.5,4.66,4.43,4.59,29555528.0,504422912.0
2009-05-26,4.6,4.63,4.52,4.56,17470400.0,299362592.0
2009-05-27,4.61,4.77,4.61,4.76,34811572.0,615492544.0
2009-06-01,4.83,4.94,4.8,4.89,30023552.0,548654464.0
2009-06-02,4.93,4.99,4.89,4.94,43295688.0,800652352.0
2009-06-03,4.94,5.35,4.94,5.33,64689720.0,1263200512.0
2009-06-04,5.29,5.58,5.26,5.44,61845944.0,1263708672.0
2009-06-05,5.41,5.5,5.3,5.34,34852860.0,703018688.0
2009-06-15,5.88,5.88,5.61,5.88,189638192.0,4087878144.0
2009-06-16,5.74,6.1,5.72,6.03,149976944.0,3349282048.0
2009-06-17,5.98,6.01,5.8,5.93,65222444.0,1438301568.0
2009-06-18,5.89,6.04,5.81,5.85,67096688.0,1484658816.0
2009-06-19,5.84,5.98,5.78,5.89,57987412.0,1275968128.0
2009-06-22,5.9,5.99,5.77,5.9,66308628.0,1465552896.0
2009-06-23,5.8,6.05,5.75,5.9,62469768.0,1377111680.0
2009-06-24,5.84,5.85,5.63,5.72,65715744.0,1407276032.0
2009-06-25,5.72,5.81,5.68,5.71,38351564.0,823792192.0
2009-06-26,5.74,5.8,5.7,5.77,34117352.0,735726144.0
2009-06-30,5.88,5.93,5.77,5.83,41201296.0,904244096.0
2009-07-01,5.82,6.25,5.76,6.21,79857944.0,1808460032.0
2009-07-02,6.2,6.32,6.14,6.22,48942896.0,1142173312.0
2009-07-03,6.13,6.33,6.12,6.3,37641352.0,878856832.0
2009-07-06,6.31,6.55,6.25,6.38,35197420.0,844831232.0
2009-07-07,6.35,6.35,6.04,6.09,51727656.0,1195541504.0
2009-07-08,5.98,6.1,5.89,6.03,37557136.0,840308608.0
2009-07-09,6.03,6.08,5.92,6.05,31959324.0,716148672.0
2009-07-10,6.06,6.16,6.01,6.08,29477416.0,673110976.0
2009-07-13,6.05,6.05,5.91,5.91,27927602.0,623127040.0
2009-07-14,5.94,6.12,5.94,6.1,28946588.0,658655488.0
2009-07-15,6.12,6.23,6.08,6.14,28088232.0,645874880.0
2009-07-16,6.21,6.37,6.12,6.29,54587244.0,1285357696.0
2009-07-17,6.29,6.34,6.14,6.27,28419372.0,663508352.0
2009-07-20,6.27,6.32,6.13,6.32,37751940.0,878859584.0
2009-07-21,6.28,6.41,6.13,6.13,46959996.0,1097625088.0
2009-07-22,6.11,6.21,6.06,6.16,41701272.0,955451712.0
2009-07-23,6.16,6.29,6.02,6.19,54413368.0,1253467264.0
2009-07-24,6.23,6.25,6.01,6.06,44827900.0,1026109248.0
2009-07-27,6.09,6.29,6.09,6.17,38186260.0,884331776.0
2009-07-28,6.19,6.38,6.09,6.17,60328016.0,1412429952.0
2009-07-29,6.22,6.73,6.08,6.36,136505866.0,3296629435.0
2009-07-30,6.51,6.99,6.51,6.99,187171760.0,4821611008.0
2009-08-03,6.9,6.91,6.65,6.9,99498400.0,2517751552.0
2009-08-04,6.84,6.86,6.56,6.69,68754448.0,1713961856.0
2009-08-05,6.64,6.88,6.6,6.72,46640660.0,1177478272.0
2009-08-06,6.6,6.61,6.29,6.41,48538248.0,1171305472.0
2009-08-07,6.41,6.56,6.26,6.28,32396098.0,777062528.0
2009-08-10,6.38,6.43,6.01,6.13,46019260.0,1065654848.0
2009-08-11,6.16,6.23,6.01,6.16,24518032.0,563547840.0
2009-08-12,6.13,6.27,5.92,5.97,36468912.0,833650624.0
2009-08-13,5.96,6.23,5.9,6.21,38602864.0,881036928.0
2009-08-14,6.17,6.26,5.96,6.06,30672084.0,701501120.0
2009-08-17,5.95,6.17,5.66,5.66,44587448.0,989872320.0
2009-08-18,5.68,5.78,5.58,5.73,28147160.0,601150720.0
2009-08-19,5.76,5.86,5.46,5.55,28151336.0,599317184.0
2009-08-20,5.56,5.76,5.48,5.76,34439380.0,728855232.0
2009-08-21,5.77,6.01,5.76,5.89,47364080.0,1044471872.0
2009-08-24,5.93,5.98,5.81,5.85,29007610.0,638338176.0
2009-08-25,5.85,5.85,5.27,5.43,55033672.0,1130510848.0
2009-08-26,5.34,5.58,5.21,5.51,36389328.0,739250240.0
2009-08-27,5.42,5.57,5.37,5.38,29075156.0,592686080.0
2009-08-28,5.37,5.42,5.1,5.12,37559912.0,728308992.0
2009-08-31,5.06,5.07,4.82,4.86,36035296.0,667617792.0
2009-09-01,4.86,5.15,4.86,5.07,36158872.0,683604928.0
2009-09-02,4.99,5.34,4.94,5.3,41775684.0,822035776.0
2009-09-03,5.31,5.57,5.25,5.51,39437652.0,803812224.0
2009-09-04,5.55,5.65,5.5,5.54,28867506.0,600230912.0
2009-09-07,5.57,5.66,5.5,5.56,27020890.0,564654400.0
2009-09-08,5.51,5.61,5.47,5.6,33553812.0,695914368.0
2009-09-09,5.62,5.66,5.47,5.6,20878620.0,435507936.0
2009-09-10,5.56,5.61,5.49,5.53,23354756.0,485233600.0
2009-09-11,5.48,5.87,5.48,5.82,45181632.0,965618432.0
2009-09-14,5.82,5.92,5.75,5.87,29325694.0,641851520.0
2009-09-15,5.88,5.93,5.77,5.85,20738598.0,453400640.0
2009-09-16,5.77,5.81,5.6,5.68,28273292.0,602675456.0
2009-09-17,5.7,5.79,5.7,5.74,22003636.0,473194336.0
2009-09-18,5.77,5.78,5.37,5.47,54450576.0,1134002944.0
2009-09-21,5.41,5.47,5.2,5.46,41342072.0,823299392.0
2009-09-22,5.37,5.46,5.25,5.27,35398340.0,710314112.0
2009-09-23,5.27,5.34,5.16,5.21,24889864.0,488930432.0
2009-09-24,5.21,5.54,5.16,5.43,48166064.0,965753792.0
2009-09-25,5.34,5.42,5.26,5.38,21187026.0,423648256.0
2009-09-28,5.38,5.43,5.16,5.19,14585959.0,290298496.0
2009-09-29,5.21,5.32,5.15,5.27,18796144.0,368535552.0
2009-09-30,5.31,5.4,5.3,5.34,18252248.0,365527776.0
2009-10-09,5.47,5.66,5.4,5.62,25746332.0,535696800.0
2009-10-12,5.66,5.74,5.58,5.61,24098296.0,509669632.0
2009-10-13,5.57,5.66,5.54,5.64,12696189.0,267367264.0
2009-10-14,5.65,5.8,5.62,5.67,29070152.0,621909568.0
2009-10-15,5.73,5.84,5.67,5.72,24515710.0,528984512.0
2009-10-16,5.73,5.79,5.57,5.69,19551606.0,414123552.0
2009-10-19,5.7,5.89,5.61,5.89,34841308.0,756880640.0
2009-10-20,5.93,6.01,5.88,5.98,29899316.0,666569600.0
2009-10-21,5.98,6.16,5.94,6.04,28999854.0,657002752.0
2009-10-22,6.01,6.07,5.93,5.94,22351324.0,501296672.0
2009-10-23,5.98,6.16,5.96,6.09,24940864.0,569395584.0
2009-10-26,6.14,6.17,6.03,6.09,16238630.0,371247200.0
2009-10-27,6.06,6.06,5.84,5.88,22412900.0,497956736.0
2009-10-28,5.85,5.9,5.72,5.84,16509432.0,359633600.0
2009-10-29,5.77,6.04,5.74,5.93,37312696.0,829904128.0
2009-10-30,6.09,6.13,5.94,6.0,26040540.0,590492352.0
2009-11-02,5.85,6.6,5.82,6.6,76286216.0,1830348416.0
2009-11-03,6.54,6.74,6.53,6.66,53902664.0,1345694848.0
2009-11-04,6.6,6.98,6.6,6.78,49913088.0,1276594304.0
2009-11-05,6.78,6.8,6.64,6.69,28931192.0,727022400.0
2009-11-06,6.78,6.86,6.63,6.7,30297500.0,762726336.0
2009-11-09,6.65,6.73,6.48,6.64,32796652.0,810528320.0
2009-11-10,6.68,6.95,6.68,6.89,50208684.0,1285853184.0
2009-11-11,6.81,6.87,6.76,6.83,19209212.0,490000800.0
2009-11-12,6.84,6.92,6.69,6.72,21303876.0,541542272.0
2009-11-13,6.72,6.78,6.62,6.78,22648046.0,568337344.0
2009-11-16,6.83,7.03,6.79,7.0,33957536.0,880393408.0
2009-11-17,7.01,7.14,6.84,6.95,33975696.0,896886720.0
2009-11-18,6.96,7.0,6.85,6.89,18193950.0,471343648.0
2009-11-19,6.93,7.0,6.84,6.93,19773120.0,511511008.0
2009-11-20,6.88,6.93,6.8,6.84,26628396.0,683580544.0
2009-11-23,6.84,6.87,6.76,6.82,25265700.0,644587904.0
2009-11-24,6.88,6.99,6.68,6.72,37223596.0,956197696.0
2009-11-25,6.72,6.8,6.5,6.72,30976532.0,773227776.0
2009-11-26,6.72,6.73,6.28,6.34,42368552.0,1033180992.0
2009-11-27,6.26,6.38,6.17,6.23,38794848.0,909588096.0
2009-11-30,6.31,6.5,6.28,6.48,28186240.0,676858432.0
2009-12-01,6.45,6.46,6.22,6.46,53385344.0,1268305408.0
2009-12-02,6.48,6.61,6.48,6.51,34110020.0,836075200.0
2009-12-03,6.46,6.51,6.33,6.4,33920936.0,812890752.0
2009-12-04,6.4,6.77,6.29,6.76,79096048.0,1960035200.0
2009-12-07,6.7,6.89,6.65,6.77,42171048.0,1068545152.0
2009-12-08,6.79,6.79,6.58,6.62,31247400.0,778444672.0
2009-12-09,6.6,6.63,6.52,6.58,20284418.0,499576640.0
2009-12-10,6.62,6.73,6.57,6.65,19128298.0,476462784.0
2009-12-11,6.65,6.74,6.6,6.67,17443680.0,436689792.0
2009-12-14,6.61,6.89,6.41,6.81,40029296.0,1000935104.0
2009-12-15,6.74,6.86,6.68,6.7,24853356.0,628406656.0
2009-12-16,6.65,6.8,6.62,6.64,16009055.0,401527616.0
2009-12-17,6.65,6.73,6.52,6.55,18139668.0,448143104.0
2009-12-18,6.49,6.56,6.39,6.39,19786272.0,478154144.0
2009-12-21,6.37,6.45,6.14,6.29,17264906.0,405556992.0
2009-12-22,6.31,6.32,6.05,6.07,14731918.0,339795424.0
2009-12-23,6.08,6.16,5.95,6.02,21340200.0,483286336.0
2009-12-24,6.05,6.23,6.0,6.22,29402860.0,672728256.0
2009-12-29,6.25,6.36,6.14,6.3,24343904.0,571177472.0
2009-12-30,6.3,6.55,6.25,6.51,36333040.0,877732160.0
2009-12-31,6.51,6.59,6.43,6.51,21476184.0,523456320.0
2010-01-04,6.55,6.56,6.32,6.33,24192276.0,580249472.0
2010-01-05,6.34,6.38,6.08,6.22,55649984.0,1293476992.0
2010-01-06,6.21,6.21,6.07,6.12,41214313.0,944453697.0
2010-01-07,6.12,6.16,5.98,6.05,35533684.0,804166336.0
2010-01-08,6.01,6.08,5.97,6.04,28854306.0,650667392.0
2010-01-11,6.28,6.32,5.95,6.04,44284600.0,1009985536.0
2010-01-12,6.03,6.05,5.82,6.0,59179591.0,1310068994.0
2010-01-13,5.84,5.85,5.55,5.6,93503944.0,1990492800.0
2010-01-14,5.61,5.65,5.5,5.6,52119472.0,1089329408.0
2010-01-15,5.61,5.78,5.51,5.72,53950848.0,1146375296.0
2010-01-18,5.72,5.81,5.66,5.73,34912652.0,749941248.0
2010-01-19,5.76,5.97,5.76,5.94,65071512.0,1438886656.0
2010-01-20,5.93,6.04,5.69,5.71,49083568.0,1079325952.0
2010-01-21,5.76,6.09,5.71,6.06,63230128.0,1405279488.0
2010-01-22,5.99,6.26,5.84,6.16,88253896.0,2002921984.0
2010-01-25,6.04,6.17,5.9,5.93,35605864.0,803320192.0
2010-01-26,5.93,6.03,5.77,5.89,34532556.0,760432384.0
2010-01-27,5.98,6.04,5.8,5.85,40103476.0,892337344.0
2010-01-28,5.82,5.89,5.64,5.81,26213248.0,567566976.0
2010-01-29,5.77,5.97,5.69,5.8,24068820.0,528437728.0
2010-02-01,5.8,5.81,5.61,5.67,28317992.0,602675200.0
2010-02-02,5.68,5.86,5.68,5.71,28673360.0,620475776.0
2010-02-03,5.75,6.03,5.67,6.03,54900576.0,1214267904.0
2010-02-04,5.96,6.0,5.88,5.93,30334604.0,675283328.0
2010-02-05,5.77,5.96,5.72,5.88,27617400.0,601515200.0
2010-02-08,5.84,5.9,5.73,5.76,20642308.0,447137536.0
2010-02-09,5.77,5.92,5.75,5.88,24817026.0,543120256.0
2010-02-10,5.93,5.98,5.88,5.95,25383964.0,564177472.0
2010-02-11,5.93,5.97,5.9,5.9,13910229.0,308844864.0
2010-02-12,5.92,6.04,5.92,6.0,18838564.0,422488288.0
2010-02-22,5.96,6.0,5.9,5.9,16577759.0,367933696.0
2010-02-23,5.88,5.89,5.72,5.76,23778128.0,513377952.0
2010-02-24,5.72,5.82,5.67,5.8,23148644.0,497531456.0
2010-02-25,5.79,5.98,5.77,5.92,34787896.0,770836544.0
2010-02-26,5.88,6.04,5.87,6.0,45021728.0,1008966464.0
2010-03-02,6.11,6.4,6.11,6.17,68464728.0,1599219840.0
2010-03-03,6.17,6.24,6.09,6.22,28411140.0,655444672.0
2010-03-04,6.23,6.31,6.14,6.17,37632084.0,877389760.0
2010-03-05,6.17,6.27,6.16,6.21,29184210.0,681193920.0
2010-03-08,6.23,6.42,6.16,6.37,44105392.0,1045698944.0
2010-03-09,6.38,6.48,6.28,6.36,39436016.0,943966336.0
2010-03-10,6.33,6.43,6.24,6.25,21105884.0,499356448.0
2010-03-11,6.29,6.4,6.25,6.32,24121836.0,571453888.0
2010-03-12,6.29,6.29,6.11,6.12,28307336.0,655910208.0
2010-03-15,6.11,6.11,5.93,5.98,18908996.0,424857088.0
2010-03-16,5.98,6.04,5.94,6.02,19684876.0,441221888.0
2010-03-17,6.04,6.2,6.0,6.19,19285972.0,441162464.0
2010-03-18,6.21,6.28,6.14,6.16,21815220.0,507527264.0
2010-03-19,6.16,6.2,6.06,6.15,17661472.0,404284736.0
2010-03-22,6.12,6.25,6.12,6.18,19525678.0,453198688.0
2010-03-23,6.2,6.21,6.07,6.1,15934945.0,365560032.0
2010-03-24,6.1,6.2,6.07,6.09,21098292.0,484336288.0
2010-03-25,6.08,6.08,5.95,5.96,16607431.0,372184256.0
2010-03-26,5.96,6.17,5.92,6.09,22346080.0,509149248.0
2010-03-29,6.13,6.37,6.09,6.29,44416328.0,1044826240.0
2010-03-30,6.31,6.35,6.23,6.32,25304340.0,595446848.0
2010-03-31,6.32,6.32,6.16,6.2,30554950.0,710514240.0
2010-04-01,6.21,6.3,6.16,6.25,30515892.0,712145600.0
2010-04-02,6.27,6.28,6.2,6.26,19590002.0,457640288.0
2010-04-06,6.29,6.37,6.21,6.24,23650932.0,556583872.0
2010-04-07,6.24,6.26,6.06,6.1,31842226.0,730335808.0
2010-04-08,6.09,6.1,5.96,6.03,44838724.0,1009933568.0
2010-04-09,6.03,6.07,6.01,6.05,22040960.0,498836800.0
2010-04-12,6.07,6.08,5.86,5.9,49477064.0,1098010880.0
2010-04-13,5.92,6.04,5.89,5.98,44918696.0,1003910848.0
2010-04-14,5.98,6.0,5.88,5.94,33185240.0,734720512.0
2010-04-15,5.95,5.98,5.87,5.98,35701752.0,790372992.0
2010-04-16,5.95,5.95,5.87,5.88,28646796.0,632291264.0
2010-04-19,5.76,5.76,5.34,5.36,82687424.0,1708546688.0
2010-04-20,5.37,5.43,5.21,5.28,43513432.0,858886272.0
2010-04-21,5.29,5.38,5.23,5.38,37358848.0,742144448.0
2010-04-22,5.34,5.34,5.16,5.23,45221008.0,884329024.0
2010-04-23,5.25,5.49,5.18,5.38,55604572.0,1106582144.0
2010-04-26,5.34,5.43,5.26,5.33,32231492.0,647506048.0
2010-04-27,5.28,5.4,5.22,5.3,34890388.0,692500032.0
2010-04-28,5.27,5.39,5.23,5.38,33493884.0,668218560.0
2010-04-29,5.43,5.51,5.38,5.39,36824240.0,749244096.0
2010-04-30,5.41,5.5,5.38,5.49,32434462.0,662829184.0
2010-05-04,5.37,5.42,5.28,5.34,28674710.0,574413568.0
2010-05-05,5.37,5.4,5.17,5.31,65042244.0,1283692544.0
2010-05-06,5.26,5.26,4.89,4.91,68579664.0,1296218496.0
2010-05-07,4.82,4.95,4.79,4.88,41258000.0,752185920.0
2010-05-10,4.9,4.99,4.86,4.92,38641688.0,710974016.0
2010-05-11,5.04,5.04,4.66,4.67,56171656.0,1017121600.0
2010-05-12,4.62,4.89,4.58,4.84,52104080.0,931251264.0
2010-05-13,4.81,5.05,4.81,4.99,56752700.0,1049525952.0
2010-05-14,4.99,4.99,4.86,4.9,26562824.0,487732512.0
2010-05-17,4.81,4.81,4.63,4.65,32660780.0,574713344.0
2010-05-18,4.67,4.84,4.62,4.8,36190092.0,641553728.0
2010-05-19,4.74,4.85,4.65,4.74,25635624.0,456208288.0
2010-05-20,4.69,4.82,4.67,4.69,21828948.0,387168256.0
2010-05-21,4.57,4.77,4.55,4.76,22079548.0,386738336.0
2010-05-24,4.79,4.97,4.79,4.91,31791566.0,582619392.0
2010-05-25,4.86,4.87,4.74,4.75,24594616.0,441872576.0
2010-05-26,4.78,4.85,4.76,4.78,17161116.0,308368928.0
2010-05-27,4.77,4.84,4.66,4.83,27816664.0,496702080.0
2010-05-28,4.87,4.91,4.81,4.83,25397440.0,461689408.0
2010-05-31,4.78,4.86,4.67,4.68,27045758.0,480683776.0
2010-06-01,4.65,4.72,4.59,4.62,21809102.0,379058912.0
2010-06-02,4.61,4.65,4.52,4.6,25125604.0,430720704.0
2010-06-03,4.62,4.73,4.6,4.6,28756178.0,501143168.0
2010-06-04,4.6,4.67,4.58,4.62,13473513.0,232824768.0
2010-06-07,4.57,4.62,4.49,4.52,24149328.0,410550912.0
2010-06-08,4.52,4.55,4.41,4.46,17033016.0,286156160.0
2010-06-09,4.48,4.75,4.43,4.72,49574376.0,857978624.0
2010-06-10,4.61,4.67,4.56,4.57,28464074.0,489563040.0
2010-06-11,4.6,4.66,4.54,4.58,20998340.0,362292832.0
2010-06-18,4.59,4.74,4.58,4.63,44849256.0,785248768.0
2010-06-21,4.62,4.95,4.62,4.89,58980712.0,1063389312.0
2010-06-22,4.87,5.03,4.84,4.95,41713772.0,770488704.0
2010-06-23,4.89,4.97,4.84,4.9,32467950.0,597274368.0
2010-06-24,4.89,5.02,4.87,4.95,23351520.0,432905280.0
2010-06-25,4.91,4.94,4.82,4.84,22750284.0,415194016.0
2010-06-28,4.82,4.97,4.82,4.94,24414808.0,448791840.0
2010-06-29,4.95,4.95,4.67,4.68,30668324.0,549134848.0
2010-09-02,5.07,5.07,4.78,4.86,163454208.0,2984708608.0
2010-09-03,4.85,4.85,4.72,4.74,62412920.0,1110873728.0
2010-09-06,4.77,4.91,4.75,4.86,60906960.0,1106419456.0
2010-09-07,4.9,4.9,4.79,4.82,39285264.0,711274624.0
2010-09-08,4.78,4.78,4.68,4.71,49003576.0,865664576.0
2010-09-09,4.71,4.71,4.59,4.6,46989764.0,816937856.0
2010-09-10,4.58,4.65,4.54,4.59,25184776.0,432519200.0
2010-09-13,4.6,4.65,4.48,4.56,50222828.0,856767616.0
2010-09-14,4.58,4.64,4.56,4.59,29949472.0,516196352.0
2010-09-15,4.59,4.62,4.52,4.52,25923560.0,443804448.0
2010-09-16,4.54,4.58,4.42,4.44,28607640.0,478304192.0
2010-09-17,4.45,4.51,4.44,4.45,22079300.0,369835360.0
2010-09-20,4.45,4.52,4.41,4.46,19768688.0,330479008.0
2010-09-21,4.48,4.49,4.42,4.44,13399227.0,223281920.0
2010-09-27,4.44,4.47,4.39,4.46,18833172.0,312453344.0
2010-09-28,4.45,4.45,4.34,4.34,24652646.0,404817184.0
2010-09-29,4.33,4.39,4.3,4.33,21347578.0,347260768.0
2010-10-08,4.46,4.63,4.41,4.6,53671584.0,914838848.0
2010-10-11,4.63,4.9,4.63,4.82,87403016.0,1564391680.0
2010-10-12,4.82,4.85,4.75,4.8,47759448.0,856881088.0
2010-10-13,4.8,4.95,4.8,4.95,82596176.0,1514394496.0
2010-10-14,4.98,5.15,4.89,4.9,100374928.0,1889045248.0
2010-10-15,4.86,5.18,4.86,5.11,116893824.0,2220512256.0
2010-10-18,5.18,5.36,5.1,5.12,107408192.0,2102793984.0
2010-10-19,5.11,5.24,5.03,5.22,58071928.0,1107907840.0
2010-10-20,5.11,5.34,5.11,5.2,73972720.0,1448845952.0
2010-10-21,5.2,5.21,5.01,5.03,55499968.0,1052712896.0
2010-10-22,4.95,5.02,4.9,4.95,53822204.0,999166144.0
2010-10-25,4.95,5.07,4.88,5.05,46830576.0,874475200.0
2010-10-26,5.07,5.14,4.95,4.98,42230044.0,795987328.0
2010-10-27,4.96,5.1,4.9,4.96,39503156.0,739953216.0
2010-10-28,4.97,5.05,4.92,5.01,38463140.0,719877440.0
2010-10-29,5.02,5.02,4.9,4.92,35857720.0,663509376.0
2010-11-01,4.94,5.01,4.92,4.96,59127284.0,1097857664.0
2010-11-02,4.96,5.03,4.9,4.98,63981740.0,1190657920.0
2010-11-03,4.98,5.16,4.92,5.09,91079640.0,1727427712.0
2010-11-04,5.06,5.11,5.01,5.05,61345828.0,1160505984.0
2010-11-05,5.1,5.12,5.02,5.06,50395936.0,953355904.0
2010-11-08,5.07,5.18,5.07,5.11,62519448.0,1197820416.0
2010-11-09,5.12,5.12,4.97,4.98,56692624.0,1066476224.0
2010-11-10,4.95,4.95,4.83,4.84,57120448.0,1042355968.0
2010-11-11,4.86,4.98,4.83,4.92,67968656.0,1241063168.0
2010-11-12,4.86,4.88,4.57,4.59,61625684.0,1095115008.0
2010-11-15,4.61,4.63,4.54,4.62,43991848.0,754704064.0
2010-11-16,4.62,4.62,4.45,4.46,44266712.0,749307648.0
2010-11-17,4.43,4.56,4.41,4.49,33927448.0,571087168.0
2010-11-18,4.52,4.61,4.5,4.59,43733956.0,745421248.0
2010-11-19,4.59,4.6,4.43,4.54,43301460.0,730445056.0
2010-11-22,4.49,4.5,4.43,4.45,35349872.0,591130240.0
2010-11-23,4.43,4.46,4.34,4.42,32938478.0,540216000.0
2010-11-24,4.39,4.51,4.38,4.48,31836654.0,531391648.0
2010-11-25,4.49,4.57,4.43,4.53,38294000.0,645536512.0
2010-11-26,4.52,4.52,4.45,4.46,23703058.0,396929824.0
2010-11-29,4.43,4.51,4.4,4.47,20063996.0,333489664.0
2010-11-30,4.45,4.48,4.32,4.38,28262144.0,464292192.0
2010-12-01,4.38,4.42,4.35,4.4,15427254.0,253584576.0
2010-12-02,4.46,4.48,4.4,4.41,20269980.0,336507104.0
2010-12-03,4.42,4.45,4.39,4.43,15700622.0,259727664.0
2010-12-06,4.43,4.51,4.41,4.47,21792398.0,364205376.0
2010-12-07,4.46,4.49,4.39,4.47,19954522.0,331262912.0
2010-12-08,4.46,4.47,4.39,4.4,17288608.0,286846720.0
2010-12-09,4.4,4.4,4.33,4.33,24029374.0,391356096.0
2010-12-10,4.33,4.37,4.3,4.36,19834112.0,322263488.0
2010-12-13,4.37,4.44,4.34,4.44,28080364.0,461224128.0
2010-12-14,4.44,4.45,4.4,4.42,23751670.0,392885312.0
2010-12-15,4.43,4.49,4.41,4.43,28127660.0,467398016.0
2010-12-16,4.44,4.47,4.39,4.39,22055606.0,365485600.0
2010-12-17,4.39,4.41,4.35,4.37,17302092.0,283291968.0
2010-12-20,4.38,4.39,4.27,4.31,25620544.0,414236384.0
2010-12-21,4.32,4.45,4.29,4.43,30685364.0,503881600.0
2010-12-22,4.44,4.44,4.33,4.33,22703588.0,371863968.0
2010-12-24,4.33,4.43,4.31,4.39,28612724.0,469742368.0
2010-12-27,4.44,4.47,4.28,4.29,30865798.0,505246592.0
2010-12-28,4.29,4.33,4.26,4.26,26556644.0,426320128.0
2010-12-29,4.26,4.27,4.17,4.21,23683256.0,372484736.0
2010-12-30,4.21,4.22,4.14,4.18,17826664.0,278979200.0
2010-12-31,4.19,4.24,4.16,4.22,24089142.0,378317760.0
2011-01-04,4.22,4.32,4.18,4.28,35884060.0,573343744.0
2011-01-05,4.27,4.31,4.25,4.25,23746264.0,379869056.0
2011-01-06,4.25,4.29,4.19,4.22,20653128.0,327148864.0
2011-01-07,4.22,4.48,4.19,4.38,77048224.0,1263299328.0
2011-01-10,4.33,4.38,4.25,4.27,36187212.0,584172480.0
2011-01-11,4.25,4.35,4.24,4.32,20820064.0,335260352.0
2011-01-12,4.33,4.39,4.3,4.38,27713344.0,451290816.0
2011-01-13,4.4,4.42,4.36,4.36,19481116.0,319664064.0
2011-01-14,4.35,4.35,4.27,4.27,20691456.0,332810208.0
2011-01-17,4.22,4.25,4.1,4.11,26616456.0,415802336.0
2011-01-18,4.11,4.13,4.08,4.1,15555469.0,238789232.0
2011-01-19,4.1,4.14,4.07,4.14,16794488.0,258415152.0
2011-01-20,4.13,4.13,3.98,3.98,28757900.0,435524160.0
2011-01-21,3.97,4.17,3.97,4.05,22997724.0,349887104.0
2011-01-24,4.05,4.06,3.99,4.02,15382697.0,231930928.0
2011-01-25,4.04,4.07,4.01,4.05,13420138.0,203198256.0
2011-01-26,4.05,4.09,4.04,4.08,10506028.0,160007840.0
2011-01-27,4.05,4.11,4.01,4.09,25551128.0,389319904.0
2011-01-28,4.09,4.1,4.02,4.06,18541948.0,281316480.0
2011-01-31,4.06,4.09,4.03,4.09,14024473.0,213770064.0
2011-02-01,4.09,4.14,4.08,4.12,15169758.0,233656080.0
2011-02-09,4.1,4.15,4.07,4.07,16650833.0,255979312.0
2011-02-10,4.07,4.13,4.06,4.13,13682225.0,210138992.0
2011-02-11,4.11,4.16,4.09,4.14,22582808.0,348149600.0
2011-02-14,4.14,4.3,4.13,4.27,41765668.0,661743808.0
2011-02-15,4.28,4.29,4.22,4.22,32109852.0,512496480.0
2011-02-16,4.22,4.26,4.2,4.24,18320572.0,289815296.0
2011-02-17,4.26,4.32,4.23,4.27,25381008.0,405836832.0
2011-02-18,4.25,4.3,4.22,4.27,22880240.0,363416320.0
2011-02-21,4.22,4.27,4.21,4.27,31654344.0,502016608.0
2011-02-22,4.27,4.27,4.13,4.13,34395852.0,538516416.0
2011-02-23,4.14,4.2,4.13,4.16,35743432.0,555794816.0
2011-02-24,4.16,4.16,4.11,4.16,20230780.0,313473088.0
2011-02-25,4.17,4.32,4.13,4.24,50926392.0,807238720.0
2011-02-28,4.22,4.27,4.17,4.25,30763736.0,486809440.0
2011-03-01,4.26,4.32,4.24,4.28,48277552.0,774219072.0
2011-03-02,4.26,4.35,4.25,4.32,48810708.0,786881472.0
2011-03-03,4.33,4.48,4.32,4.38,98048936.0,1616932480.0
2011-03-04,4.39,4.47,4.36,4.45,50539628.0,833234944.0
2011-03-07,4.48,4.53,4.42,4.47,49762448.0,834013056.0
2011-03-08,4.47,4.5,4.43,4.45,32181260.0,537368704.0
2011-03-09,4.46,4.51,4.45,4.46,32364768.0,542959232.0
2011-03-10,4.43,4.43,4.33,4.34,30849384.0,504165760.0
2011-03-11,4.32,4.35,4.28,4.29,23016686.0,371901344.0
2011-03-14,4.27,4.32,4.27,4.32,21799970.0,350756128.0
2011-03-15,4.28,4.3,4.19,4.23,28438142.0,451454528.0
2011-03-16,4.24,4.27,4.2,4.26,24207568.0,384301440.0
2011-03-17,4.22,4.25,4.19,4.2,20726244.0,327039744.0
2011-03-18,4.24,4.24,4.21,4.23,14524328.0,229686240.0
2011-03-21,4.22,4.24,4.2,4.21,16015761.0,252850944.0
2011-03-22,4.23,4.29,4.18,4.28,25194372.0,401085856.0
2011-03-23,4.26,4.31,4.25,4.3,22679888.0,363809600.0
2011-03-24,4.3,4.3,4.26,4.27,16012496.0,256090880.0
2011-03-25,4.27,4.36,4.26,4.34,36086256.0,585086400.0
2011-03-28,4.37,4.44,4.36,4.36,36793240.0,605067456.0
2011-03-29,4.37,4.47,4.36,4.41,48258736.0,798647424.0
2011-03-30,4.4,4.46,4.37,4.37,27507684.0,453620672.0
2011-03-31,4.37,4.4,4.28,4.29,21336828.0,345191104.0
2011-04-01,4.29,4.43,4.29,4.43,32324048.0,530034240.0
2011-04-06,4.43,4.56,4.43,4.54,74524384.0,1263488256.0
2011-04-07,4.54,4.64,4.5,4.59,64881088.0,1112314112.0
2011-04-08,4.58,4.6,4.53,4.59,26811760.0,458985760.0
2011-04-11,4.59,4.69,4.54,4.55,56381824.0,974852480.0
2011-04-12,4.57,4.63,4.53,4.56,38618172.0,662860224.0
2011-04-13,4.54,4.82,4.51,4.82,72385120.0,1268537472.0
2011-04-14,4.93,4.97,4.83,4.86,104925064.0,1921868288.0
2011-04-15,4.86,5.01,4.85,5.0,67079416.0,1242600448.0
2011-04-18,4.99,5.04,4.93,5.04,58014896.0,1082013056.0
2011-04-19,4.98,5.01,4.9,4.92,52577708.0,975147520.0
2011-04-20,4.92,4.95,4.78,4.83,48925672.0,891280640.0
2011-04-21,4.86,4.92,4.82,4.84,31806222.0,579304640.0
2011-04-22,4.81,4.84,4.74,4.77,30666850.0,548689856.0
2011-04-25,4.78,4.88,4.73,4.83,35864668.0,646189952.0
2011-04-26,4.82,4.92,4.8,4.92,38943064.0,711900608.0
2011-04-27,4.92,5.02,4.83,4.88,53270504.0,985540096.0
2011-04-28,4.92,5.07,4.9,4.97,64895808.0,1215618304.0
2011-04-29,4.97,4.97,4.78,4.86,50049592.0,911382592.0
2011-05-03,4.85,4.9,4.83,4.87,22105844.0,402350144.0
2011-05-04,4.81,4.9,4.72,4.77,39381976.0,708758080.0
2011-05-05,4.71,4.79,4.71,4.74,24603790.0,437563136.0
2011-05-06,4.69,4.76,4.66,4.68,24111904.0,425935552.0
2011-05-13,4.67,4.73,4.54,4.72,36798424.0,638079680.0
2011-05-16,4.66,4.71,4.58,4.58,19710484.0,342549024.0
2011-05-17,4.58,4.8,4.58,4.77,31970892.0,565242752.0
2011-05-18,4.74,4.92,4.72,4.84,29415320.0,532338144.0
2011-05-19,4.85,4.9,4.78,4.79,16459997.0,297958656.0
2011-05-20,4.79,4.96,4.78,4.9,31190030.0,572652160.0
2011-05-23,4.88,4.89,4.71,4.78,32912056.0,588700864.0
2011-05-24,4.75,4.9,4.75,4.85,29158742.0,528778304.0
2011-05-26,4.79,4.83,4.7,4.75,29474004.0,525548160.0
2011-05-27,4.73,4.8,4.7,4.7,23833088.0,423279648.0
2011-05-30,4.67,4.73,4.61,4.69,15090147.0,263972800.0
2011-05-31,4.69,4.74,4.59,4.72,19360768.0,338686784.0
2011-06-01,4.71,4.71,4.63,4.65,18103530.0,316218016.0
2011-06-02,4.59,4.63,4.4,4.46,43960072.0,739553856.0
2011-06-03,4.44,4.48,4.4,4.46,15453683.0,257350016.0
2011-06-07,4.42,4.52,4.39,4.5,14608911.0,244067280.0
2011-06-08,4.49,4.49,4.4,4.46,16075948.0,267290816.0
2011-06-09,4.43,4.49,4.41,4.42,12022235.0,200273680.0
2011-06-10,4.41,4.47,4.38,4.41,14557106.0,240550240.0
2011-06-13,4.38,4.39,4.3,4.36,16282265.0,265033184.0
2011-06-14,4.35,4.49,4.34,4.41,27898386.0,463185184.0
2011-06-15,4.4,4.44,4.34,4.34,16867712.0,275973984.0
2011-06-16,4.31,4.33,4.25,4.27,17385080.0,279148928.0
2011-06-17,4.28,4.31,4.23,4.24,19132952.0,305942720.0
2011-06-20,4.25,4.28,4.21,4.28,12269128.0,195132656.0
2011-06-21,4.29,4.36,4.27,4.35,19391196.0,313896320.0
2011-06-22,4.35,4.38,4.32,4.34,15194027.0,247618688.0
2011-06-23,4.33,4.45,4.31,4.43,16588875.0,272357056.0
2011-06-24,4.41,4.59,4.41,4.54,32282576.0,547045568.0
2011-06-27,4.53,4.68,4.52,4.56,28093322.0,483915168.0
2011-06-28,4.65,4.65,4.48,4.55,20652920.0,350987392.0
2011-06-29,4.57,4.59,4.43,4.44,25898152.0,435681888.0
2011-06-30,4.46,4.6,4.45,4.56,27584004.0,468824288.0
2011-07-01,4.58,4.58,4.49,4.52,24878948.0,422094944.0
2011-07-04,4.54,4.69,4.53,4.69,37824912.0,655990848.0
2011-07-05,4.67,4.68,4.61,4.65,19056022.0,331713600.0
2011-07-06,4.62,4.64,4.55,4.6,20647586.0,354627552.0
2011-07-07,4.67,4.71,4.58,4.62,33785504.0,588625664.0
2011-07-08,4.62,4.75,4.6,4.68,26960364.0,473536544.0
2011-07-11,4.64,4.71,4.63,4.65,16173487.0,282634272.0
2011-07-12,4.61,4.61,4.52,4.54,24514304.0,418118336.0
2011-07-13,4.61,4.73,4.57,4.68,32429428.0,566412224.0
2011-07-14,4.69,4.71,4.64,4.7,24447810.0,428448992.0
2011-07-15,4.69,4.86,4.64,4.8,37573800.0,671466240.0
2011-07-18,4.81,4.84,4.75,4.79,19781464.0,354921792.0
2011-07-19,4.74,4.74,4.67,4.68,21935526.0,385645088.0
2011-07-20,4.72,4.74,4.64,4.68,14593499.0,255516288.0
2011-07-21,4.68,4.69,4.59,4.59,18897122.0,326948288.0
2011-07-22,4.61,4.66,4.58,4.6,12273319.0,211870048.0
2011-07-25,4.57,4.61,4.47,4.51,19707012.0,335512640.0
2011-07-26,4.51,4.62,4.49,4.6,17324248.0,296943872.0
2011-07-27,4.55,4.63,4.55,4.59,15007940.0,258034544.0
2011-07-28,4.54,4.55,4.47,4.5,18780608.0,316189440.0
2011-07-29,4.52,4.74,4.46,4.63,31350764.0,541258944.0
2011-08-01,4.59,4.68,4.53,4.59,20792008.0,358426368.0
2011-08-02,4.55,4.57,4.47,4.54,19388300.0,327409984.0
2011-08-03,4.48,4.56,4.47,4.5,14194473.0,240147616.0
2011-08-04,4.51,4.59,4.51,4.51,11502275.0,195599888.0
2011-08-05,4.42,4.44,4.35,4.35,24826954.0,408435584.0
2011-08-08,4.33,4.41,4.21,4.27,25034798.0,403626912.0
2011-08-09,4.2,4.33,4.15,4.28,27088572.0,430794176.0
2011-08-10,4.34,4.38,4.29,4.3,18298392.0,297294720.0
2011-08-11,4.23,4.4,4.22,4.39,18987370.0,308443424.0
2011-08-12,4.4,4.46,4.38,4.44,18053416.0,297982240.0
2011-08-15,4.45,4.61,4.37,4.57,30852780.0,519120704.0
2011-08-16,4.56,4.62,4.53,4.55,19781800.0,338285312.0
2011-08-18,4.56,4.63,4.45,4.47,25245980.0,427197376.0
2011-08-19,4.38,4.44,4.35,4.43,15545149.0,255822480.0
2011-08-22,4.42,4.44,4.35,4.39,12807347.0,210393776.0
2011-08-23,4.39,4.46,4.37,4.44,10465458.0,173121392.0
2011-08-24,4.45,4.47,4.37,4.38,12520897.0,207818928.0
2011-08-25,4.41,4.64,4.38,4.63,46535408.0,793665408.0
2011-08-26,4.59,4.64,4.57,4.64,25855820.0,446200768.0
2011-08-29,4.54,4.54,4.42,4.47,45187136.0,755956224.0
2011-08-30,4.49,4.57,4.45,4.45,22000548.0,371612128.0
2011-08-31,4.46,4.55,4.42,4.5,13043411.0,218858304.0
2011-09-01,4.5,4.55,4.48,4.52,11465355.0,193932848.0
2011-09-05,4.43,4.45,4.37,4.39,13828628.0,228178080.0
2011-09-06,4.37,4.41,4.35,4.37,11350557.0,185902896.0
2011-09-07,4.4,4.48,4.36,4.45,13007207.0,215260560.0
2011-09-08,4.45,4.47,4.41,4.43,10076662.0,167311104.0
2011-09-09,4.45,4.51,4.37,4.4,10662894.0,176663296.0
2011-09-13,4.33,4.41,4.32,4.41,10320508.0,168927616.0
2011-09-14,4.42,4.43,4.32,4.39,14722697.0,241207200.0
2011-09-15,4.39,4.45,4.38,4.42,17064236.0,282498720.0
2011-09-16,4.45,4.57,4.44,4.54,36953540.0,626906560.0
2011-09-19,4.49,4.49,4.42,4.43,10599840.0,176591136.0
2011-09-20,4.42,4.52,4.41,4.47,7712700.0,128974784.0
2011-09-21,4.47,4.59,4.44,4.56,18368644.0,312327648.0
2011-09-22,4.51,4.52,4.45,4.46,15644754.0,262524752.0
2011-09-23,4.38,4.49,4.36,4.44,15181093.0,250805296.0
2011-09-26,4.39,4.48,4.27,4.28,19813812.0,322611456.0
2011-09-27,4.33,4.35,4.25,4.32,13761782.0,221845888.0
2011-09-28,4.35,4.35,4.25,4.27,9670343.0,155237152.0
2011-09-29,4.25,4.31,4.23,4.28,11315764.0,181407712.0
2011-09-30,4.29,4.33,4.27,4.28,14204046.0,228902896.0
2011-10-10,4.26,4.28,4.13,4.14,20965594.0,326892320.0
2011-10-11,4.27,4.3,4.15,4.18,21464906.0,339237344.0
2011-10-12,4.15,4.38,4.14,4.37,27447240.0,442778752.0
2011-10-13,4.34,4.39,4.33,4.37,14506496.0,236989024.0
2011-10-14,4.35,4.39,4.31,4.37,8695258.0,141751920.0
2011-10-17,4.4,4.46,4.39,4.42,11711517.0,194055200.0
2011-10-18,4.38,4.39,4.27,4.28,13801277.0,223255648.0
2011-10-19,4.3,4.35,4.28,4.29,8237424.0,132855568.0
2011-10-20,4.27,4.28,4.19,4.22,9245905.0,146319936.0
2011-10-21,4.25,4.32,4.21,4.28,14082651.0,225852448.0
2011-10-24,4.3,4.45,4.25,4.41,24059040.0,394450688.0
2011-10-25,4.41,4.48,4.38,4.44,19957370.0,331621152.0
2011-10-26,4.45,4.52,4.43,4.47,24416172.0,410238816.0
2011-10-27,4.48,4.52,4.44,4.47,14650097.0,245495552.0
2011-10-28,4.54,4.59,4.51,4.55,28495748.0,484862592.0
2011-10-31,4.55,4.56,4.44,4.51,14176696.0,238721168.0
2011-11-01,4.48,4.57,4.45,4.5,17930976.0,303128864.0
2011-11-02,4.44,4.57,4.44,4.57,19069442.0,320967360.0
2011-11-03,4.57,4.59,4.48,4.51,26232886.0,445806720.0
2011-11-04,4.54,4.55,4.49,4.53,13339644.0,226230000.0
2011-11-07,4.5,4.52,4.44,4.47,12957718.0,217220448.0
2011-11-08,4.47,4.51,4.45,4.47,9670530.0,162043536.0
2011-11-09,4.48,4.53,4.45,4.52,11355254.0,190845600.0
2011-11-10,4.48,4.53,4.46,4.48,15843664.0,266509040.0
2011-11-11,4.48,4.5,4.41,4.43,16526727.0,274797632.0
2011-11-14,4.45,4.5,4.43,4.47,17925052.0,299361824.0
2011-11-15,4.45,4.47,4.37,4.4,21708890.0,357983648.0
2011-11-16,4.4,4.4,4.27,4.28,19927200.0,322231072.0
2011-11-17,4.29,4.31,4.26,4.27,10961862.0,175962320.0
2011-11-18,4.24,4.29,4.24,4.26,14386865.0,229649104.0
2011-11-21,4.27,4.27,4.22,4.26,13673657.0,217304752.0
2011-11-22,4.25,4.31,4.22,4.29,13281831.0,212748304.0
2011-11-23,4.3,4.31,4.2,4.21,18894416.0,299733088.0
2011-11-24,4.2,4.25,4.16,4.23,12146393.0,191344464.0
2011-11-25,4.2,4.24,4.19,4.22,8446296.0,133224392.0
2011-11-28,4.22,4.25,4.2,4.21,9813225.0,155001376.0
2011-11-29,4.26,4.28,4.22,4.26,15649490.0,249152272.0
2011-11-30,4.26,4.26,4.13,4.14,19165720.0,299555296.0
2011-12-01,4.25,4.35,4.23,4.24,41183240.0,660688128.0
2011-12-02,4.22,4.28,4.2,4.26,18186014.0,289399904.0
2011-12-05,4.26,4.28,4.19,4.26,11349137.0,180714656.0
2011-12-07,4.25,4.31,4.24,4.29,14862428.0,238162240.0
2011-12-08,4.29,4.31,4.22,4.26,18705208.0,298946848.0
2011-12-09,4.24,4.26,4.22,4.23,8686255.0,137984144.0
2011-12-12,4.24,4.26,4.2,4.23,8633134.0,137072016.0
2011-12-13,4.22,4.25,4.18,4.19,19000444.0,300294560.0
2011-12-14,4.19,4.21,4.14,4.17,8493106.0,132825568.0
2011-12-15,4.14,4.16,4.01,4.02,19273652.0,294609856.0
2011-12-16,4.03,4.11,3.99,4.08,15737768.0,238364624.0
2011-12-19,4.05,4.13,4.01,4.1,12810069.0,194558352.0
2011-12-20,4.09,4.16,4.08,4.09,9463751.0,146041776.0
2011-12-21,4.13,4.17,4.09,4.1,14660853.0,227230416.0
2011-12-22,4.09,4.16,4.06,4.13,10984934.0,168904816.0
2011-12-23,4.12,4.17,4.1,4.12,9946525.0,153908336.0
2011-12-26,4.11,4.15,4.1,4.12,7377643.0,113827424.0
2011-12-27,4.12,4.17,4.11,4.13,13879755.0,214959824.0
2011-12-28,4.12,4.16,4.03,4.09,11317934.0,173347072.0
2011-12-29,4.07,4.12,4.06,4.09,12859277.0,197105648.0
2011-12-30,4.1,4.16,4.09,4.16,26148736.0,402708864.0
2012-01-04,4.16,4.16,4.05,4.05,14791098.0,227563712.0
2012-01-05,4.05,4.15,4.04,4.11,24408004.0,375880608.0
2012-01-06,4.1,4.14,4.05,4.1,13315115.0,204143664.0
2012-01-09,4.1,4.22,4.07,4.21,22113866.0,345938688.0
2012-01-20,4.47,4.52,4.36,4.48,58667568.0,972826816.0
2012-01-30,4.49,4.52,4.44,4.46,33298844.0,558095296.0
2012-01-31,4.47,4.49,4.41,4.44,17326548.0,288275840.0
2012-02-01,4.43,4.49,4.39,4.39,18515900.0,307694784.0
2012-02-02,4.41,4.53,4.39,4.52,24462346.0,410098464.0
2012-02-03,4.5,4.55,4.46,4.54,22996446.0,388800512.0
2012-02-06,4.54,4.55,4.48,4.49,15780815.0,266559536.0
2012-02-07,4.47,4.48,4.42,4.43,12208636.0,203101568.0
2012-02-08,4.43,4.54,4.43,4.51,17227256.0,290646912.0
2012-02-10,4.49,4.53,4.49,4.52,18211848.0,307363104.0
2012-02-13,4.48,4.49,4.43,4.45,21506688.0,359692320.0
2012-02-14,4.45,4.47,4.4,4.43,10854644.0,179835120.0
2012-02-15,4.43,4.48,4.39,4.44,20130584.0,334137696.0
2012-02-16,4.44,4.46,4.37,4.39,27369216.0,451825408.0
2012-02-17,4.42,4.43,4.38,4.39,15069047.0,248573520.0
2012-02-20,4.47,4.47,4.39,4.39,22420576.0,372071616.0
2012-02-21,4.4,4.42,4.36,4.4,15026488.0,247188096.0
2012-02-22,4.4,4.45,4.39,4.44,31739776.0,525337440.0
2012-02-23,4.44,4.48,4.43,4.44,22626760.0,376851584.0
2012-02-24,4.46,4.51,4.41,4.51,36410464.0,609181824.0
2012-02-27,4.51,4.59,4.48,4.52,44761712.0,759502528.0
2012-02-28,4.52,4.67,4.51,4.61,46014184.0,793135040.0
2012-02-29,4.61,4.61,4.55,4.57,26302462.0,451402720.0
2012-03-01,4.56,4.66,4.56,4.6,29162132.0,504303648.0
2012-03-02,4.6,4.67,4.6,4.67,29097318.0,505353984.0
2012-03-05,4.68,4.75,4.6,4.61,35041728.0,614488128.0
2012-03-06,4.6,4.62,4.51,4.53,33137414.0,565065408.0
2012-03-07,4.49,4.55,4.47,4.49,20137130.0,339797440.0
2012-03-08,4.52,4.58,4.5,4.55,28878270.0,491703680.0
2012-03-09,4.51,4.52,4.45,4.51,53053644.0,891070592.0
2012-03-12,4.51,4.51,4.44,4.46,27064788.0,451971840.0
2012-03-13,4.47,4.51,4.45,4.5,23753056.0,398818656.0
2012-03-14,4.52,4.55,4.39,4.4,43996404.0,738597760.0
2012-03-15,4.4,4.43,4.34,4.34,25804872.0,423785024.0
2012-03-16,4.35,4.38,4.32,4.38,16786552.0,273741696.0
2012-03-19,4.36,4.38,4.33,4.37,16746474.0,272964672.0
2012-03-20,4.36,4.36,4.29,4.29,20304048.0,328052064.0
2012-03-21,4.33,4.33,4.28,4.3,15040403.0,242481936.0
2012-03-22,4.3,4.35,4.27,4.32,17938848.0,288804704.0
2012-03-23,4.3,4.31,4.26,4.28,11901609.0,190843184.0
2012-03-26,4.28,4.29,4.27,4.28,8246121.0,132200784.0
2012-03-27,4.3,4.32,4.29,4.29,11120921.0,179214160.0
2012-03-28,4.29,4.3,4.21,4.21,20448296.0,325213024.0
2012-03-29,4.21,4.21,4.13,4.16,18886584.0,295267360.0
2012-03-30,4.17,4.2,4.16,4.2,10631246.0,166628768.0
2012-04-05,4.2,4.22,4.13,4.2,18379254.0,287161664.0
2012-04-06,4.19,4.28,4.17,4.27,19387554.0,306955616.0
2012-04-09,4.25,4.25,4.19,4.21,9319714.0,147459888.0
2012-04-10,4.2,4.24,4.16,4.24,19699850.0,308914112.0
2012-04-11,4.19,4.26,4.18,4.23,10514365.0,166106128.0
2012-04-12,4.23,4.36,4.21,4.36,27577946.0,443771872.0
2012-04-13,4.37,4.44,4.33,4.35,33774472.0,554098560.0
2012-04-16,4.32,4.37,4.29,4.32,13367317.0,216401792.0
2012-04-17,4.31,4.33,4.27,4.27,11895119.0,191093632.0
2012-04-18,4.28,4.36,4.28,4.34,15960090.0,258852704.0
2012-04-19,4.35,4.37,4.33,4.37,13739186.0,223742896.0
2012-04-20,4.35,4.43,4.34,4.43,25807488.0,426240160.0
2012-04-23,4.42,4.44,4.37,4.39,19738112.0,325312448.0
2012-04-24,4.38,4.57,4.37,4.48,47804024.0,802959360.0
2012-04-25,4.44,4.5,4.43,4.5,20892364.0,350401184.0
2012-04-26,4.51,4.52,4.4,4.43,28341442.0,470733984.0
2012-04-27,4.44,4.47,4.4,4.42,16661706.0,277246080.0
2012-05-02,4.47,4.52,4.44,4.48,26117210.0,438591392.0
2012-05-03,4.48,4.5,4.44,4.44,16148709.0,269467360.0
2012-05-04,4.44,4.47,4.43,4.46,14029557.0,233813680.0
2012-05-07,4.44,4.47,4.4,4.43,25573094.0,423783680.0
2012-05-08,4.42,4.43,4.39,4.42,17512996.0,289312160.0
2012-05-09,4.39,4.4,4.31,4.32,21367676.0,347527136.0
2012-05-10,4.32,4.34,4.29,4.31,12942834.0,209027536.0
2012-05-11,4.31,4.33,4.28,4.28,16251980.0,261354032.0
2012-05-14,4.31,4.32,4.25,4.26,20696000.0,332240256.0
2012-05-15,4.25,4.29,4.22,4.28,13445478.0,213764768.0
2012-05-16,4.27,4.27,4.21,4.21,15030511.0,238216896.0
2012-05-17,4.22,4.27,4.21,4.26,13338999.0,211749264.0
2012-05-18,4.22,4.25,4.18,4.2,15786319.0,248755808.0
2012-05-21,4.2,4.23,4.19,4.21,8569485.0,135114976.0
2012-05-22,4.23,4.27,4.23,4.27,11359898.0,180941168.0
2012-05-24,4.24,4.25,4.18,4.2,19407374.0,305714016.0
2012-05-25,4.2,4.21,4.17,4.17,9892922.0,154918944.0
2012-05-28,4.17,4.22,4.14,4.22,13720237.0,215529424.0
2012-05-29,4.22,4.26,4.18,4.25,28680860.0,453701952.0
2012-05-30,4.24,4.24,4.17,4.19,21712592.0,341898720.0
2012-05-31,4.18,4.21,4.16,4.19,15325128.0,239888128.0
2012-06-01,4.19,4.24,4.18,4.21,15835304.0,249589888.0
2012-06-04,4.17,4.18,4.11,4.11,17177788.0,266890992.0
2012-06-05,4.12,4.13,4.08,4.08,24614408.0,377715360.0
2012-06-06,4.09,4.1,4.07,4.09,18886004.0,288959584.0
2012-06-07,4.12,4.13,4.05,4.06,13130248.0,201455936.0
2012-06-08,4.07,4.08,3.94,3.96,39755724.0,593133504.0
2012-06-11,3.97,3.99,3.93,3.95,26550912.0,393125600.0
2012-06-12,3.93,3.95,3.86,3.88,29815536.0,434459168.0
2012-06-13,3.89,3.98,3.87,3.96,26011662.0,383736096.0
2012-06-14,3.94,3.96,3.9,3.91,13047824.0,191929248.0
2012-06-15,3.93,4.1,3.93,4.05,42295156.0,636342592.0
2012-06-18,4.04,4.07,4.02,4.06,19873336.0,301170880.0
2012-06-19,4.05,4.1,4.04,4.07,14992460.0,228553088.0
2012-06-20,4.09,4.14,4.06,4.07,14370713.0,220127616.0
2012-06-21,4.06,4.07,3.97,3.98,14483296.0,217217296.0
2012-06-25,3.97,4.02,3.94,3.94,16435834.0,245383808.0
2012-06-26,3.96,4.01,3.95,3.98,13492363.0,201321552.0
2012-06-27,3.98,4.0,3.95,3.97,8177633.0,121766280.0
2012-06-28,3.97,4.0,3.93,3.93,10084717.0,149964624.0
2012-06-29,3.94,4.07,3.93,4.05,18455456.0,278224224.0
2012-07-02,4.07,4.07,4.01,4.05,15564511.0,234575312.0
2012-07-03,4.04,4.08,4.01,4.04,12372795.0,187834400.0
2012-07-04,4.04,4.13,4.04,4.08,19766960.0,302421600.0
2012-07-05,4.07,4.09,4.05,4.06,10289670.0,156808688.0
2012-07-06,3.99,4.06,3.94,4.04,16545450.0,247858064.0
2012-07-09,4.02,4.02,3.93,3.93,16095224.0,238871824.0
2012-07-10,3.93,4.01,3.93,3.98,12370989.0,183975552.0
2012-07-11,3.97,4.0,3.95,3.97,7544441.0,112224824.0
2012-07-12,3.96,3.99,3.91,3.97,19473086.0,287704672.0
2012-07-13,3.95,4.04,3.94,4.0,11070005.0,165726976.0
2012-07-16,4.01,4.02,3.97,3.97,10860266.0,162268368.0
2012-07-17,3.97,4.02,3.96,4.01,9160116.0,136786576.0
2012-07-18,4.0,4.01,3.97,4.01,7561238.0,112967984.0
2012-07-19,4.0,4.03,3.97,4.01,13626372.0,204768496.0
2012-07-20,3.97,4.0,3.96,3.97,10673403.0,158679776.0
2012-07-23,3.94,3.96,3.92,3.96,15049383.0,221835968.0
2012-07-24,3.94,4.0,3.94,3.95,10094330.0,149950272.0
2012-07-25,3.95,3.97,3.9,3.91,9840494.0,144875472.0
2012-07-26,3.91,3.96,3.9,3.91,7290309.0,107285512.0
2012-07-27,3.93,3.99,3.91,3.94,10966060.0,162335584.0
2012-07-30,3.94,4.02,3.94,3.97,11842631.0,176839232.0
2012-07-31,3.98,4.04,3.97,4.03,15313469.0,230444672.0
2012-08-01,4.03,4.06,4.01,4.05,12186730.0,184236832.0
2012-08-02,4.05,4.06,4.02,4.05,8907731.0,134826272.0
2012-08-03,4.05,4.06,4.01,4.05,9438713.0,142870688.0
2012-08-06,4.04,4.06,4.03,4.03,15331221.0,232307808.0
2012-08-07,4.03,4.05,3.99,4.0,15982578.0,239640608.0
2012-08-08,3.99,4.02,3.99,4.02,11754171.0,176391104.0
2012-08-09,4.01,4.02,3.98,4.02,8575072.0,128443496.0
2012-08-10,4.02,4.05,4.02,4.03,10549817.0,159571472.0
2012-08-13,4.03,4.05,4.01,4.01,10799064.0,163090048.0
2012-08-14,4.01,4.09,3.99,4.08,18037022.0,273064256.0
2012-08-15,4.05,4.07,4.01,4.03,11614215.0,175631856.0
2012-08-16,4.01,4.02,3.97,3.98,14681599.0,219340240.0
2012-08-17,3.98,4.03,3.97,4.02,10399698.0,156222176.0
2012-08-20,4.0,4.01,3.93,3.97,15579504.0,231016480.0
2012-08-21,3.97,3.97,3.94,3.95,13021973.0,192757792.0
2012-08-22,3.95,3.96,3.9,3.92,12518267.0,183731120.0
2012-08-23,3.92,3.94,3.88,3.9,13128906.0,191921632.0
2012-08-24,3.9,3.9,3.84,3.84,18817910.0,271872000.0
2012-08-27,3.84,3.84,3.75,3.77,16775926.0,237771008.0
2012-08-28,3.77,3.86,3.75,3.84,15910898.0,226308464.0
2012-08-29,3.82,3.82,3.79,3.81,6948365.0,99043800.0
2012-08-30,3.78,3.84,3.78,3.81,8987322.0,128124856.0
2012-08-31,3.8,3.85,3.79,3.79,8561919.0,122564448.0
2012-09-03,3.8,3.82,3.79,3.79,10112994.0,143818624.0
2012-09-04,3.79,3.81,3.69,3.7,20775580.0,290805056.0
2012-09-05,3.7,3.7,3.62,3.64,17219018.0,235084944.0
2012-09-06,3.64,3.67,3.62,3.67,10356038.0,141626688.0
2012-09-07,3.69,3.85,3.67,3.79,28173772.0,398458816.0
2012-09-10,3.79,3.8,3.73,3.76,23677796.0,332644832.0
2012-09-11,3.74,3.75,3.71,3.74,8743686.0,122118848.0
2012-09-12,3.76,3.78,3.7,3.73,12245281.0,171431984.0
2012-09-13,3.73,3.75,3.71,3.71,8244257.0,115132800.0
2012-09-14,3.73,3.78,3.7,3.75,15327279.0,214681376.0
2012-09-17,3.74,3.74,3.65,3.66,11471438.0,158729296.0
2012-09-18,3.65,3.65,3.6,3.61,12250194.0,166389840.0
2012-09-19,3.61,3.62,3.53,3.56,18434608.0,245924736.0
2012-09-20,3.55,3.55,3.47,3.47,18134616.0,237807072.0
2012-09-21,3.47,3.48,3.43,3.44,15751258.0,203492208.0
2012-09-24,3.42,3.47,3.36,3.45,17905626.0,228728960.0
2012-09-25,3.44,3.44,3.39,3.4,9882594.0,126342880.0
2012-09-26,3.41,3.42,3.37,3.38,7078915.0,89861904.0
2012-09-27,3.38,3.54,3.37,3.48,21538708.0,279689536.0
2012-09-28,3.46,3.51,3.44,3.51,15095772.0,196802880.0
2012-10-08,3.51,3.53,3.45,3.46,10638633.0,138955168.0
2012-10-09,3.47,3.56,3.47,3.55,16481579.0,218229440.0
2012-10-10,3.55,3.55,3.53,3.55,9976558.0,132165224.0
2012-10-11,3.55,3.55,3.52,3.53,9574790.0,126809880.0
2012-10-12,3.54,3.59,3.53,3.55,10145190.0,135067776.0
2012-10-15,3.55,3.55,3.49,3.5,8911948.0,117114360.0
2012-10-16,3.51,3.57,3.49,3.53,12634649.0,167235920.0
2012-10-17,3.54,3.57,3.53,3.57,12188114.0,162229776.0
2012-10-18,3.57,3.62,3.57,3.61,15917879.0,214090080.0
2012-10-19,3.61,3.62,3.59,3.61,10071311.0,135099120.0
2012-10-22,3.6,3.63,3.58,3.62,13408932.0,179787008.0
2012-10-23,3.63,3.63,3.57,3.58,11680820.0,156357632.0
2012-10-24,3.57,3.61,3.56,3.58,8995284.0,119926216.0
2012-10-25,3.58,3.59,3.55,3.55,12337754.0,163551584.0
2012-10-26,3.57,3.58,3.47,3.48,17138012.0,224201696.0
2012-10-29,3.47,3.51,3.46,3.48,12964193.0,167853280.0
2012-10-30,3.48,3.54,3.48,3.52,14292166.0,186512272.0
2012-10-31,3.53,3.55,3.51,3.54,7512545.0,98717440.0
2012-11-01,3.54,3.63,3.54,3.6,13800345.0,184644048.0
2012-11-02,3.6,3.65,3.6,3.64,16333697.0,219877328.0
2012-11-05,3.64,3.69,3.63,3.66,14675465.0,199475088.0
2012-11-06,3.66,3.66,3.6,3.65,13017945.0,175738848.0
2012-11-07,3.63,3.67,3.61,3.65,8816884.0,119251176.0
2012-11-08,3.62,3.64,3.6,3.6,8472817.0,113907736.0
2012-11-09,3.6,3.62,3.59,3.61,6217075.0,83239024.0
2012-11-12,3.6,3.67,3.6,3.66,14534904.0,196914080.0
2012-11-13,3.66,3.66,3.6,3.61,9993534.0,134504032.0
2012-11-14,3.63,3.63,3.59,3.6,7526378.0,100889384.0
2012-11-15,3.58,3.6,3.52,3.54,7651970.0,101637296.0
2012-11-16,3.52,3.54,3.48,3.52,14755857.0,192143856.0
2012-11-19,3.5,3.53,3.48,3.52,9836934.0,128001552.0
2012-11-20,3.52,3.53,3.48,3.52,7975806.0,104041952.0
2012-11-21,3.51,3.58,3.5,3.57,10792687.0,141558176.0
2012-11-22,3.56,3.57,3.53,3.54,4858906.0,63994756.0
2012-11-23,3.55,3.59,3.54,3.57,8031817.0,106505912.0
2012-11-26,3.56,3.56,3.52,3.53,5737293.0,75519848.0
2012-11-27,3.52,3.55,3.51,3.55,8875244.0,116511896.0
2012-11-28,3.53,3.55,3.52,3.52,7213613.0,94731376.0
2012-11-29,3.52,3.52,3.43,3.43,20497422.0,263156032.0
2012-11-30,3.42,3.47,3.42,3.44,9664616.0,123711328.0
2012-12-03,3.45,3.45,3.36,3.38,14072783.0,177383536.0
2012-12-04,3.38,3.44,3.36,3.42,11692406.0,147537056.0
2012-12-05,3.41,3.62,3.4,3.6,40236392.0,532826176.0
2012-12-06,3.59,3.65,3.58,3.63,36101524.0,486216800.0
2012-12-07,3.63,3.77,3.63,3.77,45656784.0,632609152.0
2012-12-10,3.81,3.88,3.73,3.85,48181440.0,681366272.0
2012-12-11,3.82,3.87,3.79,3.8,26068304.0,370736000.0
2012-12-12,3.8,3.87,3.79,3.83,22739652.0,323505184.0
2012-12-13,3.82,3.83,3.78,3.78,18964924.0,268485664.0
2012-12-14,3.78,4.09,3.77,4.08,77413768.0,1143057920.0
2012-12-17,4.09,4.12,4.04,4.1,48778000.0,740677376.0
2012-12-18,4.08,4.16,4.05,4.1,41162952.0,630112640.0
2012-12-19,4.09,4.13,4.07,4.08,27157618.0,413928576.0
2012-12-20,4.06,4.08,3.98,4.07,29347538.0,438977120.0
2012-12-21,4.06,4.07,4.0,4.0,24527160.0,366606688.0
2012-12-24,3.99,4.09,3.99,4.01,21777834.0,327128896.0
2012-12-25,4.01,4.19,3.98,4.15,44988144.0,691035840.0
2012-12-26,4.14,4.16,4.1,4.14,30801434.0,472347392.0
2012-12-27,4.15,4.19,4.11,4.16,28363030.0,436845792.0
2012-12-28,4.16,4.25,4.14,4.2,24234912.0,377652096.0
2012-12-31,4.23,4.35,4.21,4.31,37868420.0,605187328.0
2013-01-04,4.39,4.43,4.28,4.3,44385136.0,717567552.0
2013-01-07,4.3,4.4,4.27,4.39,35716924.0,578450496.0
2013-01-08,4.39,4.4,4.27,4.3,31247912.0,501360096.0
2013-01-09,4.29,4.31,4.25,4.27,25132916.0,399696192.0
2013-01-10,4.27,4.33,4.25,4.27,24003028.0,383347744.0
2013-01-11,4.27,4.32,4.16,4.18,25126856.0,396184768.0
2013-01-14,4.17,4.6,4.17,4.6,93989592.0,1568841984.0
2013-01-15,4.61,4.82,4.6,4.74,98406440.0,1719308672.0
2013-01-16,4.74,4.82,4.63,4.79,68270096.0,1198986624.0
2013-01-17,4.76,4.92,4.7,4.77,67577208.0,1206432384.0
2013-01-18,4.81,4.96,4.74,4.93,66536764.0,1201751680.0
2013-01-21,4.92,5.3,4.84,5.3,78213640.0,1465651584.0
2013-01-22,5.24,5.62,5.2,5.51,106876960.0,2167549696.0
2013-01-23,5.38,5.49,5.19,5.39,63569848.0,1266082560.0
2013-01-24,5.39,5.54,5.19,5.23,85723640.0,1709191424.0
2013-01-25,5.25,5.27,5.1,5.15,61431248.0,1178016256.0
2013-01-28,5.16,5.67,5.16,5.67,116399520.0,2365203200.0
2013-01-29,5.73,5.8,5.55,5.75,108289496.0,2288064768.0
2013-01-30,5.68,5.74,5.6,5.74,58362496.0,1233766272.0
2013-01-31,5.72,5.74,5.6,5.68,41588420.0,873902912.0
2013-02-01,5.66,6.07,5.59,6.03,82408048.0,1793445760.0
2013-02-04,5.99,6.13,5.84,5.92,85742000.0,1906659456.0
2013-02-05,5.85,5.96,5.7,5.86,42689100.0,927037952.0
2013-02-06,5.84,5.91,5.77,5.88,38082656.0,827479680.0
2013-02-07,5.84,5.87,5.46,5.61,58612692.0,1230117760.0
2013-02-08,5.59,5.66,5.49,5.58,46202464.0,958773568.0
2013-02-18,5.63,5.78,5.58,5.62,42181312.0,887486912.0
2013-02-19,5.6,5.68,5.56,5.6,48650848.0,1017085056.0
2013-02-20,5.61,5.65,5.3,5.46,65915768.0,1324230528.0
2013-02-21,5.38,5.38,5.13,5.27,74024480.0,1445657216.0
2013-02-22,5.25,5.3,5.1,5.14,46859524.0,907188800.0
2013-02-25,5.18,5.46,5.17,5.38,61630068.0,1218835584.0
2013-02-26,5.33,5.91,5.3,5.61,103481472.0,2186227712.0
2013-02-27,5.65,5.87,5.61,5.66,70067664.0,1492890624.0
2013-02-28,5.69,6.19,5.66,6.19,111989168.0,2487830784.0
2013-03-01,6.17,6.25,6.02,6.2,103782384.0,2371270400.0
2013-03-04,6.04,6.19,5.79,5.85,109877960.0,2429985280.0
2013-03-05,5.87,6.44,5.86,6.44,116898728.0,2700253184.0
2013-03-06,6.59,6.65,6.44,6.52,113828104.0,2762182912.0
2013-03-07,6.44,6.49,6.12,6.39,89267088.0,2106340352.0
2013-03-08,6.4,6.45,6.04,6.15,92586832.0,2138190976.0
2013-03-11,6.11,6.18,5.88,6.09,57329336.0,1288820736.0
2013-03-12,6.08,6.13,5.73,5.84,84076904.0,1845179520.0
2013-03-13,5.84,6.08,5.81,5.94,83690152.0,1857825792.0
2013-03-14,5.92,5.94,5.73,5.83,57785360.0,1259573632.0
2013-03-15,5.83,6.09,5.6,5.97,94357408.0,2057527296.0
2013-03-18,5.84,5.92,5.71,5.74,74529480.0,1605426304.0
2013-03-19,5.73,5.85,5.66,5.78,52977120.0,1135421184.0
2013-03-20,5.77,6.26,5.76,6.22,130937024.0,2950191872.0
2013-03-21,6.19,6.24,6.1,6.18,71531768.0,1640675072.0
2013-03-22,6.17,6.23,6.13,6.2,41182524.0,947445376.0
2013-03-25,6.22,6.26,6.1,6.12,45289372.0,1037164928.0
2013-03-26,6.08,6.08,5.94,5.96,55977300.0,1248606080.0
2013-03-27,5.96,6.1,5.9,5.96,38599692.0,859815744.0
2013-03-28,5.65,5.65,5.36,5.39,117504328.0,2385878272.0
2013-03-29,5.39,5.48,5.28,5.41,56984840.0,1139477760.0
2013-04-01,5.43,5.54,5.41,5.49,38554184.0,786200256.0
2013-04-02,5.48,5.62,5.43,5.5,46305476.0,952838144.0
2013-04-03,5.53,5.59,5.46,5.5,22458964.0,461545664.0
2013-04-08,5.32,5.41,5.27,5.36,40771476.0,808525760.0
2013-04-09,5.38,5.45,5.36,5.36,38049112.0,763834496.0
2013-04-10,5.35,5.35,5.15,5.22,50776708.0,988314112.0
2013-04-11,5.27,5.3,5.19,5.22,31178900.0,607690368.0
2013-04-12,5.23,5.24,5.06,5.09,80532280.0,1535799808.0
2013-04-15,5.1,5.13,4.95,4.99,57095700.0,1065287808.0
2013-04-16,4.93,5.05,4.87,5.04,65549248.0,1213261312.0
2013-04-17,5.03,5.05,4.86,4.97,64270316.0,1180893568.0
2013-04-18,4.9,5.16,4.87,5.14,90124464.0,1685861504.0
2013-04-19,5.11,5.54,5.1,5.45,147838016.0,2902667264.0
2013-04-22,5.38,5.48,5.36,5.44,69291440.0,1396575744.0
2013-04-23,5.47,5.49,5.13,5.13,80265936.0,1559983360.0
2013-04-24,5.04,5.32,4.99,5.22,73338048.0,1397785344.0
2013-04-25,5.11,5.21,5.04,5.07,44685588.0,847664640.0
2013-04-26,5.11,5.17,5.02,5.03,33673896.0,637945792.0
2013-05-02,5.0,5.09,4.95,5.09,23757280.0,445019648.0
2013-05-03,5.11,5.44,5.07,5.31,72012608.0,1419670016.0
2013-05-06,5.34,5.53,5.3,5.46,84054464.0,1700266240.0
2013-05-07,5.42,5.48,5.35,5.45,42417084.0,854343040.0
2013-05-08,5.48,5.62,5.36,5.48,62878712.0,1286250112.0
2013-05-09,5.45,5.45,5.33,5.42,48361312.0,967721600.0
2013-05-10,5.38,5.49,5.35,5.43,38624828.0,779054976.0
2013-05-13,5.41,5.43,5.33,5.36,32387980.0,645920640.0
2013-05-14,5.36,5.36,5.14,5.19,49816080.0,963271680.0
2013-05-15,5.19,5.23,5.15,5.19,24208282.0,466686528.0
2013-05-16,5.17,5.51,5.13,5.46,81311584.0,1620143104.0
2013-05-17,5.46,5.52,5.36,5.49,59580700.0,1207256064.0
2013-05-20,5.51,5.78,5.48,5.64,87697456.0,1842617472.0
2013-05-21,5.6,5.71,5.58,5.68,44757456.0,938805120.0
2013-05-22,5.68,5.73,5.63,5.69,41311344.0,872231936.0
2013-05-23,5.65,5.7,5.52,5.52,50740940.0,1054439744.0
2013-05-24,5.53,5.63,5.46,5.57,33280996.0,686838464.0
2013-05-27,5.54,5.62,5.46,5.49,35854608.0,737775168.0
2013-05-28,5.49,5.84,5.45,5.81,78361712.0,1653684480.0
2013-05-29,5.81,5.84,5.71,5.73,53259776.0,1140654720.0
2013-05-30,5.71,5.81,5.67,5.7,42544168.0,905433856.0
2013-05-31,5.72,5.78,5.64,5.65,36186204.0,767274368.0
2013-06-03,5.63,5.7,5.59,5.63,34379292.0,720122816.0
2013-06-04,5.63,5.74,5.59,5.69,44215692.0,930180288.0
2013-06-05,5.65,5.68,5.55,5.6,30574508.0,636042496.0
2013-06-06,5.54,5.59,5.39,5.42,43527000.0,883833856.0
2013-06-07,5.42,5.45,5.22,5.25,40200096.0,795705792.0
2013-06-13,5.2,5.2,4.99,5.06,38134260.0,717936640.0
2013-06-14,5.11,5.17,5.06,5.13,32855336.0,625125440.0
2013-06-17,5.16,5.26,5.1,5.18,30921022.0,596190208.0
2013-06-18,5.23,5.39,5.23,5.31,38959936.0,770155904.0
2013-06-19,5.26,5.26,5.15,5.18,36997752.0,714070016.0
2013-06-20,5.18,5.19,4.81,4.86,90306656.0,1029738112.0
2013-06-21,4.76,4.95,4.71,4.9,61400268.0,687937856.0
2013-06-24,4.83,4.83,4.41,4.41,116667176.0,1210827520.0
2013-06-25,4.26,4.39,3.97,4.33,171716256.0,1643643136.0
2013-06-26,4.34,4.34,4.16,4.24,101715104.0,992741120.0
2013-06-27,4.28,4.34,4.14,4.17,83586704.0,819712896.0
2013-06-28,4.13,4.4,4.04,4.33,92664392.0,909148160.0
2013-07-01,4.26,4.32,4.1,4.23,80019664.0,775396032.0
2013-07-02,4.25,4.26,4.07,4.17,81375376.0,776186624.0
2013-07-03,4.15,4.15,4.03,4.05,77115848.0,723582016.0
2013-07-04,4.0,4.16,3.91,4.07,80515992.0,750347520.0
2013-07-05,4.06,4.16,4.06,4.07,64144624.0,606232512.0
2013-07-08,3.99,4.02,3.9,3.9,59500688.0,542811648.0
2013-07-09,3.91,3.96,3.9,3.91,51215064.0,463017600.0
2013-07-10,3.91,4.08,3.9,4.08,74724160.0,686265856.0
2013-07-11,4.13,4.49,4.13,4.49,173361152.0,1737228160.0
2013-07-12,4.56,4.71,4.46,4.49,211854400.0,2237235968.0
2013-07-15,4.56,4.67,4.36,4.56,134165944.0,1397980288.0
2013-07-16,4.5,4.53,4.4,4.51,101622760.0,1045499584.0
2013-07-17,4.5,4.54,4.39,4.4,67368848.0,691750080.0
2013-07-18,4.38,4.42,4.25,4.27,80668720.0,798982784.0
2013-07-19,4.27,4.3,4.09,4.1,82736792.0,797155392.0
2013-07-22,4.01,4.13,3.96,4.09,65837736.0,613752256.0
2013-07-23,4.11,4.45,4.09,4.33,124744344.0,1234752128.0
2013-07-24,4.25,4.29,4.15,4.24,89972184.0,872706944.0
2013-07-25,4.25,4.35,4.21,4.26,68987416.0,681137664.0
2013-07-26,4.22,4.24,4.15,4.19,46505056.0,448749600.0
2013-07-29,4.11,4.13,4.07,4.09,49813032.0,469746112.0
2013-07-30,4.13,4.31,4.11,4.2,67454104.0,655829184.0
2013-07-31,4.26,4.34,4.15,4.17,45446880.0,442922528.0
2013-08-01,4.23,4.31,4.17,4.31,76275024.0,748544192.0
2013-08-02,4.35,4.39,4.25,4.27,57741736.0,571091008.0
2013-08-05,4.27,4.32,4.24,4.32,53143064.0,524425088.0
2013-08-06,4.29,4.34,4.25,4.31,59617992.0,588829760.0
2013-08-07,4.29,4.4,4.28,4.31,74376400.0,743841152.0
2013-08-08,4.28,4.36,4.27,4.3,54585924.0,542966976.0
2013-08-09,4.33,4.35,4.23,4.28,49763448.0,491213376.0
2013-08-12,4.29,4.54,4.28,4.49,134836320.0,1373703552.0
2013-08-13,4.48,4.59,4.45,4.56,120349664.0,1252254464.0
2013-08-14,4.56,4.7,4.51,4.53,116474456.0,1237080448.0
2013-08-15,4.53,4.57,4.42,4.43,58675656.0,605654336.0
2013-08-16,4.42,4.87,4.35,4.6,253143440.0,2723081472.0
2013-08-19,4.44,4.76,4.44,4.69,158560400.0,1677377408.0
2013-08-20,4.65,4.89,4.6,4.78,153186704.0,1676956544.0
2013-08-21,4.76,4.82,4.67,4.74,62680480.0,682275392.0
2013-08-22,4.72,4.89,4.7,4.76,79080656.0,874059840.0
2013-08-23,4.76,4.81,4.53,4.61,104396128.0,1116168192.0
2013-08-26,4.62,4.76,4.56,4.73,74327448.0,803066304.0
2013-08-27,4.73,4.79,4.67,4.73,58688428.0,638179712.0
2013-08-28,4.66,4.71,4.57,4.62,68220320.0,728468800.0
2013-08-29,4.69,4.73,4.6,4.62,55125304.0,590423936.0
2013-08-30,4.58,4.71,4.57,4.61,52029080.0,555844992.0
2013-09-02,4.66,4.7,4.62,4.67,50023176.0,537024128.0
2013-09-03,4.69,4.86,4.66,4.86,115757168.0,1276796928.0
2013-09-04,4.85,4.95,4.8,4.81,89262008.0,1001844672.0
2013-09-05,4.81,4.83,4.77,4.79,34323008.0,379657120.0
2013-09-09,4.9,5.27,4.9,5.27,220449376.0,2639382272.0
2013-09-10,5.39,5.49,5.21,5.4,208529424.0,2574801664.0
2013-09-11,5.39,5.71,5.3,5.51,170823008.0,2186675968.0
2013-09-12,5.44,6.02,5.39,5.85,183054048.0,2418432512.0
2013-09-13,5.75,5.95,5.66,5.74,119131992.0,1587326720.0
2013-09-16,5.74,5.92,5.5,5.73,143436608.0,1874388864.0
2013-09-17,5.71,5.81,5.54,5.56,94002600.0,1224996864.0
2013-09-18,5.54,5.64,5.43,5.56,61700280.0,786897792.0
2013-09-23,5.56,5.63,5.48,5.59,72379520.0,928672768.0
2013-09-24,5.59,5.59,5.2,5.33,145618928.0,1786488320.0
2013-09-25,5.29,5.41,5.2,5.22,77993072.0,949782720.0
2013-09-26,5.19,5.19,4.99,5.06,86071184.0,1002417088.0
2013-09-27,5.05,5.22,5.04,5.17,68751992.0,810756864.0
2013-09-30,5.17,5.23,5.13,5.16,37360168.0,445333344.0
2013-10-08,5.16,5.36,5.0,5.3,73757472.0,888899072.0
2013-10-09,5.26,5.54,5.22,5.45,84408432.0,1054297728.0
2013-10-10,5.47,5.54,5.3,5.33,77626824.0,967348800.0
2013-10-11,5.39,5.55,5.37,5.51,92298672.0,1165261952.0
2013-10-14,5.47,5.51,5.42,5.42,55293904.0,693548160.0
2013-10-15,5.42,5.43,5.27,5.3,48446348.0,594407040.0
2013-10-16,5.28,5.28,5.18,5.22,45239616.0,544119424.0
2013-10-17,5.27,5.32,5.21,5.21,31361588.0,378747296.0
2013-10-18,5.22,5.4,5.19,5.3,51565252.0,631501184.0
2013-10-21,5.3,5.38,5.22,5.36,60301256.0,736781248.0
2013-10-22,5.33,5.33,5.22,5.23,51490012.0,623986688.0
2013-10-23,5.29,5.72,5.28,5.46,154335728.0,1957187840.0
2013-10-24,5.48,5.71,5.39,5.65,147778448.0,1909977856.0
2013-10-25,5.62,5.99,5.59,5.83,144110736.0,1935859072.0
2013-10-28,5.82,5.83,5.63,5.7,87876296.0,1154607616.0
2013-10-29,5.71,6.25,5.71,6.13,214154016.0,2981260800.0
2013-10-30,6.08,6.29,6.0,6.25,132582232.0,1871874560.0
2013-10-31,6.19,6.22,5.97,6.04,111296872.0,1558479744.0
2013-11-01,6.03,6.13,5.93,6.02,84492160.0,1175747328.0
2013-11-04,6.07,6.12,5.85,5.89,73966848.0,1013876800.0
2013-11-05,5.78,5.95,5.63,5.93,98703536.0,1305185664.0
2013-11-06,5.82,5.85,5.67,5.71,71528944.0,951290048.0
2013-11-07,5.74,5.85,5.69,5.76,68650392.0,913998400.0
2013-11-08,5.69,5.88,5.68,5.79,72008184.0,958253504.0
2013-11-11,5.79,5.88,5.69,5.82,61585088.0,823194176.0
2013-11-12,5.82,6.12,5.82,6.1,108732648.0,1510757376.0
2013-11-13,6.02,6.05,5.76,5.79,82642152.0,1127155584.0
2013-11-14,5.75,5.8,5.63,5.71,96441256.0,1262294144.0
2013-11-15,5.72,5.98,5.67,5.8,96702976.0,1306569856.0
2013-11-18,5.85,6.14,5.75,6.12,128156184.0,1761157760.0
2013-11-19,6.1,6.13,5.98,6.0,83538392.0,1161254272.0
2013-11-20,6.08,6.17,5.97,6.08,70523848.0,984763584.0
2013-11-21,6.02,6.06,5.85,6.05,94467416.0,1289349376.0
2013-11-22,6.03,6.04,5.94,5.94,53878412.0,741591616.0
2013-11-25,5.82,5.99,5.8,5.86,53232868.0,722870912.0
2013-11-26,5.86,5.92,5.82,5.85,39201960.0,528774464.0
2013-11-27,5.82,6.0,5.81,5.89,57665668.0,783820160.0
2013-11-28,5.89,5.99,5.88,5.92,61904048.0,845915776.0
2013-11-29,5.99,6.03,5.89,5.91,62016340.0,850388544.0
2013-12-02,5.92,6.11,5.89,5.97,122233192.0,1682918400.0
2013-12-03,5.94,6.0,5.78,5.88,80243608.0,1081622656.0
2013-12-04,5.86,6.02,5.8,5.91,89180488.0,1217121536.0
2013-12-05,5.9,5.92,5.81,5.83,60748012.0,818132160.0
2013-12-06,5.85,5.85,5.75,5.77,48110320.0,640155456.0
2013-12-09,5.78,5.82,5.72,5.73,41804456.0,553192448.0
2013-12-10,5.78,5.79,5.73,5.77,32403352.0,429632576.0
2013-12-11,5.73,5.75,5.51,5.58,92520408.0,1192542592.0
2013-12-12,5.52,5.59,5.5,5.52,39806208.0,507708736.0
2013-12-13,5.51,5.51,5.41,5.45,43034384.0,540933952.0
2013-12-16,5.43,5.57,5.43,5.54,55566784.0,704816704.0
2013-12-17,5.56,5.59,5.48,5.52,36768040.0,470046208.0
2013-12-18,5.52,5.58,5.49,5.54,23274046.0,296740192.0
2013-12-19,5.55,5.58,5.43,5.43,35620148.0,450676320.0
2013-12-20,5.43,5.46,5.17,5.17,68133392.0,826323840.0
2013-12-23,5.18,5.29,5.13,5.19,41215328.0,495535264.0
2013-12-24,5.21,5.26,5.04,5.08,51936464.0,617009152.0
2013-12-25,5.08,5.12,5.01,5.09,50589940.0,589596288.0
2013-12-26,5.08,5.08,4.96,4.97,40230092.0,463847168.0
2013-12-27,4.98,5.16,4.96,5.1,63066168.0,733105792.0
2013-12-30,5.12,5.15,5.08,5.1,43574488.0,512282784.0
2013-12-31,5.09,5.38,5.06,5.32,82686416.0,1002632448.0
2014-01-02,5.26,5.34,5.23,5.31,48991088.0,596223744.0
2014-01-03,5.28,5.28,5.12,5.18,55111484.0,656631296.0
2014-01-06,5.16,5.21,4.99,5.07,58211824.0,679280384.0
2014-01-07,5.01,5.11,5.0,5.05,33840748.0,393977568.0
2014-01-08,5.06,5.19,5.01,5.11,45776816.0,538436160.0
2014-01-09,5.08,5.21,5.06,5.13,48551836.0,576870528.0
2014-01-10,5.12,5.19,5.06,5.13,38119764.0,450487744.0
2014-01-13,5.13,5.17,4.99,5.04,47887516.0,559375168.0
2014-01-14,5.03,5.12,4.97,5.09,36242708.0,420715264.0
2014-01-15,5.08,5.1,5.02,5.07,29798810.0,346733024.0
2014-01-16,5.06,5.13,5.03,5.08,29959340.0,350027744.0
2014-01-17,5.05,5.06,4.97,4.99,42351388.0,487423200.0
2014-01-20,4.99,4.99,4.89,4.91,30721992.0,349154112.0
2014-01-21,4.92,5.02,4.92,4.93,26579498.0,303578624.0
2014-01-22,4.93,5.15,4.93,5.12,61908448.0,723523200.0
2014-01-23,5.11,5.12,5.06,5.08,37553548.0,439497024.0
2014-01-24,5.06,5.13,5.03,5.06,48528332.0,567516096.0
2014-01-27,5.02,5.05,4.93,4.95,44299724.0,508343008.0
2014-01-28,4.97,5.03,4.94,4.99,38968304.0,446213152.0
2014-01-29,5.01,5.06,4.99,5.02,31210440.0,361575328.0
2014-01-30,5.02,5.02,4.94,4.95,29141306.0,332618208.0
2014-02-07,4.92,4.94,4.82,4.94,41875744.0,470138336.0
2014-02-10,4.94,5.03,4.93,5.03,58122624.0,670008704.0
2014-02-11,5.01,5.36,4.96,5.21,131046536.0,1569553152.0
2014-02-12,5.16,5.3,5.15,5.19,69462200.0,831733248.0
2014-02-13,5.14,5.43,5.13,5.31,121819272.0,1480576896.0
2014-02-14,5.26,5.29,5.19,5.25,58233936.0,701905728.0
2014-02-17,5.26,5.29,5.16,5.2,60892188.0,727601216.0
2014-02-18,5.17,5.18,5.05,5.06,59606164.0,700246016.0
2014-02-19,5.04,5.27,5.04,5.21,98817488.0,1177763456.0
2014-02-20,5.18,5.32,5.1,5.11,76632416.0,919006400.0
2014-02-21,5.13,5.14,5.03,5.04,47999664.0,559681280.0
2014-02-24,4.97,4.99,4.84,4.85,66782028.0,750803456.0
2014-02-25,4.85,4.93,4.78,4.79,54838744.0,611611840.0
2014-02-26,4.79,4.87,4.78,4.83,40793776.0,453164480.0
2014-02-27,4.84,4.93,4.78,4.88,55508600.0,621811136.0
2014-02-28,4.85,4.88,4.73,4.83,44623752.0,493549152.0
2014-03-03,4.79,4.81,4.75,4.79,42743200.0,470295904.0
2014-03-04,4.77,4.79,4.69,4.77,52758524.0,575054336.0
2014-03-05,4.73,4.77,4.62,4.65,53301668.0,575251328.0
2014-03-06,4.65,4.71,4.56,4.68,52738264.0,564310336.0
2014-03-07,4.67,4.75,4.66,4.69,48865432.0,529718080.0
2014-03-10,4.65,4.66,4.45,4.48,54432072.0,567573120.0
2014-03-11,4.48,4.51,4.39,4.45,45078940.0,462135328.0
2014-03-12,4.46,4.55,4.42,4.5,51510720.0,532491168.0
2014-03-13,4.55,4.69,4.5,4.59,62662520.0,663461504.0
2014-03-14,4.53,4.57,4.46,4.48,45039248.0,466403744.0
2014-03-17,4.52,4.56,4.49,4.55,37297944.0,388751072.0
2014-03-18,4.55,4.56,4.49,4.51,43181484.0,449377632.0
2014-03-19,4.5,4.5,4.41,4.45,36302888.0,370332000.0
2014-03-20,4.44,4.47,4.36,4.39,45488152.0,462702976.0
2014-03-21,4.37,4.75,4.36,4.69,125181192.0,1316754816.0
2014-03-24,4.68,4.75,4.62,4.69,84253872.0,908755200.0
2014-03-25,4.68,4.7,4.59,4.6,41575436.0,444839360.0
2014-03-26,4.63,4.67,4.58,4.65,36020600.0,383229632.0
2014-03-27,4.62,4.79,4.57,4.68,80313368.0,867999424.0
2014-03-28,4.65,4.76,4.63,4.68,53264992.0,576611648.0
2014-03-31,4.71,4.75,4.63,4.68,32113078.0,346029600.0
2014-04-01,4.66,4.73,4.65,4.69,28124288.0,303939584.0
2014-04-02,4.69,4.78,4.66,4.74,46039728.0,500530400.0
2014-04-03,4.76,4.79,4.67,4.68,45365088.0,494227840.0
2014-04-04,4.65,4.7,4.6,4.69,34209024.0,366585728.0
2014-04-08,4.68,4.99,4.68,4.9,134292064.0,1503024000.0
2014-04-09,4.89,4.93,4.85,4.86,55734652.0,626176128.0
2014-04-10,4.87,5.04,4.85,4.93,77006824.0,876017984.0
2014-04-11,4.93,4.99,4.89,4.95,59325528.0,674562240.0
2014-04-14,4.93,4.97,4.86,4.9,42174132.0,476278752.0
2014-04-15,4.87,4.88,4.74,4.76,53468880.0,589940416.0
2014-04-16,4.75,4.83,4.72,4.77,37664608.0,414021984.0
2014-04-17,4.79,4.81,4.7,4.73,30488524.0,333305056.0
2014-04-18,4.71,4.73,4.66,4.69,32354412.0,349102656.0
2014-04-21,4.67,4.73,4.63,4.64,29815604.0,321959264.0
2014-04-22,4.65,4.86,4.64,4.8,52328164.0,569433664.0
2014-04-23,4.81,4.97,4.81,4.91,119102808.0,1346115072.0
2014-04-24,4.96,4.97,4.83,4.88,63400484.0,712292416.0
2014-04-25,4.88,5.0,4.83,4.89,71433520.0,810796672.0
2014-04-28,4.89,4.9,4.76,4.79,52604504.0,582533632.0
2014-04-29,4.79,4.89,4.74,4.85,41362160.0,458216064.0
2014-04-30,4.86,4.87,4.82,4.84,25959642.0,289386176.0
2014-05-05,4.82,4.83,4.7,4.77,40327048.0,440413664.0
2014-05-06,4.74,4.82,4.73,4.76,26777092.0,294197728.0
2014-05-07,4.74,4.76,4.71,4.71,24191028.0,263547088.0
2014-05-08,4.7,4.84,4.7,4.75,37962092.0,418459584.0
2014-05-09,4.75,4.83,4.73,4.8,32191490.0,354936704.0
2014-05-12,4.84,4.95,4.79,4.93,60199192.0,678608640.0
2014-05-13,4.92,4.93,4.86,4.88,30583330.0,344109440.0
2014-05-14,4.87,4.97,4.87,4.91,41612180.0,471890560.0
2014-05-15,4.91,4.93,4.84,4.86,31262756.0,351067744.0
2014-05-16,4.86,4.93,4.86,4.89,31177310.0,351626464.0
2014-05-19,4.89,4.9,4.84,4.89,26110556.0,292426272.0
2014-05-20,4.89,4.93,4.85,4.88,20576600.0,231625056.0
2014-05-21,4.86,4.94,4.81,4.92,26316828.0,297218368.0
2014-05-22,4.92,5.06,4.9,4.95,61914168.0,713100736.0
2014-05-23,4.95,5.04,4.93,5.03,41535648.0,478107232.0
2014-05-26,5.06,5.06,4.98,5.03,31598920.0,365020288.0
2014-05-27,5.01,5.08,4.99,5.03,28440770.0,329865248.0
2014-05-28,5.03,5.05,4.95,5.04,42703764.0,491816864.0
2014-05-29,5.03,5.1,4.99,4.99,36223848.0,420664544.0
2014-05-30,4.99,5.05,4.98,4.99,31877308.0,367350848.0
2014-06-03,4.99,5.08,4.99,5.0,27811388.0,322371200.0
2014-06-04,5.0,5.0,4.89,4.92,32388974.0,367011936.0
2014-06-05,4.91,4.97,4.9,4.96,24629124.0,280049632.0
2014-06-06,4.97,4.99,4.9,4.94,18643556.0,212129088.0
2014-06-09,4.93,5.01,4.92,4.99,31352202.0,359580576.0
2014-06-10,5.0,5.1,4.98,5.1,62198264.0,723590272.0
2014-06-11,5.07,5.14,5.05,5.12,43323328.0,509141984.0
2014-06-12,5.08,5.16,5.07,5.13,36744200.0,355905024.0
2014-06-13,5.13,5.48,5.11,5.35,123950480.0,1246107264.0
2014-06-16,5.32,5.41,5.29,5.35,87818232.0,889629952.0
2014-06-17,5.31,5.38,5.27,5.3,54184788.0,546274880.0
2014-06-18,5.3,5.32,5.18,5.21,53855012.0,534087744.0
2014-06-19,5.21,5.25,5.11,5.17,48308104.0,474545248.0
2014-06-20,5.16,5.2,5.15,5.2,37207088.0,364389984.0
2014-06-23,5.2,5.26,5.16,5.16,43085976.0,423339296.0
2014-06-24,5.17,5.2,5.16,5.18,28459320.0,279235072.0
2014-06-25,5.18,5.18,5.09,5.16,27126264.0,263555600.0
2014-06-26,5.13,5.19,5.13,5.19,34288524.0,335699968.0
2014-06-27,5.17,5.22,5.13,5.19,36752084.0,359856064.0
2014-06-30,5.18,5.27,5.17,5.24,44723792.0,442037472.0
2014-07-01,5.24,5.26,5.19,5.21,28494372.0,281216672.0
2014-07-02,5.21,5.23,5.18,5.23,28604172.0,281857216.0
2014-07-03,5.23,5.28,5.19,5.26,44690488.0,443709920.0
2014-07-04,5.27,5.29,5.21,5.24,34231128.0,339852544.0
2014-07-07,5.24,5.25,5.18,5.21,34306164.0,337859968.0
2014-07-08,5.2,5.25,5.16,5.25,34608704.0,341179840.0
2014-07-09,5.24,5.24,5.06,5.1,58789112.0,573417344.0
2014-07-10,5.1,5.14,5.08,5.11,36025784.0,348040192.0
2014-07-11,5.1,5.13,5.09,5.11,31832008.0,307776992.0
2014-07-14,5.11,5.14,5.06,5.14,46311612.0,446246592.0
2014-07-16,5.13,5.13,5.03,5.08,61770284.0,592431488.0
2014-07-17,5.07,5.08,5.04,5.07,32007282.0,306409312.0
2014-07-18,5.05,5.1,5.04,5.07,37511524.0,360507392.0
2014-07-21,5.07,5.07,5.04,5.05,27299506.0,260823472.0
2014-07-22,5.04,5.18,5.03,5.14,61369888.0,594111744.0
2014-07-23,5.13,5.19,5.11,5.16,55570368.0,541821248.0
2014-07-24,5.16,5.44,5.16,5.37,180582400.0,1820306688.0
2014-07-25,5.39,5.42,5.33,5.4,85391392.0,868778304.0
2014-07-28,5.42,5.76,5.41,5.7,186787920.0,1997922432.0
2014-07-29,5.72,5.86,5.67,5.72,120182704.0,1306061696.0
2014-07-30,5.72,5.86,5.67,5.68,81002560.0,880625344.0
2014-07-31,5.68,5.76,5.63,5.74,63778444.0,685541120.0
2014-08-01,5.73,5.85,5.65,5.65,85450968.0,930971520.0
2014-08-04,5.65,5.78,5.6,5.78,83062392.0,896723520.0
2014-08-05,5.79,5.86,5.66,5.72,75217528.0,817861952.0
2014-08-06,5.68,5.68,5.55,5.63,83464760.0,884436928.0
2014-08-07,5.63,5.64,5.54,5.55,59643464.0,629404544.0
2014-08-08,5.56,5.61,5.53,5.57,55565168.0,586028480.0
2014-08-11,5.58,5.68,5.58,5.66,62133184.0,663290432.0
2014-08-12,5.63,5.63,5.56,5.6,48085236.0,508251840.0
2014-08-13,5.59,5.66,5.54,5.63,53336496.0,564717120.0
2014-08-14,5.64,5.68,5.55,5.57,52369320.0,556638912.0
2014-08-15,5.57,5.62,5.52,5.59,67508976.0,711373248.0
2014-08-18,5.6,5.65,5.57,5.63,58902348.0,625059392.0
2014-08-19,5.63,5.64,5.55,5.59,58082164.0,613961792.0
2014-08-20,5.58,5.58,5.52,5.53,57328568.0,600953664.0
2014-08-21,5.52,5.53,5.42,5.46,63223048.0,653438912.0
2014-08-22,5.44,5.5,5.42,5.47,48156176.0,497919616.0
2014-08-25,5.47,5.47,5.38,5.39,50943444.0,521445408.0
2014-08-26,5.38,5.43,5.36,5.38,46116512.0,469882624.0
2014-08-27,5.38,5.49,5.37,5.41,57314684.0,588959936.0
2014-08-28,5.41,5.42,5.36,5.36,43896984.0,447046656.0
2014-08-29,5.36,5.42,5.36,5.42,34372640.0,350689088.0
2014-09-01,5.41,5.46,5.37,5.44,48778216.0,501154048.0
2014-09-02,5.47,5.54,5.41,5.52,78800496.0,816712384.0
2014-09-03,5.53,5.6,5.51,5.55,76692880.0,807419392.0
2014-09-04,5.55,5.57,5.48,5.57,62815852.0,657751232.0
2014-09-05,5.57,5.62,5.55,5.58,59787808.0,631001536.0
2014-09-09,5.57,5.59,5.51,5.53,56669760.0,593195200.0
2014-09-10,5.5,5.5,5.45,5.46,53159332.0,549288832.0
2014-09-11,5.46,5.57,5.44,5.48,71346128.0,743736320.0
2014-09-12,5.48,5.48,5.43,5.48,40865436.0,421465536.0
2014-09-15,5.46,5.46,5.42,5.45,51541836.0,530216256.0
2014-09-16,5.45,5.53,5.41,5.42,82834048.0,855746048.0
2014-09-17,5.44,5.47,5.39,5.42,55674796.0,570332032.0
2014-09-18,5.39,5.53,5.38,5.46,76830912.0,793783232.0
2014-09-19,5.44,5.5,5.42,5.48,57075420.0,590539520.0
2014-09-22,5.46,5.46,5.29,5.32,79019168.0,802793600.0
2014-09-23,5.32,5.36,5.31,5.34,46215800.0,466701920.0
2014-09-24,5.32,5.44,5.3,5.43,76055288.0,774981760.0
2014-09-25,5.45,5.46,5.36,5.38,67716736.0,693101952.0
2014-09-26,5.37,5.37,5.32,5.35,45363332.0,458477952.0
2014-09-29,5.36,5.38,5.33,5.35,60535872.0,613587456.0
2014-09-30,5.36,5.37,5.34,5.36,48398244.0,490091136.0
2014-10-08,5.37,5.42,5.36,5.42,67468720.0,688179584.0
2014-10-09,5.42,5.44,5.37,5.39,66239360.0,676601216.0
2014-10-10,5.37,5.39,5.35,5.37,65934904.0,669474240.0
2014-10-13,5.35,5.36,5.3,5.34,51987540.0,524142432.0
2014-10-14,5.33,5.39,5.32,5.35,57588336.0,582555072.0
2014-10-15,5.34,5.38,5.29,5.37,59765984.0,604421632.0
2014-10-16,5.34,5.47,5.33,5.39,132373552.0,1355834880.0
2014-10-17,5.39,5.4,5.32,5.35,70051112.0,709337216.0
2014-10-20,5.36,5.38,5.33,5.37,61117048.0,619515008.0
2014-10-21,5.36,5.37,5.32,5.33,48632320.0,491186144.0
2014-10-22,5.33,5.38,5.32,5.34,55946012.0,566148288.0
2014-10-23,5.35,5.46,5.35,5.41,158547968.0,1625133824.0
2014-10-24,5.46,5.47,5.36,5.38,82098912.0,842529664.0
2014-10-27,5.34,5.35,5.27,5.29,72956880.0,732278912.0
2014-10-28,5.31,5.38,5.31,5.37,53065096.0,536920640.0
2014-10-29,5.38,5.48,5.36,5.44,106527616.0,1093979392.0
2014-10-30,5.45,5.57,5.39,5.51,152063312.0,1578266368.0
2014-10-31,5.55,6.0,5.53,5.83,359308416.0,3900875264.0
2014-11-03,5.9,5.95,5.8,5.87,191683472.0,2129642880.0
2014-11-04,5.89,5.91,5.7,5.73,131899208.0,1443563392.0
2014-11-05,5.73,5.79,5.63,5.72,128587680.0,1386577280.0
2014-11-06,5.72,5.76,5.67,5.73,64512384.0,697762496.0
2014-11-07,5.71,6.01,5.69,5.76,223436928.0,2470577664.0
2014-11-10,5.84,5.94,5.74,5.89,162134848.0,1792128640.0
2014-11-11,5.87,6.15,5.85,5.95,298139072.0,3390990080.0
2014-11-12,5.91,5.92,5.81,5.92,138946256.0,1538194048.0
2014-11-13,5.91,6.0,5.83,5.84,134038424.0,1498070400.0
2014-11-14,5.81,5.82,5.71,5.78,90152664.0,980490624.0
2014-11-17,5.79,5.81,5.66,5.69,88959448.0,961843456.0
2014-11-18,5.67,5.71,5.58,5.61,93029648.0,989520768.0
2014-11-19,5.6,5.63,5.57,5.62,59165676.0,627088000.0
2014-11-20,5.59,5.65,5.55,5.62,68354464.0,724359488.0
2014-11-21,5.61,5.74,5.55,5.71,114673200.0,1223438976.0
2014-11-24,5.61,5.79,5.56,5.7,222736848.0,2397291008.0
2014-11-25,5.68,5.82,5.65,5.8,156780272.0,1704413952.0
2014-11-26,5.81,6.01,5.77,5.92,218491872.0,2437181184.0
2014-11-27,6.0,6.08,5.88,5.98,210385664.0,2386849792.0
2014-11-28,5.95,6.57,5.91,6.57,484483936.0,5793392128.0
2014-12-01,6.66,6.89,6.42,6.44,446521376.0,5600612352.0
2014-12-02,6.41,7.08,6.38,6.93,349041152.0,4436545024.0
2014-12-03,6.93,7.34,6.72,6.92,399753024.0,5328330240.0
2014-12-04,6.94,7.38,6.82,7.38,345018080.0,4674285056.0
2014-12-05,7.42,8.05,7.14,7.68,441369728.0,6338168320.0
2014-12-08,7.51,8.19,7.4,8.05,392834240.0,5883664384.0
2014-12-09,7.9,8.21,7.24,7.24,404542016.0,6002899968.0
2014-12-10,7.19,7.59,6.88,7.5,352784416.0,4800983040.0
2014-12-11,7.3,7.7,7.23,7.35,223799568.0,3153661696.0
2014-12-12,7.34,7.5,7.23,7.37,164390912.0,2291244544.0
2014-12-15,7.27,7.27,7.01,7.18,180093664.0,2428185600.0
2014-12-16,7.13,7.6,7.1,7.6,246907296.0,3433988608.0
2014-12-17,7.61,8.28,7.5,8.12,440016608.0,6579202560.0
2014-12-18,8.14,8.22,7.71,7.87,247025088.0,3714889472.0
2014-12-19,7.83,8.03,7.63,7.93,193540576.0,2880581120.0
2014-12-22,7.87,8.54,7.83,8.11,346739136.0,5383744512.0
2014-12-23,7.92,8.07,7.66,7.79,179785072.0,2688160512.0
2014-12-24,7.79,7.85,7.23,7.43,201027104.0,2854208000.0
2014-12-25,7.58,7.79,7.42,7.76,199727584.0,2887581440.0
2014-12-26,7.72,8.02,7.67,7.98,243707328.0,3625690368.0
2014-12-29,8.25,8.48,7.79,7.88,258614816.0,3983923200.0
2014-12-30,7.89,8.24,7.86,8.19,236607840.0,3637484288.0
2014-12-31,8.25,8.39,8.08,8.37,240006576.0,3760218368.0
2015-01-05,8.45,8.6,8.24,8.46,286043648.0,4565387776.0
2015-01-06,8.37,8.66,8.22,8.34,216642144.0,3453446144.0
2015-01-07,8.22,8.36,8.08,8.18,170012064.0,2634796288.0
2015-01-08,8.19,8.23,7.87,7.9,140771424.0,2128003456.0
2015-01-09,7.87,8.39,7.77,7.97,250850016.0,3835378176.0
2015-01-12,7.86,7.95,7.66,7.8,155329088.0,2293104640.0
2015-01-13,7.74,7.87,7.72,7.76,81687480.0,1204987136.0
2015-01-14,7.81,8.03,7.77,7.83,126302960.0,1889296640.0
2015-01-15,7.85,8.11,7.77,8.11,124217032.0,1868795904.0
2015-01-16,8.14,8.25,8.02,8.12,155584640.0,2403346176.0
2015-01-19,7.4,7.7,7.31,7.31,213712368.0,3016203008.0
2015-01-20,7.31,7.43,7.16,7.31,149101808.0,2064280576.0
2015-01-21,7.33,7.71,7.27,7.62,194053040.0,2758192640.0
2015-01-22,7.58,7.67,7.48,7.56,125501608.0,1801436288.0
2015-01-23,7.59,7.73,7.56,7.61,145918192.0,2108746752.0
2015-01-26,7.59,7.63,7.48,7.58,105760576.0,1508446592.0
2015-01-27,7.58,7.59,7.31,7.39,133949464.0,1881058944.0
2015-01-28,7.33,7.56,7.29,7.43,124087752.0,1742175744.0
2015-01-29,7.3,7.4,7.27,7.34,101675328.0,1408825344.0
2015-01-30,7.36,7.46,7.27,7.36,93011672.0,1298735744.0
2015-02-02,7.19,7.29,7.16,7.2,86093216.0,1176949504.0
2015-02-03,7.28,7.39,7.2,7.37,88334912.0,1217876608.0
2015-02-04,7.4,7.42,7.24,7.24,80762312.0,1122666752.0
2015-02-05,7.56,7.62,7.27,7.29,191372912.0,2710523904.0
2015-02-06,7.23,7.37,7.08,7.14,103040856.0,1411298560.0
2015-02-09,7.13,7.23,6.99,7.14,94658624.0,1273141120.0
2015-02-10,7.13,7.3,7.09,7.28,72487536.0,991823744.0
2015-02-11,7.28,7.32,7.23,7.25,55434952.0,763414592.0
2015-02-12,7.27,7.34,7.2,7.32,60871568.0,838611264.0
2015-02-13,7.36,7.49,7.31,7.37,88774312.0,1244514816.0
2015-02-16,7.37,7.4,7.25,7.35,72120240.0,999898496.0
2015-02-17,7.38,7.46,7.36,7.39,68049160.0,954430208.0
2015-02-25,7.42,7.42,7.27,7.29,57739232.0,799193600.0
2015-02-26,7.29,7.44,7.19,7.43,102554424.0,1424064896.0
2015-02-27,7.43,7.48,7.38,7.39,79357016.0,1115146112.0
2015-03-02,7.41,7.44,7.33,7.41,101879696.0,1423603328.0
2015-03-03,7.39,7.39,7.18,7.19,105947632.0,1457305088.0
2015-03-04,7.2,7.25,7.13,7.17,81497304.0,1108145408.0
2015-03-05,7.13,7.15,7.02,7.07,82860488.0,1109152000.0
2015-03-06,7.06,7.14,7.05,7.1,55704776.0,748959104.0
2015-03-09,7.12,7.58,7.04,7.48,220532368.0,3067985664.0
2015-03-10,7.4,7.46,7.28,7.28,138570624.0,1927581952.0
2015-03-11,7.29,7.44,7.29,7.32,90335416.0,1258356096.0
2015-03-12,7.5,7.9,7.44,7.71,330513728.0,4805590528.0
2015-03-13,7.87,8.25,7.82,7.92,316398848.0,4799934976.0
2015-03-16,7.98,8.19,7.88,8.14,221847248.0,3387198720.0
2015-03-17,8.2,8.35,8.06,8.14,195984192.0,3020408576.0
2015-03-18,8.12,8.23,8.08,8.2,183100064.0,2823982848.0
2015-03-19,8.18,8.18,7.99,8.03,158030032.0,2413982208.0
2015-03-20,8.03,8.22,7.96,8.09,197639440.0,3027315200.0
2015-03-23,8.1,8.22,8.1,8.15,178205584.0,2750596608.0
2015-03-24,8.15,8.24,8.04,8.11,155919344.0,2396553472.0
2015-03-25,8.07,8.09,7.87,7.88,159146800.0,2396613888.0
2015-03-26,7.85,8.15,7.77,7.98,148789152.0,2246003712.0
2015-03-27,7.98,8.08,7.85,7.97,104763888.0,1577607040.0
2015-03-30,8.05,8.42,7.98,8.27,258261376.0,4014724352.0
2015-03-31,8.48,8.77,8.26,8.32,273318336.0,4393135104.0
2015-04-01,8.36,8.53,8.22,8.43,164331648.0,2608976896.0
2015-04-02,8.5,8.53,8.25,8.35,140583744.0,2222670592.0
2015-04-03,8.3,8.42,8.25,8.37,143494128.0,2262844416.0
2015-04-07,8.53,8.96,8.53,8.88,296047232.0,4898119680.0
2015-04-08,8.95,9.55,8.8,9.47,337164640.0,5784459264.0
2015-04-09,9.48,10.07,9.37,9.51,317306336.0,5794632192.0
2015-04-10,9.51,10.46,9.43,10.46,334020992.0,6339649024.0
2015-04-13,10.87,10.98,10.33,10.58,480715328.0,8021096960.0
2015-04-14,10.55,10.55,10.3,10.43,247237504.0,4020209664.0
2015-04-15,10.43,11.05,10.3,10.65,341764192.0,5746875392.0
2015-04-16,10.45,10.94,10.39,10.87,246740720.0,4102824448.0
2015-04-17,11.19,11.19,10.75,10.83,260952336.0,4447332864.0
2015-04-20,10.94,11.0,10.34,10.43,344725728.0,5776437760.0
2015-04-21,10.44,10.68,10.22,10.59,241593696.0,3943356928.0
2015-04-22,10.61,10.86,10.55,10.84,277314176.0,4640335872.0
2015-04-23,10.86,10.9,10.59,10.66,231968832.0,3893522176.0
2015-04-24,10.43,10.56,10.24,10.32,244283696.0,3959606528.0
2015-04-27,10.37,10.62,10.36,10.5,246056352.0,4027939328.0
2015-04-28,10.52,11.12,10.38,10.68,476354400.0,8014319104.0
2015-04-29,10.66,10.71,10.36,10.65,215118832.0,3550493440.0
2015-04-30,10.77,11.04,10.67,10.68,289063552.0,4899379712.0
2015-05-04,10.68,10.68,10.41,10.57,142757504.0,2351547392.0
2015-05-05,10.5,10.57,9.91,10.15,229934176.0,3685372416.0
2015-05-06,10.12,10.43,9.91,10.06,194991104.0,3107565568.0
2015-05-07,10.06,10.16,9.91,10.02,125870752.0,1968941824.0
2015-05-08,10.05,10.22,9.91,10.14,137446848.0,2163108864.0
2015-05-11,10.11,10.31,9.91,10.25,212307728.0,3349066752.0
2015-05-12,10.22,10.35,10.01,10.21,198965552.0,3166864384.0
2015-05-13,10.35,10.39,10.07,10.16,175656160.0,2807445504.0
2015-05-14,10.23,10.27,10.04,10.16,143802768.0,2283604736.0
2015-05-15,10.11,10.16,9.77,9.88,175271648.0,2718885120.0
2015-05-18,9.72,9.82,9.58,9.71,153708416.0,2327558400.0
2015-05-19,9.7,10.07,9.63,9.97,191781264.0,2959557120.0
2015-05-20,10.24,10.33,9.98,10.07,258966688.0,4115472640.0
2015-05-21,10.11,10.16,9.99,10.1,140584656.0,2214024960.0
2015-05-22,10.18,10.43,10.12,10.41,262190784.0,4233675776.0
2015-05-25,10.46,10.69,10.46,10.62,273036960.0,4518316544.0
2015-05-26,10.64,10.68,10.41,10.63,279220864.0,4607493632.0
2015-05-27,10.63,10.82,10.49,10.54,234121776.0,3888992256.0
2015-05-28,10.55,10.56,9.87,9.91,273306112.0,4404154880.0
2015-05-29,9.92,10.02,9.67,9.8,201493296.0,3103543552.0
2015-06-01,9.81,10.22,9.72,10.17,215836224.0,3365459200.0
2015-06-02,10.16,10.17,9.93,10.09,190482208.0,2991565056.0
2015-06-03,10.09,10.2,9.91,10.13,197523184.0,3103860736.0
2015-06-04,10.14,10.61,10.02,10.47,368253280.0,5971846144.0
2015-06-05,10.68,10.75,10.25,10.43,285545632.0,4681142272.0
2015-06-08,10.44,11.16,10.36,11.06,508605024.0,8596941824.0
2015-06-09,11.1,11.16,10.67,10.86,328696768.0,5601776128.0
2015-06-10,10.75,10.83,10.57,10.67,219838656.0,3679460608.0
2015-06-11,10.67,10.73,10.46,10.54,170696048.0,2811189760.0
2015-06-12,10.54,10.64,10.43,10.56,190338880.0,3131996672.0
2015-06-15,10.57,10.62,10.17,10.18,219217664.0,3547149568.0
2015-06-16,10.11,10.27,9.91,10.0,181217984.0,2858213632.0
2015-06-17,10.13,10.16,9.88,10.06,171594224.0,2689990144.0
2015-06-18,10.03,10.03,9.6,9.84,160255488.0,2468466176.0
2015-06-19,9.75,9.84,9.28,9.36,156552048.0,2345768704.0
2015-06-23,9.36,9.58,9.03,9.56,180548816.0,2643180032.0
2015-06-24,9.59,9.68,9.4,9.67,153199616.0,2290363648.0
2015-06-25,9.97,10.0,9.44,9.51,207916480.0,3179774464.0
2015-06-26,9.36,9.56,8.56,8.81,255532176.0,3623880448.0
2015-06-29,9.01,9.05,8.16,8.67,261294320.0,3570319360.0
2015-06-30,8.66,9.3,8.56,9.3,254810320.0,3572978432.0
2015-07-01,9.18,9.33,8.79,8.9,183540608.0,2629096448.0
2015-07-02,8.89,9.15,8.56,8.8,198282624.0,2762337280.0
2015-07-03,8.94,8.95,8.18,8.36,259745824.0,3473335552.0
2015-07-06,9.15,9.15,8.5,8.88,338152672.0,4660186112.0
2015-07-07,8.74,9.37,8.45,9.37,480831200.0,6808003584.0
2015-07-08,8.83,8.96,8.44,8.44,499669696.0,6762103296.0
2015-07-09,8.44,9.24,7.75,9.12,434435552.0,5904698368.0
2015-07-10,8.86,9.83,8.71,9.51,465098784.0,6891581440.0
2015-07-13,9.21,9.52,9.03,9.24,326819616.0,4737400320.0
2015-07-14,9.08,9.2,8.64,8.87,258022960.0,3608580608.0
2015-07-15,8.74,8.93,8.57,8.69,162642320.0,2225697024.0
2015-07-16,8.7,8.8,8.58,8.7,138893984.0,1884221568.0
2015-07-17,8.74,8.92,8.65,8.84,168063760.0,2304999424.0
2015-07-20,8.83,8.83,8.65,8.7,135868304.0,1852316416.0
2015-07-21,8.64,8.73,8.56,8.68,113164352.0,1529148288.0
2015-07-22,8.63,8.66,8.53,8.65,113809064.0,1528783872.0
2015-07-23,8.61,8.8,8.58,8.74,148369616.0,2022035328.0
2015-07-24,8.75,8.76,8.52,8.56,133931000.0,1815659008.0
2015-07-27,8.48,8.52,7.7,7.96,178785920.0,2289450240.0
2015-07-28,7.8,8.16,7.77,8.07,201120080.0,2509971456.0
2015-07-29,8.06,8.07,7.92,8.06,97168288.0,1210759040.0
2015-07-30,8.07,8.09,7.82,7.84,77027896.0,962337472.0
2015-07-31,7.78,7.94,7.69,7.91,120274688.0,1472860288.0
2015-08-03,7.8,8.22,7.77,8.2,140512272.0,1757739776.0
2015-08-04,8.17,8.31,8.05,8.23,77493760.0,988843520.0
2015-08-05,8.19,8.28,8.04,8.05,55180236.0,704539328.0
2015-08-06,8.0,8.14,7.95,8.02,45021844.0,567208512.0
2015-08-07,8.07,8.14,8.02,8.07,62201032.0,785501376.0
2015-08-10,8.1,8.31,8.03,8.26,105311192.0,1346325120.0
2015-08-11,8.26,8.28,8.18,8.21,82849336.0,1065323968.0
2015-08-12,8.12,8.17,8.03,8.04,68682208.0,869580800.0
2015-08-13,8.0,8.1,7.94,8.04,60634440.0,760265728.0
2015-08-14,8.12,8.16,8.05,8.09,82378928.0,1043762752.0
2015-08-17,8.07,8.12,7.96,8.02,67964256.0,852588992.0
2015-08-18,8.0,8.15,7.64,7.85,117632440.0,1459671040.0
2015-08-19,7.74,7.82,7.61,7.82,95889424.0,1157078528.0
2015-08-20,7.78,7.78,7.61,7.71,67763440.0,815652736.0
2015-08-21,7.61,7.67,7.33,7.36,93336784.0,1095668224.0
2015-08-24,7.1,7.15,6.62,6.62,151802976.0,1601529088.0
2015-08-25,6.3,6.62,5.96,6.05,219233376.0,2122788608.0
2015-08-26,6.14,6.54,5.95,6.34,249191952.0,2460482048.0
2015-08-27,6.5,6.97,6.31,6.91,184923568.0,1912163328.0
2015-08-28,6.97,7.09,6.75,6.93,160802976.0,1728745600.0
2015-08-31,6.85,7.08,6.7,7.08,146429728.0,1578261504.0
2015-09-01,6.97,7.43,6.79,7.4,265766128.0,3003860736.0
2015-09-02,7.15,7.68,7.07,7.57,281574688.0,3273803264.0
2015-09-07,7.39,7.39,6.97,6.97,137611072.0,1544055040.0
2015-09-08,6.96,7.13,6.77,7.04,74729248.0,815241856.0
2015-09-09,7.06,7.16,6.96,7.1,85107392.0,940582976.0
2015-09-10,7.04,7.15,7.0,7.07,46520564.0,514578400.0
2015-09-11,7.05,7.11,6.96,7.01,42645080.0,469297504.0
2015-09-14,7.03,7.04,6.68,6.95,75645272.0,813927104.0
2015-09-15,6.84,6.94,6.72,6.76,54283900.0,579042240.0
2015-09-16,6.77,7.09,6.73,6.97,56924376.0,612767040.0
2015-09-17,6.94,7.13,6.89,6.89,62079856.0,682338176.0
2015-09-18,6.93,7.01,6.86,6.91,31827282.0,345063776.0
2015-09-21,6.84,6.97,6.81,6.92,38611112.0,416851072.0
2015-09-22,6.93,7.07,6.92,7.01,49295560.0,541007296.0
2015-09-23,6.95,6.98,6.83,6.84,37115084.0,399583552.0
2015-09-24,6.88,6.91,6.83,6.85,25863256.0,277274176.0
2015-09-25,6.84,6.85,6.68,6.75,44642060.0,471537664.0
2015-09-28,6.75,6.77,6.67,6.74,19908728.0,209186176.0
2015-09-29,6.68,6.75,6.6,6.64,33360356.0,347612288.0
2015-09-30,6.65,6.77,6.65,6.71,36465972.0,383230176.0
2015-10-08,6.94,6.97,6.84,6.84,49407084.0,533806144.0
2015-10-09,6.88,7.0,6.86,6.97,47461208.0,516310496.0
2015-10-12,7.01,7.28,6.98,7.18,84966512.0,950602304.0
2015-10-13,7.16,7.2,7.09,7.12,35979820.0,401600928.0
2015-10-14,7.06,7.13,7.0,7.02,41898064.0,462963488.0
2015-10-15,7.0,7.15,7.0,7.15,48590048.0,539103680.0
2015-10-16,7.17,7.23,7.14,7.18,57000144.0,640488896.0
2015-10-19,7.21,7.26,7.13,7.2,72337152.0,814910976.0
2015-10-20,7.16,7.28,7.16,7.24,71516328.0,807642368.0
2015-10-21,7.22,7.52,7.15,7.18,133262904.0,1523591936.0
2015-10-22,7.2,7.29,7.15,7.25,82280576.0,928960000.0
2015-10-23,7.29,7.38,7.25,7.34,93742512.0,1073981568.0
2015-10-26,7.42,7.55,7.32,7.37,108591752.0,1260872064.0
2015-10-27,7.36,7.45,7.25,7.34,58043636.0,664648832.0
2015-10-28,7.33,7.34,7.2,7.21,54481116.0,619790784.0
2015-10-29,7.23,7.27,7.2,7.21,31670368.0,357830464.0
2015-10-30,7.23,7.3,7.21,7.27,53593072.0,607980992.0
2015-11-02,7.21,7.24,7.1,7.13,48443580.0,544000192.0
2015-11-03,7.13,7.17,7.04,7.07,39126520.0,434818752.0
2015-11-04,7.09,7.48,7.07,7.48,130724416.0,1493255552.0
2015-11-05,7.42,8.04,7.39,7.72,229218976.0,2780266752.0
2015-11-06,7.69,7.94,7.62,7.93,146319488.0,1781331328.0
2015-11-09,8.0,8.56,7.97,8.28,241388784.0,3137641472.0
2015-11-10,8.19,8.36,8.07,8.16,112502760.0,1438707584.0
2015-11-11,8.12,8.17,7.92,8.03,102173504.0,1280174464.0
2015-11-12,8.06,8.09,7.86,7.93,67113960.0,833753280.0
2015-11-13,7.82,7.98,7.8,7.83,58755504.0,722252992.0
2015-11-16,7.76,7.93,7.73,7.89,55984872.0,685977408.0
2015-11-17,7.94,8.12,7.91,8.0,104648656.0,1315319808.0
2015-11-18,7.97,8.12,7.87,7.94,79370480.0,991513856.0
2015-11-19,7.93,8.0,7.89,8.0,47112068.0,585571008.0
2015-11-20,8.0,8.05,7.94,8.03,59803632.0,747487168.0
2015-11-23,8.03,8.06,7.92,7.96,60797532.0,760493312.0
2015-11-24,7.94,7.96,7.78,7.86,66421480.0,812675968.0
2015-11-25,7.81,7.91,7.78,7.88,51346272.0,629507072.0
2015-11-26,7.91,7.92,7.8,7.82,55221016.0,679692160.0
2015-11-27,7.79,7.8,7.38,7.5,72802592.0,867702400.0
2015-11-30,7.5,7.59,7.36,7.51,65849388.0,770221376.0
2015-12-01,7.48,7.59,7.36,7.52,68025392.0,793118208.0
2015-12-02,7.48,8.09,7.46,8.0,161576080.0,1978750464.0
2015-12-03,7.93,8.16,7.84,7.96,142597680.0,1786008960.0
2015-12-04,7.87,7.92,7.73,7.75,76453248.0,934906560.0
2015-12-07,7.79,7.84,7.7,7.77,40279264.0,488370688.0
2015-12-08,7.72,7.73,7.61,7.65,50310180.0,602568640.0
2015-12-09,7.62,7.75,7.61,7.67,42938436.0,515596480.0
2015-12-10,7.64,7.77,7.62,7.65,41760360.0,502326080.0
2015-12-11,7.62,7.62,7.5,7.57,37950804.0,448800928.0
2015-12-14,7.5,7.75,7.49,7.72,58723664.0,698792000.0
2015-12-15,7.7,7.73,7.59,7.62,36448736.0,436557696.0
2015-12-16,7.66,7.68,7.6,7.61,39276280.0,468510272.0
2015-12-17,7.66,7.77,7.65,7.72,64827476.0,780891776.0
2015-12-18,7.7,8.03,7.69,7.82,102294472.0,1257360384.0
2015-12-21,7.77,8.14,7.75,8.0,128114216.0,1595741312.0
2015-12-22,8.0,8.07,7.92,7.95,69809144.0,870121728.0
2015-12-23,7.98,8.17,7.93,7.98,103901824.0,1302341504.0
2015-12-24,7.97,8.03,7.83,7.89,64022964.0,791975808.0
2015-12-25,7.92,7.98,7.89,7.94,39984504.0,495638048.0
2015-12-28,7.95,7.97,7.66,7.66,82240864.0,1003010176.0
2015-12-29,7.67,7.74,7.66,7.73,61980216.0,744718400.0
2015-12-30,7.73,7.75,7.64,7.74,53266704.0,641277248.0
2015-12-31,7.74,7.76,7.66,7.67,49125892.0,591643584.0
2016-01-04,7.68,7.7,7.18,7.25,56349788.0,660376128.0
2016-01-05,7.21,7.4,7.13,7.29,66326996.0,755531328.0
2016-01-06,7.3,7.39,7.29,7.38,51570644.0,591698496.0
2016-01-07,7.3,7.3,6.98,7.0,17476110.0,194869488.0
2016-01-08,7.17,7.22,6.97,7.11,74752760.0,831334528.0
2016-01-11,7.04,7.09,6.83,6.88,73201400.0,800683648.0
2016-01-12,6.93,6.98,6.81,6.91,56164232.0,605970816.0
2016-01-13,6.97,7.0,6.84,6.85,39170948.0,424371712.0
2016-01-14,6.77,6.91,6.7,6.89,66631456.0,708534976.0
2016-01-15,6.82,6.91,6.67,6.69,44820216.0,474908128.0
2016-01-18,6.61,6.75,6.59,6.66,42104088.0,439917824.0
2016-01-19,6.68,6.9,6.66,6.85,50110908.0,532074688.0
2016-01-20,6.84,6.91,6.68,6.74,60375248.0,640968960.0
2016-01-21,6.7,6.88,6.6,6.6,60614512.0,638127872.0
2016-01-22,6.65,6.68,6.54,6.65,46675216.0,482984448.0
2016-01-25,6.65,6.68,6.61,6.63,37643172.0,390734880.0
2016-01-26,6.6,6.6,6.31,6.31,64790112.0,653561600.0
2016-01-27,6.35,6.38,6.14,6.32,56903704.0,558510656.0
2016-01-28,6.28,6.33,6.17,6.2,30254078.0,296055328.0
2016-01-29,6.23,6.45,6.2,6.4,54443576.0,540544448.0
2016-02-01,6.38,6.4,6.23,6.27,41773216.0,412635648.0
2016-02-02,6.27,6.42,6.26,6.36,36910416.0,367360512.0
2016-02-03,6.3,6.33,6.25,6.3,27457216.0,269997824.0
2016-02-04,6.33,6.4,6.32,6.36,37309948.0,370586176.0
2016-02-05,6.37,6.38,6.34,6.35,27089334.0,269184384.0
2016-02-15,6.18,6.3,6.17,6.26,27849946.0,271173376.0
2016-02-16,6.29,6.42,6.29,6.4,42838640.0,427507776.0
2016-02-17,6.42,6.54,6.39,6.49,58516704.0,590538944.0
2016-02-18,6.51,6.54,6.45,6.45,40617824.0,412337568.0
2016-02-19,6.45,6.49,6.39,6.42,31889824.0,320939648.0
2016-02-22,6.48,6.59,6.44,6.58,61773944.0,630251520.0
2016-02-23,6.58,6.58,6.43,6.47,42587436.0,432315296.0
2016-02-24,6.44,6.49,6.4,6.49,30010360.0,302498016.0
2016-02-25,6.47,6.48,6.14,6.19,62207284.0,615004736.0
2016-02-26,6.25,6.29,6.18,6.26,39215440.0,382634656.0
2016-02-29,6.26,6.28,6.03,6.12,56689640.0,542184000.0
2016-03-01,6.15,6.25,6.13,6.2,37791080.0,365149024.0
2016-03-02,6.24,6.48,6.22,6.46,67661376.0,673626240.0
2016-03-03,6.45,6.51,6.42,6.47,55308940.0,559045184.0
2016-03-04,6.45,6.72,6.44,6.65,138124912.0,1429273088.0
2016-03-07,6.62,6.71,6.59,6.61,60635296.0,630155584.0
2016-03-08,6.63,6.63,6.36,6.58,64315648.0,650471616.0
2016-03-09,6.49,6.54,6.42,6.51,32590064.0,330124896.0
2016-03-10,6.55,6.62,6.48,6.49,47402032.0,486414240.0
2016-03-11,6.46,6.54,6.42,6.5,38373672.0,389638944.0
2016-03-14,6.53,6.69,6.53,6.56,65515824.0,679161280.0
2016-03-15,6.58,6.63,6.5,6.6,41792036.0,428786688.0
2016-03-16,6.57,6.68,6.56,6.62,66488620.0,690087744.0
2016-03-17,6.63,6.7,6.59,6.67,61099640.0,635181312.0
2016-03-18,6.67,6.76,6.65,6.74,79721584.0,836565568.0
2016-03-21,6.75,6.95,6.75,6.91,92043280.0,987764480.0
2016-03-22,6.89,7.0,6.84,6.86,62548248.0,675406592.0
2016-03-23,6.85,6.89,6.79,6.84,43027816.0,458963264.0
2016-03-24,6.79,6.8,6.72,6.73,37240624.0,393411552.0
2016-03-25,6.72,6.78,6.72,6.77,23707048.0,250338496.0
2016-03-28,6.79,6.81,6.68,6.7,35862100.0,378973312.0
2016-03-29,6.72,6.73,6.64,6.67,31831788.0,332422400.0
2016-03-30,6.7,6.84,6.7,6.84,53970000.0,572627392.0
2016-03-31,6.85,6.88,6.81,6.81,41838792.0,447266272.0
2016-04-01,6.79,6.84,6.72,6.82,36934188.0,391830400.0
2016-04-05,6.79,6.91,6.72,6.84,59230864.0,632378880.0
2016-04-06,6.83,6.88,6.79,6.86,43525952.0,464962432.0
2016-04-07,6.86,6.86,6.77,6.77,37771960.0,401949056.0
2016-04-08,6.75,6.83,6.72,6.76,37655384.0,397998240.0
2016-04-11,6.78,6.91,6.78,6.86,78638600.0,840486336.0
2016-04-12,6.84,6.85,6.79,6.83,29859954.0,318538016.0
2016-04-13,6.86,7.02,6.85,6.91,85676032.0,929858560.0
2016-04-14,6.96,6.97,6.9,6.93,32364630.0,350702752.0
2016-04-15,6.93,7.0,6.91,6.96,49722404.0,541052864.0
2016-04-18,6.92,6.94,6.86,6.86,35065400.0,377791424.0
2016-04-19,6.89,6.91,6.85,6.89,21823994.0,234479840.0
2016-04-20,6.89,6.9,6.63,6.73,60658624.0,640149696.0
2016-04-21,6.73,6.8,6.68,6.72,55879920.0,588731520.0
2016-04-22,6.69,6.79,6.66,6.75,35967712.0,379176128.0
2016-04-25,6.75,6.75,6.67,6.72,34925776.0,366533376.0
2016-04-26,6.7,6.78,6.69,6.77,29169938.0,306962528.0
2016-04-27,6.77,6.79,6.73,6.76,23955392.0,253308592.0
2016-04-28,6.77,6.88,6.74,6.82,45746040.0,487261216.0
2016-04-29,6.81,6.81,6.75,6.76,40497768.0,428582144.0
2016-05-03,6.77,6.86,6.73,6.83,48910208.0,521137504.0
2016-05-04,6.83,6.88,6.82,6.86,41243560.0,441848160.0
2016-05-05,6.84,6.86,6.81,6.86,23951684.0,256002096.0
2016-05-06,6.86,6.86,6.73,6.73,34654512.0,367408576.0
2016-05-09,6.72,6.74,6.6,6.62,41117104.0,428356640.0
2016-05-10,6.61,6.63,6.57,6.58,29259978.0,301767200.0
2016-05-11,6.59,6.68,6.59,6.63,32728951.0,339005276.0
2016-05-12,6.59,6.65,6.56,6.64,32588550.0,336792701.0
2016-05-13,6.62,6.65,6.61,6.62,18426611.0,191007256.0
2016-05-16,6.6,6.63,6.56,6.63,21522468.0,221931208.0
2016-05-17,6.63,6.63,6.55,6.59,25042422.0,257859629.0
2016-05-18,6.58,6.6,6.51,6.59,53415062.0,547076639.0
2016-05-19,6.57,6.6,6.56,6.56,17077776.0,175591500.0
2016-05-20,6.55,6.61,6.52,6.59,20670377.0,212277642.0
2016-05-23,6.61,6.61,6.56,6.58,32364676.0,333300178.0
2016-05-24,6.57,6.58,6.52,6.53,25929404.0,265042287.0
2016-05-25,6.56,6.58,6.52,6.54,20423540.0,209019883.0
2016-05-26,6.54,6.57,6.51,6.54,26139653.0,266736776.0
2016-05-27,6.54,6.58,6.52,6.57,22281892.0,228377555.0
2016-05-30,6.56,6.58,6.52,6.58,38094687.0,390119748.0
2016-05-31,6.56,6.76,6.56,6.75,94646716.0,991668175.0
2016-06-01,6.72,6.75,6.68,6.7,55675091.0,584161145.0
2016-06-02,6.7,6.7,6.67,6.69,29303622.0,306269383.0
2016-06-03,6.7,6.73,6.66,6.72,42338929.0,443039581.0
2016-06-06,6.72,6.74,6.68,6.72,33833201.0,354998364.0
2016-06-07,6.73,6.74,6.7,6.73,22928215.0,240887149.0
2016-06-08,6.74,6.74,6.69,6.72,26818824.0,281651741.0
2016-06-13,6.69,6.7,6.61,6.61,34481683.0,358996278.0
2016-06-14,6.61,6.66,6.6,6.65,27363726.0,283578297.0
2016-06-15,6.61,6.7,6.6,6.68,37817241.0,394033686.0
2016-06-16,6.68,6.7,6.65,6.68,38667008.0,331192445.0
2016-06-17,6.68,6.71,6.65,6.68,31517300.0,270236698.0
2016-06-20,6.69,6.7,6.67,6.7,27073158.0,232205298.0
2016-06-21,6.71,6.74,6.68,6.71,38074985.0,327940703.0
2016-06-22,6.7,6.8,6.68,6.8,47800201.0,413947369.0
2016-06-23,6.75,6.78,6.72,6.75,33561422.0,290490407.0
2016-06-24,6.73,6.78,6.64,6.68,42766409.0,367771054.0
2016-06-27,6.68,6.73,6.65,6.71,32521418.0,280044073.0
2016-06-28,6.68,6.73,6.67,6.72,33651928.0,289122214.0
2016-06-29,6.72,6.77,6.72,6.77,36961156.0,319908690.0
2016-06-30,6.77,6.81,6.75,6.78,36220487.0,315051855.0
2016-07-01,6.77,6.8,6.76,6.79,34893019.0,303652375.0
2016-07-04,6.77,6.9,6.75,6.86,60825712.0,534656910.0
2016-07-05,6.86,6.88,6.83,6.86,42203729.0,371422815.0
2016-07-06,6.86,6.87,6.82,6.85,32295017.0,283827376.0
2016-07-07,6.85,6.86,6.81,6.84,31285308.0,274337186.0
2016-07-08,6.85,6.85,6.8,6.81,26134229.0,228778674.0
2016-07-11,6.82,6.85,6.81,6.82,36537252.0,320333761.0
2016-07-12,6.82,6.93,6.81,6.92,71183240.0,627505578.0
2016-07-13,6.92,7.05,6.9,7.0,79828864.0,716797025.0
2016-07-14,6.99,7.01,6.94,6.96,35969939.0,321889343.0
2016-07-15,6.97,7.01,6.94,7.0,35203395.0,315555254.0
2016-07-18,7.0,7.07,6.99,7.04,50693492.0,457358031.0
2016-07-19,7.04,7.05,6.97,6.99,36278781.0,326046531.0
2016-07-20,6.98,7.0,6.97,6.98,31092641.0,278737194.0
2016-07-21,6.97,7.02,6.97,7.0,34026127.0,305710333.0
2016-07-22,7.0,7.0,6.95,6.96,29554964.0,264379250.0
2016-07-25,6.96,7.0,6.94,7.0,26468286.0,236937494.0
2016-07-26,6.99,7.1,6.99,7.1,54655692.0,494506420.0
2016-07-27,7.1,7.14,6.94,7.02,81867834.0,741263303.0
2016-07-28,7.0,7.1,6.99,7.07,47991038.0,434490537.0
2016-07-29,7.07,7.2,7.03,7.17,67142534.0,614972669.0
2016-08-01,7.15,7.28,7.14,7.23,75932441.0,702466616.0
2016-08-02,7.2,7.21,7.14,7.21,44916516.0,413484595.0
2016-08-03,7.17,7.18,7.13,7.15,42462218.0,389817535.0
2016-08-04,7.14,7.15,6.96,7.0,134446207.0,1210346974.0
2016-08-05,7.0,7.07,6.97,7.04,72594819.0,654998093.0
2016-08-08,7.04,7.1,7.02,7.1,39847930.0,361191045.0
2016-08-09,7.08,7.13,7.07,7.13,41567631.0,378720688.0
2016-08-10,7.13,7.15,7.1,7.12,43665545.0,399656991.0
2016-08-11,7.12,7.28,7.11,7.18,93557601.0,866594868.0
2016-08-12,7.17,7.42,7.15,7.4,137002155.0,1282336292.0
2016-08-15,7.44,7.63,7.41,7.54,189755226.0,1835196866.0
2016-08-16,7.54,7.54,7.37,7.42,109955862.0,1050479545.0
2016-08-17,7.42,7.48,7.39,7.44,56072536.0,534926047.0
2016-08-18,7.45,7.47,7.35,7.4,69150431.0,658183955.0
2016-08-19,7.39,7.42,7.35,7.41,50533453.0,478779724.0
2016-08-22,7.4,7.41,7.29,7.32,97943273.0,922426435.0
2016-08-23,7.31,7.36,7.3,7.32,89065673.0,838185901.0
2016-08-24,7.33,7.35,7.31,7.35,73228127.0,688971683.0
2016-08-25,7.34,7.36,7.28,7.35,61738960.0,580648482.0
2016-08-26,7.36,7.38,7.32,7.36,50223385.0,473688077.0
2016-08-29,7.33,7.36,7.31,7.34,56523188.0,532295362.0
2016-08-30,7.34,7.38,7.33,7.38,59508123.0,561854066.0
2016-08-31,7.37,7.4,7.35,7.39,48974676.0,463875763.0
2016-09-01,7.39,7.42,7.34,7.36,48013121.0,454848634.0
2016-09-02,7.35,7.37,7.34,7.36,36879633.0,348054367.0
2016-09-05,7.37,7.37,7.32,7.34,46993656.0,443204804.0
2016-09-06,7.34,7.35,7.29,7.33,57473833.0,539813284.0
2016-09-07,7.33,7.34,7.3,7.32,45937329.0,431984159.0
2016-09-08,7.31,7.34,7.31,7.32,29521845.0,277503758.0
2016-09-09,7.32,7.35,7.29,7.31,32743143.0,307527271.0
2016-09-12,7.24,7.26,7.11,7.14,75658173.0,697759184.0
2016-09-13,7.15,7.17,7.12,7.16,46093142.0,423113832.0
2016-09-14,7.14,7.15,7.05,7.06,42148125.0,384081266.0
2016-09-19,7.05,7.12,7.05,7.1,35434870.0,322575926.0
2016-09-20,7.1,7.1,7.04,7.07,43667897.0,396359321.0
2016-09-21,7.07,7.09,7.03,7.07,40566533.0,367767497.0
2016-09-22,7.09,7.15,7.08,7.14,49461323.0,451909020.0
2016-09-23,7.14,7.16,7.12,7.13,28879877.0,264699513.0
2016-09-26,7.11,7.11,7.04,7.04,43948186.0,398771865.0
2016-09-27,7.04,7.07,7.02,7.06,40132367.0,362769231.0
2016-09-28,7.06,7.06,7.03,7.05,27136600.0,245499468.0
2016-09-29,7.05,7.07,7.05,7.06,30366429.0,275239667.0
2016-09-30,7.06,7.09,7.05,7.07,30808486.0,279526476.0
2016-10-10,7.09,7.14,7.07,7.1,61138159.0,557122277.0
2016-10-11,7.11,7.13,7.1,7.13,36337078.0,331886515.0
2016-10-12,7.12,7.14,7.1,7.11,27031620.0,246995531.0
2016-10-13,7.07,7.1,7.05,7.07,63236796.0,574142476.0
2016-10-14,7.06,7.08,7.04,7.08,33541176.0,304218677.0
2016-10-17,7.07,7.08,7.03,7.05,35922316.0,325582450.0
2016-10-18,7.03,7.08,7.03,7.08,59373709.0,537784120.0
2016-10-19,7.08,7.1,7.05,7.07,48263616.0,438299030.0
2016-10-20,7.07,7.08,7.05,7.07,34284457.0,310966017.0
2016-10-21,7.07,7.11,7.06,7.11,68389677.0,621549845.0
2016-10-24,7.11,7.24,7.1,7.2,91567704.0,844746081.0
2016-10-25,7.21,7.21,7.15,7.17,50075292.0,461542701.0
2016-10-26,7.18,7.18,7.11,7.13,44045213.0,403750809.0
2016-10-27,7.14,7.14,7.1,7.14,32414055.0,296216915.0
2016-10-28,7.14,7.19,7.12,7.14,54199774.0,497615051.0
2016-10-31,7.13,7.14,7.08,7.13,49359683.0,450148883.0
2016-11-01,7.12,7.14,7.1,7.12,52541566.0,480117542.0
2016-11-02,7.12,7.12,7.05,7.07,63358600.0,576083788.0
2016-11-03,7.06,7.12,7.05,7.11,61687113.0,561464947.0
2016-11-04,7.1,7.14,7.09,7.1,50811757.0,463831939.0
2016-11-07,7.09,7.1,7.07,7.1,49724012.0,452447931.0
2016-11-08,7.1,7.13,7.09,7.13,80669498.0,736747217.0
2016-11-09,7.12,7.12,7.02,7.07,72261671.0,656061961.0
2016-11-10,7.09,7.14,7.09,7.12,63199874.0,576898453.0
2016-11-11,7.12,7.15,7.1,7.15,81226969.0,742969897.0
2016-11-14,7.14,7.21,7.14,7.18,97507875.0,898058354.0
2016-11-15,7.17,7.2,7.15,7.19,55434298.0,510596178.0
2016-11-16,7.19,7.2,7.17,7.19,41584240.0,383425740.0
2016-11-17,7.18,7.18,7.15,7.17,50532402.0,464611128.0
2016-11-18,7.17,7.17,7.14,7.15,51759734.0,475289973.0
2016-11-21,7.15,7.23,7.14,7.2,85024326.0,785475677.0
2016-11-22,7.2,7.29,7.19,7.29,118025694.0,1097408714.0
2016-11-23,7.28,7.45,7.28,7.36,175286943.0,1660465709.0
2016-11-24,7.35,7.42,7.34,7.38,77974884.0,738580569.0
2016-11-25,7.39,7.49,7.37,7.49,101367499.0,968127766.0
2016-11-28,7.55,7.62,7.48,7.5,127968924.0,1240686234.0
2016-11-29,7.47,7.56,7.44,7.49,88777923.0,854308658.0
2016-11-30,7.52,7.57,7.4,7.44,102596305.0,985758450.0
2016-12-01,7.46,7.5,7.44,7.48,64600437.0,619633747.0
2016-12-02,7.48,7.48,7.35,7.44,82968650.0,790044442.0
2016-12-05,7.4,7.43,7.33,7.37,76436570.0,723222054.0
2016-12-06,7.39,7.42,7.36,7.39,60290276.0,571585178.0
2016-12-07,7.39,7.39,7.33,7.39,49340476.0,466085503.0
2016-12-08,7.4,7.44,7.35,7.42,67145216.0,638058504.0
2016-12-09,7.4,7.6,7.39,7.52,151419915.0,1460778328.0
2016-12-12,7.52,7.61,7.35,7.4,125687400.0,1206662617.0
2016-12-13,7.39,7.4,7.27,7.34,64577157.0,607769966.0
2016-12-14,7.34,7.41,7.32,7.32,59770574.0,564787516.0
2016-12-15,7.3,7.33,7.17,7.21,82761287.0,767751836.0
2016-12-16,7.2,7.24,7.17,7.21,39681397.0,366925349.0
2016-12-19,7.18,7.19,7.14,7.17,49401064.0,453899744.0
2016-12-20,7.17,7.17,7.07,7.1,63663837.0,580118168.0
2016-12-21,7.1,7.14,7.1,7.14,36992065.0,338201446.0
2016-12-22,7.13,7.14,7.1,7.12,34134124.0,311546857.0
2016-12-23,7.12,7.12,7.07,7.07,38291216.0,348140451.0
2016-12-26,7.06,7.11,7.03,7.1,30205896.0,273934287.0
2016-12-27,7.1,7.11,7.07,7.07,26884124.0,244788274.0
2016-12-28,7.07,7.1,7.04,7.06,33605509.0,304898614.0
2016-12-29,7.07,7.08,7.05,7.07,33875853.0,307183503.0
2016-12-30,7.07,7.09,7.06,7.09,30260736.0,274882698.0
2017-01-03,7.1,7.15,7.08,7.14,45984049.0,420595176.0
2017-01-04,7.13,7.15,7.12,7.14,44932953.0,411503444.0
2017-01-05,7.14,7.15,7.13,7.14,34437291.0,315769694.0
2017-01-06,7.14,7.14,7.1,7.11,35815420.0,327176434.0
2017-01-09,7.11,7.14,7.1,7.13,36108157.0,329994604.0
2017-01-10,7.13,7.14,7.12,7.13,24105395.0,220575132.0
2017-01-11,7.12,7.14,7.11,7.12,30343089.0,277553207.0
2017-01-12,7.11,7.14,7.11,7.13,42800677.0,391869403.0
2017-01-13,7.12,7.16,7.1,7.14,43430137.0,397601906.0
2017-01-16,7.13,7.14,7.07,7.12,68316586.0,623025820.0
2017-01-17,7.1,7.14,7.09,7.13,54555237.0,498179703.0
2017-01-18,7.12,7.16,7.11,7.14,57426939.0,526426596.0
2017-01-19,7.13,7.2,7.13,7.15,43771286.0,402445639.0
2017-01-20,7.14,7.19,7.14,7.18,39332857.0,361865155.0
2017-01-23,7.18,7.21,7.17,7.18,42029931.0,388019073.0
2017-01-24,7.19,7.23,7.17,7.22,47024408.0,434787729.0
2017-01-25,7.22,7.23,7.21,7.21,30440196.0,281976294.0
2017-01-26,7.22,7.28,7.21,7.27,42071258.0,391844286.0
2017-02-03,7.28,7.29,7.19,7.21,31547224.0,292617943.0
2017-02-06,7.21,7.26,7.21,7.25,51678611.0,480441331.0
2017-02-07,7.25,7.26,7.22,7.24,39688497.0,368755274.0
2017-02-08,7.24,7.24,7.2,7.24,36027242.0,333975402.0
2017-02-09,7.24,7.27,7.23,7.25,34285513.0,319201023.0
2017-02-10,7.26,7.29,7.25,7.27,48274323.0,450701345.0
2017-02-13,7.28,7.35,7.27,7.33,63836475.0,599951024.0
2017-02-14,7.33,7.34,7.3,7.32,36240460.0,340318431.0
2017-02-15,7.32,7.43,7.31,7.36,75661306.0,716759655.0
2017-02-16,7.36,7.4,7.34,7.37,41116113.0,388636225.0
2017-02-17,7.37,7.39,7.3,7.31,42377497.0,400161795.0
2017-02-20,7.32,7.46,7.32,7.45,89875539.0,855710806.0
2017-02-21,7.44,7.49,7.43,7.46,64658421.0,618761069.0
2017-02-22,7.46,7.46,7.4,7.46,46296611.0,441528340.0
2017-02-23,7.44,7.46,7.39,7.41,33532781.0,319293837.0
2017-02-24,7.4,7.43,7.39,7.4,33250014.0,316020789.0
2017-02-27,7.4,7.4,7.34,7.35,40734112.0,384781016.0
2017-02-28,7.35,7.41,7.34,7.39,36971970.0,350366893.0
2017-03-01,7.39,7.44,7.38,7.39,34699373.0,330157963.0
2017-03-02,7.41,7.43,7.34,7.35,40362870.0,382395884.0
2017-03-03,7.33,7.35,7.29,7.32,34265508.0,321952549.0
2017-03-06,7.32,7.37,7.31,7.36,40451138.0,381212304.0
2017-03-07,7.35,7.37,7.32,7.36,29467282.0,277747415.0
2017-03-08,7.35,7.36,7.32,7.34,24443839.0,230425151.0
2017-03-09,7.33,7.35,7.29,7.31,37816992.0,354813688.0
2017-03-10,7.31,7.33,7.29,7.32,39018225.0,366140052.0
2017-03-13,7.31,7.36,7.3,7.35,54530444.0,513148481.0
2017-03-14,7.35,7.37,7.33,7.35,40448435.0,381594067.0
2017-03-15,7.34,7.39,7.34,7.39,54656086.0,515943748.0
2017-03-16,7.39,7.42,7.36,7.42,63595381.0,603450064.0
2017-03-17,7.36,7.37,7.24,7.25,158364708.0,1482736995.0
2017-03-20,7.24,7.25,7.18,7.21,71502177.0,661887015.0
2017-03-21,7.21,7.21,7.17,7.2,55464874.0,511914333.0
2017-03-22,7.17,7.18,7.12,7.14,56612363.0,519331026.0
2017-03-23,7.14,7.2,7.13,7.17,43358829.0,398986562.0
2017-03-24,7.17,7.2,7.14,7.16,71082787.0,653533830.0
2017-03-27,7.1,7.16,7.07,7.12,98501205.0,900094461.0
2017-03-28,7.14,7.14,7.09,7.1,48137276.0,439405816.0
2017-03-29,7.11,7.13,7.08,7.1,60114068.0,548060693.0
2017-03-30,7.1,7.1,7.06,7.07,68728555.0,623995513.0
2017-03-31,7.07,7.15,7.07,7.14,63312122.0,578579035.0
2017-04-05,7.14,7.18,7.13,7.17,49915009.0,458567834.0
2017-04-06,7.17,7.18,7.14,7.17,43439147.0,399118983.0
2017-04-07,7.16,7.18,7.14,7.17,51484476.0,473366404.0
2017-04-10,7.17,7.17,7.14,7.15,40134394.0,368682025.0
2017-04-11,7.14,7.16,7.08,7.13,61243796.0,560304073.0
2017-04-12,7.14,7.14,7.09,7.1,45533653.0,416101249.0
2017-04-13,7.1,7.12,7.09,7.1,35744255.0,325949861.0
2017-04-14,7.1,7.1,7.06,7.07,49050050.0,445637458.0
2017-04-17,7.07,7.1,7.05,7.09,53189218.0,483130500.0
2017-04-18,7.08,7.09,7.05,7.05,33537696.0,304162860.0
2017-04-19,7.03,7.04,6.93,6.94,79966857.0,714963673.0
2017-04-20,6.93,6.96,6.93,6.95,43762999.0,390063544.0
2017-04-21,6.95,7.0,6.93,6.99,32540817.0,291126076.0
2017-04-24,6.99,7.0,6.93,6.96,39499527.0,352926395.0
2017-04-25,6.96,7.02,6.96,7.01,37793334.0,339230144.0
2017-04-26,7.01,7.02,6.98,7.0,38214706.0,343316093.0
2017-04-27,6.99,7.0,6.94,6.99,38739256.0,346186990.0
2017-04-28,6.98,7.0,6.95,7.0,28644636.0,256106699.0
2017-05-02,6.98,6.98,6.93,6.96,31102610.0,277665882.0
2017-05-03,6.95,6.96,6.93,6.94,28031077.0,249660877.0
2017-05-04,6.93,6.93,6.79,6.81,69651707.0,613783434.0
2017-05-05,6.81,6.82,6.68,6.72,62370085.0,539541740.0
2017-05-08,6.7,6.72,6.65,6.68,46008989.0,394424117.0
2017-05-09,6.67,6.73,6.66,6.73,32419446.0,279119676.0
2017-05-10,6.72,6.86,6.72,6.75,57307768.0,498675308.0
2017-05-11,6.74,6.79,6.7,6.78,50364355.0,436444282.0
2017-05-12,6.76,6.93,6.73,6.93,91796819.0,809131900.0
2017-05-15,6.93,6.97,6.86,6.9,53657821.0,476417672.0
2017-05-16,6.89,6.89,6.8,6.89,52487233.0,461069301.0
2017-05-17,6.86,6.86,6.82,6.83,41733802.0,365987543.0
2017-05-18,6.79,6.83,6.79,6.8,22740112.0,198765580.0
2017-05-19,6.81,6.82,6.76,6.77,29427084.0,256396868.0
2017-05-22,6.76,6.8,6.71,6.76,67912005.0,588546725.0
2017-05-23,6.75,6.89,6.73,6.85,80004019.0,702123773.0
2017-05-24,6.84,6.88,6.76,6.86,53237669.0,466560636.0
2017-05-25,6.85,7.12,6.84,7.09,162154374.0,1462763019.0
2017-05-26,7.07,7.11,7.04,7.09,89536576.0,813387170.0
2017-05-31,7.09,7.19,7.06,7.17,103321095.0,948741890.0
2017-06-01,7.17,7.19,7.1,7.16,56618276.0,519544676.0
2017-06-02,7.15,7.24,7.12,7.14,77075706.0,710119498.0
2017-06-05,7.11,7.14,7.0,7.03,63413269.0,573460397.0
2017-06-06,7.02,7.06,7.0,7.04,35534153.0,320520904.0
2017-06-07,7.03,7.13,7.02,7.11,64572325.0,587357671.0
2017-06-08,7.1,7.13,7.07,7.11,38300448.0,348860774.0
2017-06-09,7.13,7.18,7.1,7.13,68546808.0,628281688.0
2017-06-12,7.13,7.16,7.09,7.1,50457816.0,461493690.0
2017-06-13,7.1,7.12,7.05,7.1,44843497.0,407876696.0
2017-06-14,7.1,7.11,7.04,7.07,37544431.0,340596136.0
2017-06-15,7.07,7.07,7.03,7.04,33779789.0,305610500.0
2017-06-16,7.04,7.07,7.02,7.03,28599104.0,258559005.0
2017-06-19,7.03,7.13,7.03,7.11,48970481.0,446000773.0
2017-06-20,7.1,7.14,7.08,7.1,31361560.0,286053884.0
2017-06-21,7.14,7.15,7.1,7.13,49693219.0,454488888.0
2017-06-22,7.13,7.32,7.12,7.21,142695815.0,1325210565.0
2017-06-23,7.19,7.22,7.14,7.21,58400441.0,538303574.0
2017-06-26,7.21,7.32,7.21,7.24,71076995.0,663762850.0
2017-06-27,7.24,7.31,7.22,7.29,54601613.0,509162009.0
2017-06-28,7.28,7.39,7.27,7.35,116879622.0,1102438100.0
2017-06-29,7.35,7.36,7.3,7.35,48880457.0,459810416.0
2017-06-30,7.32,7.35,7.25,7.31,49963349.0,468003517.0
2017-07-03,7.32,7.35,7.28,7.32,38834937.0,364465847.0
2017-07-04,7.32,7.33,7.24,7.28,48836253.0,456577021.0
2017-07-05,7.24,7.31,7.22,7.3,56772000.0,529294114.0
2017-07-06,7.29,7.33,7.25,7.32,73891186.0,691387184.0
2017-07-07,7.3,7.39,7.28,7.38,76036958.0,717084352.0
2017-07-10,7.36,7.53,7.35,7.47,136081591.0,1303090005.0
2017-07-11,7.49,8.15,7.49,7.98,381208660.0,3842010171.0
2017-07-12,8.0,8.24,7.95,8.06,299884401.0,3113681339.0
2017-07-13,8.02,8.49,7.98,8.49,299453432.0,3180144566.0
2017-07-14,8.42,8.52,8.3,8.49,172257026.0,1864449202.0
2017-07-17,8.53,8.83,8.35,8.42,327312315.0,3608692279.0
2017-07-18,8.37,8.68,8.27,8.61,234943191.0,2558433986.0
2017-07-19,8.56,8.72,8.48,8.64,193307592.0,2131336294.0
2017-07-20,8.63,8.74,8.5,8.55,153733858.0,1695060974.0
2017-07-21,8.56,8.65,8.45,8.61,150102000.0,1625416437.0
2017-07-24,8.55,8.74,8.48,8.65,169266444.0,1846886679.0
2017-07-25,8.68,8.91,8.65,8.69,195476835.0,2172114597.0
2017-07-26,8.63,8.84,8.43,8.49,169741211.0,1846282152.0
2017-07-27,8.47,8.51,8.32,8.37,119449040.0,1273888886.0
2017-07-28,8.39,8.54,8.36,8.49,81919535.0,877769279.0
2017-07-31,8.54,8.55,8.26,8.43,157586439.0,1671814035.0
2017-08-01,8.41,8.76,8.38,8.73,203570991.0,2222887934.0
2017-08-02,8.73,8.96,8.66,8.81,206206907.0,2307726683.0
2017-08-03,8.81,8.87,8.67,8.7,98421938.0,1090954132.0
2017-08-04,8.69,8.92,8.64,8.83,135395156.0,1511389828.0
2017-08-07,8.74,8.83,8.62,8.69,86064427.0,946975700.0
2017-08-08,8.69,8.78,8.62,8.73,68956744.0,758872029.0
2017-08-09,8.66,8.71,8.44,8.48,104232181.0,1126512108.0
2017-08-10,8.46,8.55,8.33,8.39,95987996.0,1026676006.0
2017-08-11,8.28,8.33,7.9,7.92,244064335.0,2501779371.0
2017-08-14,8.01,8.1,7.94,8.08,115766464.0,1175479139.0
2017-08-15,8.09,8.31,8.07,8.15,107516235.0,1116749994.0
2017-08-16,8.13,8.2,8.02,8.17,75680602.0,778517622.0
2017-08-17,8.18,8.24,8.13,8.24,55364211.0,573093950.0
2017-08-18,8.19,8.38,8.13,8.25,61652041.0,643188717.0
2017-08-21,8.24,8.32,8.21,8.27,39915487.0,417653111.0
2017-08-22,8.28,8.43,8.2,8.42,87568181.0,922881866.0
2017-08-23,8.4,8.68,8.37,8.62,131915190.0,1430051908.0
2017-08-24,8.61,8.78,8.57,8.64,92424863.0,1014933652.0
2017-08-25,8.65,8.83,8.62,8.78,96394000.0,1068994547.0
2017-08-28,8.77,9.12,8.77,8.97,160393832.0,1828380086.0
2017-08-29,8.93,9.28,8.92,9.22,135798373.0,1569230034.0
2017-08-30,9.23,9.25,8.97,9.03,109667476.0,1264128141.0
2017-08-31,9.0,9.04,8.81,8.92,115178646.0,1297730596.0
2017-09-01,8.92,9.0,8.81,8.86,95997689.0,1080996319.0
2017-09-04,8.84,9.26,8.83,9.26,135232557.0,1551875034.0
2017-09-05,9.23,9.44,9.17,9.2,128751876.0,1513759541.0
2017-09-06,9.16,9.39,9.07,9.25,79162155.0,925519044.0
2017-09-07,9.21,9.29,9.0,9.04,61418724.0,711036421.0
2017-09-08,9.06,9.2,8.99,9.08,48127615.0,553644520.0
2017-09-11,9.12,9.24,8.93,8.99,69947275.0,801825015.0
2017-09-12,8.99,9.12,8.91,9.12,84618342.0,962032172.0
2017-09-13,9.08,9.12,8.96,9.03,66823742.0,765028185.0
2017-09-14,9.03,9.16,8.88,8.95,88308777.0,1005775578.0
2017-09-15,8.92,8.95,8.81,8.92,64609481.0,726061100.0
2017-09-18,8.89,8.95,8.85,8.89,60761296.0,684223023.0
2017-09-19,8.89,8.96,8.76,8.8,76421262.0,853816000.0
2017-09-20,8.81,8.99,8.73,8.92,78715469.0,884640964.0
2017-09-21,8.9,9.1,8.85,9.06,69240793.0,788605301.0
2017-09-22,9.03,9.11,8.94,9.04,59392762.0,677622490.0
2017-09-25,9.04,9.05,8.84,8.92,53239104.0,602270303.0
2017-09-26,8.9,8.93,8.66,8.73,96746090.0,1074228194.0
2017-09-27,8.7,8.76,8.62,8.64,72718820.0,798377280.0
2017-09-28,8.68,8.68,8.55,8.6,51722002.0,563485127.0
2017-09-29,8.63,8.82,8.58,8.78,68228010.0,753852535.0
2017-10-09,9.14,9.2,8.9,8.93,132522731.0,1520609512.0
2017-10-10,8.96,9.09,8.96,9.07,74792530.0,853665849.0
2017-10-11,9.07,9.15,8.96,9.11,65807758.0,756203405.0
2017-10-12,9.12,9.15,9.07,9.13,57806531.0,667148378.0
2017-10-13,9.14,9.14,8.89,8.98,73737596.0,839662735.0
2017-10-16,8.98,9.17,8.92,9.16,103625064.0,1190724205.0
2017-10-17,9.18,9.21,9.07,9.1,50637234.0,585333998.0
2017-10-18,9.11,9.25,9.1,9.24,87136536.0,1011050928.0
2017-10-19,9.2,9.26,9.14,9.19,72276482.0,841546799.0
2017-10-20,9.16,9.16,9.02,9.07,46180808.0,529747048.0
2017-10-23,9.0,9.01,8.81,8.84,107446502.0,1206888282.0
2017-10-24,8.85,9.03,8.84,9.0,61887194.0,700896872.0
2017-10-25,8.98,8.99,8.89,8.91,41857360.0,472708178.0
2017-10-26,8.89,8.95,8.79,8.84,92899607.0,1041707023.0
2017-10-27,8.84,9.14,8.84,9.14,136008642.0,1548543732.0
2017-10-30,9.13,9.27,9.05,9.14,127824694.0,1484495473.0
2017-10-31,9.13,9.15,9.0,9.12,62749138.0,721237474.0
2017-11-01,9.14,9.16,8.95,9.01,69261790.0,792881043.0
2017-11-02,8.98,9.15,8.9,9.12,60430848.0,689229874.0
2017-11-03,9.08,9.23,8.97,9.0,74334322.0,852032108.0
2017-11-06,9.03,9.03,8.77,8.92,102990281.0,1157303986.0
2017-11-07,8.91,9.56,8.89,9.42,247716326.0,2914269160.0
2017-11-08,9.48,9.95,9.43,9.59,426282573.0,5199224277.0
2017-11-09,9.64,9.94,9.6,9.75,229528934.0,2839861735.0
2017-11-10,9.78,9.92,9.6,9.72,175755227.0,2167126598.0
2017-11-13,9.76,10.35,9.76,10.2,256690623.0,3307955289.0
2017-11-14,10.24,10.48,10.13,10.24,178030247.0,2318092534.0
2017-11-15,10.2,10.38,10.09,10.2,126305227.0,1627912725.0
2017-11-16,10.2,10.37,10.01,10.35,120081480.0,1550701791.0
2017-11-17,10.41,10.64,10.3,10.42,206414972.0,2731215934.0
2017-11-20,10.38,11.26,10.31,11.26,284392582.0,3860145473.0
2017-11-21,11.12,11.69,11.07,11.42,249532781.0,3609849025.0
2017-11-22,11.44,12.05,11.44,11.94,257023146.0,3839501154.0
2017-11-23,11.97,12.05,11.12,11.34,242914214.0,3562843400.0
2017-11-24,11.29,11.53,10.89,11.51,263018967.0,3732597276.0
2017-11-27,11.3,11.3,10.87,11.01,206408533.0,2878491901.0
2017-11-28,10.95,10.95,10.59,10.83,176643250.0,2396540133.0
2017-11-29,10.85,11.01,10.65,10.92,156409493.0,2148312655.0
2017-11-30,10.83,10.85,10.48,10.58,137963571.0,1866700885.0
2017-12-01,10.59,10.65,10.24,10.28,178493315.0,2354299657.0
2017-12-04,10.31,10.57,10.28,10.51,145402345.0,1923315713.0
2017-12-05,10.39,10.66,10.35,10.51,172368132.0,2301867654.0
2017-12-06,10.48,10.49,10.11,10.34,161984496.0,2104168537.0
2017-12-07,10.31,10.39,10.08,10.14,118195784.0,1526953344.0
2017-12-08,10.19,10.35,10.08,10.35,135131504.0,1751423113.0
2017-12-11,10.34,10.73,10.18,10.67,226195273.0,2980735572.0
2017-12-12,10.59,10.65,10.29,10.29,174340579.0,2302354902.0
2017-12-13,10.28,10.43,10.18,10.38,128924811.0,1679022036.0
2017-12-14,10.39,10.52,10.2,10.28,100199798.0,1311131918.0
2017-12-15,10.2,10.22,10.01,10.05,109995250.0,1405372004.0
2017-12-18,10.06,10.2,9.99,10.08,80546452.0,1029422753.0
2017-12-19,10.11,10.53,10.07,10.5,239794295.0,3138687566.0
2017-12-20,10.43,10.52,10.38,10.48,110624507.0,1463802117.0
2017-12-21,10.42,10.81,10.4,10.7,148520344.0,2005617684.0
2017-12-22,10.67,10.77,10.63,10.69,74290095.0,1004525769.0
2017-12-25,10.69,10.95,10.4,10.47,158556718.0,2145040658.0
2017-12-26,10.48,10.82,10.43,10.8,112368845.0,1510826264.0
2017-12-27,10.73,10.89,10.43,10.5,136656673.0,1848165006.0
2017-12-28,10.5,10.64,10.29,10.44,155303047.0,2052944539.0
2017-12-29,10.44,10.62,10.35,10.51,98291553.0,1303222040.0
2018-01-02,10.55,11.01,10.53,10.83,208159255.0,2856543822.0
2018-01-03,10.85,10.95,10.43,10.54,296249838.0,4006220767.0
2018-01-04,10.53,10.57,10.38,10.47,185450948.0,2454543516.0
2018-01-05,10.44,10.55,10.39,10.51,121031272.0,1603289518.0
2018-01-08,10.47,10.5,10.16,10.24,215862081.0,2806099170.0
2018-01-09,10.24,10.43,10.21,10.34,134434509.0,1754315792.0
2018-01-10,10.31,10.66,10.21,10.65,240327736.0,3196055831.0
2018-01-11,10.6,10.74,10.49,10.59,144387781.0,1937494294.0
2018-01-12,10.63,10.81,10.6,10.71,135399140.0,1833435672.0
2018-01-15,10.68,11.33,10.67,11.22,312239448.0,4376707089.0
2018-01-16,11.2,11.37,11.08,11.22,244454900.0,3479177087.0
2018-01-17,11.33,11.7,11.22,11.25,265629401.0,3849312882.0
2018-01-18,11.38,11.63,11.29,11.63,214802680.0,3120455742.0
2018-01-19,11.7,11.96,11.6,11.7,257114669.0,3832857440.0
2018-01-22,11.54,11.81,11.41,11.41,207386714.0,3032799070.0
2018-01-23,11.35,11.78,11.33,11.58,238879170.0,3492462006.0
2018-01-24,11.59,11.92,11.46,11.57,259129212.0,3838734923.0
2018-01-25,11.42,11.44,11.07,11.22,236998459.0,3360822345.0
2018-01-26,11.21,11.33,11.08,11.11,203298865.0,2885104627.0
2018-01-29,11.11,11.26,10.75,10.86,209054668.0,2911452095.0
2018-01-30,10.83,10.94,10.71,10.79,109473986.0,1497708873.0
2018-01-31,10.75,11.11,10.69,11.11,174772914.0,2423104767.0
2018-02-01,11.03,11.3,10.94,11.09,200561475.0,2821583609.0
2018-02-02,10.99,11.14,10.77,11.11,117651271.0,1637619618.0
2018-02-05,10.91,11.52,10.85,11.5,233199790.0,3326355315.0
2018-02-06,11.25,11.33,11.01,11.07,258287204.0,3641294710.0
2018-02-07,11.24,11.3,10.09,10.21,334571697.0,4521586590.0
2018-02-08,10.14,10.21,9.9,9.91,213781506.0,2711464886.0
2018-02-09,9.55,9.55,8.99,9.24,282494975.0,3308553502.0
2018-02-12,9.31,9.36,9.14,9.26,122878244.0,1439644312.0
2018-02-13,9.38,9.65,9.36,9.44,129817869.0,1562420005.0
2018-02-14,9.45,9.51,9.3,9.48,86419024.0,1030474410.0
2018-02-22,9.68,9.9,9.68,9.85,126840607.0,1573562576.0
2018-02-23,9.94,10.11,9.84,9.97,101366320.0,1278185722.0
2018-02-26,10.09,10.16,9.84,9.98,104575874.0,1318960464.0
2018-02-27,9.99,10.04,9.63,9.71,128586906.0,1590018492.0
2018-02-28,9.56,9.63,9.43,9.52,121414559.0,1463313703.0
2018-03-01,9.42,9.6,9.41,9.52,88695718.0,1069354491.0
2018-03-02,9.42,9.52,9.37,9.45,66312416.0,791736473.0
2018-03-05,9.43,9.55,9.33,9.37,75418313.0,897244265.0
2018-03-06,9.45,9.57,9.3,9.56,115016249.0,1373438383.0
2018-03-07,9.6,9.75,9.52,9.52,142757032.0,1744085270.0
2018-03-08,9.52,9.6,9.45,9.57,68975503.0,832153697.0
2018-03-09,9.6,9.64,9.47,9.56,94387697.0,1139043575.0
2018-03-12,9.6,9.62,9.45,9.51,126870132.0,1526643479.0
2018-03-13,9.52,9.66,9.48,9.5,108226732.0,1309543467.0
2018-03-14,9.47,9.48,9.35,9.42,63559413.0,757090756.0
2018-03-15,9.32,9.37,9.22,9.26,115569473.0,1356878634.0
2018-03-16,9.26,9.37,9.2,9.2,96298338.0,1130784171.0
2018-03-19,9.22,9.36,9.18,9.35,80853872.0,947664744.0
2018-03-20,9.28,9.39,9.26,9.34,77615002.0,916858476.0
2018-03-21,9.45,9.58,9.37,9.41,144510951.0,1736437401.0
2018-03-22,9.41,9.46,9.18,9.22,98427842.0,1155741056.0
2018-03-23,8.89,8.97,8.63,8.96,182569075.0,2037734400.0
2018-03-26,8.81,8.85,8.58,8.64,138359851.0,1519435011.0
2018-03-27,8.77,8.83,8.58,8.65,110393361.0,1213989931.0
2018-03-28,8.58,8.81,8.53,8.61,109902339.0,1201023442.0
2018-03-29,8.63,8.83,8.34,8.73,133060238.0,1445281830.0
2018-03-30,8.73,8.73,8.6,8.62,75217368.0,823438181.0
2018-04-02,8.59,8.69,8.46,8.47,110931643.0,1200911980.0
2018-04-03,8.38,8.43,8.31,8.35,89074565.0,942237801.0
2018-04-04,8.44,8.7,8.38,8.59,160248873.0,1737258898.0
2018-04-09,8.54,8.77,8.48,8.71,107479576.0,1180084372.0
2018-04-10,8.71,9.06,8.67,9.03,139095079.0,1562265090.0
2018-04-11,9.0,9.42,8.99,9.35,209597045.0,2458982163.0
2018-04-12,9.33,9.35,9.03,9.11,117312818.0,1364675848.0
2018-04-13,9.2,9.32,9.05,9.14,130025597.0,1516155527.0
2018-04-16,9.07,9.07,8.72,8.77,142707281.0,1593706086.0
2018-04-17,8.79,9.05,8.78,8.86,130189172.0,1468159350.0
2018-04-18,9.05,9.18,8.92,9.09,147584533.0,1692722924.0
2018-04-19,9.11,9.24,9.03,9.07,84913183.0,979593565.0
2018-04-20,9.1,9.15,8.85,8.97,95869066.0,1090801311.0
2018-04-23,8.93,9.18,8.9,9.14,107028935.0,1228544006.0
2018-04-24,9.19,9.44,9.15,9.37,146109880.0,1725152198.0
2018-04-25,9.3,9.33,9.19,9.23,73028648.0,854713249.0
2018-04-26,9.22,9.24,8.94,9.03,87423591.0,1002483154.0
2018-04-27,9.08,9.1,8.4,8.58,270979568.0,2958464278.0
2018-05-02,8.67,8.72,8.54,8.6,119052318.0,1295804421.0
2018-05-03,8.58,8.6,8.35,8.5,128135557.0,1372765846.0
2018-05-04,8.48,8.56,8.43,8.44,71050952.0,761302469.0
2018-05-07,8.46,8.56,8.41,8.54,97430967.0,1046743102.0
2018-05-08,8.56,8.81,8.54,8.7,137330568.0,1511546681.0
2018-05-09,8.68,8.72,8.6,8.67,62765613.0,687036874.0
2018-05-10,8.72,8.77,8.62,8.7,55273588.0,607349997.0
2018-05-11,8.73,8.8,8.66,8.7,77236966.0,853271167.0
2018-05-14,8.77,8.88,8.72,8.84,103929716.0,1158064201.0
2018-05-15,8.84,8.84,8.71,8.79,66926144.0,742590448.0
2018-05-16,8.75,8.75,8.61,8.62,71436208.0,782694670.0
2018-05-17,8.62,8.65,8.52,8.55,58649438.0,635675441.0
2018-05-18,8.54,8.67,8.5,8.66,57838477.0,628250185.0
2018-05-21,8.75,8.78,8.64,8.65,76353357.0,838750578.0
2018-05-22,8.65,8.68,8.53,8.58,58987185.0,639815249.0
2018-05-23,8.55,8.55,8.39,8.42,99101629.0,1058587812.0
2018-05-24,8.43,8.44,8.36,8.39,68815202.0,730678764.0
2018-05-25,8.39,8.43,8.34,8.37,59333567.0,629735451.0
2018-05-28,8.36,8.43,8.31,8.37,56940092.0,602590747.0
2018-05-29,8.36,8.4,8.18,8.2,88949497.0,930386967.0
2018-05-30,8.13,8.13,7.94,7.97,112444704.0,1139918753.0
2018-05-31,7.99,8.05,7.92,8.05,98736038.0,999216333.0
2018-06-01,8.02,8.13,7.96,8.05,59721116.0,608398867.0
2018-06-04,8.09,8.15,8.02,8.12,59303835.0,608291978.0
2018-06-05,8.13,8.14,7.99,8.11,65654075.0,670740302.0
2018-06-06,8.1,8.11,7.98,8.01,71274341.0,724032796.0
2018-06-07,8.06,8.27,8.05,8.2,126263820.0,1306425478.0
2018-06-08,8.16,8.16,7.95,8.0,109937982.0,1114968857.0
2018-06-11,7.95,8.01,7.9,7.94,72137498.0,724687999.0
2018-06-12,7.93,7.97,7.86,7.95,91330072.0,914001701.0
2018-06-13,7.94,7.95,7.86,7.86,53058431.0,530483757.0
2018-06-14,7.86,8.02,7.84,7.96,86639201.0,872487574.0
2018-06-15,7.97,8.13,7.95,8.04,124870788.0,1273412999.0
2018-06-19,7.94,8.02,7.76,7.8,156587447.0,1565756560.0
2018-06-20,7.8,7.86,7.71,7.83,76363731.0,752950701.0
2018-06-21,7.85,7.94,7.79,7.79,84007077.0,836014838.0
2018-06-22,7.75,7.8,7.72,7.79,65781851.0,645752909.0
2018-06-25,7.83,7.84,7.41,7.48,119521260.0,1154559081.0
2018-06-26,7.42,7.46,7.18,7.4,112415694.0,1042528544.0
2018-06-27,7.36,7.43,7.14,7.18,104514268.0,958871648.0
2018-06-28,7.07,7.18,7.01,7.05,111076403.0,996801235.0
2018-06-29,7.12,7.22,7.08,7.18,67529968.0,611346089.0
2018-07-02,7.15,7.15,6.76,6.81,131552013.0,1158545869.0
2018-07-03,6.87,6.88,6.68,6.85,127483857.0,1096657033.0
2018-07-04,6.82,6.92,6.81,6.81,71115337.0,617278560.0
2018-07-05,6.81,6.9,6.76,6.8,83576877.0,722169579.0
2018-07-06,6.81,6.94,6.68,6.84,98828269.0,852071527.0
2018-07-09,6.87,7.14,6.86,7.14,140995460.0,1255007610.0
2018-07-10,7.13,7.13,7.03,7.1,89686202.0,803038965.0
2018-07-11,6.92,6.98,6.86,6.94,85129670.0,744765825.0
2018-07-12,6.9,7.2,6.89,7.13,114049231.0,1008658829.0
2018-07-13,7.16,7.18,7.08,7.13,60337821.0,535401175.0
2018-07-16,7.11,7.15,6.98,7.01,68984558.0,603427713.0
2018-07-17,7.02,7.02,6.95,7.0,37535633.0,326396995.0
2018-07-18,7.02,7.11,6.98,6.98,52515277.0,460697377.0
2018-07-19,7.02,7.07,6.98,7.01,46137239.0,403674308.0
2018-07-20,7.01,7.39,6.91,7.31,175427740.0,1576843937.0
2018-07-23,7.26,7.59,7.23,7.56,178168826.0,1646028021.0
2018-07-24,7.54,7.7,7.49,7.55,142589416.0,1348746827.0
2018-07-25,7.58,7.6,7.49,7.53,61412281.0,575752177.0
2018-07-26,7.55,7.61,7.39,7.43,83335815.0,778429754.0
2018-07-27,7.47,7.51,7.37,7.43,51512603.0,477527419.0
2018-07-30,7.48,7.62,7.43,7.54,70638597.0,661767548.0
2018-07-31,7.52,7.62,7.43,7.56,72015080.0,674484651.0
2018-08-01,7.56,7.63,7.31,7.35,81408168.0,759282230.0
2018-08-02,7.33,7.35,7.13,7.18,93140128.0,839272254.0
2018-08-03,7.17,7.31,7.15,7.15,47654662.0,428641526.0
2018-08-06,7.18,7.31,7.14,7.18,55401008.0,497906686.0
2018-08-07,7.19,7.36,7.13,7.36,69042319.0,624359656.0
2018-08-08,7.35,7.35,7.26,7.27,57895316.0,527526990.0
2018-08-09,7.26,7.51,7.24,7.46,80678377.0,746469808.0
2018-08-10,7.47,7.48,7.35,7.41,42416836.0,391366342.0
2018-08-13,7.32,7.35,7.15,7.27,81849112.0,736947790.0
2018-08-14,7.25,7.26,7.18,7.23,43024036.0,386334618.0
2018-08-15,7.24,7.24,7.02,7.06,67044285.0,594759517.0
2018-08-16,7.01,7.14,6.94,7.05,63827255.0,559523123.0
2018-08-17,7.13,7.18,7.05,7.07,64947656.0,576683267.0
2018-08-20,7.15,7.24,7.12,7.23,68132206.0,609934726.0
2018-08-21,7.24,7.43,7.23,7.41,126447447.0,1163292795.0
2018-08-22,7.42,7.5,7.33,7.46,98243398.0,909598743.0
2018-08-23,7.47,7.56,7.41,7.51,72907462.0,680941392.0
2018-08-24,7.47,8.25,7.46,8.05,304040839.0,2995071977.0
2018-08-27,8.04,8.37,8.0,8.37,221842422.0,2251527721.0
2018-08-28,8.3,8.37,8.22,8.26,128977724.0,1331917861.0
2018-08-29,8.23,8.29,8.15,8.25,90188349.0,923581546.0
2018-08-30,8.25,8.31,8.09,8.12,99491773.0,1013877514.0
2018-08-31,8.13,8.29,8.11,8.13,131086524.0,1337898870.0
2018-09-03,8.1,8.27,8.1,8.18,71169567.0,725303292.0
2018-09-04,8.19,8.47,8.08,8.37,129634208.0,1339756564.0
2018-09-05,8.27,8.29,8.07,8.07,117945317.0,1202345698.0
2018-09-06,8.07,8.14,7.99,8.0,71177755.0,713975749.0
2018-09-07,8.06,8.17,7.97,8.04,80903534.0,815151723.0
2018-09-10,8.04,8.08,7.9,7.93,63698929.0,631174170.0
2018-09-11,7.95,8.05,7.88,7.96,71296751.0,707337570.0
2018-09-12,7.92,8.0,7.88,7.93,56482916.0,558399563.0
2018-09-13,8.1,8.11,7.9,8.0,99972561.0,993389970.0
2018-09-14,8.01,8.01,7.88,7.9,61975019.0,611422480.0
2018-09-17,7.87,7.87,7.77,7.78,51708233.0,502609644.0
2018-09-18,7.81,8.12,7.79,8.09,112680742.0,1120867543.0
2018-09-19,8.05,8.3,8.05,8.22,123154877.0,1257191506.0
2018-09-20,8.25,8.32,8.18,8.21,62034836.0,636742814.0
2018-09-21,8.24,8.59,8.17,8.57,162451841.0,1707850488.0
2018-09-25,8.45,8.57,8.41,8.47,97701470.0,1030715785.0
2018-09-26,8.52,8.77,8.45,8.6,149051343.0,1600626209.0
2018-09-27,8.55,8.7,8.49,8.62,88036333.0,942200399.0
2018-09-28,8.65,9.05,8.65,8.87,211024267.0,2331358289.0
2018-10-08,8.59,8.66,8.39,8.39,168635852.0,1793455283.0
2018-10-09,8.4,8.59,8.34,8.48,106408426.0,1117946551.0
2018-10-10,8.46,8.56,8.33,8.39,99520008.0,1045666181.0
2018-10-11,8.07,8.16,7.79,7.92,199514383.0,1994186612.0
2018-10-12,8.0,8.3,7.92,8.27,151681028.0,1532651400.0
2018-10-15,8.34,8.41,8.1,8.12,140268530.0,1443043059.0
2018-10-16,8.14,8.46,8.12,8.33,139692105.0,1450020371.0
2018-10-17,8.43,8.47,8.14,8.29,135088983.0,1400306336.0
2018-10-18,8.26,8.26,8.08,8.1,100115605.0,1015654822.0
2018-10-19,7.99,8.65,7.96,8.64,208366732.0,2173571255.0
2018-10-22,8.68,9.2,8.65,8.95,264554312.0,2932714471.0
2018-10-23,8.99,9.01,8.61,8.7,160254592.0,1759265959.0
2018-10-24,8.75,9.1,8.67,8.86,182942464.0,2026171912.0
2018-10-25,8.67,9.06,8.6,9.06,168501136.0,1855823739.0
2018-10-26,9.06,9.08,8.8,8.98,129997510.0,1448843512.0
2018-10-29,8.99,9.02,8.53,8.63,159162878.0,1725932498.0
2018-10-30,8.65,8.9,8.61,8.75,150182786.0,1641371787.0
2018-10-31,8.79,8.82,8.63,8.76,115268379.0,1252156776.0
2018-11-01,8.82,8.87,8.64,8.69,154277632.0,1679443450.0
2018-11-02,8.86,8.96,8.69,8.9,221292287.0,2439179136.0
2018-11-05,8.79,8.86,8.69,8.77,129192417.0,1409457171.0
2018-11-06,8.73,8.77,8.61,8.7,73572574.0,795322638.0
2018-11-07,8.69,8.79,8.63,8.68,78559741.0,851487054.0
2018-11-08,8.73,8.81,8.69,8.74,79397600.0,864744243.0
2018-11-09,8.6,8.61,8.35,8.47,162926917.0,1716198383.0
2018-11-12,8.4,8.49,8.33,8.48,92033388.0,965756504.0
2018-11-13,8.36,8.55,8.33,8.46,107249762.0,1126736143.0
2018-11-14,8.45,8.47,8.37,8.38,77423985.0,810357748.0
2018-11-15,8.38,8.54,8.37,8.53,90146198.0,949991801.0
2018-11-16,8.52,8.61,8.42,8.49,105959259.0,1123173219.0
2018-11-19,8.49,8.73,8.49,8.71,136088709.0,1466899417.0
2018-11-20,8.63,8.67,8.45,8.49,103387753.0,1099654683.0
2018-11-21,8.43,8.57,8.41,8.52,66615733.0,705638355.0
2018-11-22,8.57,8.57,8.41,8.47,50026785.0,527103281.0
2018-11-23,8.45,8.49,8.28,8.29,70035815.0,730667665.0
2018-11-26,8.3,8.4,8.27,8.3,51656911.0,535963343.0
2018-11-27,8.31,8.34,8.16,8.17,73344838.0,752824120.0
2018-11-28,8.16,8.28,8.16,8.25,53775145.0,550820247.0
2018-11-29,8.31,8.34,8.18,8.19,48528405.0,499068827.0
2018-11-30,8.2,8.32,8.16,8.32,59471532.0,610571533.0
2018-12-03,8.5,8.56,8.41,8.5,106409717.0,1126374830.0
2018-12-04,8.49,8.53,8.45,8.5,53481305.0,565743745.0
2018-12-05,8.42,8.44,8.35,8.39,58154527.0,608133290.0
2018-12-06,8.32,8.33,8.21,8.23,57886648.0,594649683.0
2018-12-07,8.27,8.34,8.25,8.25,34021615.0,351101370.0
2018-12-10,8.2,8.25,8.13,8.16,49481887.0,504040654.0
2018-12-11,8.2,8.24,8.16,8.21,29908962.0,305389210.0
2018-12-12,8.27,8.29,8.19,8.22,36637903.0,375402864.0
2018-12-13,8.23,8.41,8.19,8.34,79084521.0,819920689.0
2018-12-14,8.3,8.31,8.16,8.16,52667513.0,539263012.0
2018-12-17,8.16,8.29,8.11,8.26,57127487.0,584679512.0
2018-12-18,8.19,8.29,8.11,8.12,53774430.0,547157563.0
2018-12-19,8.14,8.17,7.95,7.98,59800701.0,600090171.0
2018-12-20,7.96,8.0,7.73,7.8,99028479.0,964202861.0
2018-12-21,7.77,7.79,7.49,7.59,100061676.0,944460332.0
2018-12-24,7.55,7.59,7.47,7.56,50911767.0,477186905.0
2018-12-25,7.46,7.57,7.39,7.5,58661545.0,545235608.0
2018-12-26,7.51,7.56,7.44,7.47,42114060.0,393215141.0
2018-12-27,7.59,7.62,7.45,7.45,62459327.0,586343755.0
2018-12-28,7.47,7.59,7.47,7.53,57660400.0,541571005.0
2019-01-02,7.54,7.56,7.35,7.38,53938632.0,498695110.0
2019-01-03,7.37,7.49,7.35,7.45,41553795.0,384457708.0
2019-01-04,7.42,7.88,7.4,7.83,148115906.0,1422149888.0
2019-01-07,7.9,7.91,7.73,7.82,86568766.0,841166431.0
2019-01-08,7.81,7.82,7.72,7.76,40238811.0,389247796.0
2019-01-09,7.82,8.09,7.79,7.98,123348636.0,1229465117.0
2019-01-10,7.92,8.19,7.92,8.11,107181766.0,1079711036.0
2019-01-11,8.12,8.2,8.07,8.19,69636455.0,708001802.0
2019-01-14,8.2,8.23,8.08,8.12,50044359.0,507862882.0
2019-01-15,8.12,8.25,8.1,8.22,54216055.0,553027310.0
2019-01-16,8.22,8.43,8.21,8.41,97769937.0,1017495116.0
2019-01-17,8.46,8.49,8.16,8.23,88281192.0,910212066.0
2019-01-18,8.3,8.42,8.25,8.37,73879326.0,769973638.0
2019-01-21,8.3,8.41,8.29,8.3,65935576.0,684465646.0
2019-01-22,8.3,8.38,8.24,8.25,42441357.0,438991450.0
2019-01-23,8.26,8.41,8.26,8.31,53787663.0,559384396.0
2019-01-24,8.35,8.47,8.33,8.45,67924088.0,711495718.0
2019-01-25,8.48,8.86,8.47,8.83,210836185.0,2299718225.0
2019-01-28,8.86,8.94,8.73,8.78,103590980.0,1141853834.0
2019-01-29,8.8,8.89,8.65,8.83,82663110.0,904847854.0
2019-01-30,8.79,8.98,8.72,8.79,71200101.0,785204572.0
2019-01-31,8.82,8.99,8.78,8.91,83162275.0,922602875.0
2019-02-01,8.99,9.03,8.8,8.99,101427007.0,1127216186.0
2019-02-11,8.9,9.0,8.81,9.0,80193663.0,889951529.0
2019-02-12,8.99,9.08,8.86,8.98,95993690.0,1071873085.0
2019-02-13,8.98,9.16,8.93,9.14,113736574.0,1280182097.0
2019-02-14,9.07,9.1,8.98,9.03,86918519.0,977818098.0
2019-02-15,9.02,9.02,8.75,8.79,110012746.0,1213914429.0
2019-02-18,8.87,9.12,8.86,9.12,125552221.0,1408279680.0
2019-02-19,9.12,9.33,9.02,9.05,127088204.0,1445281383.0
2019-02-20,9.1,9.26,9.03,9.16,83262987.0,949430820.0
2019-02-21,9.14,9.27,9.06,9.12,75424648.0,860591071.0
2019-02-22,9.11,9.29,8.95,9.26,118404779.0,1343020336.0
2019-02-25,9.39,10.15,9.29,10.08,282493502.0,3415946860.0
2019-02-26,10.08,10.09,9.75,9.79,201754493.0,2485673357.0
2019-02-27,9.83,10.16,9.75,9.96,197901388.0,2454404412.0
2019-02-28,9.99,10.12,9.85,9.92,111309980.0,1383110811.0
2019-03-01,10.02,10.26,9.79,10.24,171267916.0,2137669557.0
2019-03-04,10.2,10.74,10.13,10.43,245683039.0,3195011703.0
2019-03-05,10.36,10.67,10.31,10.49,140842222.0,1838251657.0
2019-03-06,10.49,10.56,10.31,10.5,124576020.0,1614670975.0
2019-03-07,10.49,10.49,10.08,10.23,178205731.0,2274151007.0
2019-03-08,10.03,10.2,9.83,9.87,177816210.0,2214572417.0
2019-03-11,9.87,10.03,9.67,9.89,115765077.0,1416000380.0
2019-03-12,10.03,10.15,9.83,9.92,141179492.0,1757797251.0
2019-03-13,9.91,10.08,9.74,9.93,126942716.0,1568387544.0
2019-03-14,9.9,10.13,9.85,9.98,105746790.0,1316372926.0
2019-03-15,9.91,10.18,9.91,10.04,104540603.0,1311323009.0
2019-03-18,10.06,10.39,9.89,10.36,148645480.0,1882483634.0
2019-03-19,10.37,10.39,10.12,10.27,95719646.0,1221118294.0
2019-03-20,10.18,10.34,10.13,10.24,92999638.0,1185477059.0
2019-03-21,10.25,10.28,10.1,10.19,86014080.0,1092506483.0
2019-03-22,10.19,10.23,10.04,10.11,71350206.0,898629417.0
2019-03-25,9.96,9.96,9.71,9.72,117988326.0,1445560160.0
2019-03-26,9.82,9.87,9.64,9.71,93539327.0,1136721267.0
2019-03-27,9.83,10.01,9.78,9.94,92282680.0,1138302657.0
2019-03-28,9.88,9.88,9.71,9.81,73246744.0,892530627.0
2019-03-29,9.84,10.29,9.8,10.29,166950647.0,2108295394.0
2019-04-01,10.3,10.88,10.3,10.58,195140119.0,2588268669.0
2019-04-02,10.66,10.82,10.62,10.73,110038404.0,1466040987.0
2019-04-03,10.61,10.8,10.56,10.79,79291579.0,1056166232.0
2019-04-04,10.78,11.24,10.78,11.13,203436500.0,2796366353.0
2019-04-08,11.16,11.58,11.01,11.21,174317620.0,2464536241.0
2019-04-09,11.14,11.22,11.04,11.09,78133238.0,1080549202.0
2019-04-10,11.04,11.14,10.76,11.02,94713506.0,1289475602.0
2019-04-11,11.02,11.21,10.83,10.87,65535662.0,897382236.0
2019-04-12,10.83,10.91,10.61,10.77,77432464.0,1035139674.0
2019-04-15,11.01,11.31,10.97,10.99,153389068.0,2134708982.0
2019-04-16,10.97,11.71,10.88,11.71,237937518.0,3379550307.0
2019-04-17,11.58,11.71,11.42,11.52,100410987.0,1443493493.0
2019-04-18,11.48,11.54,11.33,11.51,50704530.0,721908801.0
2019-04-19,11.6,11.88,11.48,11.83,124603609.0,1814875937.0
2019-04-22,11.72,11.91,11.3,11.36,132227390.0,1899850004.0
2019-04-23,11.32,11.4,11.22,11.3,94068734.0,1326465625.0
2019-04-24,11.6,11.72,11.37,11.59,194972363.0,2811131027.0
2019-04-25,11.54,11.75,11.34,11.34,111147637.0,1597895217.0
2019-04-26,11.3,11.44,11.0,11.07,100942124.0,1407987366.0
2019-04-29,11.16,11.5,11.13,11.32,103069575.0,1450714134.0
2019-04-30,11.23,11.28,10.91,11.12,111657027.0,1542958578.0
2019-05-06,10.52,10.72,10.2,10.33,210866784.0,2742409411.0
2019-05-07,10.46,10.51,10.21,10.4,107265841.0,1386247079.0
2019-05-08,10.21,10.36,10.04,10.12,97545081.0,1236655983.0
2019-05-09,10.05,10.1,9.67,9.76,155715161.0,1904905489.0
2019-05-10,9.91,10.24,9.71,10.18,119239908.0,1489975625.0
2019-05-13,9.9,10.07,9.82,9.87,74191779.0,916213719.0
2019-05-14,9.79,10.24,9.76,10.03,118259819.0,1477008363.0
2019-05-15,10.1,10.53,10.09,10.37,110398851.0,1417050113.0
2019-05-16,10.38,10.43,10.26,10.32,63490143.0,816740932.0
2019-05-17,10.37,10.38,9.92,9.99,96500085.0,1208569910.0
2019-05-20,9.92,10.07,9.83,9.94,78643518.0,971222474.0
2019-05-21,9.96,10.22,9.92,10.08,73121051.0,919191241.0
2019-05-22,10.09,10.09,9.89,9.96,50623072.0,628437470.0
2019-05-23,9.83,9.97,9.75,9.87,66685543.0,817850530.0
2019-05-24,9.92,10.0,9.88,9.92,49552620.0,613106248.0
2019-05-27,9.8,9.97,9.58,9.93,104842598.0,1275632724.0
2019-05-28,9.88,10.08,9.84,10.03,88070312.0,1094063186.0
2019-05-29,9.92,10.11,9.84,9.96,66641150.0,827828661.0
2019-05-30,9.89,9.94,9.72,9.81,64628465.0,787801007.0
2019-05-31,9.76,9.96,9.72,9.78,68679439.0,839375710.0
2019-06-03,9.81,9.9,9.49,9.55,151271905.0,1816591877.0
2019-06-04,9.55,9.59,9.31,9.51,97465534.0,1147709578.0
2019-06-05,9.61,9.75,9.57,9.61,74889231.0,899331716.0
2019-06-06,9.61,9.69,9.55,9.57,43366526.0,519425127.0
2019-06-10,9.64,10.01,9.62,9.91,114466882.0,1404223620.0
2019-06-11,9.91,10.21,9.87,10.16,125108751.0,1574105212.0
2019-06-12,10.14,10.16,9.99,10.09,65731018.0,825178004.0
2019-06-13,10.07,10.18,9.98,10.11,53000026.0,666277696.0
2019-06-14,10.11,10.19,10.0,10.03,48319173.0,606815214.0
2019-06-17,10.02,10.27,10.02,10.17,61981588.0,786223581.0
2019-06-18,10.17,10.32,10.11,10.28,48355512.0,616237572.0
2019-06-19,10.67,10.75,10.44,10.49,114322639.0,1504997838.0
2019-06-20,10.57,11.2,10.53,11.08,152919147.0,2083209239.0
2019-06-21,11.05,11.14,10.9,10.95,101112915.0,1384099587.0
2019-06-24,10.99,11.1,10.93,10.99,65957285.0,904433349.0
2019-06-25,11.01,11.01,10.49,10.78,146922707.0,1954855786.0
2019-06-26,10.77,10.96,10.7,10.85,54650476.0,731207283.0
2019-06-27,10.96,11.24,10.92,11.13,92507494.0,1270042461.0
2019-06-28,11.14,11.19,11.02,11.18,49809369.0,682679970.0
2019-07-01,11.37,11.51,11.26,11.31,96063600.0,1347792875.0
2019-07-02,11.26,11.56,11.25,11.51,105274486.0,1481211353.0
2019-07-03,11.51,11.53,11.26,11.37,76907849.0,1076744401.0
2019-07-04,11.37,11.59,11.26,11.35,62129252.0,873624287.0
2019-07-05,11.32,11.35,11.11,11.3,74919609.0,1037357176.0
2019-07-08,11.22,11.26,10.92,11.03,77841390.0,1061095713.0
2019-07-09,11.06,11.13,10.91,11.03,49429611.0,670391721.0
2019-07-10,11.05,11.12,10.95,11.01,35822079.0,487071877.0
2019-07-11,11.1,11.18,10.98,10.99,48418314.0,660588300.0
2019-07-12,11.04,11.55,11.02,11.46,146536652.0,2055749882.0
2019-07-15,11.39,11.46,11.23,11.36,84128276.0,1175798105.0
2019-07-16,11.34,11.35,11.13,11.16,72278079.0,998151579.0
2019-07-17,11.12,11.21,11.05,11.11,41002063.0,561944452.0
2019-07-18,11.08,11.21,11.01,11.09,42282622.0,578067488.0
2019-07-19,11.15,11.43,11.1,11.35,86639070.0,1207316527.0
2019-07-22,11.33,11.38,11.17,11.24,58228330.0,807249426.0
2019-07-23,11.25,11.26,11.08,11.17,50400423.0,692328448.0
2019-07-24,11.26,11.37,11.19,11.26,57027622.0,793387782.0
2019-07-25,11.3,11.58,11.24,11.52,108782641.0,1534889646.0
2019-07-26,11.51,11.57,11.43,11.55,63530571.0,901074108.0
2019-07-29,11.57,11.73,11.51,11.6,71557619.0,1023261763.0
2019-07-30,11.61,11.81,11.6,11.66,79663432.0,1148582413.0
2019-07-31,11.61,11.62,11.43,11.47,63472348.0,899227866.0
2019-08-01,11.41,11.52,11.31,11.44,52798128.0,742308285.0
2019-08-02,11.18,11.26,11.09,11.15,96992646.0,1333400774.0
2019-08-05,11.04,11.07,10.77,10.83,89308242.0,1201885399.0
2019-08-06,10.63,10.92,10.58,10.85,88249913.0,1166971469.0
2019-08-07,10.95,11.07,10.85,10.99,79303899.0,1070736944.0
2019-08-08,11.28,11.77,11.24,11.67,233071504.0,3313302100.0
2019-08-09,11.81,12.05,11.71,11.78,206057513.0,3021884306.0
2019-08-12,11.86,12.27,11.85,12.27,273342547.0,4084497903.0
2019-08-13,12.17,12.24,11.96,12.08,129373644.0,1925835288.0
2019-08-14,12.29,12.35,12.01,12.15,136054654.0,2038261152.0
2019-08-15,11.88,12.14,11.85,12.13,89737626.0,1333117726.0
2019-08-16,12.25,12.29,12.0,12.09,98690293.0,1474900258.0
2019-08-19,12.1,12.13,11.78,12.11,229295613.0,3368207935.0
2019-08-20,12.11,12.34,11.99,12.17,192104150.0,2872304201.0
2019-08-21,12.07,12.08,11.67,11.73,199013195.0,2902251101.0
2019-08-22,11.69,11.73,11.52,11.61,135307158.0,1935208499.0
2019-08-23,11.66,11.96,11.65,11.89,163686768.0,2388239081.0
2019-08-26,11.7,11.77,11.48,11.57,141512254.0,2018498040.0
2019-08-27,11.65,11.75,11.56,11.61,135671337.0,1948127123.0
2019-08-28,11.57,11.59,11.4,11.58,82965768.0,1176329096.0
2019-08-29,11.54,11.56,11.43,11.47,60903434.0,861177482.0
2019-08-30,11.6,11.68,11.44,11.49,79850057.0,1136119660.0
2019-09-02,11.48,11.77,11.45,11.73,136020130.0,1955673137.0
2019-09-03,11.75,11.78,11.57,11.61,85865365.0,1230606485.0
2019-09-04,11.62,11.77,11.61,11.72,97396487.0,1404037296.0
2019-09-05,11.82,12.05,11.81,11.83,176805143.0,2599478259.0
2019-09-06,11.94,12.02,11.87,12.02,98643280.0,1451264913.0
2019-09-09,12.16,12.17,11.85,11.92,129983914.0,1918042304.0
2019-09-10,11.85,11.88,11.7,11.81,79687064.0,1155180739.0
2019-09-11,11.85,11.94,11.74,11.82,81861421.0,1192674259.0
2019-09-12,11.9,12.0,11.79,11.91,115068764.0,1682911850.0
2019-09-16,11.93,11.95,11.69,11.73,92989414.0,1349401481.0
2019-09-17,11.65,11.73,11.51,11.56,88265575.0,1261416554.0
2019-09-18,11.56,11.75,11.56,11.7,82043633.0,1179079988.0
2019-09-19,11.75,12.08,11.75,12.04,188402083.0,2777383508.0
2019-09-20,12.13,12.5,12.12,12.45,264428514.0,4020646522.0
2019-09-23,12.45,12.56,12.32,12.48,140328200.0,2148740449.0
2019-09-24,12.56,12.61,12.32,12.32,112910324.0,1726238273.0
2019-09-25,12.34,12.86,12.33,12.78,193889272.0,3024598931.0
2019-09-26,12.87,13.02,12.71,12.75,168659258.0,2673096951.0
2019-09-27,12.86,12.99,12.74,12.9,100770627.0,1598567052.0
2019-09-30,12.78,12.9,12.64,12.65,104636317.0,1645828527.0
2019-10-08,12.66,13.17,12.66,13.15,138667636.0,2225024599.0
2019-10-09,13.07,13.41,13.0,13.19,131669341.0,2145061763.0
2019-10-10,13.2,13.2,12.98,13.18,87974662.0,1418751876.0
2019-10-11,13.15,13.76,13.15,13.64,140542282.0,2335030599.0
2019-10-14,13.77,14.28,13.73,13.98,155763745.0,2688929547.0
2019-10-15,14.0,14.08,13.65,13.94,88195542.0,1503633369.0
2019-10-16,14.01,14.15,13.5,13.63,126767121.0,2146150627.0
2019-10-17,13.72,13.8,13.43,13.55,112618222.0,1887045621.0
2019-10-18,13.63,13.83,13.33,13.4,119679914.0,1999012672.0
2019-10-21,13.33,13.77,13.33,13.71,94595225.0,1589276086.0
2019-10-22,13.72,13.74,13.01,13.33,188353143.0,3072547166.0
2019-10-23,13.25,13.53,13.17,13.35,96753459.0,1590781972.0
2019-10-24,13.39,13.8,13.34,13.69,110921477.0,1861032918.0
2019-10-25,13.62,13.76,13.46,13.7,69143576.0,1161100080.0
2019-10-28,13.78,13.83,13.38,13.52,107013113.0,1780873358.0
2019-10-29,13.55,13.74,13.44,13.72,78886473.0,1322036352.0
2019-10-30,13.63,13.76,13.33,13.33,85431717.0,1420644945.0
2019-10-31,13.33,13.37,13.18,13.2,86256930.0,1407006435.0
2019-11-01,13.27,13.8,13.21,13.68,125465544.0,2096068961.0
2019-11-04,13.78,14.0,13.61,13.73,88982425.0,1507910819.0
2019-11-05,13.63,14.15,13.63,13.92,117248589.0,2010924200.0
2019-11-06,13.85,14.01,13.7,13.76,86332536.0,1470233503.0
2019-11-07,13.74,13.85,13.59,13.71,71189699.0,1200671649.0
2019-11-08,13.78,13.81,13.5,13.51,84913924.0,1421088326.0
2019-11-11,13.39,13.42,13.15,13.21,95351563.0,1556517253.0
2019-11-12,13.22,13.29,13.12,13.25,51626640.0,840769287.0
2019-11-13,13.22,13.36,13.03,13.25,65512065.0,1067975601.0
2019-11-14,13.33,13.38,13.19,13.25,46889955.0,767006342.0
2019-11-15,13.3,13.43,13.18,13.26,56922798.0,933539572.0
2019-11-18,13.27,13.43,13.17,13.35,55791841.0,915983936.0
2019-11-19,13.35,13.38,13.24,13.32,56212040.0,920998203.0
2019-11-20,13.23,13.23,12.8,12.86,172438353.0,2747598383.0
2019-11-21,12.78,12.88,12.69,12.87,77256324.0,1218516399.0
2019-11-22,12.9,12.92,12.62,12.65,77347354.0,1216064538.0
2019-11-25,12.69,12.86,12.61,12.82,78325794.0,1233388886.0
2019-11-26,12.9,12.9,12.57,12.68,81529753.0,1271594663.0
2019-11-27,12.69,12.69,12.49,12.56,47616998.0,736584294.0
2019-11-28,12.56,12.61,12.53,12.57,37801651.0,585252047.0
2019-11-29,12.61,12.62,12.32,12.41,65386691.0,1001451096.0
2019-12-02,12.46,12.52,12.36,12.47,55387738.0,849784129.0
2019-12-03,12.42,12.55,12.34,12.54,45541805.0,700293549.0
2019-12-04,12.45,12.51,12.34,12.43,52454527.0,802110334.0
2019-12-05,12.46,12.56,12.42,12.52,55708446.0,857682576.0
2019-12-06,12.56,12.76,12.55,12.66,71261524.0,1109423061.0
2019-12-09,12.68,12.68,12.46,12.51,60599289.0,935135953.0
2019-12-10,12.47,12.48,12.38,12.44,55638388.0,851377533.0
2019-12-11,12.48,12.73,12.42,12.71,87150519.0,1351786531.0
2019-12-12,12.71,12.72,12.6,12.66,47899882.0,747519511.0
2019-12-13,12.86,13.08,12.8,13.08,105310381.0,1680707282.0
2019-12-16,13.08,13.1,12.88,13.09,78795234.0,1262802472.0
2019-12-17,12.99,13.5,12.97,13.39,120310490.0,1969891324.0
2019-12-18,13.33,13.52,13.32,13.36,79709133.0,1317608543.0
2019-12-19,13.43,13.59,13.34,13.43,67553676.0,1119925969.0
2019-12-20,13.43,13.54,13.34,13.46,64447838.0,1067869780.0
2019-12-23,13.54,13.54,13.12,13.18,71579272.0,1173372081.0
2019-12-24,13.17,13.39,13.17,13.31,45912842.0,752351618.0
2019-12-25,13.35,13.44,13.18,13.23,41491798.0,679664597.0
2019-12-26,13.26,13.38,13.25,13.37,37203386.0,610381758.0
2019-12-27,13.42,13.74,13.33,13.5,104257472.0,1741473179.0
2019-12-30,13.36,13.5,13.07,13.45,97697031.0,1603152787.0
2019-12-31,13.45,13.5,13.24,13.35,70444225.0,1154704349.0
2020-01-02,13.51,13.76,13.43,13.69,153023187.0,2571196482.0
2020-01-03,13.75,14.05,13.73,13.94,111619481.0,1914495475.0
2020-01-06,13.81,14.07,13.72,13.85,86208350.0,1477930193.0
2020-01-07,13.9,14.02,13.76,13.92,72860756.0,1247047135.0
2020-01-08,13.8,13.84,13.5,13.52,84782412.0,1423608811.0
2020-01-09,13.64,13.74,13.42,13.63,103163665.0,1725326806.0
2020-01-10,13.63,13.64,13.41,13.55,58554845.0,975154819.0
2020-01-13,13.59,13.82,13.48,13.79,87213336.0,1468271684.0
2020-01-14,13.79,14.02,13.6,13.6,130449366.0,2217608853.0
2020-01-15,13.63,13.68,13.35,13.41,85943912.0,1424889228.0
2020-01-16,13.41,13.45,13.15,13.25,102810467.0,1678888508.0
2020-01-17,13.29,13.43,13.27,13.3,60543669.0,995909007.0
2020-01-20,13.33,13.48,13.27,13.35,74607475.0,1226464650.0
2020-01-21,13.26,13.26,12.93,12.99,89660310.0,1442171432.0
2020-01-22,12.92,13.12,12.75,13.06,71946491.0,1150933399.0
2020-01-23,12.92,12.92,12.49,12.61,110059207.0,1723394337.0
2020-02-03,11.35,11.93,11.35,11.35,225919483.0,3201454165.0
2020-02-04,11.4,11.9,11.38,11.85,170617207.0,2442932843.0
2020-02-05,11.84,12.08,11.62,11.87,149138021.0,2177632044.0
2020-02-06,12.02,12.07,11.78,11.99,118581572.0,1740107625.0
2020-02-07,11.85,11.92,11.7,11.87,92485296.0,1345053256.0
2020-02-10,11.78,11.79,11.61,11.77,133949524.0,1931983482.0
2020-02-11,11.85,12.13,11.82,12.0,140750744.0,2077194139.0
2020-02-12,12.0,12.03,11.85,11.99,107050321.0,1573229043.0
2020-02-13,11.94,12.08,11.86,11.89,101320528.0,1491327714.0
2020-02-14,11.97,12.29,11.93,12.2,151243473.0,2253906452.0
2020-02-17,12.21,12.47,12.12,12.47,154369601.0,2337993586.0
2020-02-18,12.44,12.44,12.18,12.34,97361235.0,1478274223.0
2020-02-19,12.26,12.47,12.24,12.37,87410693.0,1333730219.0
2020-02-20,12.39,12.68,12.26,12.65,123544434.0,1897923029.0
2020-02-21,12.57,12.76,12.54,12.64,99507102.0,1546692930.0
2020-02-24,12.55,12.55,12.3,12.36,119179450.0,1820183855.0
2020-02-25,12.17,12.28,12.0,12.21,114457502.0,1710369786.0
2020-02-26,11.99,12.39,11.93,12.17,117659915.0,1769612245.0
2020-02-27,12.14,12.3,12.08,12.26,97527090.0,1464605739.0
2020-02-28,12.05,12.21,11.74,11.77,130064445.0,1906892413.0
2020-03-02,11.81,12.13,11.74,12.0,111658066.0,1647432270.0
2020-03-03,12.14,12.17,11.87,11.95,115358432.0,1705816272.0
2020-03-04,11.91,12.0,11.78,11.92,86259523.0,1261123064.0
2020-03-05,12.01,12.69,11.95,12.49,268660234.0,4089493523.0
2020-03-06,12.32,12.39,12.19,12.2,122853103.0,1858691259.0
2020-03-09,11.94,11.95,11.7,11.73,166579354.0,2420392131.0
2020-03-10,11.67,12.05,11.67,11.98,116786497.0,1709084565.0
2020-03-11,11.99,12.08,11.87,11.92,81438164.0,1201250682.0
2020-03-12,11.89,12.04,11.79,11.91,98649711.0,1447436642.0
2020-03-13,11.28,11.83,11.28,11.78,116976580.0,1669009835.0
2020-03-16,11.73,11.74,11.16,11.16,140620218.0,1975824191.0
2020-03-17,11.16,11.34,10.66,10.88,117784906.0,1582506075.0
2020-03-18,10.88,11.0,10.27,10.32,138478437.0,1816836894.0
2020-03-19,10.29,10.34,9.67,9.93,189145713.0,2313863663.0
2020-03-20,10.06,10.29,9.95,10.16,157835296.0,1967487818.0
2020-03-23,9.74,10.02,9.68,9.86,107111364.0,1300469494.0
2020-03-24,10.06,10.29,9.96,10.23,118020026.0,1472909400.0
2020-03-25,10.45,10.61,10.31,10.45,113695774.0,1467534956.0
2020-03-26,10.37,10.83,10.32,10.6,107519243.0,1408651057.0
2020-03-27,10.75,10.86,10.62,10.67,65301888.0,861618663.0
2020-03-30,10.43,10.58,10.36,10.5,66173879.0,852956240.0
2020-03-31,10.59,10.62,10.37,10.39,51337030.0,662915471.0
2020-04-01,10.44,10.66,10.4,10.46,52083604.0,676070118.0
2020-04-02,10.35,10.53,10.27,10.53,51836504.0,663197628.0
2020-04-03,10.4,10.46,10.19,10.23,82534814.0,1047282400.0
2020-04-07,10.46,10.5,10.4,10.45,87031371.0,1121200115.0
2020-04-08,10.45,10.49,10.32,10.37,52871614.0,676604872.0
2020-04-09,10.45,10.46,10.32,10.34,40855377.0,522027888.0
2020-04-10,10.36,10.53,10.27,10.38,66667495.0,853689950.0
2020-04-13,10.28,10.32,10.12,10.22,44621440.0,562008050.0
2020-04-14,10.27,10.44,10.2,10.44,68608687.0,874856562.0
2020-04-15,10.44,10.49,10.37,10.45,65639640.0,843649273.0
2020-04-16,10.38,10.38,10.18,10.29,78915498.0,997623816.0
2020-04-17,10.36,10.58,10.27,10.46,133116477.0,1713215767.0
2020-04-20,10.44,10.59,10.36,10.54,81845583.0,1058524019.0
2020-04-21,10.79,11.12,10.79,10.92,212244834.0,2861879086.0
2020-04-22,10.85,10.89,10.68,10.74,103280274.0,1368222855.0
2020-04-23,10.74,10.8,10.64,10.74,64698963.0,855052110.0
2020-04-24,10.69,10.78,10.64,10.75,56600161.0,747473770.0
2020-04-27,10.79,11.07,10.75,10.96,93682990.0,1263809737.0
2020-04-28,10.92,11.01,10.77,10.97,77156417.0,1038718080.0
2020-04-29,10.94,11.44,10.92,11.38,110872239.0,1541638203.0
2020-04-30,11.38,11.62,11.26,11.31,81954043.0,1155968238.0
2020-05-06,11.17,11.27,11.05,11.18,100899802.0,1382727482.0
2020-05-07,11.17,11.17,11.04,11.11,66274923.0,904349532.0
2020-05-08,11.17,11.38,11.1,11.32,93478170.0,1297924588.0
2020-05-11,11.3,11.47,11.28,11.36,61286229.0,859156594.0
2020-05-12,11.32,11.4,11.14,11.19,55851114.0,772109502.0
2020-05-13,11.16,11.18,10.98,11.06,64035879.0,871062044.0
2020-05-14,11.0,11.03,10.73,10.79,94467209.0,1259440848.0
2020-05-15,10.87,10.9,10.66,10.74,75679447.0,1004313268.0
2020-05-18,10.71,10.83,10.65,10.71,63720857.0,843479670.0
2020-05-19,10.88,10.92,10.77,10.84,60036864.0,801755671.0
2020-05-20,10.86,11.05,10.77,10.96,69085107.0,929928886.0
2020-05-21,10.97,11.01,10.84,10.88,55231200.0,742797057.0
2020-05-22,10.82,10.83,10.49,10.49,85623733.0,1119433491.0
2020-05-25,10.53,10.53,10.36,10.52,41017078.0,528769353.0
2020-05-26,10.57,10.61,10.5,10.58,39621240.0,515451849.0
2020-05-27,10.59,10.7,10.52,10.55,48296294.0,630305864.0
2020-05-28,10.62,10.88,10.57,10.79,96076031.0,1255226999.0
2020-05-29,10.74,10.76,10.66,10.73,45780822.0,594502124.0
2020-06-01,10.81,11.05,10.8,10.99,88296055.0,1173619007.0
2020-06-02,10.97,11.25,10.96,11.18,88345888.0,1194375822.0
2020-06-03,11.26,11.46,11.14,11.18,95680308.0,1308782295.0
2020-06-04,11.17,11.26,11.07,11.2,58306633.0,788707630.0
2020-06-05,11.23,11.24,11.09,11.22,38302690.0,517232136.0
2020-06-08,11.29,11.43,11.21,11.24,58597190.0,802115792.0
2020-06-09,11.26,11.33,11.17,11.28,47430007.0,646895835.0
2020-06-10,11.32,11.32,11.06,11.14,58047620.0,781995749.0
2020-06-11,11.04,11.05,10.73,10.8,134903982.0,1774199979.0
2020-06-12,10.65,10.75,10.62,10.72,103055057.0,1331618729.0
2020-06-15,10.61,10.71,10.57,10.58,66031307.0,850767506.0
2020-06-16,10.65,10.72,10.62,10.64,71805910.0,927043688.0
2020-06-17,10.64,10.66,10.53,10.61,71646824.0,918251153.0
2020-06-18,10.53,10.57,10.39,10.53,111964780.0,1419972017.0
2020-06-19,10.51,10.6,10.41,10.57,153952178.0,1954584920.0
2020-06-22,10.52,10.53,10.42,10.43,131907979.0,1671023279.0
2020-06-23,10.44,10.47,10.33,10.4,99080673.0,1248046647.0
2020-06-24,10.43,10.63,10.4,10.57,152322048.0,1946329095.0
2020-06-29,10.66,10.71,10.49,10.57,103848006.0,1330678289.0
2020-06-30,10.59,10.63,10.5,10.57,93794022.0,1199181601.0
2020-07-01,10.56,10.85,10.52,10.83,169739001.0,2202800844.0
2020-07-02,10.8,11.14,10.71,11.09,259050119.0,3433511084.0
2020-07-03,11.2,11.82,11.19,11.76,376833363.0,5280918011.0
2020-07-06,12.05,12.94,12.04,12.94,471146078.0,7168653356.0
2020-07-07,13.45,13.73,12.41,12.78,396442747.0,6267919683.0
2020-07-08,12.57,13.21,12.57,13.01,263133916.0,4095447757.0
2020-07-09,12.93,12.93,12.64,12.82,224399440.0,3469517330.0
2020-07-10,12.67,12.78,12.18,12.27,215877326.0,3254272378.0
2020-07-13,12.13,12.45,11.97,12.29,193716012.0,2871414845.0
2020-07-14,12.3,12.54,12.01,12.12,195356627.0,2891773817.0
2020-07-15,12.2,12.27,11.75,11.78,204256283.0,2947173150.0
2020-07-16,11.8,12.01,11.66,11.68,193089129.0,2771496391.0
2020-07-17,11.7,11.79,11.51,11.67,129134677.0,1821043928.0
2020-07-20,11.75,12.19,11.64,12.16,197963200.0,2872758056.0
2020-07-21,12.12,12.12,11.89,11.96,125286569.0,1815570301.0
2020-07-22,11.96,12.09,11.78,11.89,131295159.0,1895447229.0
2020-07-23,11.75,11.8,11.4,11.56,202752587.0,2838535211.0
2020-07-24,11.53,11.55,11.08,11.14,183088183.0,2504647111.0
2020-07-27,11.28,11.29,10.81,10.93,188065335.0,2497551472.0
2020-07-28,11.01,11.09,10.88,11.01,121700599.0,1618089559.0
2020-07-29,11.02,11.25,10.9,11.18,151958025.0,2043847473.0
2020-07-30,11.14,11.15,11.04,11.04,96406763.0,1294444933.0
2020-07-31,10.96,11.17,10.94,11.01,116582191.0,1559068292.0
2020-08-03,11.12,11.24,11.09,11.22,144509616.0,1954607257.0
2020-08-04,11.28,11.68,11.13,11.59,244566325.0,3388510059.0
2020-08-05,11.41,11.43,11.24,11.36,144020313.0,1980352978.0
2020-08-06,11.41,11.52,11.27,11.47,135251068.0,1868047342.0
2020-08-07,11.39,11.47,11.24,11.31,98867837.0,1356305781.0
2020-08-10,11.28,11.57,11.24,11.51,158771035.0,2208568316.0
2020-08-11,11.53,12.1,11.53,11.66,260330789.0,3748036828.0
2020-08-12,11.73,11.97,11.68,11.87,159681170.0,2287731088.0
2020-08-13,11.89,11.94,11.67,11.7,83726175.0,1190139725.0
2020-08-14,11.64,11.98,11.61,11.94,110321582.0,1578543607.0
2020-08-17,12.05,12.67,12.01,12.54,326802780.0,4923669137.0
2020-08-18,12.55,12.63,12.31,12.51,135026107.0,2033477708.0
2020-08-19,12.47,12.67,12.35,12.46,142092811.0,2154215097.0
2020-08-20,12.39,12.5,11.99,12.04,133380162.0,1962605014.0
2020-08-21,12.14,12.14,11.82,11.93,123451733.0,1787278581.0
2020-08-24,11.97,12.14,11.89,11.94,91944886.0,1338031969.0
2020-08-25,12.02,12.13,11.94,12.05,74832022.0,1090756854.0
2020-08-26,12.05,12.06,11.79,11.86,73411772.0,1057274170.0
2020-08-27,11.89,11.94,11.65,11.94,62666677.0,895618649.0
2020-08-28,11.77,12.53,11.77,12.49,241040002.0,3599035695.0
2020-08-31,12.63,12.94,12.37,12.45,179712954.0,2760350322.0
2020-09-01,12.35,12.57,12.28,12.5,81364258.0,1228342742.0
2020-09-02,12.39,12.82,12.39,12.65,167938297.0,2575966638.0
2020-09-03,12.65,12.65,12.25,12.3,127984159.0,1919266726.0
2020-09-04,12.16,12.43,12.05,12.35,90988999.0,1353550808.0
2020-09-07,12.28,12.58,12.24,12.33,103137681.0,1551971381.0
2020-09-08,12.38,12.74,12.38,12.74,140760166.0,2154220778.0
2020-09-09,12.6,12.84,12.49,12.55,101357247.0,1554005575.0
2020-09-10,12.65,12.78,12.55,12.66,95709239.0,1469402768.0
2020-09-11,12.53,12.63,12.23,12.39,95423625.0,1431844020.0
2020-09-14,12.39,12.63,12.32,12.63,68025105.0,1027508109.0
2020-09-15,12.55,12.78,12.51,12.67,65713267.0,1007999044.0
2020-09-16,12.65,12.83,12.55,12.74,72241475.0,1114667832.0
2020-09-17,12.83,12.98,12.71,12.85,98821563.0,1543414502.0
2020-09-18,12.89,13.28,12.81,13.26,137319330.0,2186759088.0
2020-09-21,13.21,13.25,12.97,13.09,89616165.0,1418370974.0
2020-09-22,12.93,13.07,12.7,12.85,86775631.0,1354536273.0
2020-09-23,12.87,13.07,12.8,12.9,59920047.0,939763266.0
2020-09-24,12.87,12.89,12.48,12.48,106101124.0,1623376201.0
2020-09-25,12.55,12.64,12.47,12.54,61408700.0,933035044.0
2020-09-28,12.54,12.69,12.37,12.64,61271111.0,932800766.0
2020-09-29,12.7,12.72,12.18,12.22,118237440.0,1766848545.0
2020-09-30,12.22,12.6,12.22,12.52,121706482.0,1838547595.0
2020-10-09,12.63,12.84,12.49,12.53,90042593.0,1376995907.0
2020-10-12,12.56,13.25,12.55,13.12,159134715.0,2509002885.0
2020-10-13,13.12,13.3,13.02,13.26,90881948.0,1453986338.0
2020-10-14,13.24,13.31,13.04,13.23,66256236.0,1057937816.0
2020-10-15,13.37,13.97,13.33,13.67,160006232.0,2654379586.0
2020-10-16,13.67,14.34,13.65,14.12,209561419.0,3589229559.0
2020-10-19,14.28,14.94,14.28,14.43,201610552.0,3571336006.0
2020-10-20,14.43,14.53,14.24,14.48,96007195.0,1673173356.0
2020-10-21,14.56,14.86,14.3,14.78,124456018.0,2204040365.0
2020-10-22,14.81,15.27,14.28,14.49,189051905.0,3342069011.0
2020-10-23,14.47,15.5,14.47,14.97,169850168.0,3105623948.0
2020-10-26,15.02,15.1,14.4,14.61,117559865.0,2085800599.0
2020-10-27,14.86,14.86,14.45,14.66,103486504.0,1839243225.0
2020-10-28,14.66,14.78,14.27,14.55,120582386.0,2125604542.0
2020-10-29,14.48,14.8,14.32,14.67,84660362.0,1498040948.0
2020-10-30,14.64,15.16,14.53,14.65,100780383.0,1813064343.0
2020-11-02,14.57,14.9,14.3,14.55,96845277.0,1702741438.0
2020-11-03,14.62,15.14,14.61,14.82,95786863.0,1727488482.0
2020-11-04,15.15,15.25,14.82,15.12,124763640.0,2275824963.0
2020-11-05,15.16,15.27,14.48,14.61,142946944.0,2558562453.0
2020-11-06,14.62,14.65,14.21,14.56,84878153.0,1486492208.0
2020-11-09,14.59,14.86,14.48,14.73,95142432.0,1688807402.0
2020-11-10,14.86,15.27,14.8,14.95,102106281.0,1854142809.0
2020-11-11,15.02,15.11,14.53,14.7,94013007.0,1677811479.0
2020-11-12,14.7,14.81,14.4,14.58,67725848.0,1197284181.0
2020-11-13,14.38,14.42,13.78,14.18,128918923.0,2191492021.0
2020-11-16,14.1,14.39,13.95,14.34,75985693.0,1308190460.0
2020-11-17,14.35,14.8,14.24,14.72,85293051.0,1509511578.0
2020-11-18,14.68,15.27,14.65,15.24,137340072.0,2508632642.0
2020-11-19,15.34,15.67,15.11,15.56,121174062.0,2270476475.0
2020-11-20,15.54,15.68,15.29,15.57,67391922.0,1265262916.0
2020-11-23,15.56,16.2,15.52,16.2,116585826.0,2252290578.0
2020-11-24,16.2,16.24,15.82,15.98,67854323.0,1313496137.0
2020-11-25,16.08,16.26,15.72,15.73,55258501.0,1068352014.0
2020-11-26,15.72,16.19,15.71,16.1,63965789.0,1240074378.0
2020-11-27,16.51,16.51,16.0,16.26,75377374.0,1479430636.0
2020-11-30,16.43,17.24,16.17,16.29,158144128.0,3213680470.0
2020-12-01,16.26,16.93,16.01,16.55,126371975.0,2516010782.0
2020-12-02,16.45,16.56,16.11,16.2,88938529.0,1758639188.0
2020-12-03,16.33,16.39,15.82,16.13,71445230.0,1393085021.0
2020-12-04,16.07,16.07,15.66,15.93,89134784.0,1707639065.0
2020-12-07,15.94,16.01,15.42,15.61,87380661.0,1655173465.0
2020-12-08,15.62,15.71,15.3,15.44,71964751.0,1345951734.0
2020-12-09,15.51,15.72,15.42,15.44,67722115.0,1277484441.0
2020-12-10,15.46,15.58,15.23,15.39,60786655.0,1130916254.0
2020-12-11,15.44,15.52,15.04,15.29,88779387.0,1642392314.0
2020-12-14,15.35,15.73,15.27,15.58,83599174.0,1575396008.0
2020-12-15,15.52,15.56,14.98,15.47,78885794.0,1458268621.0
2020-12-16,15.52,15.77,15.34,15.69,68907042.0,1302133815.0
2020-12-17,15.61,15.74,15.35,15.64,68614069.0,1294658299.0
2020-12-18,15.68,15.77,15.05,15.16,105875636.0,1959764075.0
2020-12-21,15.11,15.39,14.88,15.09,90687811.0,1662649810.0
2020-12-22,15.16,15.39,14.76,14.78,102873751.0,1873638734.0
2020-12-23,14.82,14.92,14.68,14.86,75008273.0,1345650736.0
2020-12-24,14.98,15.26,14.9,15.07,63295012.0,1155767284.0
2020-12-25,15.07,15.07,14.69,14.89,57707733.0,1038128197.0
2020-12-28,14.87,15.57,14.82,15.56,127033706.0,2352947322.0
2020-12-29,15.58,15.93,15.44,15.82,96309223.0,1837947238.0
2020-12-30,15.68,15.85,15.45,15.85,97849778.0,1854082812.0
2020-12-31,15.86,16.16,15.7,15.96,92450343.0,1781736286.0
2021-01-04,15.77,15.77,15.22,15.35,155421643.0,2891682312.0
2021-01-05,15.19,15.25,14.69,15.0,182135210.0,3284606914.0
2021-01-06,14.92,16.15,14.86,16.15,193494512.0,3648521909.0
2021-01-07,16.11,16.49,15.87,16.43,158418530.0,3111274625.0
2021-01-08,16.43,16.59,15.94,16.38,119547322.0,2348316363.0
2021-01-11,16.51,17.04,16.51,16.82,179045714.0,3652546647.0
2021-01-12,16.83,17.33,16.66,17.33,128816550.0,2657687441.0
2021-01-13,17.33,17.34,16.84,17.09,104911973.0,2161849708.0
2021-01-14,17.07,17.24,16.47,16.65,113015562.0,2306404547.0
2021-01-15,17.33,18.12,17.19,17.33,248068898.0,5311218075.0
2021-01-18,17.5,18.8,17.5,18.74,215730178.0,4792909448.0
2021-01-19,18.58,18.85,18.2,18.44,124208834.0,2790056611.0
2021-01-20,18.28,18.96,18.26,18.55,128079316.0,2889249850.0
2021-01-21,18.57,18.82,18.28,18.35,94477860.0,2114252732.0
2021-01-22,18.35,18.35,17.76,18.18,92443442.0,2025834762.0
2021-01-25,17.93,18.65,17.69,18.56,102836527.0,2269032821.0
2021-01-26,18.41,19.25,18.41,18.47,112672055.0,2558575512.0
2021-01-27,18.42,19.37,18.42,19.05,129415272.0,2976800956.0
2021-01-28,18.8,19.13,18.53,18.83,85747696.0,1948881147.0
2021-01-29,18.83,19.43,18.75,19.06,124025841.0,2864101419.0
2021-02-01,18.99,20.63,18.74,20.26,147523930.0,3529556987.0
2021-02-02,19.3,19.89,18.91,19.22,241616877.0,5679179942.0
2021-02-03,19.38,20.78,19.3,20.59,192327159.0,4690176486.0
2021-02-04,19.96,20.83,19.84,20.31,125524750.0,3084553751.0
2021-02-05,20.31,20.89,20.03,20.58,101557559.0,2517804160.0
2021-02-08,20.55,20.55,19.89,20.47,108426467.0,2650948251.0
2021-02-09,20.46,20.5,19.95,20.29,94209355.0,2302978158.0
2021-02-10,20.31,20.6,19.3,19.66,191886710.0,4569741960.0
2021-02-18,19.81,20.26,19.38,20.06,150523081.0,3619387652.0
2021-02-19,19.78,19.97,19.46,19.69,92258314.0,2197558287.0
2021-02-22,19.65,19.65,18.37,18.47,195684248.0,4445818548.0
2021-02-23,18.47,18.72,18.01,18.1,187046013.0,4160776611.0
2021-02-24,18.38,18.39,17.8,18.29,142849985.0,3144209052.0
2021-02-25,18.49,18.62,17.9,18.23,159340347.0,3524600794.0
2021-02-26,17.83,18.13,17.51,17.65,112497730.0,2424653753.0
2021-03-01,17.78,17.9,17.48,17.71,112538653.0,2408050906.0
2021-03-02,17.85,18.28,17.55,17.87,147342505.0,3196536981.0
2021-03-03,17.81,19.05,17.71,18.99,191963527.0,4320024431.0
2021-03-04,18.8,19.39,18.7,18.92,121357937.0,2799747146.0
2021-03-05,18.74,18.97,18.04,18.44,88017141.0,1960439115.0
2021-03-08,18.52,18.73,17.73,17.83,99377397.0,2189190958.0
2021-03-09,17.9,18.09,16.99,17.21,136189533.0,2882931928.0
2021-03-10,17.2,17.26,16.74,16.84,114941657.0,2356185004.0
2021-03-11,16.99,17.65,16.97,17.56,104865939.0,2213107787.0
2021-03-12,17.64,17.91,17.5,17.73,69720060.0,1494219076.0
2021-03-15,17.66,18.26,17.43,17.83,95874870.0,2077984894.0
2021-03-16,17.83,18.25,17.56,17.88,93968432.0,2038470661.0
2021-03-17,17.71,17.79,17.25,17.5,82148865.0,1738185857.0
2021-03-18,17.58,17.94,17.33,17.94,69161019.0,1483801549.0
2021-03-19,17.77,17.87,16.81,16.9,152562227.0,3159181043.0
2021-03-22,16.96,17.79,16.95,17.79,145119008.0,3087549484.0
2021-03-23,17.8,17.87,17.3,17.52,68290338.0,1448043613.0
2021-03-24,17.51,17.57,16.88,16.95,85008507.0,1757688572.0
2021-03-25,16.99,17.19,16.84,17.13,49266574.0,1017166049.0
2021-03-26,17.2,17.66,17.14,17.45,82210806.0,1733412579.0
2021-03-29,17.57,17.87,17.5,17.74,78566668.0,1684397866.0
2021-03-30,17.65,18.1,17.51,18.1,73865481.0,1601238499.0
2021-03-31,17.97,18.22,17.83,18.17,77702807.0,1699922184.0
2021-04-01,18.23,18.25,17.75,17.98,54444898.0,1183868024.0
2021-04-02,17.91,17.94,17.63,17.75,58108352.0,1249405387.0
2021-04-06,17.79,18.23,17.76,17.9,40110282.0,873387017.0
2021-04-07,18.06,18.1,17.59,17.86,51760459.0,1116774452.0
2021-04-08,17.71,17.94,17.61,17.8,38302950.0,825170841.0
2021-04-09,17.92,17.93,17.4,17.58,39896028.0,849870878.0
2021-04-12,17.76,17.76,17.03,17.09,59474314.0,1240067320.0
2021-04-13,17.1,17.24,17.0,17.15,49990418.0,1036992693.0
2021-04-14,17.16,17.28,16.86,17.06,53743849.0,1113001542.0
2021-04-15,17.14,17.14,16.57,16.81,73586505.0,1494016041.0
2021-04-16,16.81,16.86,16.35,16.72,72999826.0,1466509057.0
2021-04-19,16.53,17.53,16.43,17.46,111228262.0,2304021478.0
2021-04-20,17.4,18.12,17.27,17.9,83477272.0,1798249024.0
2021-04-21,18.41,19.14,18.4,18.99,159709965.0,3644577541.0
2021-04-22,19.14,19.17,18.8,18.97,82969388.0,1905208912.0
2021-04-23,19.25,19.52,19.04,19.22,82323015.0,1920413502.0
2021-04-26,19.7,20.0,18.9,18.94,87241767.0,2037109597.0
2021-04-27,18.94,19.14,18.87,18.94,47043140.0,1083043579.0
2021-04-28,19.22,19.36,18.8,19.27,59383793.0,1375141410.0
2021-04-29,19.27,19.57,19.08,19.47,61483688.0,1439823965.0
2021-04-30,19.27,19.39,18.99,19.22,56198132.0,1308177203.0
2021-05-06,19.07,19.56,19.07,19.4,50029522.0,1174181608.0
2021-05-07,19.54,20.06,19.31,19.85,80221421.0,1929112374.0
2021-05-10,19.81,19.84,19.0,19.69,66143890.0,1566860764.0
2021-05-11,19.5,19.6,19.03,19.42,49722345.0,1161846399.0
2021-05-12,19.22,19.51,18.89,19.44,53326526.0,1245517717.0
2021-05-13,19.41,19.47,18.85,19.04,54965250.0,1271946299.0
2021-05-14,19.25,19.49,18.8,19.4,56378536.0,1300250944.0
2021-05-17,19.26,19.82,19.09,19.63,52756465.0,1241605192.0
2021-05-18,19.84,20.06,19.47,19.88,39541498.0,939786732.0
2021-05-19,19.82,20.07,19.57,19.63,42942033.0,1022553739.0
2021-05-20,19.48,19.83,19.36,19.82,40578837.0,957478854.0
2021-05-21,19.87,20.04,19.16,19.54,53933574.0,1263058115.0
2021-05-24,19.53,19.63,19.29,19.53,34393563.0,806092207.0
2021-05-25,19.58,20.57,19.51,20.47,97237462.0,2363145903.0
2021-05-26,20.5,20.9,20.38,20.81,91926378.0,2286540249.0
2021-05-27,20.72,20.93,20.4,20.62,50409136.0,1246712049.0
2021-05-28,20.53,20.56,20.1,20.38,49240073.0,1200523316.0
2021-05-31,20.24,20.41,19.89,20.13,51535081.0,1244209046.0
2021-06-01,20.13,20.17,19.55,19.9,62501796.0,1490476625.0
2021-06-02,19.87,19.9,19.45,19.87,49752702.0,1176608127.0
2021-06-03,19.73,20.08,19.7,19.77,40090085.0,958876472.0
2021-06-04,19.96,20.76,19.8,20.42,75673942.0,1851425838.0
2021-06-07,20.37,20.37,19.91,20.22,44791410.0,1081738833.0
2021-06-08,20.09,20.44,19.92,20.41,57007792.0,1384120301.0
2021-06-09,20.32,20.7,20.12,20.51,45383150.0,1116771375.0
2021-06-10,20.52,20.85,20.09,20.13,53021516.0,1294972567.0
2021-06-11,20.22,20.26,19.23,19.44,83466504.0,1965393116.0
2021-06-15,19.43,19.49,18.97,19.32,66062259.0,1524503478.0
2021-06-16,19.32,19.47,19.14,19.35,37820804.0,878470834.0
2021-06-17,19.15,19.71,19.15,19.22,45328209.0,1059121804.0
2021-06-18,19.24,19.37,18.63,18.84,69409930.0,1574437730.0
2021-06-21,18.8,18.86,18.31,18.44,71827274.0,1600119860.0
2021-06-22,18.62,19.21,18.51,19.11,75775141.0,1720058047.0
2021-06-23,19.01,19.48,18.9,19.25,44790778.0,1035835696.0
2021-06-24,19.16,19.23,18.87,19.2,39028349.0,894502109.0
2021-06-25,19.2,19.63,19.18,19.43,55997295.0,1310287390.0
2021-06-28,19.43,19.46,18.7,18.95,62625737.0,1425702202.0
2021-06-29,18.78,18.96,18.3,18.59,104974939.0,2341926371.0
2021-06-30,18.6,19.08,18.59,18.82,40343546.0,913285187.0
2021-07-01,18.98,19.55,18.74,19.3,66483330.0,1530548799.0
2021-07-02,18.9,18.92,18.1,18.14,107067756.0,2360189794.0
2021-07-05,18.04,18.43,17.55,18.35,85934129.0,1859394324.0
2021-07-06,18.37,19.13,18.18,18.95,79195726.0,1784792786.0
2021-07-07,18.87,19.18,18.72,18.76,46894487.0,1063910096.0
2021-07-08,18.95,18.95,17.64,17.89,145705947.0,3140657440.0
2021-07-09,17.72,17.99,17.49,17.7,76236474.0,1625461608.0
2021-07-12,17.89,17.89,17.38,17.6,87790102.0,1859059510.0
2021-07-13,17.6,17.75,17.09,17.57,65761395.0,1382029130.0
2021-07-14,17.47,17.47,16.98,17.27,84795055.0,1755810875.0
2021-07-15,17.24,18.07,17.16,17.99,95600305.0,2040266259.0
2021-07-16,17.81,18.15,17.72,17.75,57300261.0,1230180813.0
2021-07-19,17.77,17.83,17.29,17.65,52213595.0,1098434742.0
2021-07-20,17.55,17.64,17.03,17.14,80403433.0,1665315546.0
2021-07-21,17.12,17.3,16.81,17.01,75307652.0,1535327562.0
2021-07-22,17.01,17.19,16.84,16.95,86864809.0,1773999331.0
2021-07-23,16.95,16.95,16.64,16.72,72740433.0,1461467512.0
2021-07-26,16.61,16.63,15.33,15.64,145130394.0,2770236696.0
2021-07-27,15.7,15.8,14.64,14.78,135755148.0,2461708370.0
2021-07-28,14.85,15.03,14.71,14.77,106299421.0,1898562592.0
2021-07-29,14.9,15.17,14.79,14.94,87237812.0,1566107824.0
2021-07-30,14.91,15.02,14.34,14.72,95015588.0,1679747318.0
2021-08-02,14.68,15.09,14.29,14.98,115992263.0,2056014243.0
2021-08-03,14.97,15.1,14.69,14.88,89694857.0,1609422575.0
2021-08-04,15.01,15.03,14.64,14.82,72962008.0,1300164293.0
2021-08-05,14.73,15.02,14.63,14.71,62157388.0,1104903005.0
2021-08-06,14.6,14.89,14.52,14.86,56745413.0,1005870949.0
2021-08-09,14.9,16.01,14.84,15.86,175279800.0,3313803231.0
2021-08-10,15.88,16.62,15.72,16.41,130198844.0,2535427989.0
2021-08-11,16.63,17.12,16.39,16.48,104830844.0,2104975145.0
2021-08-12,16.46,16.89,16.33,16.55,66645800.0,1330388046.0
2021-08-13,16.46,16.57,16.22,16.55,56288502.0,1110191399.0
2021-08-16,16.71,16.81,16.28,16.6,62705022.0,1247681171.0
2021-08-17,16.51,16.82,16.31,16.36,47602194.0,947385521.0
2021-08-18,16.36,17.64,16.26,17.15,133273216.0,2732213549.0
2021-08-19,17.04,17.15,16.66,16.92,64997561.0,1315320352.0
2021-08-20,16.61,16.7,15.56,16.16,161462793.0,3119152555.0
2021-08-23,16.22,16.68,15.9,16.06,119184935.0,2315871646.0
2021-08-24,16.1,16.61,15.98,16.11,86895330.0,1690760837.0
2021-08-25,16.16,16.2,15.77,15.94,69808397.0,1341330419.0
2021-08-26,15.97,16.02,15.32,15.36,95161900.0,1783725035.0
2021-08-27,15.44,15.71,15.23,15.3,72882023.0,1354408977.0
2021-08-30,15.15,15.22,14.6,14.74,125221101.0,2221855859.0
2021-08-31,14.74,14.92,14.4,14.81,117486786.0,2072006842.0
2021-09-01,14.54,14.91,14.15,14.87,231689409.0,4046284163.0
2021-09-02,14.97,15.62,14.81,15.31,242260354.0,4454545280.0
2021-09-03,15.39,15.39,14.73,15.01,139481871.0,2523273155.0
2021-09-06,14.92,15.47,14.79,15.35,151522556.0,2780281081.0
2021-09-07,15.47,16.27,15.27,16.01,162234416.0,3067365669.0
2021-09-08,16.01,16.26,15.89,16.0,102620105.0,1979771480.0
2021-09-09,15.9,15.93,15.64,15.81,73950585.0,1399536021.0
2021-09-10,15.72,17.28,15.67,17.11,231494528.0,4668361828.0
2021-09-13,16.94,17.06,16.48,16.81,129722802.0,2606152379.0
2021-09-14,16.79,16.86,16.03,16.11,115817315.0,2272080157.0
2021-09-15,16.06,17.46,15.96,16.24,84161841.0,1639298361.0
2021-09-16,16.06,16.22,15.58,15.87,117695356.0,2234474948.0
2021-09-17,15.72,15.81,15.32,15.42,112487963.0,2098715197.0
2021-09-22,14.87,15.02,14.49,14.96,147336521.0,2616707243.0
2021-09-23,15.06,15.24,14.68,14.71,137983759.0,2465683705.0
2021-09-24,14.64,14.71,14.43,14.43,126569628.0,2209461934.0
2021-09-27,14.32,14.71,14.19,14.62,114066759.0,1979196739.0
2021-09-28,14.53,15.12,14.52,14.95,129316747.0,2311265536.0
2021-09-29,14.86,15.34,14.73,15.1,123012175.0,2225416488.0
2021-09-30,15.05,15.14,14.73,14.92,79561105.0,1424675917.0
2021-10-08,15.12,15.72,14.99,15.51,115920062.0,2146983882.0
2021-10-11,15.81,16.42,15.81,16.14,145533835.0,2829310844.0
2021-10-12,16.06,16.4,15.97,16.1,103123218.0,2004823968.0
2021-10-13,16.06,16.56,15.95,16.29,80789668.0,1577612470.0
2021-10-14,16.3,16.57,15.72,15.98,84298987.0,1623970431.0
2021-10-15,15.81,16.56,15.81,16.36,99349378.0,1948647237.0
2021-10-18,16.18,16.26,15.89,16.05,72962250.0,1408737777.0
2021-10-19,15.93,16.37,15.93,16.28,68241515.0,1330501302.0
2021-10-20,16.43,16.46,15.96,16.01,66295555.0,1283356219.0
2021-10-21,16.24,16.69,16.01,16.64,162166101.0,3198266215.0
2021-10-22,16.77,17.13,16.47,16.67,113496363.0,2287284921.0
2021-10-25,16.4,16.81,16.22,16.74,73082823.0,1458800090.0
2021-10-26,16.69,17.01,16.52,16.68,65280684.0,1313475883.0
2021-10-27,16.64,16.78,16.3,16.57,68760019.0,1365982834.0
2021-10-28,16.47,16.59,16.11,16.41,61901089.0,1211946109.0
2021-10-29,16.33,16.42,16.07,16.22,53992976.0,1052760273.0
2021-11-01,16.08,16.41,15.82,16.13,84149020.0,1626762030.0
2021-11-02,16.11,16.21,14.97,15.12,199769050.0,3691356324.0
2021-11-03,15.06,15.17,14.85,15.0,111497204.0,2009325066.0
2021-11-04,15.04,15.06,14.81,14.87,98341098.0,1760671898.0
2021-11-05,14.85,14.97,14.62,14.68,109603988.0,1942415605.0
2021-11-08,14.66,14.82,14.44,14.49,137681482.0,2406417772.0
2021-11-09,14.54,14.68,14.36,14.58,124057275.0,2163193119.0
2021-11-10,14.53,14.53,14.28,14.48,122085088.0,2109735147.0
2021-11-11,14.43,15.33,14.41,15.27,208472900.0,3752413859.0
2021-11-12,15.23,15.5,15.07,15.2,95754646.0,1753072716.0
2021-11-15,15.27,15.5,15.14,15.33,65508999.0,1203764096.0
2021-11-16,15.27,15.42,15.12,15.16,60111048.0,1099113409.0
2021-11-17,15.1,15.22,14.96,15.07,66464038.0,1203859180.0
2021-11-18,15.05,15.07,14.75,14.81,79984377.0,1430058312.0
2021-11-19,14.81,15.17,14.73,15.1,78637156.0,1414506380.0
2021-11-22,15.0,15.18,14.89,15.07,73861780.0,1337768172.0
2021-11-23,15.07,15.27,14.71,14.87,123597796.0,2213817591.0
2021-11-24,14.78,14.93,14.69,14.87,74131084.0,1316774398.0
2021-11-25,14.76,14.8,14.67,14.71,60353270.0,1068221305.0
2021-11-26,14.66,14.7,14.58,14.63,69449988.0,1219937313.0
2021-11-29,14.48,14.62,14.44,14.57,51259471.0,895105982.0
2021-11-30,14.59,14.71,14.43,14.51,73361606.0,1280384552.0
2021-12-01,14.5,14.78,14.45,14.68,70692519.0,1243666842.0
2021-12-02,14.66,14.82,14.45,14.63,99479835.0,1749164558.0
2021-12-03,14.68,14.73,14.48,14.68,70759974.0,1242375057.0
2021-12-06,14.85,15.44,14.81,15.06,214562528.0,3896385172.0
2021-12-07,15.22,15.53,15.1,15.36,161644387.0,2979968977.0
2021-12-08,15.35,15.43,15.11,15.37,98028118.0,1798691053.0
2021-12-09,15.38,15.86,15.28,15.56,145588668.0,2726663443.0
2021-12-10,15.4,15.56,15.2,15.29,98925513.0,1824076523.0
2021-12-13,15.37,15.71,15.12,15.2,131449027.0,2427803722.0
2021-12-14,15.11,15.12,14.58,14.63,193720890.0,3434156328.0
2021-12-15,14.57,14.69,14.48,14.6,129462741.0,2269821045.0
2021-12-16,14.6,14.75,14.53,14.74,81947951.0,1445483375.0
2021-12-17,14.73,14.77,14.62,14.62,60236967.0,1062875483.0
2021-12-20,14.61,14.68,14.52,14.58,74643520.0,1309029269.0
2021-12-21,14.55,14.73,14.54,14.63,89373404.0,1572895582.0
2021-12-22,14.66,14.68,14.39,14.47,97692775.0,1701772584.0
2021-12-23,14.48,14.5,14.32,14.41,105957594.0,1831122716.0
2021-12-24,14.42,14.43,14.32,14.4,48825149.0,843109665.0
2021-12-27,14.42,14.43,14.28,14.33,73111899.0,1260455319.0
2021-12-28,14.33,14.42,14.22,14.28,112663891.0,1934461076.0
2021-12-29,14.28,14.28,13.89,13.93,146937398.0,2480534593.0
2021-12-30,13.94,14.1,13.91,13.99,79666360.0,1342374249.0
2021-12-31,14.03,14.06,13.64,13.71,175076089.0,2899617149.0
2022-01-04,13.71,13.86,13.46,13.86,116925933.0,1918887051.0
2022-01-05,13.79,14.33,13.77,14.27,196199817.0,3344124589.0
2022-01-06,14.23,14.37,14.14,14.24,110788519.0,1896535838.0
2022-01-07,14.23,14.38,14.19,14.31,112663070.0,1937710958.0
2022-01-10,14.38,14.49,14.17,14.3,90977401.0,1563414572.0
2022-01-11,14.36,14.59,14.26,14.48,158199940.0,2752485391.0
2022-01-12,14.48,14.52,14.06,14.14,150216355.0,2561266412.0
2022-01-13,14.07,14.34,13.99,14.13,90942265.0,1550319159.0
2022-01-14,14.14,14.16,13.56,13.59,210309491.0,3459950805.0
2022-01-17,13.6,13.71,13.41,13.49,114368943.0,1855633790.0
2022-01-18,13.52,13.76,13.44,13.74,115297431.0,1891094610.0
2022-01-19,13.76,13.88,13.61,13.73,98839185.0,1630973587.0
2022-01-20,13.7,14.53,13.66,14.42,303119377.0,5195805550.0
2022-01-21,14.52,14.61,14.32,14.43,148168295.0,2575115125.0
2022-01-24,14.43,14.46,14.13,14.31,87477087.0,1501390339.0
2022-01-25,14.21,14.21,13.98,14.02,109328397.0,1851999025.0
2022-01-26,14.1,14.23,13.76,13.85,98497522.0,1646384984.0
2022-01-27,13.73,13.76,13.52,13.56,102464311.0,1677261296.0
2022-01-28,13.64,13.69,13.16,13.17,167556367.0,2695470331.0
2022-02-07,13.33,13.65,13.22,13.64,151547630.0,2451798486.0
2022-02-08,13.56,14.12,13.53,14.0,175469528.0,2950309012.0
2022-02-09,14.08,14.14,13.9,14.03,105116166.0,1774253637.0
2022-02-10,13.95,14.17,13.87,14.13,78455735.0,1326848948.0
2022-02-11,14.17,14.43,14.17,14.23,107813914.0,1852167493.0
2022-02-14,14.23,14.27,13.74,13.79,115065851.0,1917613419.0
2022-02-15,13.73,13.87,13.39,13.54,120826437.0,1968985378.0
2022-02-16,13.6,13.75,13.49,13.65,78239959.0,1282234150.0
2022-02-17,13.64,13.77,13.58,13.66,79450184.0,1306514350.0
2022-02-18,13.58,13.95,13.57,13.95,80249940.0,1330233366.0
2022-02-21,13.86,13.87,13.58,13.74,80099455.0,1316023718.0
2022-02-22,13.57,13.68,13.44,13.5,89495673.0,1454156225.0
2022-02-23,13.56,13.57,13.34,13.47,88674244.0,1431289852.0
2022-02-24,13.42,13.44,13.14,13.24,132408685.0,2112842553.0
2022-02-25,13.3,13.38,13.2,13.23,72639707.0,1157890268.0
2022-02-28,13.23,13.24,12.99,13.1,72399045.0,1137154095.0
2022-03-01,13.14,13.27,12.99,13.24,93504034.0,1474693965.0
2022-03-02,13.14,13.2,13.03,13.04,76076086.0,1196321949.0
2022-03-03,13.09,13.15,13.0,13.07,57828505.0,908171588.0
2022-03-04,12.99,13.0,12.71,12.75,99093566.0,1523793665.0
2022-03-07,12.62,12.62,12.2,12.25,111315899.0,1655959942.0
2022-03-08,12.16,12.36,11.86,11.9,100303269.0,1463145930.0
2022-03-09,11.98,12.02,11.0,11.51,180076017.0,2492042993.0
2022-03-10,11.8,12.27,11.72,12.12,224915816.0,3269867788.0
2022-03-11,11.98,12.46,11.77,12.4,149364697.0,2187480611.0
2022-03-14,12.17,12.42,12.02,12.05,111840734.0,1637278471.0
2022-03-15,11.98,11.98,11.31,11.38,178140887.0,2479769555.0
2022-03-16,11.53,11.98,11.24,11.9,153177906.0,2141637066.0
2022-03-17,12.2,12.24,11.85,12.02,173006142.0,2506504217.0
2022-03-18,11.95,12.35,11.76,12.23,152880713.0,2222158762.0
2022-03-21,12.06,12.33,11.97,12.14,120886805.0,1765673892.0
2022-03-22,12.14,12.66,12.06,12.63,162865658.0,2443174056.0
2022-03-23,12.57,12.64,12.4,12.48,105010238.0,1577561342.0
2022-03-24,12.41,12.74,12.32,12.65,100235995.0,1518870080.0
2022-03-25,12.6,12.69,12.33,12.46,74293335.0,1116354595.0
2022-03-28,12.31,12.52,12.17,12.35,72713699.0,1078327303.0
2022-03-29,12.38,12.44,12.15,12.21,61564315.0,909169631.0
2022-03-30,12.36,12.7,12.28,12.65,123679155.0,1859617041.0
2022-03-31,12.56,12.95,12.53,12.8,116374674.0,1789209947.0
2022-04-01,12.79,13.14,12.65,13.1,148487874.0,2319616863.0
2022-04-06,13.01,13.76,13.0,13.64,248854005.0,4064051492.0
2022-04-07,13.63,13.86,13.48,13.54,165906455.0,2724002905.0
2022-04-08,13.53,13.69,13.42,13.64,106677946.0,1741072072.0
2022-04-11,13.6,13.64,13.14,13.35,141673536.0,2277469056.0
2022-04-12,13.35,13.53,13.03,13.24,103926142.0,1654820083.0
2022-04-13,13.22,13.38,13.08,13.14,89062806.0,1415496126.0
2022-04-14,13.31,13.52,13.24,13.34,92961494.0,1493343952.0
2022-04-15,13.23,13.75,13.19,13.66,123176103.0,2014010094.0
2022-04-18,13.44,13.48,13.15,13.23,108688756.0,1734236524.0
2022-04-19,13.23,13.29,12.99,13.15,82177249.0,1294226951.0
2022-04-20,13.15,13.35,13.06,13.19,71655528.0,1137697847.0
2022-04-21,13.12,13.29,13.06,13.15,70989116.0,1124663651.0
2022-04-22,13.01,13.47,12.81,13.36,92127408.0,1468452958.0
2022-04-25,13.04,13.24,12.3,12.35,166448098.0,2527610217.0
2022-04-26,12.38,12.46,12.02,12.25,98820956.0,1456929632.0
2022-04-27,12.46,13.02,12.45,13.02,149029503.0,2296798759.0
2022-04-28,12.95,13.25,12.79,13.02,91177187.0,1426381926.0
2022-04-29,13.05,13.09,12.45,12.75,164501308.0,2503476828.0
2022-05-05,12.65,12.85,12.6,12.75,79019620.0,1208735142.0
2022-05-06,12.5,12.65,12.4,12.45,83243182.0,1250995595.0
2022-05-09,12.43,12.43,12.03,12.1,81862135.0,1197104247.0
2022-05-10,12.06,12.15,11.74,12.14,99228502.0,1425836927.0
2022-05-11,12.1,12.35,12.01,12.17,84857362.0,1240700426.0
2022-05-12,12.05,12.11,11.92,11.96,68506423.0,987061607.0
2022-05-13,12.06,12.2,12.05,12.15,67631191.0,985962932.0
2022-05-16,12.2,12.25,11.94,11.99,66822782.0,965652298.0
2022-05-17,12.07,12.25,11.91,12.24,93140639.0,1357428407.0
2022-05-18,12.35,12.39,12.2,12.27,77857833.0,1150500438.0
2022-05-19,12.1,12.23,12.06,12.16,59092172.0,863214131.0
2022-05-20,12.23,12.51,12.2,12.5,94859778.0,1415164711.0
2022-05-23,12.54,12.54,12.28,12.34,64772592.0,962683729.0
2022-05-24,12.37,12.37,11.98,11.98,93355706.0,1358693535.0
2022-05-25,12.0,12.05,11.9,11.97,60322826.0,866228924.0
2022-05-26,11.99,12.0,11.71,11.81,101131756.0,1435689342.0
2022-05-27,11.89,11.94,11.74,11.8,72306674.0,1029702186.0
2022-05-30,11.86,11.88,11.68,11.71,89690123.0,1265573048.0
2022-05-31,11.71,11.8,11.65,11.78,93886855.0,1325012048.0
2022-06-01,11.76,11.76,11.65,11.71,84529898.0,1187423732.0
2022-06-02,11.66,11.67,11.55,11.61,97926822.0,1363740798.0
2022-06-06,11.57,11.79,11.35,11.79,171085175.0,2370807610.0
2022-06-07,11.66,11.86,11.64,11.78,131511262.0,1860366716.0
2022-06-08,11.78,11.79,11.66,11.78,114552124.0,1613524958.0
2022-06-09,11.76,12.03,11.73,11.94,163290134.0,2339986708.0
2022-06-10,11.86,11.92,11.76,11.91,134601231.0,1914639698.0
2022-06-13,11.8,11.81,11.55,11.57,154775285.0,2163340109.0
2022-06-14,11.41,11.76,11.41,11.75,115142939.0,1602169898.0
2022-06-15,11.73,12.57,11.7,12.26,341354371.0,5010292727.0
2022-06-16,12.26,12.34,12.0,12.01,133254631.0,1939976255.0
2022-06-17,11.91,12.09,11.81,12.02,105378794.0,1513925914.0
2022-06-20,12.01,12.01,11.86,11.93,103216680.0,1479529787.0
2022-06-21,11.93,12.17,11.84,11.95,132179398.0,1905346057.0
2022-06-22,11.95,11.95,11.71,11.71,105604592.0,1498415784.0
2022-06-23,11.72,11.84,11.7,11.81,80602803.0,1140899092.0
2022-06-24,11.81,11.86,11.74,11.84,86604061.0,1227798687.0
2022-06-27,11.85,12.11,11.83,12.05,149727818.0,2166380438.0
2022-06-28,12.04,12.2,11.99,12.17,112511048.0,1638673242.0
2022-06-29,12.19,12.4,12.1,12.18,126654728.0,1865064678.0
2022-06-30,12.17,12.5,12.1,12.46,154874501.0,2304888692.0
2022-07-01,12.48,12.54,12.35,12.41,77924332.0,1164030776.0
2022-07-04,12.44,12.46,12.27,12.43,83496807.0,1241453402.0
2022-07-05,12.47,12.7,12.33,12.4,111517210.0,1674719025.0
2022-07-06,12.34,12.42,12.03,12.09,104333523.0,1520022515.0
2022-07-07,12.1,12.19,11.96,12.0,73016098.0,1057696547.0
2022-07-08,12.06,12.19,11.95,12.1,63969823.0,928850349.0
2022-07-11,12.06,12.12,11.95,12.03,61169194.0,883613754.0
2022-07-12,11.99,12.25,11.96,12.0,74288242.0,1078431990.0
2022-07-13,12.0,12.04,11.56,11.62,217599606.0,3056913118.0
2022-07-14,11.4,11.41,11.06,11.12,263212087.0,3534578702.0
2022-07-15,11.21,11.28,11.0,11.01,159863740.0,2139915274.0
2022-07-18,11.02,11.18,10.99,11.14,115350581.0,1536340973.0
2022-07-19,11.1,11.17,11.05,11.16,75559710.0,1008562417.0
2022-07-20,11.17,11.21,11.11,11.14,80145866.0,1073936300.0
2022-07-21,11.08,11.1,10.81,10.82,197038789.0,2588696130.0
2022-07-22,10.87,10.95,10.69,10.85,137650974.0,1755555714.0
2022-07-25,10.84,10.88,10.73,10.86,76395581.0,976071707.0
2022-07-26,10.8,10.93,10.76,10.93,102404881.0,1314310442.0
2022-07-27,10.88,10.91,10.78,10.83,92391408.0,1182889761.0
2022-07-28,10.85,10.93,10.82,10.91,75034652.0,964903658.0
2022-07-29,10.91,10.92,10.71,10.74,83149747.0,1059518585.0
2022-08-01,10.72,10.72,10.5,10.52,102573271.0,1277987010.0
2022-08-02,10.35,10.45,10.11,10.38,137300930.0,1664397666.0
2022-08-03,10.32,10.39,10.17,10.19,74613653.0,905653325.0
2022-08-04,10.25,10.31,10.18,10.3,60267562.0,729351710.0
2022-08-05,10.27,10.44,10.14,10.42,76529787.0,930836354.0
2022-08-08,10.37,10.47,10.3,10.33,55199969.0,674950921.0
2022-08-09,10.34,10.35,10.23,10.26,55844757.0,677098633.0
2022-08-10,10.26,10.36,10.18,10.21,68302321.0,825806008.0
2022-08-11,10.23,10.49,10.2,10.46,139930361.0,1710719478.0
2022-08-12,10.38,10.51,10.33,10.48,82050356.0,1010612433.0
2022-08-15,10.41,10.47,10.24,10.25,117201000.0,1425087455.0
2022-08-16,10.25,10.33,10.25,10.27,63122370.0,765907219.0
2022-08-17,10.29,10.52,10.22,10.5,134850658.0,1656961619.0
2022-08-18,10.57,10.62,10.3,10.37,126970094.0,1560630568.0
2022-08-19,10.39,10.8,10.36,10.64,210641724.0,2653471090.0
2022-08-22,10.65,10.74,10.51,10.58,113807658.0,1423361879.0
2022-08-23,10.54,10.58,10.4,10.45,92146307.0,1137300431.0
2022-08-24,10.44,10.62,10.44,10.5,129537533.0,1613309589.0
2022-08-25,10.5,10.72,10.42,10.69,106401061.0,1329230362.0
2022-08-26,10.74,10.8,10.55,10.68,92763426.0,1168951099.0
2022-08-29,10.58,10.64,10.42,10.52,92449065.0,1145189174.0
2022-08-30,10.53,10.62,10.4,10.57,79971238.0,991447627.0
2022-08-31,10.48,10.82,10.47,10.8,165304158.0,2091408315.0
2022-09-01,10.71,10.83,10.65,10.68,86198195.0,1092666277.0
2022-09-02,10.69,10.75,10.53,10.59,78636281.0,983433863.0
2022-09-05,10.55,10.67,10.47,10.64,63203998.0,788451089.0
2022-09-06,10.65,10.72,10.53,10.58,73129499.0,914692184.0
2022-09-07,10.52,10.52,10.4,10.44,97981281.0,1208329759.0
2022-09-08,10.43,10.53,10.42,10.47,62111692.0,768913484.0
2022-09-09,10.5,10.79,10.47,10.77,195129731.0,2469131334.0
2022-09-13,10.91,11.02,10.72,10.97,172268989.0,2223707380.0
2022-09-14,10.8,10.9,10.75,10.78,85803584.0,1095054829.0
2022-09-15,10.84,11.09,10.81,11.01,184101788.0,2393239453.0
2022-09-16,10.94,10.97,10.64,10.64,135744781.0,1719252822.0
2022-09-19,10.62,10.73,10.57,10.64,63212104.0,793491306.0
2022-09-20,10.68,10.69,10.43,10.45,88998853.0,1102212204.0
2022-09-21,10.42,10.57,10.33,10.53,68419739.0,845477182.0
2022-09-22,10.44,10.47,10.37,10.41,58613338.0,720058210.0
2022-09-23,10.36,10.53,10.36,10.41,58644106.0,722703128.0
2022-09-26,10.3,10.4,10.15,10.16,90372904.0,1094060839.0
2022-09-27,10.16,10.3,10.0,10.29,78962229.0,946732994.0
2022-09-28,10.24,10.37,10.09,10.25,78092558.0,946211767.0
2022-09-29,10.37,10.4,10.01,10.04,91771804.0,1100405198.0
2022-09-30,10.05,10.13,10.02,10.03,53723019.0,638906948.0
2022-10-10,9.91,9.97,9.7,9.71,96608018.0,1119089731.0
2022-10-11,9.77,9.81,9.66,9.72,41525337.0,476749227.0
2022-10-12,9.7,9.84,9.61,9.82,55957243.0,641776509.0
2022-10-13,9.75,9.77,9.58,9.6,85261597.0,970021739.0
2022-10-14,9.7,9.85,9.65,9.76,109606158.0,1265486550.0
2022-10-17,9.67,9.75,9.6,9.72,102482271.0,1171523550.0
2022-10-18,9.78,9.86,9.7,9.72,94683709.0,1091646644.0
2022-10-19,9.67,9.73,9.55,9.56,92398968.0,1049700767.0
2022-10-20,9.51,9.58,9.45,9.48,78192323.0,876967151.0
2022-10-21,9.49,9.53,9.37,9.39,78557429.0,876648491.0
2022-10-24,9.39,9.4,8.98,8.99,138339065.0,1496043940.0
2022-10-25,9.06,9.15,8.98,9.02,131697940.0,1406437766.0
2022-10-26,9.01,9.09,8.98,9.03,114382988.0,1220733278.0
2022-10-27,9.06,9.12,9.03,9.04,95738346.0,1024868047.0
2022-10-28,9.0,9.06,8.81,8.82,105794701.0,1114999302.0
2022-10-31,8.75,8.85,8.65,8.76,98309569.0,1016230012.0
2022-11-01,8.79,9.04,8.77,9.04,138123413.0,1459758367.0
2022-11-02,8.98,9.04,8.87,9.0,130298818.0,1377816220.0
2022-11-03,8.92,8.95,8.79,8.84,98353561.0,1028904286.0
2022-11-04,8.81,9.19,8.8,9.16,177611223.0,1903720944.0
2022-11-07,9.15,9.24,9.09,9.21,98808204.0,1070554833.0
2022-11-08,9.22,9.25,9.13,9.19,58322205.0,632835805.0
2022-11-09,9.18,9.38,9.16,9.22,83210685.0,911153622.0
2022-11-10,9.14,9.23,9.05,9.2,55202119.0,596916589.0
2022-11-11,9.42,9.87,9.32,9.68,254507055.0,2878557392.0
2022-11-14,9.91,10.4,9.91,10.12,387208410.0,4637823414.0
2022-11-15,10.04,10.31,10.02,10.17,157390134.0,1891249648.0
2022-11-16,10.14,10.2,9.98,10.01,127869288.0,1519133932.0
2022-11-17,10.0,10.03,9.81,9.9,109104716.0,1273790881.0
2022-11-18,9.94,9.97,9.8,9.81,86809329.0,1011078680.0
2022-11-21,9.72,9.74,9.5,9.7,104773707.0,1189388618.0
2022-11-22,9.7,10.1,9.69,10.01,149132388.0,1748727407.0
2022-11-23,9.97,10.2,9.92,10.01,124765653.0,1483352652.0
2022-11-24,10.09,10.15,9.9,9.97,79671882.0,941002373.0
2022-11-25,9.98,10.36,9.97,10.31,176072817.0,2130171605.0
2022-11-28,10.08,10.09,9.9,10.0,133156295.0,1568351120.0
2022-11-29,10.3,11.0,10.27,11.0,474927650.0,6026006642.0
2022-11-30,10.92,11.3,10.86,11.03,320962830.0,4206404173.0
2022-12-01,11.33,11.57,11.07,11.09,200268883.0,2658203027.0
2022-12-02,11.13,11.14,10.75,10.92,140420278.0,1803658762.0
2022-12-05,11.08,11.49,11.02,11.46,228762742.0,3057231973.0
2022-12-06,11.3,11.57,11.22,11.37,125257891.0,1680593516.0
2022-12-07,11.29,11.32,11.03,11.14,137737690.0,1815667663.0
2022-12-08,11.14,11.45,11.11,11.31,106572280.0,1422047905.0
2022-12-09,11.35,11.64,11.3,11.6,161583192.0,2197501649.0
2022-12-12,11.5,11.5,11.06,11.1,139258428.0,1848277967.0
2022-12-13,11.14,11.31,11.13,11.21,90228513.0,1194285343.0
2022-12-14,11.2,11.35,11.08,11.2,97406110.0,1287867945.0
2022-12-15,11.13,11.25,10.96,11.09,83534926.0,1094434006.0
2022-12-16,11.02,11.35,11.02,11.3,92425167.0,1225269166.0
2022-12-19,11.29,11.41,10.97,11.04,103086606.0,1355435567.0
2022-12-20,10.98,11.08,10.73,10.8,89621223.0,1150630681.0
2022-12-21,10.88,11.0,10.79,10.91,61458964.0,791782473.0
2022-12-22,11.01,11.14,10.92,10.97,67239430.0,876159828.0
2022-12-23,10.88,11.06,10.84,10.99,56442641.0,730705959.0
2022-12-26,11.0,11.04,10.76,10.81,79711987.0,1021903963.0
2022-12-27,10.9,11.19,10.9,11.1,88600412.0,1160090119.0
2022-12-28,11.14,11.33,11.01,11.13,79119198.0,1042402080.0
2022-12-29,11.07,11.12,10.88,11.03,66689009.0,865144967.0
2022-12-30,11.04,11.25,10.97,11.14,81803598.0,1074756754.0
2023-01-03,11.18,11.73,11.05,11.66,219412794.0,2971546989.0
2023-01-04,11.61,12.21,11.54,12.13,218968253.0,3110729449.0
2023-01-05,12.19,12.48,12.17,12.26,166542518.0,2417272356.0
2023-01-06,12.28,12.46,12.26,12.38,119574471.0,1747915169.0
2023-01-09,12.49,12.6,12.3,12.53,105765911.0,1561368487.0
2023-01-10,12.5,12.61,12.19,12.23,126942339.0,1851093717.0
2023-01-11,12.24,12.52,12.19,12.42,83056612.0,1217450812.0
2023-01-12,12.51,12.51,12.3,12.42,62569484.0,914367700.0
2023-01-13,12.42,12.66,12.32,12.66,94908583.0,1407181074.0
2023-01-16,12.66,12.94,12.57,12.77,156003989.0,2356399993.0
2023-01-17,12.81,12.85,12.51,12.68,93583454.0,1396151515.0
2023-01-18,12.66,12.85,12.63,12.79,71843403.0,1083362998.0
2023-01-19,12.81,12.91,12.59,12.78,64187520.0,963744633.0
2023-01-20,12.84,12.9,12.7,12.81,60859008.0,920144806.0
2023-01-30,13.21,13.33,12.61,12.83,137431750.0,2096867649.0
2023-01-31,12.9,13.13,12.67,12.69,103049784.0,1568639326.0
2023-02-01,12.73,12.77,12.29,12.45,165342148.0,2426471973.0
2023-02-02,12.48,12.52,12.08,12.36,157790039.0,2280744883.0
2023-02-03,12.24,12.32,11.99,12.13,124638298.0,1782105891.0
2023-02-06,11.94,11.96,11.74,11.85,131761010.0,1838428709.0
2023-02-07,11.91,12.13,11.88,12.03,86946046.0,1235297763.0
2023-02-08,12.06,12.13,11.88,11.89,65789257.0,928708934.0
2023-02-09,11.86,12.11,11.82,11.96,83035002.0,1174361963.0
2023-02-10,11.94,11.96,11.74,11.84,84728366.0,1184283386.0
2023-02-13,11.8,11.8,11.52,11.7,180005416.0,2473405203.0
2023-02-14,11.73,11.84,11.69,11.82,90993709.0,1263892078.0
2023-02-15,11.81,11.82,11.53,11.58,125024398.0,1713566673.0
2023-02-16,11.58,11.78,11.43,11.52,127912329.0,1757431084.0
2023-02-17,11.54,11.62,11.37,11.37,91836369.0,1246777397.0
2023-02-20,11.43,11.98,11.42,11.98,211619117.0,2945969773.0
2023-02-21,11.91,12.02,11.79,11.94,99049499.0,1393153377.0
2023-02-22,11.85,11.96,11.8,11.87,63892239.0,895742534.0
2023-02-23,11.85,12.13,11.84,11.9,82449068.0,1165539851.0
2023-02-24,11.87,11.88,11.69,11.74,72998904.0,1012652972.0
2023-02-27,11.64,11.75,11.58,11.59,62146193.0,854854041.0
2023-02-28,11.64,11.73,11.52,11.67,60793592.0,833316018.0
2023-03-01,11.69,12.02,11.63,12.0,122345178.0,1719710647.0
2023-03-02,11.96,12.23,11.91,12.06,101587684.0,1447565980.0
2023-03-03,12.15,12.17,11.97,12.1,69095439.0,985552121.0
2023-03-06,12.11,12.11,11.62,11.73,145582414.0,2023954547.0
2023-03-07,11.73,11.94,11.56,11.59,127926629.0,1773654737.0
2023-03-08,11.54,11.55,11.35,11.46,109689791.0,1479838980.0
2023-03-09,11.47,11.5,11.12,11.18,173606476.0,2305765842.0
2023-03-10,11.01,11.24,11.01,11.13,85699610.0,1128558360.0
2023-03-13,11.11,11.25,11.01,11.05,100063496.0,1309490079.0
2023-03-14,11.0,11.01,10.78,10.9,114907558.0,1474124199.0
2023-03-15,11.05,11.16,10.96,11.05,97936372.0,1278262225.0
2023-03-16,10.91,11.03,10.84,10.86,91679249.0,1182054434.0
2023-03-17,11.0,11.04,10.71,10.8,155681414.0,2000832408.0
2023-03-20,10.8,10.88,10.63,10.64,118881633.0,1505893659.0
2023-03-21,10.71,10.82,10.58,10.75,84074317.0,1060914056.0
2023-03-22,10.8,10.91,10.76,10.83,87669077.0,1121080753.0
2023-03-23,10.75,10.92,10.69,10.92,80430604.0,1029380497.0
2023-03-24,10.88,10.89,10.8,10.86,62151875.0,796319542.0
2023-03-27,10.84,10.85,10.55,10.67,100842214.0,1266945056.0
2023-03-28,10.72,10.78,10.63,10.7,67386843.0,851797869.0
2023-03-29,10.78,10.79,10.58,10.61,59606433.0,750687551.0
2023-03-30,10.63,10.76,10.51,10.74,82454624.0,1035422932.0
2023-03-31,10.75,10.81,10.59,10.61,86549166.0,1092263437.0
2023-04-03,10.63,10.75,10.55,10.73,74042886.0,934285179.0
2023-04-04,10.7,10.77,10.66,10.71,64745722.0,817726527.0
2023-04-06,10.67,10.68,10.58,10.65,56332130.0,706480660.0
2023-04-07,10.64,10.75,10.58,10.69,60792526.0,767354797.0
2023-04-10,10.7,10.75,10.65,10.74,64018181.0,809943148.0
2023-04-11,10.75,10.77,10.6,10.62,77777962.0,978302908.0
2023-04-12,10.65,10.66,10.54,10.57,90995706.0,1136997696.0
2023-04-13,10.51,10.73,10.42,10.64,113159146.0,1413919037.0
2023-04-14,10.67,10.92,10.65,10.75,129799484.0,1653539531.0
2023-04-17,10.72,10.96,10.67,10.95,130421259.0,1669357649.0
2023-04-18,10.95,11.18,10.91,11.01,153893615.0,2009934875.0
2023-04-19,11.02,11.07,10.86,10.88,101437815.0,1309536002.0
2023-04-20,10.92,10.92,10.69,10.8,81178841.0,1033330704.0
2023-04-21,10.75,10.86,10.57,10.58,91866839.0,1160509766.0
2023-04-24,10.57,10.58,10.19,10.25,146767192.0,1798133967.0
2023-04-25,10.28,10.47,10.26,10.4,130190082.0,1595320170.0
2023-04-26,10.37,10.37,10.15,10.26,99126040.0,1197555724.0
2023-04-27,10.21,10.46,10.16,10.38,100409337.0,1222755932.0
2023-04-28,10.38,10.82,10.35,10.63,144525434.0,1816868033.0
2023-05-04,10.5,10.86,10.32,10.78,147826438.0,1863146144.0
2023-05-05,10.82,11.1,10.8,10.93,176218865.0,2283981032.0
2023-05-08,10.96,11.42,10.87,11.28,263071861.0,3478891629.0
2023-05-09,11.35,11.52,11.12,11.14,242253445.0,3238716471.0
2023-05-10,11.15,11.23,10.84,10.87,123705339.0,1600189994.0
2023-05-11,10.97,11.11,10.84,10.88,90375844.0,1166479365.0
2023-05-12,10.86,10.9,10.68,10.69,88560368.0,1124579091.0
2023-05-15,10.74,10.88,10.54,10.86,92832563.0,1173804243.0
2023-05-16,10.84,10.94,10.64,10.69,99830169.0,1267712090.0
2023-05-17,10.65,10.7,10.53,10.58,75462120.0,945315193.0
2023-05-18,10.64,10.7,10.53,10.58,68718687.0,861347534.0
2023-05-19,10.53,10.53,10.43,10.45,68841368.0,851165594.0
2023-05-22,10.42,10.54,10.42,10.48,54932785.0,679754868.0
2023-05-23,10.48,10.51,10.34,10.34,69436436.0,852871175.0
2023-05-24,10.33,10.34,10.17,10.17,82425088.0,996600578.0
2023-05-25,10.15,10.16,10.0,10.1,88274430.0,1050002542.0
2023-05-26,10.1,10.27,10.03,10.25,51142864.0,613772897.0
2023-05-29,10.25,10.27,10.12,10.14,56607382.0,680275578.0
2023-05-30,10.14,10.15,9.99,10.05,76399692.0,906316374.0
2023-05-31,10.01,10.03,9.81,9.82,117958671.0,1376758357.0
2023-06-01,9.82,9.89,9.74,9.81,74302293.0,861646489.0
2023-06-02,9.89,10.14,9.86,10.1,122184253.0,1446502669.0
2023-06-05,10.06,10.16,10.01,10.09,52184619.0,620531416.0
2023-06-06,10.09,10.24,10.01,10.03,83327347.0,997039312.0
2023-06-07,10.07,10.22,10.06,10.11,64369784.0,770386878.0
2023-06-08,10.13,10.33,10.04,10.26,86939712.0,1048266236.0
2023-06-09,10.21,10.24,10.03,10.06,131528476.0,1566929274.0
2023-06-12,10.01,10.08,9.96,9.98,75874703.0,896015709.0
2023-06-13,9.96,10.03,9.9,9.97,84998805.0,1000183567.0
2023-06-14,10.02,10.18,9.94,9.95,106920004.0,1237376776.0
2023-06-15,9.97,10.09,9.88,10.07,92530056.0,1064567231.0
2023-06-16,10.07,10.13,10.04,10.09,84203365.0,978869317.0
2023-06-19,10.09,10.09,9.9,9.94,95399707.0,1096351097.0
2023-06-20,9.93,9.94,9.85,9.86,54455079.0,620374308.0
2023-06-21,9.86,9.96,9.84,9.85,61658296.0,703681564.0
2023-06-26,9.81,9.81,9.68,9.7,67657743.0,757975992.0
2023-06-27,9.72,9.82,9.69,9.79,46170178.0,519520687.0
2023-06-28,9.79,9.83,9.74,9.81,36539644.0,412039354.0
2023-06-29,9.8,9.8,9.69,9.7,48590630.0,544534826.0
2023-06-30,9.7,9.81,9.68,9.75,51905258.0,583494655.0
2023-07-03,9.75,10.01,9.75,9.97,88509071.0,1009887429.0
2023-07-04,9.94,9.97,9.82,9.89,61630056.0,701885270.0
2023-07-05,9.86,9.89,9.81,9.84,42348240.0,479726282.0
2023-07-06,9.81,9.84,9.73,9.75,59709591.0,672396816.0
2023-07-07,9.72,9.78,9.7,9.72,48444083.0,543212456.0
2023-07-10,9.76,9.79,9.69,9.72,49588228.0,556581582.0
2023-07-11,9.74,9.77,9.71,9.73,57080909.0,640131787.0
2023-07-12,9.75,9.86,9.74,9.75,73608367.0,830230821.0
2023-07-13,9.82,9.95,9.78,9.92,112422973.0,1281848379.0
2023-07-14,9.92,10.02,9.89,9.94,71914699.0,825295738.0
2023-07-17,9.9,9.9,9.77,9.81,60834258.0,687262894.0
2023-07-18,9.8,9.82,9.74,9.76,47196618.0,531299773.0
2023-07-19,9.75,9.82,9.75,9.81,38219596.0,430771279.0
2023-07-20,9.83,9.93,9.8,9.82,55406957.0,629696111.0
2023-07-21,9.81,9.88,9.79,9.84,37710256.0,427375950.0
2023-07-24,9.83,9.83,9.75,9.77,42685218.0,480713396.0
2023-07-25,9.94,10.18,9.93,10.17,203295819.0,2358815160.0
2023-07-26,10.11,10.19,10.03,10.13,75166268.0,875260135.0
2023-07-27,10.14,10.3,10.11,10.2,111519586.0,1314228294.0
2023-07-28,10.14,10.67,10.13,10.64,234701346.0,2839828237.0
2023-07-31,10.67,10.85,10.61,10.69,185495239.0,2288940411.0
2023-08-01,10.64,10.73,10.53,10.55,95773478.0,1169570705.0
2023-08-02,10.47,10.62,10.35,10.44,111590004.0,1343864165.0
2023-08-03,10.4,10.73,10.37,10.7,117584771.0,1433255493.0
2023-08-04,10.78,10.87,10.6,10.67,130313102.0,1611435431.0
2023-08-07,10.6,10.63,10.52,10.55,64691326.0,786506452.0
2023-08-08,10.52,10.6,10.41,10.5,72570456.0,877489188.0
2023-08-09,10.47,10.59,10.46,10.56,57760774.0,702060797.0
2023-08-10,10.54,10.6,10.47,10.55,47559453.0,577123920.0
2023-08-11,10.56,10.65,10.32,10.32,94353857.0,1132867239.0
2023-08-14,10.21,10.22,10.06,10.13,97592018.0,1139185249.0
2023-08-15,10.14,10.24,10.07,10.18,71281277.0,834163040.0
2023-08-16,10.13,10.28,10.07,10.18,57290437.0,671706045.0
2023-08-17,10.13,10.15,9.94,10.04,96505775.0,1116292662.0
2023-08-18,10.05,10.19,10.01,10.03,65981885.0,767047287.0
2023-08-21,10.03,10.05,9.82,9.82,70149785.0,799641424.0
2023-08-22,9.88,9.94,9.81,9.87,60680809.0,689991238.0
2023-08-23,9.85,9.91,9.75,9.76,69180998.0,783102827.0
2023-08-24,9.8,9.82,9.59,9.66,129127070.0,1439197084.0
2023-08-25,9.63,9.83,9.62,9.75,84534992.0,946760251.0
2023-08-28,10.27,10.35,9.97,10.0,199760987.0,2336205801.0
2023-08-29,9.95,9.97,9.66,9.81,196496143.0,2217588610.0
2023-08-30,9.78,9.78,9.66,9.66,137563829.0,1537573551.0
2023-08-31,9.67,9.74,9.65,9.66,80647403.0,900123575.0
2023-09-01,9.71,9.86,9.71,9.82,113870483.0,1285169019.0
2023-09-04,9.85,10.06,9.83,10.03,141002923.0,1621769196.0
2023-09-05,9.98,9.99,9.86,9.88,80417716.0,917888859.0
2023-09-06,9.83,9.94,9.81,9.92,63484051.0,721905682.0
2023-09-07,9.89,9.93,9.82,9.83,54004157.0,613812176.0
2023-09-08,9.79,9.82,9.75,9.78,47902967.0,539624963.0
2023-09-11,9.81,9.89,9.78,9.84,65448558.0,741764911.0
2023-09-12,9.85,9.85,9.76,9.79,49548506.0,559058536.0
2023-09-13,9.8,9.82,9.73,9.76,49021797.0,551747628.0
2023-09-14,9.79,9.83,9.76,9.8,55165017.0,622906053.0
2023-09-15,9.85,9.89,9.72,9.74,89047613.0,1005529161.0
2023-09-18,9.74,9.75,9.67,9.75,50132501.0,561449770.0
2023-09-19,9.74,9.75,9.68,9.73,50366432.0,564044044.0
2023-09-20,9.72,9.74,9.68,9.68,55887241.0,624785495.0
2023-09-21,9.67,9.67,9.58,9.59,84393011.0,934673194.0
2023-09-22,9.57,9.76,9.57,9.75,91148430.0,1017137922.0
2023-09-25,9.75,9.82,9.71,9.74,76121125.0,856022502.0
2023-09-26,9.74,9.77,9.67,9.68,44498035.0,497885811.0
2023-09-27,9.68,9.74,9.68,9.69,49031061.0,547905821.0
2023-09-28,9.71,9.75,9.7,9.72,52069678.0,583649730.0
2023-10-09,9.68,9.69,9.6,9.64,69582809.0,772959353.0
2023-10-10,9.71,9.72,9.56,9.56,82074851.0,910160342.0
2023-10-11,9.62,9.62,9.51,9.53,72411569.0,797663827.0
2023-10-12,9.64,9.68,9.58,9.64,85305750.0,947562325.0
2023-10-13,9.57,9.61,9.5,9.55,68448308.0,753110726.0
2023-10-16,9.55,9.57,9.5,9.55,50162432.0,550988720.0
2023-10-17,9.55,9.59,9.51,9.56,49352505.0,543170901.0
2023-10-18,9.54,9.56,9.47,9.5,65182492.0,713979896.0
2023-10-19,9.47,9.48,9.19,9.2,118896083.0,1271914677.0
2023-10-20,9.16,9.26,9.12,9.2,52613912.0,557618632.0
2023-10-23,9.19,9.2,9.05,9.11,53040448.0,557032229.0
2023-10-24,9.15,9.21,9.06,9.16,76065269.0,801528404.0
2023-10-25,9.12,9.15,8.99,9.01,141144968.0,1470971924.0
2023-10-26,8.95,9.04,8.94,9.03,59999147.0,621915277.0
2023-10-27,9.01,9.09,8.96,9.07,91977136.0,957587534.0
2023-10-30,9.02,9.09,8.98,9.07,80568955.0,837646002.0
2023-10-31,9.05,9.1,9.03,9.08,65285523.0,682212138.0
2023-11-01,9.16,9.16,9.07,9.09,56730035.0,595211885.0
2023-11-02,9.11,9.2,9.09,9.09,61942995.0,652316670.0
2023-11-03,9.1,9.13,9.05,9.09,70546347.0,738879704.0
2023-11-06,9.12,9.28,9.12,9.28,100706221.0,1069206838.0
2023-11-07,9.25,9.25,9.18,9.2,64086612.0,679815569.0
2023-11-08,9.18,9.2,9.07,9.11,87781875.0,923622008.0
2023-11-09,9.08,9.13,9.05,9.1,63913648.0,669639052.0
2023-11-10,9.07,9.09,8.93,8.94,104504417.0,1080649734.0
2023-11-13,8.95,8.96,8.87,8.89,77004310.0,789007118.0
2023-11-14,8.89,8.96,8.88,8.91,59685888.0,613377698.0
2023-11-15,9.0,9.07,8.97,9.0,110914015.0,1152154780.0
2023-11-16,9.01,9.02,8.88,8.89,92262194.0,948395097.0
2023-11-17,8.87,8.89,8.78,8.81,90336217.0,917616681.0
2023-11-20,8.81,8.87,8.76,8.84,63952831.0,650077370.0
2023-11-21,8.88,8.98,8.87,8.92,104116573.0,1072311504.0
2023-11-22,8.9,8.95,8.8,8.82,73748951.0,753064758.0
2023-11-23,8.81,8.82,8.74,8.81,84665587.0,855904312.0
2023-11-24,8.77,8.79,8.75,8.76,68469456.0,691423444.0
2023-11-27,8.76,8.76,8.65,8.69,83618785.0,836268369.0
2023-11-28,8.67,8.7,8.63,8.63,78617469.0,784405805.0
2023-11-29,8.63,8.65,8.42,8.43,146759662.0,1438320264.0
2023-11-30,8.41,8.44,8.35,8.4,90176457.0,871481712.0
2023-12-01,8.37,8.4,8.31,8.38,77805699.0,749668364.0
2023-12-04,8.39,8.4,8.34,8.36,60543785.0,583664338.0
2023-12-05,8.34,8.35,8.22,8.23,78737848.0,750961220.0
2023-12-06,8.19,8.3,8.16,8.24,75305592.0,714029469.0
2023-12-07,8.24,8.24,8.14,8.19,58538019.0,552224831.0
2023-12-08,8.17,8.2,8.07,8.07,102115150.0,957664581.0
2023-12-11,8.0,8.14,7.92,8.11,113366281.0,1044765735.0
2023-12-12,8.08,8.24,8.07,8.17,85501642.0,805067628.0
2023-12-13,8.14,8.15,7.94,7.95,106130165.0,981001231.0
2023-12-14,7.99,8.05,7.94,7.94,74290056.0,683211466.0
2023-12-15,7.98,8.11,7.97,7.99,98893942.0,915126127.0
2023-12-18,7.97,8.02,7.89,7.92,65442562.0,599379044.0
2023-12-19,7.91,7.96,7.87,7.9,64407088.0,586716664.0
2023-12-20,7.91,7.94,7.84,7.84,71563363.0,650511343.0
2023-12-21,7.82,7.97,7.8,7.96,101704676.0,925407073.0
2023-12-22,7.97,8.05,7.91,7.98,100564502.0,924998769.0
2023-12-25,7.97,7.98,7.93,7.97,41397088.0,379638234.0
2023-12-26,7.97,7.98,7.87,7.9,54189633.0,493746623.0
2023-12-27,7.9,7.92,7.83,7.91,64153435.0,582036661.0
2023-12-28,7.91,8.22,7.88,8.2,166159184.0,1550256591.0
2023-12-29,8.17,8.23,8.11,8.15,85385279.0,803196744.0
2024-01-02,8.15,8.17,7.99,7.99,115836645.0,1075742252.0
2024-01-03,7.97,8.0,7.94,7.98,73361031.0,673673614.0
2024-01-04,7.97,7.97,7.88,7.91,86419399.0,787470082.0
2024-01-05,7.9,8.19,7.87,8.04,199162216.0,1852659692.0
2024-01-08,8.01,8.07,7.91,7.94,112115619.0,1029006549.0
2024-01-09,7.95,7.97,7.89,7.97,76619388.0,700375720.0
2024-01-10,7.95,7.97,7.89,7.89,85862091.0,783771150.0
2024-01-11,7.88,8.0,7.84,7.96,93468637.0,853890237.0
2024-01-12,7.92,8.04,7.91,7.97,77258215.0,711018266.0
2024-01-15,7.95,8.06,7.92,7.99,74513266.0,685950951.0
2024-01-16,7.97,8.11,7.95,8.11,143831258.0,1334465409.0
2024-01-17,8.1,8.15,8.01,8.01,148229621.0,1380725065.0
2024-01-18,7.99,8.02,7.81,7.98,175513247.0,1597853727.0
2024-01-19,7.95,7.98,7.9,7.96,96398142.0,881865024.0
2024-01-22,7.95,8.04,7.84,7.9,158031966.0,1449858242.0
2024-01-23,7.85,7.97,7.78,7.95,113554458.0,1030898421.0
2024-01-24,8.01,8.11,7.87,8.1,175912316.0,1620099272.0
2024-01-25,8.1,8.28,8.04,8.24,216251395.0,2037648413.0
2024-01-26,8.22,8.39,8.19,8.35,227228706.0,2172799799.0
2024-01-29,8.41,8.57,8.31,8.42,237625184.0,2312173346.0
2024-01-30,8.34,8.42,8.24,8.24,157912214.0,1515156604.0
2024-01-31,8.21,8.3,8.14,8.21,135721747.0,1286857397.0
2024-02-01,8.17,8.23,8.11,8.17,105525987.0,993481907.0
2024-02-02,8.17,8.22,7.87,8.04,163421431.0,1520605695.0
2024-02-05,7.97,8.18,7.91,8.14,180359190.0,1674566499.0
2024-02-06,8.07,8.4,8.06,8.4,199540954.0,1900324218.0
2024-02-07,8.35,8.39,8.23,8.34,206201497.0,1975435102.0
2024-02-08,8.31,8.39,8.26,8.39,165681384.0,1593505690.0
2024-02-19,8.47,8.51,8.37,8.51,160524265.0,1564088445.0
2024-02-20,8.5,8.54,8.44,8.52,112356398.0,1098987813.0
2024-02-21,8.49,9.37,8.48,9.37,505528460.0,5295259397.0
2024-02-22,9.24,9.47,9.22,9.46,492232512.0,5307736374.0
2024-02-23,9.44,9.75,9.41,9.42,356747950.0,3917316282.0
2024-02-26,9.35,9.44,9.11,9.14,286260888.0,3048205025.0
2024-02-27,9.1,9.2,9.08,9.11,198190492.0,2083027074.0
2024-02-28,9.12,9.29,9.02,9.1,308269265.0,3253340358.0
2024-02-29,9.04,9.19,9.03,9.19,184534423.0,1936020983.0
2024-03-01,9.19,9.2,9.05,9.1,182810290.0,1917689307.0
2024-03-04,9.07,9.11,8.96,8.96,165592954.0,1719562862.0
2024-03-05,8.94,9.09,8.9,9.05,181731907.0,1889144330.0
2024-03-06,9.02,9.07,8.96,8.96,134564016.0,1396940060.0
2024-03-07,8.96,9.23,8.96,9.01,201616589.0,2109589237.0
2024-03-08,8.98,9.06,8.94,9.01,111397428.0,1154491251.0
2024-03-11,9.01,9.09,8.97,9.09,121067298.0,1260212020.0
2024-03-12,9.09,9.19,9.03,9.16,164126237.0,1721999708.0
2024-03-13,9.14,9.16,8.94,8.96,176803911.0,1834654994.0
2024-03-14,8.94,9.01,8.85,8.88,140939973.0,1448499698.0
2024-03-15,9.16,9.33,9.11,9.2,375020789.0,3973799131.0
2024-03-18,9.16,9.21,9.1,9.15,167139651.0,1761249150.0
2024-03-19,9.14,9.15,9.02,9.02,129321558.0,1351069630.0
2024-03-20,9.01,9.09,9.0,9.07,87266316.0,910278573.0
2024-03-21,9.07,9.13,9.04,9.09,86446625.0,905422294.0
2024-03-22,9.07,9.07,8.95,8.99,102814174.0,1065535606.0
2024-03-25,8.98,9.1,8.96,9.02,95320221.0,993304120.0
2024-03-26,9.07,9.25,9.04,9.2,174002146.0,1835376191.0
2024-03-27,9.16,9.22,9.12,9.14,127413599.0,1347397150.0
2024-03-28,9.12,9.17,9.01,9.1,130218892.0,1362980388.0
2024-03-29,9.07,9.17,9.05,9.13,87275898.0,917332316.0
2024-04-01,9.13,9.24,9.12,9.23,119108796.0,1261770380.0
2024-04-02,9.22,9.27,9.14,9.16,108545826.0,1149700800.0
2024-04-03,9.14,9.16,9.04,9.08,98184585.0,1028648883.0
2024-04-08,9.04,9.1,9.0,9.05,90636052.0,945290441.0
2024-04-09,9.05,9.09,8.99,9.02,85715673.0,891468991.0
2024-04-10,9.01,9.03,8.91,8.92,124639082.0,1288696196.0
2024-04-11,8.89,8.93,8.78,8.89,101021340.0,1030820137.0
2024-04-12,8.87,8.91,8.71,8.73,130545371.0,1322011754.0
2024-04-15,8.74,8.96,8.73,8.93,145320260.0,1486326196.0
2024-04-16,8.92,9.02,8.87,8.92,147803643.0,1523138499.0
2024-04-17,8.9,9.22,8.86,9.22,223264057.0,2337576587.0
2024-04-18,9.18,9.57,9.16,9.37,316591426.0,3427338982.0
2024-04-19,9.29,9.39,9.25,9.28,145767502.0,1562376147.0
2024-04-22,9.23,9.38,9.07,9.11,200981837.0,2125722741.0
2024-04-23,9.12,9.24,9.08,9.15,124002700.0,1308866093.0
2024-04-24,9.13,9.17,9.08,9.14,94156774.0,989093538.0
2024-04-25,9.11,9.22,9.09,9.21,111381224.0,1176304525.0
2024-04-26,9.19,9.26,9.09,9.2,160762751.0,1698581437.0
2024-04-29,9.16,9.46,9.13,9.38,216917737.0,2337350884.0
2024-04-30,9.37,9.44,9.31,9.36,132455653.0,1431407709.0
2024-05-06,9.51,9.64,9.41,9.45,178410057.0,1953817493.0
2024-05-07,9.43,9.45,9.34,9.44,108705665.0,1176786413.0
2024-05-08,9.41,9.44,9.29,9.31,122179127.0,1318612000.0
2024-05-09,9.29,9.39,9.29,9.34,106946063.0,1150726858.0
2024-05-10,9.35,9.51,9.34,9.49,176783561.0,1923452177.0
2024-05-13,9.46,9.55,9.38,9.52,140249860.0,1530058920.0
2024-05-14,9.55,9.6,9.44,9.47,107578391.0,1176577328.0
2024-05-15,9.46,9.48,9.38,9.4,86829660.0,942907951.0
2024-05-16,9.42,9.73,9.4,9.69,307629165.0,3410151917.0
2024-05-17,9.7,9.91,9.66,9.91,284174885.0,3200736554.0
2024-05-20,9.92,10.01,9.81,9.88,217021030.0,2475290152.0
2024-05-21,9.82,10.08,9.81,10.02,203004941.0,2336192875.0
2024-05-22,10.03,10.19,9.94,10.03,211553138.0,2458448970.0
2024-05-23,10.01,10.06,9.87,9.89,184162290.0,2110799282.0
2024-05-24,9.87,9.97,9.81,9.81,139827584.0,1593330336.0
2024-05-27,9.81,10.01,9.81,9.99,145436143.0,1663272118.0
2024-05-28,9.98,10.05,9.86,9.89,120432285.0,1377107204.0
2024-05-29,9.88,9.94,9.75,9.77,144481111.0,1635445613.0
2024-05-30,9.75,9.84,9.6,9.65,132549635.0,1481608711.0
2024-05-31,9.67,9.71,9.64,9.64,82670676.0,921248146.0
2024-06-03,9.65,9.66,9.47,9.53,132669675.0,1456086024.0
2024-06-04,9.5,9.59,9.47,9.56,98100495.0,1079356561.0
2024-06-05,9.58,9.61,9.43,9.43,101896775.0,1114155999.0
2024-06-06,9.46,9.53,9.44,9.46,104933153.0,1145989426.0
2024-06-07,9.48,9.55,9.45,9.54,117012604.0,1281662986.0
2024-06-11,9.53,9.56,9.36,9.43,133762854.0,1452841957.0
2024-06-12,9.42,9.47,9.35,9.44,95742635.0,1037927497.0
2024-06-13,9.45,9.48,9.37,9.37,120350779.0,1304403407.0
2024-06-14,9.44,9.51,9.29,9.46,163799047.0,1657433955.0
2024-06-17,9.42,9.45,9.37,9.39,68121702.0,688669914.0
2024-06-18,9.4,9.45,9.33,9.37,70065308.0,707829472.0
2024-06-19,9.39,9.49,9.37,9.44,79618418.0,807676192.0
2024-06-20,9.45,9.45,9.34,9.34,62962757.0,635070262.0
2024-06-21,9.34,9.38,9.25,9.3,83054528.0,831176895.0
2024-06-24,9.27,9.36,9.19,9.28,94708154.0,944907466.0
2024-06-25,9.29,9.42,9.28,9.37,76999281.0,775332072.0
2024-06-26,9.35,9.42,9.32,9.37,62859871.0,633763882.0
2024-06-27,9.35,9.49,9.3,9.42,92888197.0,938954398.0
2024-06-28,9.39,9.54,9.38,9.44,91808992.0,933947813.0
2024-07-01,9.38,9.62,9.33,9.62,134305149.0,1372549620.0
2024-07-02,9.58,9.74,9.56,9.67,138438570.0,1440864391.0
2024-07-03,9.67,9.7,9.57,9.58,71306746.0,737326421.0
2024-07-04,9.58,9.65,9.53,9.54,73504424.0,757464387.0
2024-07-05,9.54,9.57,9.22,9.27,171335386.0,1721256576.0
2024-07-08,9.24,9.32,9.16,9.23,86865962.0,864791776.0
2024-07-09,9.24,9.39,9.21,9.36,103248530.0,1034316511.0
2024-07-10,9.36,9.48,9.34,9.43,87386511.0,886626727.0
2024-07-11,9.49,9.51,9.36,9.42,72139225.0,731789332.0
2024-07-12,9.41,9.58,9.41,9.58,121416369.0,1246877666.0
2024-07-15,9.58,9.62,9.54,9.6,86941247.0,896975833.0
2024-07-16,9.6,9.64,9.52,9.58,94300811.0,971564895.0
2024-07-17,9.58,9.69,9.56,9.67,122016835.0,1266412580.0
2024-07-18,9.65,9.7,9.58,9.68,108706102.0,1127365071.0
2024-07-19,9.65,9.69,9.57,9.64,89872324.0,929722662.0
2024-07-22,9.63,9.65,9.47,9.51,99448087.0,1018663806.0
2024-07-23,9.53,9.6,9.45,9.46,102015363.0,1046994471.0
2024-07-24,9.46,9.52,9.41,9.42,72451757.0,736332832.0
2024-07-25,9.41,9.44,9.3,9.38,85640443.0,861750366.0
2024-07-26,9.39,9.41,9.27,9.32,92955195.0,931879546.0
2024-07-29,9.32,9.43,9.27,9.4,78155243.0,788019059.0
2024-07-30,9.39,9.42,9.32,9.37,61326795.0,618056610.0
2024-07-31,9.37,9.56,9.36,9.55,109690634.0,1117768675.0
2024-08-01,9.53,9.59,9.45,9.55,73388377.0,752688220.0
2024-08-02,9.5,9.53,9.42,9.43,59022876.0,601173371.0
2024-08-05,9.4,9.5,9.34,9.34,75897852.0,768980625.0
2024-08-06,9.36,9.41,9.19,9.23,126553691.0,1261997757.0
2024-08-07,9.25,9.28,9.21,9.23,51760842.0,514848813.0
2024-08-08,9.22,9.28,9.2,9.24,50041067.0,497548149.0
2024-08-09,9.26,9.39,9.24,9.33,73027396.0,732886456.0
2024-08-12,9.32,9.34,9.28,9.31,35301346.0,353251351.0
2024-08-13,9.32,9.32,9.22,9.25,62207720.0,620061492.0
2024-08-14,9.24,9.28,9.21,9.22,43638038.0,433380447.0
2024-08-15,9.22,9.35,9.18,9.32,77624747.0,775851461.0
2024-08-16,9.37,9.49,9.34,9.42,126036761.0,1277042001.0
2024-08-19,9.42,9.58,9.41,9.57,148298526.0,1520594688.0
2024-08-20,9.59,9.7,9.56,9.61,156918665.0,1623147686.0
2024-08-21,9.58,9.65,9.49,9.62,103488781.0,1068207868.0
2024-08-22,9.61,9.72,9.59,9.65,110903039.0,1153871816.0
2024-08-23,9.66,9.76,9.59,9.73,107190571.0,1117475768.0
2024-08-26,9.76,9.81,9.69,9.75,74067524.0,775921849.0
2024-08-27,9.73,9.78,9.64,9.7,72313658.0,755583764.0
2024-08-28,9.68,9.7,9.56,9.6,94254754.0,973872155.0
2024-08-29,9.58,9.65,9.4,9.42,119767631.0,1221351092.0
2024-08-30,9.4,9.54,9.4,9.45,129405908.0,1318858688.0
2024-09-02,9.41,9.49,9.38,9.4,96883550.0,983898751.0
2024-09-03,9.4,9.42,9.3,9.37,91658122.0,920884663.0
2024-09-04,9.34,9.44,9.3,9.32,84799233.0,852224670.0
2024-09-05,9.32,9.37,9.28,9.36,59420876.0,595845843.0
2024-09-06,9.35,9.49,9.34,9.37,87886543.0,891507834.0
2024-09-09,9.34,9.36,9.15,9.16,163917451.0,1624857668.0
2024-09-10,9.17,9.22,9.09,9.2,76790114.0,756124764.0
2024-09-11,9.19,9.19,8.95,8.97,110872704.0,1078602468.0
2024-09-12,8.97,9.08,8.93,9.06,58183405.0,564923216.0
2024-09-13,9.05,9.13,9.02,9.02,56646190.0,553269704.0
2024-09-18,9.04,9.09,8.98,9.08,44361099.0,431665627.0
2024-09-19,9.1,9.15,9.0,9.12,68429311.0,669341182.0
2024-09-20,9.12,9.2,9.09,9.2,79729714.0,785121199.0
2024-09-23,9.19,9.38,9.18,9.33,89690755.0,897428030.0
2024-09-24,9.4,9.64,9.37,9.64,163821319.0,1678174482.0
2024-09-25,9.78,9.95,9.72,9.76,216069398.0,2285995369.0
2024-09-26,9.76,10.37,9.76,10.37,308645720.0,3341759456.0
2024-09-27,10.55,10.75,10.25,10.62,384001637.0,4337985143.0
2024-09-30,10.8,11.44,10.75,11.35,543028364.0,6467438838.0
2024-10-08,12.49,12.49,11.47,11.97,588897778.0,7602664024.0
2024-10-09,11.74,11.74,10.84,10.86,426934506.0,5172049702.0
2024-10-10,11.04,11.64,11.02,11.38,342642168.0,4095573501.0
2024-10-11,11.4,11.56,11.0,11.13,207089057.0,2455848197.0
2024-10-14,11.38,11.57,11.2,11.42,240059509.0,2881934272.0
2024-10-15,11.34,11.61,11.28,11.3,207284077.0,2500974427.0
2024-10-16,11.21,11.57,11.18,11.45,191449353.0,2301340929.0
2024-10-17,11.46,11.61,11.33,11.35,165370809.0,1993261646.0
2024-10-18,11.31,11.57,11.09,11.43,260465416.0,3105820973.0
2024-10-21,11.34,11.34,11.04,11.22,280665467.0,3302020181.0
2024-10-22,11.17,11.33,11.13,11.2,161778713.0,1908438725.0
2024-10-23,11.23,11.29,11.16,11.26,151186604.0,1787236762.0
2024-10-24,11.22,11.26,11.13,11.16,88529942.0,1042818619.0
2024-10-25,11.18,11.19,11.1,11.12,110575468.0,1296844369.0
2024-10-28,11.09,11.09,10.95,11.05,116948698.0,1356008963.0
2024-10-29,11.04,11.15,10.95,10.96,119802482.0,1391150259.0
2024-10-30,10.92,11.0,10.7,10.75,148240279.0,1686501658.0
2024-10-31,10.76,10.86,10.67,10.81,125020539.0,1419624319.0
2024-11-01,10.81,10.97,10.77,10.85,158981111.0,1821423447.0
2024-11-04,10.85,10.88,10.69,10.88,113151611.0,1285874126.0
2024-11-05,10.85,11.07,10.82,11.06,166541840.0,1925260700.0
2024-11-06,11.04,11.05,10.89,10.97,146228636.0,1689977501.0
2024-11-07,10.92,11.33,10.9,11.31,224284379.0,2627007561.0
2024-11-08,11.34,11.41,11.11,11.13,189510415.0,2239060534.0
2024-11-11,11.04,11.09,10.89,11.02,148695164.0,1717961562.0
2024-11-12,11.0,11.24,10.93,10.96,171766255.0,2005791408.0
2024-11-13,10.92,11.11,10.9,11.03,108626328.0,1260161857.0
2024-11-14,11.01,11.11,10.95,10.96,115978311.0,1348378229.0
2024-11-15,10.92,11.03,10.85,10.86,121578351.0,1399308729.0
2024-11-18,11.04,11.43,11.04,11.16,379732445.0,4493249093.0
2024-11-19,11.16,11.36,10.97,11.09,243003665.0,2849661696.0
2024-11-20,11.08,11.16,11.03,11.05,128657248.0,1498818034.0
2024-11-21,11.04,11.06,10.98,11.01,88340806.0,1023998432.0
2024-11-22,11.01,11.03,10.71,10.71,162531744.0,1858071592.0
2024-11-25,10.71,10.77,10.58,10.62,116602032.0,1310130629.0
2024-11-26,10.62,10.74,10.58,10.7,83107820.0,933733855.0
2024-11-27,10.67,10.82,10.59,10.82,89517805.0,1010001964.0
2024-11-28,10.82,10.85,10.75,10.77,73316854.0,833121339.0
2024-11-29,10.8,10.88,10.77,10.81,102848758.0,1173316154.0
2024-12-02,10.82,10.83,10.74,10.82,97543366.0,1108785597.0
2024-12-03,10.8,10.92,10.78,10.91,108255936.0,1236992678.0
2024-12-04,10.86,10.95,10.8,10.88,100747059.0,1154623370.0
2024-12-05,10.86,10.92,10.84,10.86,68710883.0,786137964.0
2024-12-06,10.86,11.11,10.85,11.07,172626927.0,2004270466.0
2024-12-09,11.04,11.13,11.01,11.08,96406316.0,1123441855.0
2024-12-10,11.3,11.35,11.16,11.2,216780724.0,2564600677.0
2024-12-11,11.2,11.23,11.13,11.14,96769145.0,1138374175.0
2024-12-12,11.14,11.27,11.12,11.25,98623459.0,1164062448.0
2024-12-13,11.2,11.21,10.98,10.98,134379289.0,1565589089.0
2024-12-16,10.98,11.07,10.95,10.99,80571778.0,934226189.0
2024-12-17,10.99,11.06,10.94,10.95,80211995.0,929225455.0
2024-12-18,11.0,11.15,10.99,11.06,101658966.0,1186285805.0
2024-12-19,11.01,11.05,10.96,11.01,69737904.0,808465664.0
2024-12-20,11.01,11.11,11.0,11.04,71464627.0,831437460.0
2024-12-23,11.05,11.24,11.05,11.14,165940476.0,1953519499.0
2024-12-24,11.13,11.27,11.13,11.26,135083691.0,1595698790.0
2024-12-25,11.26,11.42,11.24,11.32,147528294.0,1759956630.0
2024-12-26,11.32,11.33,11.19,11.26,100007470.0,1183745519.0
2024-12-27,11.27,11.3,11.07,11.23,129001228.0,1518383345.0
2024-12-30,11.19,11.37,11.19,11.35,135184636.0,1610892096.0
2024-12-31,11.33,11.39,11.11,11.11,147536733.0,1747242074.0
2025-01-02,11.14,11.18,10.82,10.85,181959699.0,2102923078.0
2025-01-03,10.86,10.96,10.79,10.81,115468044.0,1320520978.0
2025-01-06,10.81,10.9,10.66,10.86,108553630.0,1234305778.0
2025-01-07,10.85,10.95,10.8,10.93,74786288.0,858329049.0
2025-01-08,10.92,11.04,10.83,10.92,106238601.0,1223598997.0
2025-01-09,10.92,10.92,10.78,10.83,75148330.0,857836086.0
2025-01-10,10.83,10.88,10.71,10.73,79813351.0,905005041.0
2025-01-13,10.68,10.69,10.52,10.64,93496618.0,1044904416.0
2025-01-14,10.64,10.83,10.63,10.81,82462895.0,934467766.0
2025-01-15,10.81,11.0,10.79,10.9,103163082.0,1185403653.0
2025-01-16,10.97,11.01,10.89,10.99,87296399.0,1007689274.0
2025-01-17,10.95,10.97,10.85,10.87,68976486.0,791230419.0
2025-01-20,10.92,10.94,10.83,10.85,83202913.0,953092179.0
2025-01-21,10.87,10.87,10.75,10.76,90206894.0,1024879174.0
2025-01-22,10.75,10.76,10.52,10.53,134712922.0,1504818607.0
2025-01-23,10.61,10.83,10.61,10.75,151492027.0,1715172472.0
2025-01-24,10.75,10.82,10.66,10.77,94494421.0,1069899088.0
2025-01-27,10.81,10.97,10.81,10.89,115193471.0,1324270607.0
2025-02-05,10.92,10.94,10.76,10.8,84343370.0,961193579.0
2025-02-06,10.78,10.87,10.73,10.79,95560325.0,1084793176.0
2025-02-07,10.79,10.87,10.74,10.81,140749262.0,1601621980.0
2025-02-10,10.81,10.92,10.79,10.85,102659093.0,1174044624.0
2025-02-11,10.83,10.89,10.8,10.85,84452003.0,963865615.0
2025-02-12,10.84,10.85,10.77,10.85,98880683.0,1125323633.0
2025-02-13,10.85,10.97,10.83,10.92,135863927.0,1560709511.0
2025-02-14,10.91,10.97,10.85,10.97,97305774.0,1118355997.0
2025-02-17,11.02,11.21,10.97,11.19,206196542.0,2413146067.0
2025-02-18,11.17,11.36,11.17,11.22,199661049.0,2371071467.0
2025-02-19,11.21,11.22,11.09,11.12,117774895.0,1382467174.0
2025-02-20,11.12,11.17,11.06,11.07,78439627.0,917231443.0
2025-02-21,11.1,11.12,10.97,11.05,97396897.0,1131033824.0
2025-02-24,11.04,11.1,10.98,11.01,94995617.0,1103548964.0
2025-02-25,10.98,11.0,10.88,10.89,91715602.0,1055685157.0
2025-02-26,10.89,11.02,10.89,10.94,84164552.0,970641211.0
2025-02-27,10.95,11.04,10.88,11.04,97730975.0,1130386662.0
2025-02-28,11.0,11.09,10.92,10.95,94908806.0,1100335054.0
2025-03-03,10.94,10.98,10.87,10.93,83045695.0,955266366.0
2025-03-04,10.89,10.97,10.86,10.93,68317873.0,785447989.0
2025-03-05,10.94,11.08,10.9,11.07,108064544.0,1254892074.0
2025-03-06,11.1,11.11,11.02,11.04,87740771.0,1021780609.0
2025-03-07,11.04,11.1,11.02,11.08,83553669.0,973236690.0
2025-03-10,11.07,11.08,10.97,11.01,66383393.0,769261385.0
2025-03-11,10.96,11.03,10.94,11.03,60897527.0,704240464.0
2025-03-12,11.02,11.27,10.98,11.25,187731840.0,2210904482.0
2025-03-13,11.22,11.31,11.19,11.24,131237121.0,1555123174.0
2025-03-14,11.23,11.4,11.23,11.37,172241765.0,2057970454.0
2025-03-17,11.04,11.08,10.88,10.92,460361210.0,5315522817.0
2025-03-18,10.94,10.96,10.9,10.91,160529000.0,1846500421.0
2025-03-19,10.9,10.95,10.88,10.94,136245491.0,1566452161.0
2025-03-20,10.93,11.03,10.91,10.91,110115724.0,1268849140.0
2025-03-21,10.91,10.94,10.82,10.85,137638897.0,1576151833.0
2025-03-24,10.84,10.86,10.77,10.81,116457734.0,1325564002.0
2025-03-25,10.81,10.85,10.79,10.85,73560888.0,839142044.0
2025-03-26,10.85,10.85,10.8,10.81,74086307.0,843536936.0
2025-03-27,10.8,10.84,10.78,10.82,55334940.0,629863383.0
2025-03-28,10.82,10.83,10.77,10.78,64494555.0,732420874.0
2025-03-31,10.79,10.81,10.69,10.69,111612564.0,1262598263.0
2025-04-01,10.7,10.73,10.66,10.7,68147042.0,767424131.0
2025-04-02,10.68,10.84,10.68,10.8,93264176.0,1058747241.0
2025-04-03,10.74,10.82,10.73,10.77,64391391.0,730375808.0
2025-04-07,10.45,10.49,9.95,10.16,254556048.0,2751055412.0
2025-04-08,10.14,10.3,10.12,10.28,146398771.0,1576590040.0
2025-04-09,10.19,10.29,10.12,10.26,106439405.0,1145238958.0
2025-04-10,10.31,10.38,10.28,10.35,86654805.0,943352302.0
2025-04-11,10.32,10.35,10.29,10.34,58387902.0,634311780.0
2025-04-14,10.4,10.48,10.37,10.38,78599345.0,862557144.0
2025-04-15,10.37,10.42,10.35,10.4,72275410.0,790139077.0
2025-04-16,10.38,10.46,10.36,10.45,84282217.0,923316063.0
2025-04-17,10.4,10.52,10.38,10.5,82391931.0,907597513.0
2025-04-18,10.48,10.63,10.47,10.62,72709815.0,810031605.0
2025-04-21,10.45,10.57,10.42,10.47,111418418.0,1230804536.0
2025-04-22,10.47,10.5,10.43,10.48,83112887.0,915967678.0
2025-04-23,10.48,10.49,10.42,10.46,58638293.0,645842400.0
2025-04-24,10.45,10.5,10.44,10.47,68925613.0,760348555.0
2025-04-25,10.48,10.49,10.44,10.46,63754686.0,702315255.0
2025-04-28,10.45,10.48,10.41,10.45,64201837.0,706520176.0
2025-04-29,10.45,10.47,10.4,10.43,64904494.0,712792543.0
2025-04-30,10.41,10.42,10.34,10.36,86983492.0,949911030.0
2025-05-06,10.37,10.45,10.34,10.41,85467127.0,935212114.0
2025-05-07,10.46,10.48,10.42,10.47,112627001.0,1240098147.0
2025-05-08,10.45,10.52,10.44,10.52,105661366.0,1167913498.0
2025-05-09,10.51,10.61,10.5,10.59,99989747.0,1113688153.0
2025-05-12,10.6,10.66,10.57,10.6,89560460.0,1000478411.0
2025-05-13,10.63,10.76,10.59,10.72,126103062.0,1420501315.0
2025-05-14,10.72,10.89,10.68,10.85,168351358.0,1912995433.0
2025-05-15,10.85,10.92,10.81,10.82,103546026.0,1183732832.0
2025-05-16,10.8,10.85,10.74,10.81,91474445.0,1039223623.0
2025-05-19,10.83,10.89,10.79,10.8,83139060.0,949883545.0
2025-05-20,10.83,10.89,10.8,10.82,64363480.0,734455266.0
2025-05-21,10.83,11.01,10.82,10.9,132827810.0,1528350368.0
2025-05-22,10.87,10.98,10.86,10.97,100296806.0,1155265064.0
2025-05-23,10.97,11.02,10.85,10.88,96264311.0,1108636101.0
2025-05-26,10.86,10.92,10.83,10.85,69915858.0,800495685.0
2025-05-27,10.87,10.96,10.85,10.91,80191514.0,921912281.0
2025-05-28,10.92,10.97,10.86,10.95,65817947.0,757571319.0
2025-05-29,10.94,10.97,10.87,10.88,91980676.0,1056726384.0
2025-05-30,10.89,11.0,10.86,10.98,113084931.0,1303433716.0
2025-06-03,10.96,11.31,10.95,11.22,219247966.0,2580962601.0
2025-06-04,11.23,11.28,11.19,11.24,116795950.0,1383019682.0
2025-06-05,11.28,11.31,11.07,11.08,116680349.0,1369212336.0
2025-06-06,11.11,11.2,11.09,11.11,68235251.0,799900024.0
2025-06-09,11.14,11.16,11.06,11.12,77325468.0,905092605.0
2025-06-10,11.13,11.29,11.12,11.22,142813180.0,1689018780.0
2025-06-11,11.23,11.33,11.2,11.25,109466664.0,1298656315.0
2025-06-12,11.32,11.46,11.29,11.44,129022047.0,1500287176.0
2025-06-13,11.44,11.5,11.32,11.34,109549419.0,1272773101.0
2025-06-16,11.33,11.55,11.29,11.55,117443827.0,1371041708.0
2025-06-17,11.55,11.64,11.47,11.52,89002734.0,1048960749.0
2025-06-18,11.54,11.57,11.42,11.53,68352111.0,802908098.0
2025-06-19,11.52,11.54,11.41,11.46,83224716.0,974127331.0
2025-06-20,11.46,11.62,11.43,11.6,130919782.0,1544541881.0
2025-06-23,11.57,11.73,11.43,11.69,138917048.0,1646476917.0
2025-06-24,11.66,11.77,11.6,11.69,130852531.0,1560621893.0
2025-06-25,11.69,11.83,11.59,11.81,167511647.0,2007989727.0
2025-06-26,11.8,12.23,11.77,12.16,217457766.0,2672207529.0
2025-06-27,12.12,12.32,11.88,11.95,237760015.0,2937865058.0
2025-06-30,11.89,11.92,11.72,11.82,150481965.0,1812492377.0
2025-07-01,11.81,12.08,11.81,12.05,135434108.0,1653806750.0
2025-07-02,12.06,12.16,11.98,12.07,120041184.0,1481842213.0
2025-07-03,12.08,12.17,12.03,12.1,79408597.0,980546007.0
2025-07-04,12.1,12.46,12.05,12.34,177533267.0,2224874056.0
2025-07-07,12.34,12.56,12.34,12.52,149540653.0,1901755851.0
2025-07-08,12.49,12.58,12.39,12.43,109098597.0,1387093602.0
2025-07-09,12.4,12.64,12.4,12.58,120596330.0,1542699035.0
2025-07-10,12.56,13.06,12.53,12.91,248141553.0,3249454029.0
2025-07-11,12.92,13.03,12.63,12.65,244374350.0,3200219566.0
2025-07-14,12.61,12.9,12.6,12.72,187289585.0,2440924105.0
2025-07-15,12.73,12.77,12.45,12.47,181053131.0,2322277285.0
2025-07-16,12.47,12.5,12.25,12.38,192786379.0,2424983973.0
2025-07-17,12.35,12.44,12.28,12.33,94464140.0,1189666227.0
2025-07-18,12.36,12.49,12.34,12.44,124120611.0,1574176824.0
2025-07-21,12.38,12.45,12.29,12.35,107902662.0,1360155719.0
2025-07-22,12.34,12.34,12.07,12.24,193522916.0,2408337286.0
2025-07-23,12.21,12.37,12.2,12.27,137052000.0,1719158803.0
2025-07-24,12.27,12.27,12.08,12.1,195935057.0,2426175236.0
2025-07-25,12.08,12.21,12.07,12.1,110826666.0,1372103731.0
2025-07-28,12.1,12.27,12.07,12.21,123824278.0,1541317047.0
2025-07-29,12.21,12.25,12.09,12.09,101281801.0,1255113972.0
2025-07-30,12.1,12.38,12.09,12.24,171516360.0,2149934405.0
2025-07-31,12.25,12.29,11.97,11.98,169008125.0,2079630602.0
2025-08-01,11.99,12.08,11.9,12.03,101218698.0,1240239180.0
2025-08-04,11.99,12.13,11.96,12.05,103268969.0,1271376407.0
2025-08-05,12.05,12.25,12.03,12.22,113207820.0,1405152349.0
2025-08-06,12.22,12.26,12.15,12.21,69044765.0,859684675.0
2025-08-07,12.19,12.27,12.14,12.22,72205305.0,900760013.0
2025-08-08,12.23,12.27,12.14,12.15,82979591.0,1032586759.0
2025-08-11,12.15,12.17,12.02,12.05,93435315.0,1150305113.0
2025-08-12,12.05,12.15,12.05,12.08,68005619.0,839635630.0
2025-08-13,12.12,12.15,11.98,12.01,111981305.0,1376777909.0
2025-08-14,12.02,12.09,11.94,11.95,124104129.0,1523447932.0
2025-08-15,11.98,11.98,11.7,11.83,194850295.0,2344073499.0
2025-08-18,11.81,11.9,11.78,11.83,123905837.0,1496527039.0
2025-08-19,11.85,11.87,11.77,11.81,89285989.0,1077380173.0
2025-08-20,11.81,11.87,11.74,11.82,104873853.0,1265435773.0
2025-08-21,11.8,11.94,11.78,11.9,121741825.0,1477053292.0
2025-08-22,11.9,11.92,11.74,11.81,164425977.0,1979461311.0
2025-08-25,11.87,12.27,11.85,12.2,304508753.0,3761289076.0
2025-08-26,12.2,12.25,12.05,12.11,138359861.0,1709560923.0
2025-08-27,12.07,12.11,11.8,11.81,186004950.0,2268070721.0
2025-08-28,11.84,11.89,11.73,11.83,165358793.0,1991723374.0
2025-08-29,11.8,11.97,11.78,11.8,180512568.0,2186232853.0
2025-09-01,11.8,11.8,11.61,11.65,185845902.0,2214306332.0
2025-09-02,11.61,11.75,11.6,11.74,149271566.0,1780010209.0
2025-09-03,11.74,11.77,11.5,11.51,136723249.0,1619322977.0
2025-09-04,11.52,11.53,11.36,11.5,129530002.0,1513956779.0
2025-09-05,11.49,11.5,11.39,11.48,81966156.0,957547463.0
2025-09-08,11.47,11.54,11.43,11.46,92443104.0,1083054608.0
2025-09-09,11.47,11.54,11.44,11.51,86053917.0,1009279729.0
2025-09-10,11.5,11.55,11.47,11.53,79266839.0,932170201.0
2025-09-11,11.53,11.61,11.47,11.61,96393163.0,1134234367.0
2025-09-12,11.59,11.64,11.46,11.48,94038510.0,1107449057.0
2025-09-15,11.46,11.48,11.39,11.41,84038656.0,980347617.0
2025-09-16,11.42,11.47,11.37,11.4,70804849.0,825169464.0
2025-09-17,11.4,11.43,11.34,11.4,77112893.0,896750270.0
2025-09-18,11.41,11.42,11.15,11.18,138616040.0,1594827200.0
2025-09-19,11.18,11.28,11.14,11.22,83465123.0,955004097.0
2025-09-22,11.21,11.24,11.14,11.15,59640232.0,680158439.0
2025-09-23,11.14,11.34,11.09,11.29,134143022.0,1543271185.0
2025-09-24,11.28,11.38,11.2,11.23,113958347.0,1310214181.0
2025-09-25,11.2,11.24,11.13,11.17,77327594.0,881943148.0
2025-09-26,11.16,11.21,11.09,11.17,75323875.0,856917688.0
2025-09-29,11.17,11.25,11.04,11.14,117601243.0,1334456974.0
2025-09-30,11.14,11.14,11.06,11.11,83247947.0,942224081.0
2025-10-09,11.1,11.18,11.04,11.17,104746906.0,1187061683.0
2025-10-10,11.14,11.26,11.13,11.2,108794775.0,1244213513.0
2025-10-13,11.09,11.23,11.05,11.17,116880173.0,1328180364.0
2025-10-14,11.16,11.36,11.13,11.33,184342836.0,2124120304.0
2025-10-15,11.34,11.42,11.26,11.4,127106103.0,1443458105.0
2025-10-16,11.38,11.55,11.36,11.54,126193687.0,1447841585.0
2025-10-17,11.5,11.58,11.38,11.4,103966632.0,1193518555.0
2025-10-20,11.41,11.45,11.27,11.42,95264110.0,1081829700.0
2025-10-21,11.4,11.47,11.39,11.43,76116462.0,869658080.0
2025-10-22,11.4,11.54,11.4,11.52,83370319.0,957661636.0
2025-10-23,11.52,11.71,11.5,11.63,137311158.0,1593155218.0
2025-10-24,11.6,11.68,11.55,11.56,98047530.0,1138026681.0
2025-10-27,11.54,11.61,11.44,11.52,123948526.0,1428199707.0
2025-10-28,11.53,11.58,11.42,11.47,82156818.0,943626835.0
2025-10-29,11.46,11.46,11.36,11.39,96621364.0,1100783363.0
2025-10-30,11.38,11.47,11.36,11.38,94377015.0,1077182643.0
2025-10-31,11.38,11.4,11.3,11.32,97019293.0,1099179193.0
2025-11-03,11.34,11.44,11.3,11.43,95232643.0,1084422504.0
2025-11-04,11.42,11.64,11.4,11.59,150300748.0,1737289514.0
2025-11-05,11.59,11.6,11.5,11.52,79492605.0,918112474.0
2025-11-06,11.5,11.58,11.47,11.51,76658546.0,882799462.0
2025-11-07,11.52,11.58,11.5,11.55,73485055.0,848177984.0
2025-11-10,11.52,11.64,11.45,11.63,82720833.0,957555601.0
2025-11-11,11.62,11.69,11.57,11.67,88650887.0,1033284776.0
2025-11-12,11.7,11.79,11.65,11.68,114132538.0,1337963805.0
2025-11-13,11.68,11.72,11.57,11.7,97899103.0,1139765204.0
2025-11-14,11.67,11.84,11.66,11.75,131699498.0,1551867288.0
2025-11-17,11.75,11.75,11.62,11.67,99523287.0,1161416222.0
2025-11-18,11.65,11.69,11.57,11.59,67007735.0,778887578.0
2025-11-19,11.58,11.83,11.57,11.8,133499619.0,1565428547.0
2025-11-20,11.79,11.99,11.74,11.85,163703985.0,1948415940.0
2025-11-21,11.8,11.88,11.66,11.69,146535888.0,1721871193.0
2025-11-24,11.7,11.73,11.6,11.6,111711880.0,1302444630.0
2025-11-25,11.61,11.8,11.58,11.8,102808052.0,1203879797.0
2025-11-26,11.81,11.85,11.65,11.69,82130109.0,962935430.0
2025-11-27,11.66,11.71,11.58,11.71,101184710.0,1178308953.0
2025-11-28,11.67,11.68,11.58,11.61,88435845.0,1027933464.0
2025-12-01,11.6,11.7,11.53,11.69,103732271.0,1205480323.0
2025-12-02,11.68,11.73,11.59,11.64,76805993.0,894720592.0
2025-12-03,11.64,11.7,11.54,11.55,94460109.0,1099167227.0
2025-12-04,11.55,11.58,11.46,11.49,88608988.0,1019178990.0
2025-12-05,11.49,11.54,11.4,11.53,89076609.0,1022334912.0
2025-12-08,11.49,11.6,11.48,11.52,85589893.0,988510035.0
2025-12-09,11.52,11.54,11.43,11.43,73395745.0,842732358.0
2025-12-10,11.44,11.46,11.29,11.33,104406472.0,1184087688.0
2025-12-11,11.35,11.39,11.3,11.37,92526129.0,1049906216.0
2025-12-12,11.37,11.43,11.3,11.35,119189472.0,1357465371.0
2025-12-15,11.34,11.54,11.33,11.51,94083253.0,1080642231.0
2025-12-16,11.49,11.55,11.44,11.48,64735136.0,743389002.0
2025-12-17,11.47,11.58,11.42,11.53,70149533.0,807135164.0
2025-12-18,11.51,11.65,11.48,11.64,79046654.0,916247611.0
2025-12-19,11.63,11.65,11.58,11.62,64988619.0,755106127.0
2025-12-22,11.61,11.61,11.51,11.52,74236916.0,857197057.0
2025-12-23,11.52,11.6,11.5,11.56,66626574.0,770081940.0
2025-12-24,11.55,11.58,11.49,11.54,50524356.0,582458735.0
2025-12-25,11.54,11.62,11.52,11.56,54745523.0,633772625.0
2025-12-26,11.56,11.59,11.53,11.54,43633984.0,504079280.0
2025-12-29,11.54,11.62,11.5,11.56,64829542.0,749082978.0
2025-12-30,11.53,11.56,11.45,11.48,58258433.0,669409275.0
2025-12-31,11.48,11.49,11.4,11.41,59062037.0,675457357.0
2026-01-05,11.42,11.51,11.41,11.5,87549118.0,1003479224.0
2026-01-06,11.5,11.68,11.48,11.67,130464842.0,1512911584.0
2026-01-07,11.66,11.82,11.62,11.64,96623624.0,1131165699.0
2026-01-08,11.64,11.65,11.49,11.51,110008511.0,1268647295.0
2026-01-09,11.53,11.53,11.44,11.46,98339004.0,1128076547.0
2026-01-12,11.45,11.49,11.42,11.48,85521298.0,979700148.0
2026-01-13,11.48,11.54,11.44,11.47,106154122.0,1219755569.0
2026-01-14,11.47,11.47,11.35,11.36,127475714.0,1454416591.0
2026-01-15,11.33,11.37,11.3,11.31,88495977.0,1002514947.0
2026-01-16,11.34,11.34,11.16,11.19,111947254.0,1257713579.0
2026-01-19,11.15,11.21,11.11,11.12,80474131.0,896712443.0
2026-01-20,11.12,11.2,11.11,11.16,77227609.0,861694178.0
2026-01-21,11.15,11.18,11.06,11.07,90012491.0,1001045288.0
2026-01-22,11.07,11.15,11.05,11.07,78863462.0,873985785.0
2026-01-23,11.07,11.09,10.98,10.99,110999429.0,1224886436.0
2026-01-26,10.98,11.06,10.92,10.96,110624665.0,1214803431.0
2026-01-27,10.96,11.03,10.93,10.94,89409121.0,981119838.0
2026-01-28,10.94,10.99,10.82,10.84,143876603.0,1570012850.0
2026-01-29,10.84,10.98,10.66,10.96,185299383.0,2001845208.0
2026-01-30,10.94,11.03,10.83,10.83,109175497.0,1191181198.0
2026-02-02,10.82,11.03,10.8,10.86,122317302.0,1337643445.0
2026-02-03,10.89,10.9,10.77,10.84,80662816.0,872562155.0
2026-02-04,10.85,10.98,10.84,10.97,69541547.0,760107689.0
2026-02-05,10.98,11.11,10.96,11.09,117759109.0,1301134142.0
2026-02-06,11.08,11.14,10.99,11.05,72770959.0,803862241.0
2026-02-09,11.05,11.11,11.01,11.07,61971670.0,685218215.0
2026-02-10,11.07,11.1,11.02,11.06,60042999.0,664140162.0
2026-02-11,11.06,11.09,11.02,11.07,43104098.0,476801864.0
2026-02-12,11.07,11.08,10.93,10.96,68134024.0,748338547.0
2026-02-13,10.96,10.99,10.9,10.91,55504736.0,607501376.0
2026-02-24,10.93,10.95,10.88,10.91,60251240.0,657487700.0
2026-02-25,10.91,10.95,10.78,10.86,106313487.0,1156693737.0
2026-02-26,10.86,10.91,10.8,10.87,71273019.0,772947727.0
2026-02-27,10.86,10.92,10.84,10.9,61222796.0,666177346.0
2026-03-02,10.85,10.89,10.77,10.85,83887355.0,908747812.0
2026-03-03,10.85,10.95,10.8,10.88,102869483.0,1119402076.0
2026-03-04,10.84,10.84,10.67,10.71,108971396.0,1167995856.0
2026-03-05,10.72,10.84,10.7,10.81,71264118.0,768553598.0
2026-03-06,10.78,10.84,10.77,10.82,47657680.0,514733550.0
2026-03-09,10.79,10.82,10.74,10.76,83589238.0,900716851.0
2026-03-10,10.77,10.81,10.73,10.81,79011168.0,850573536.0
2026-03-11,10.79,10.9,10.77,10.89,72053464.0,781041009.0
2026-03-12,10.87,10.96,10.85,10.94,75490558.0,824171954.0
2026-03-13,10.93,11.0,10.87,10.93,84193915.0,920839356.0
2026-03-16,10.93,10.97,10.88,10.92,71560301.0,782089441.0
2026-03-17,10.91,11.07,10.9,11.03,107665681.0,1187565492.0
2026-03-18,11.04,11.04,10.91,10.96,79107940.0,867711250.0
2026-03-19,10.92,10.97,10.86,10.88,62421195.0,681086519.0
2026-03-20,10.87,10.94,10.76,10.77,83408256.0,903819004.0
2026-03-23,10.68,10.68,10.43,10.45,158008833.0,1666328348.0
2026-03-24,10.52,10.89,10.52,10.88,162225127.0,1744746708.0
2026-03-25,10.89,10.95,10.79,10.94,74477991.0,809739890.0
2026-03-26,10.91,11.05,10.9,10.94,82766409.0,909199431.0
2026-03-27,10.91,11.05,10.83,11.02,88412862.0,972821270.0
2026-03-30,10.98,11.05,10.94,10.99,63252210.0,696208267.0
2026-03-31,11.0,11.18,10.99,11.08,116456534.0,1294675716.0
2026-04-01,11.09,11.23,11.08,11.15,91892539.0,1025538833.0
2026-04-02,11.15,11.32,11.13,11.27,114889522.0,1292756712.0
2026-04-03,11.28,11.28,11.09,11.12,75775733.0,845283641.0
2026-04-07,11.12,11.14,10.97,11.03,60795521.0,671322755.0
2026-04-08,11.11,11.22,11.05,11.22,81297589.0,906308305.0
2026-04-09,11.17,11.22,11.06,11.1,60236493.0,669239285.0
2026-04-10,11.1,11.13,11.07,11.09,48104693.0,534088991.0
2026-04-13,11.05,11.09,11.03,11.07,40610413.0,449056814.0
2026-04-14,11.07,11.17,11.07,11.17,49615109.0,551741633.0
2026-04-15,11.16,11.22,11.15,11.21,50393793.0,564031568.0
2026-04-16,11.2,11.23,11.07,11.09,68091460.0,758006903.0
2026-04-17,11.09,11.11,10.99,11.01,72253042.0,797678406.0
2026-04-20,11.01,11.07,10.96,11.06,63003366.0,695097194.0
2026-04-21,11.04,11.16,11.03,11.08,80694634.0,896659539.0
2026-04-22,11.08,11.09,10.95,10.98,83905399.0,923203009.0
2026-04-23,10.98,11.03,10.93,11.0,64806661.0,711757543.0
2026-04-24,10.98,11.03,10.92,11.0,58271012.0,639781173.0
