date,open,high,low,close,volume,amount
1998-04-27,1.41,2.7,1.41,2.54,34163000.0,1846204586.0
1998-04-28,2.56,2.68,2.54,2.57,6765800.0,371571836.0
1998-04-29,2.61,2.61,2.51,2.53,3393200.0,181927516.0
1998-04-30,2.53,2.57,2.52,2.54,2385600.0,127942178.0
1998-05-04,2.61,2.8,2.61,2.8,4920900.0,285312925.0
1998-05-05,2.98,3.08,2.92,2.97,8409500.0,532130549.0
1998-05-06,2.95,3.13,2.93,3.12,4436600.0,283147679.0
1998-05-07,3.18,3.31,3.13,3.15,6001600.0,405496128.0
1998-05-08,3.15,3.23,3.13,3.18,3539300.0,237166399.0
1998-05-11,3.16,3.18,3.02,3.04,3280200.0,212802478.0
1998-05-12,3.0,3.02,2.95,3.01,1915100.0,120685591.0
1998-05-13,3.0,3.12,2.99,3.03,1393000.0,89469273.0
1998-05-14,3.03,3.05,2.98,2.99,1150100.0,72694746.0
1998-05-15,3.0,3.09,2.99,3.03,1044000.0,66869012.0
1998-05-18,3.08,3.08,2.96,2.99,735700.0,46577620.0
1998-05-19,2.96,3.03,2.91,2.95,1097300.0,68153737.0
1998-05-20,2.94,2.95,2.88,2.89,921700.0,56580399.0
1998-05-21,2.86,3.0,2.86,2.94,772100.0,47391000.0
1998-05-22,2.94,2.99,2.92,2.96,826400.0,51396796.0
1998-05-25,2.96,2.96,2.88,2.89,687300.0,42102711.0
1998-05-26,2.89,2.94,2.86,2.88,662900.0,40315839.0
1998-05-27,2.89,2.89,2.82,2.83,1056000.0,63468756.0
1998-05-28,2.8,2.91,2.8,2.84,1240300.0,74459395.0
1998-05-29,2.85,2.89,2.83,2.84,536800.0,32330498.0
1998-06-01,2.84,2.84,2.74,2.79,1290700.0,75831725.0
1998-06-02,2.79,2.79,2.74,2.74,858500.0,49812716.0
1998-06-03,2.73,2.74,2.65,2.65,1237300.0,69987776.0
1998-06-04,2.63,2.75,2.62,2.7,1024300.0,58234328.0
1998-06-05,2.7,2.75,2.69,2.75,726100.0,41744760.0
1998-06-08,2.73,2.75,2.67,2.69,624000.0,35459054.0
1998-06-09,2.68,2.68,2.62,2.63,663800.0,37016730.0
1998-06-10,2.63,2.75,2.63,2.7,505800.0,28690456.0
1998-06-11,2.69,2.71,2.63,2.64,367000.0,20678423.0
1998-06-12,2.73,2.73,2.66,2.68,435500.0,24636089.0
1998-06-15,2.7,2.7,2.63,2.65,398500.0,22245713.0
1998-06-16,2.63,2.63,2.55,2.56,1012900.0,54970045.0
1998-06-17,2.56,2.6,2.54,2.56,381200.0,20584906.0
1998-06-18,2.56,2.59,2.56,2.58,478800.0,25972427.0
1998-06-19,2.56,2.62,2.56,2.61,549300.0,29882087.0
1998-06-22,2.63,2.7,2.62,2.65,500200.0,28089041.0
1998-06-23,2.65,2.69,2.62,2.67,333600.0,18666530.0
1998-06-24,2.7,2.71,2.62,2.63,221000.0,12312831.0
1998-06-25,2.63,2.64,2.58,2.58,320600.0,17511664.0
1998-06-26,2.57,2.59,2.56,2.57,413900.0,22423680.0
1998-06-29,2.61,2.61,2.52,2.53,504800.0,27030592.0
1998-06-30,2.54,2.54,2.39,2.4,907100.0,47227032.0
1998-07-01,2.44,2.47,2.33,2.36,1582000.0,79375815.0
1998-07-02,2.36,2.37,2.28,2.37,789200.0,38773050.0
1998-07-03,2.46,2.46,2.35,2.39,459000.0,23126620.0
1998-07-06,2.38,2.39,2.36,2.36,232200.0,11581883.0
1998-07-07,2.33,2.38,2.32,2.37,210300.0,10393877.0
1998-07-08,2.39,2.39,2.35,2.36,213500.0,10666208.0
1998-07-09,2.36,2.37,2.32,2.34,256100.0,12643439.0
1998-07-10,2.34,2.42,2.34,2.41,439600.0,22243944.0
1998-07-13,2.41,2.41,2.36,2.37,448100.0,22401723.0
1998-07-14,2.37,2.37,2.32,2.35,768700.0,38019923.0
1998-07-15,2.32,2.4,2.32,2.36,230200.0,11438810.0
1998-07-16,2.36,2.37,2.26,2.27,761600.0,36864685.0
1998-07-17,2.27,2.28,2.19,2.21,596400.0,27987578.0
1998-07-20,2.18,2.18,2.11,2.13,753600.0,33933099.0
1998-07-21,2.13,2.29,2.12,2.2,586800.0,26939970.0
1998-07-22,2.2,2.24,2.16,2.21,446000.0,20763525.0
1998-07-23,2.22,2.23,2.17,2.18,374900.0,17296748.0
1998-07-24,2.18,2.3,2.18,2.27,1025300.0,48859845.0
1998-07-27,2.27,2.28,2.23,2.25,394700.0,18772396.0
1998-07-28,2.25,2.27,2.23,2.24,177000.0,8387076.0
1998-07-29,2.23,2.26,2.2,2.21,301100.0,14169040.0
1998-07-30,2.21,2.24,2.17,2.2,509800.0,23619647.0
1998-07-31,2.2,2.23,2.2,2.21,177900.0,8320894.0
1998-08-03,2.2,2.2,2.13,2.14,554700.0,25119947.0
1998-08-04,2.14,2.17,2.12,2.15,350000.0,15762607.0
1998-08-05,2.18,2.18,2.13,2.13,273400.0,12337443.0
1998-08-06,2.16,2.21,2.13,2.15,462000.0,21037101.0
1998-08-07,2.16,2.16,2.1,2.11,542000.0,24262875.0
1998-08-10,2.09,2.09,2.0,2.01,548100.0,23546481.0
1998-08-11,1.99,2.06,1.98,1.99,367300.0,15485194.0
1998-08-12,1.99,2.01,1.9,1.94,790000.0,32320413.0
1998-08-13,1.99,2.01,1.94,1.98,415700.0,17308685.0
1998-08-14,1.97,1.97,1.9,1.91,537400.0,21791660.0
1998-08-17,1.9,1.9,1.73,1.76,849200.0,32163734.0
1998-08-18,1.73,1.87,1.71,1.79,913700.0,34968101.0
1998-08-19,1.79,1.85,1.79,1.84,524900.0,20123003.0
1998-08-20,1.84,1.87,1.82,1.86,529500.0,20580522.0
1998-08-21,1.86,1.95,1.84,1.94,991200.0,39868897.0
1998-08-24,1.94,2.0,1.9,1.99,1590000.0,65994131.0
1998-08-25,1.99,1.99,1.92,1.95,491600.0,20129526.0
1998-08-26,1.92,1.95,1.9,1.9,426100.0,17226824.0
1998-08-27,1.87,1.89,1.82,1.82,513000.0,20051385.0
1998-08-28,1.8,1.84,1.8,1.82,702100.0,26885268.0
1998-08-31,1.81,1.85,1.75,1.85,482900.0,18260467.0
1998-09-01,1.85,1.88,1.82,1.85,225200.0,8825892.0
1998-09-02,1.85,1.88,1.83,1.85,193300.0,7581508.0
1998-09-03,1.84,1.89,1.84,1.86,211100.0,8326120.0
1998-09-04,1.89,1.94,1.89,1.93,655700.0,26596953.0
1998-09-07,1.94,1.96,1.92,1.93,397600.0,16170918.0
1998-09-08,1.94,1.95,1.93,1.93,351900.0,14388322.0
1998-09-09,1.9,1.98,1.9,1.98,737300.0,30491095.0
1998-09-10,1.99,2.11,1.99,2.1,1911800.0,83913624.0
1998-09-11,2.11,2.15,2.06,2.08,1181900.0,52715444.0
1998-09-14,2.08,2.1,2.04,2.08,519600.0,22701813.0
1998-09-15,2.08,2.08,2.02,2.03,638700.0,27680000.0
1998-09-16,2.0,2.03,1.98,2.02,508700.0,21532787.0
1998-09-17,2.02,2.05,1.98,1.99,532500.0,22505901.0
1998-09-18,1.98,1.99,1.95,1.95,378200.0,15660812.0
1998-09-21,1.94,1.98,1.93,1.98,212900.0,8801245.0
1998-09-22,1.98,1.99,1.95,1.96,175200.0,7266053.0
1998-09-23,1.97,1.98,1.94,1.95,279200.0,11477083.0
1998-09-24,1.96,1.96,1.89,1.89,506000.0,20388080.0
1998-09-25,1.89,1.92,1.89,1.91,233800.0,9373225.0
1998-09-28,1.91,1.91,1.88,1.9,380400.0,15233255.0
1998-09-29,1.9,1.91,1.89,1.9,379200.0,15182893.0
1998-09-30,1.9,1.96,1.9,1.95,208600.0,8521202.0
1998-10-05,1.94,2.01,1.94,2.01,535100.0,22499354.0
1998-10-06,2.01,2.03,1.93,1.93,263100.0,10909438.0
1998-10-07,1.91,1.94,1.91,1.92,140100.0,5685276.0
1998-10-08,1.94,1.94,1.92,1.93,145300.0,5908894.0
1998-10-09,1.94,1.96,1.93,1.93,219100.0,8988579.0
1998-10-12,1.93,1.94,1.89,1.9,311300.0,12490959.0
1998-10-13,1.9,1.92,1.9,1.9,207200.0,8334970.0
1998-10-14,1.9,1.92,1.89,1.9,194100.0,7773691.0
1998-10-15,1.9,1.91,1.89,1.9,254800.0,10179295.0
1998-10-16,1.91,1.94,1.9,1.93,169000.0,6879182.0
1998-10-19,1.93,1.93,1.9,1.91,264400.0,10651872.0
1998-10-20,1.91,1.92,1.9,1.9,241700.0,9704481.0
1998-10-21,1.9,1.9,1.84,1.84,556700.0,21744239.0
1998-10-22,1.84,1.89,1.82,1.87,449400.0,17470265.0
1998-10-23,1.87,1.93,1.85,1.86,281600.0,11225524.0
1998-10-26,1.84,1.87,1.84,1.84,403700.0,15712423.0
1998-10-27,1.82,1.84,1.8,1.82,694900.0,26696800.0
1998-10-28,1.83,1.85,1.82,1.85,470200.0,18156795.0
1998-10-29,1.85,1.87,1.83,1.84,233000.0,9069728.0
1998-10-30,1.83,1.9,1.83,1.85,377700.0,14973773.0
1998-11-02,1.86,1.89,1.85,1.88,205700.0,8108078.0
1998-11-03,1.89,1.96,1.88,1.92,590200.0,24055124.0
1998-11-04,1.91,1.93,1.91,1.91,204400.0,8252896.0
1998-11-05,1.91,1.93,1.88,1.92,365800.0,14650096.0
1998-11-06,1.94,2.0,1.92,1.97,1085500.0,45402676.0
1998-11-09,1.97,2.03,1.97,2.01,743000.0,31380774.0
1998-11-10,2.0,2.0,1.95,1.97,459300.0,19106902.0
1998-11-11,1.96,1.99,1.95,1.96,320200.0,13281196.0
1998-11-12,1.96,1.99,1.94,1.94,355400.0,14653459.0
1998-11-13,1.94,1.96,1.91,1.92,459800.0,18704390.0
1998-11-16,1.92,1.99,1.91,1.97,563000.0,23326405.0
1998-11-17,1.98,2.1,1.98,2.07,2551200.0,109961278.0
1998-11-18,2.09,2.09,2.02,2.02,894500.0,38605666.0
1998-11-19,2.01,2.06,2.0,2.05,632300.0,27231043.0
1998-11-20,2.05,2.12,2.05,2.08,1047900.0,46216415.0
1998-11-23,2.09,2.16,2.09,2.16,1855800.0,83692997.0
1998-11-24,2.16,2.19,2.12,2.14,1058400.0,48065957.0
1998-11-25,2.13,2.16,2.08,2.08,704500.0,31388415.0
1998-11-26,2.07,2.09,2.06,2.08,489200.0,21489366.0
1998-11-27,2.11,2.13,2.08,2.09,515500.0,22881744.0
1998-11-30,2.09,2.1,2.06,2.07,395200.0,17322054.0
1998-12-01,2.08,2.09,2.04,2.05,310100.0,13452416.0
1998-12-02,2.05,2.07,2.03,2.07,268500.0,11576305.0
1998-12-03,2.08,2.1,2.05,2.08,364900.0,16024727.0
1998-12-04,2.09,2.09,2.04,2.05,288000.0,12469043.0
1998-12-07,2.09,2.11,2.04,2.05,295100.0,12855039.0
1998-12-08,2.05,2.06,2.02,2.03,340600.0,14641702.0
1998-12-09,2.04,2.04,2.01,2.03,273200.0,11647434.0
1998-12-10,2.02,2.03,1.97,1.99,498500.0,21075065.0
1998-12-11,1.98,2.02,1.96,2.01,214400.0,8960928.0
1998-12-14,2.01,2.01,1.97,1.98,324400.0,13557479.0
1998-12-15,1.97,1.98,1.94,1.97,222000.0,9162264.0
1998-12-16,1.97,1.98,1.96,1.96,150500.0,6271127.0
1998-12-17,1.95,1.97,1.92,1.92,248400.0,10202152.0
1998-12-18,1.91,1.95,1.9,1.94,304600.0,12419459.0
1998-12-21,1.93,1.96,1.91,1.94,95200.0,3898691.0
1998-12-22,1.94,2.01,1.94,2.0,280000.0,11704617.0
1998-12-23,2.0,2.0,1.97,1.98,228300.0,9541732.0
1998-12-24,1.97,1.97,1.94,1.95,237900.0,9792622.0
1998-12-25,1.96,1.96,1.94,1.95,244500.0,10047746.0
1998-12-28,1.95,1.98,1.92,1.94,389200.0,15921859.0
1998-12-29,1.92,1.94,1.91,1.93,353800.0,14393265.0
1998-12-30,1.93,1.94,1.91,1.94,315500.0,12815779.0
1998-12-31,1.94,1.96,1.93,1.93,150000.0,6148202.0
1999-01-04,1.9,1.96,1.9,1.93,92000.0,3750960.0
1999-01-05,1.91,1.92,1.89,1.92,204400.0,8219845.0
1999-01-06,1.85,1.93,1.85,1.91,134600.0,5435228.0
1999-01-07,1.91,1.94,1.9,1.94,218300.0,8893592.0
1999-01-08,1.94,1.97,1.92,1.97,317400.0,13064708.0
1999-01-11,1.97,1.98,1.96,1.98,183000.0,7632972.0
1999-01-12,1.99,1.99,1.96,1.96,156000.0,6488350.0
1999-01-13,1.95,1.96,1.94,1.94,210700.0,8662626.0
1999-01-14,1.94,1.98,1.92,1.95,124300.0,5123588.0
1999-01-15,1.95,1.97,1.94,1.95,137400.0,5677779.0
1999-01-18,1.94,2.02,1.94,2.02,440100.0,18557000.0
1999-01-19,2.02,2.03,1.99,2.0,316000.0,13400893.0
1999-01-20,2.04,2.09,2.03,2.04,687100.0,29945359.0
1999-01-21,2.03,2.06,2.01,2.04,261900.0,11215318.0
1999-01-22,2.05,2.07,2.01,2.03,371700.0,16110608.0
1999-01-25,2.02,2.04,1.98,1.98,331100.0,13979926.0
1999-01-26,1.98,2.0,1.97,1.97,204700.0,8566238.0
1999-01-27,1.97,1.98,1.93,1.95,279800.0,11554259.0
1999-01-28,1.94,1.97,1.94,1.94,185000.0,7602946.0
1999-01-29,1.94,1.95,1.92,1.94,224500.0,9161983.0
1999-02-01,1.92,1.94,1.91,1.91,206000.0,8341690.0
1999-02-02,1.9,1.95,1.9,1.92,215800.0,8741591.0
1999-02-03,1.93,1.94,1.92,1.92,162800.0,6610667.0
1999-02-04,1.93,1.93,1.89,1.9,268900.0,10812843.0
1999-02-05,1.89,1.89,1.87,1.87,272300.0,10777795.0
1999-02-08,1.86,1.86,1.79,1.8,604200.0,23375883.0
1999-02-09,1.8,1.86,1.8,1.86,377600.0,14719097.0
1999-03-01,1.87,1.87,1.83,1.85,142100.0,5555902.0
1999-03-02,1.85,1.85,1.81,1.82,185900.0,7149177.0
1999-03-03,1.81,1.87,1.8,1.87,149200.0,5760722.0
1999-03-04,1.87,1.87,1.84,1.84,116800.0,4564228.0
1999-03-05,1.82,1.87,1.82,1.87,124800.0,4870272.0
1999-03-08,1.87,1.87,1.82,1.85,161700.0,6307856.0
1999-03-09,1.85,1.87,1.84,1.85,142300.0,5551804.0
1999-03-10,1.85,1.9,1.84,1.89,157600.0,6239813.0
1999-03-11,1.89,1.93,1.88,1.93,327800.0,13187216.0
1999-03-12,1.89,1.95,1.89,1.9,108200.0,4378165.0
1999-03-15,1.9,1.9,1.87,1.87,225500.0,8951954.0
1999-03-16,1.87,1.87,1.85,1.86,121800.0,4782643.0
1999-03-17,1.86,1.88,1.86,1.87,141400.0,5569377.0
1999-03-18,1.87,1.87,1.85,1.85,190900.0,7477750.0
1999-03-19,1.85,1.87,1.84,1.87,199100.0,7779308.0
1999-03-22,1.86,1.86,1.84,1.86,444600.0,17349889.0
1999-03-23,1.86,1.9,1.85,1.85,217700.0,8613681.0
1999-03-24,1.85,1.87,1.84,1.85,198000.0,7746920.0
1999-03-25,1.85,1.85,1.83,1.83,229700.0,8911423.0
1999-03-26,1.83,1.87,1.83,1.84,128800.0,5007662.0
1999-03-29,1.84,1.84,1.81,1.82,257000.0,9865479.0
1999-03-30,1.81,1.82,1.77,1.77,915500.0,34646634.0
1999-03-31,1.75,1.79,1.75,1.75,591100.0,21926421.0
1999-04-01,1.76,1.78,1.72,1.73,710800.0,26074584.0
1999-04-02,1.73,1.78,1.73,1.77,454900.0,16711939.0
1999-04-05,1.77,1.78,1.74,1.75,357900.0,13229022.0
1999-04-06,1.75,1.78,1.75,1.75,339500.0,12567343.0
1999-04-07,1.75,1.75,1.73,1.74,241600.0,8876478.0
1999-04-08,1.74,1.76,1.73,1.75,209400.0,7715089.0
1999-04-09,1.75,1.78,1.74,1.76,353500.0,13090228.0
1999-04-12,1.75,1.75,1.69,1.7,437000.0,15789975.0
1999-04-13,1.7,1.74,1.68,1.74,348400.0,12572127.0
1999-04-14,1.73,1.74,1.71,1.74,175400.0,6411669.0
1999-04-15,1.73,1.73,1.7,1.71,211400.0,7618526.0
1999-04-16,1.76,1.82,1.74,1.77,1016800.0,38195759.0
1999-04-19,1.77,1.79,1.73,1.74,290300.0,10696801.0
1999-04-20,1.74,1.74,1.7,1.7,299500.0,10830148.0
1999-04-21,1.7,1.7,1.66,1.66,476600.0,16886804.0
1999-04-22,1.66,1.68,1.62,1.66,594900.0,20634848.0
1999-04-23,1.66,1.68,1.65,1.66,203700.0,7126940.0
1999-04-26,1.65,1.65,1.58,1.59,493500.0,16745870.0
1999-04-27,1.58,1.58,1.52,1.53,502800.0,16393003.0
1999-04-28,1.53,1.58,1.53,1.55,241700.0,7926622.0
1999-04-29,1.55,1.58,1.53,1.57,179900.0,5942132.0
1999-04-30,1.58,1.63,1.58,1.62,254200.0,8606267.0
1999-05-04,1.61,1.61,1.58,1.58,127600.0,4278130.0
1999-05-05,1.56,1.6,1.55,1.59,133100.0,4407689.0
1999-05-06,1.6,1.62,1.57,1.6,145400.0,4904917.0
1999-05-07,1.61,1.62,1.57,1.58,95200.0,3199992.0
1999-05-10,1.56,1.56,1.48,1.51,344500.0,11020955.0
1999-05-11,1.51,1.54,1.51,1.52,164800.0,5273517.0
1999-05-12,1.52,1.53,1.51,1.52,205700.0,6582003.0
1999-05-13,1.52,1.52,1.48,1.5,224100.0,7098637.0
1999-05-14,1.49,1.49,1.47,1.47,338300.0,10515755.0
1999-05-17,1.43,1.47,1.43,1.45,185700.0,5696769.0
1999-05-18,1.45,1.47,1.45,1.45,198300.0,6127016.0
1999-05-19,1.45,1.59,1.45,1.53,387800.0,12376485.0
1999-05-20,1.54,1.58,1.53,1.57,561800.0,18497859.0
1999-05-21,1.58,1.67,1.58,1.62,1032200.0,35502919.0
1999-05-24,1.63,1.67,1.61,1.66,1060500.0,36754839.0
1999-05-26,1.66,1.75,1.66,1.71,1321300.0,47768750.0
1999-05-27,1.73,1.84,1.73,1.84,1792400.0,68093624.0
1999-05-28,1.85,1.87,1.75,1.79,999500.0,37842015.0
1999-05-31,1.8,1.82,1.7,1.73,1166300.0,43291159.0
1999-06-01,1.74,1.75,1.71,1.73,814300.0,29631080.0
1999-06-02,1.75,1.78,1.7,1.71,918000.0,33640105.0
1999-06-03,1.71,1.71,1.66,1.66,857600.0,30169565.0
1999-06-04,1.66,1.7,1.65,1.68,693200.0,24319428.0
1999-06-07,1.71,1.76,1.68,1.74,734000.0,26695257.0
1999-06-08,1.79,1.79,1.72,1.72,612800.0,21619104.0
1999-06-09,1.72,1.75,1.72,1.73,558500.0,19721928.0
1999-06-10,1.79,1.87,1.77,1.82,2372000.0,88291569.0
1999-06-11,1.82,1.88,1.74,1.81,1157900.0,43465622.0
1999-06-14,1.81,1.87,1.8,1.84,920000.0,34523769.0
1999-06-15,1.86,1.96,1.83,1.86,2937400.0,113813995.0
1999-06-16,1.87,2.04,1.87,2.04,3666400.0,146364675.0
1999-06-17,2.11,2.25,2.09,2.24,5608400.0,250173869.0
1999-06-18,2.26,2.28,2.21,2.21,3193100.0,145648687.0
1999-06-21,2.23,2.39,2.22,2.36,2498500.0,118862026.0
1999-06-22,2.36,2.38,2.3,2.33,1372200.0,65186231.0
1999-06-23,2.34,2.4,2.33,2.35,1510300.0,72685219.0
1999-06-24,2.36,2.44,2.36,2.41,2403400.0,118165867.0
1999-06-25,2.43,2.65,2.36,2.4,4703200.0,242412368.0
1999-06-28,2.41,2.57,2.4,2.56,2766800.0,141062114.0
1999-06-29,2.61,2.63,2.46,2.54,2533500.0,130250025.0
1999-06-30,2.5,2.5,2.36,2.36,2771800.0,137271261.0
1999-07-01,2.36,2.36,2.12,2.16,3484000.0,156643284.0
1999-07-02,2.21,2.37,2.16,2.37,4074100.0,191840143.0
1999-07-05,2.4,2.61,2.4,2.47,3590900.0,185245744.0
1999-07-06,2.48,2.53,2.34,2.34,1579200.0,77618545.0
1999-07-07,2.36,2.45,2.33,2.42,1438500.0,69785672.0
1999-07-08,2.44,2.5,2.4,2.45,1276800.0,63812982.0
1999-07-09,2.45,2.53,2.44,2.51,1584600.0,80628333.0
1999-07-12,2.52,2.65,2.52,2.55,2779000.0,147210179.0
1999-07-13,2.56,2.56,2.43,2.45,1135300.0,57279996.0
1999-07-14,2.45,2.57,2.43,2.51,902200.0,45888722.0
1999-07-15,2.49,2.57,2.45,2.48,824500.0,41794678.0
1999-07-16,2.45,2.5,2.39,2.4,1458700.0,72241844.0
1999-07-19,2.38,2.38,2.29,2.3,1052429.0,50109574.0
1999-07-20,2.3,2.48,2.28,2.46,1367900.0,66278993.0
1999-07-21,2.48,2.51,2.43,2.47,1548800.0,78211951.0
1999-07-22,2.48,2.55,2.4,2.4,1142200.0,57587854.0
1999-07-23,2.4,2.5,2.4,2.43,611500.0,30410488.0
1999-07-26,2.48,2.48,2.42,2.44,437800.0,21825937.0
1999-07-27,2.45,2.45,2.39,2.41,311300.0,15359701.0
1999-07-28,2.39,2.45,2.39,2.41,488900.0,24036459.0
1999-07-29,2.45,2.46,2.38,2.4,326000.0,15923076.0
1999-07-30,2.4,2.45,2.38,2.38,276600.0,13570070.0
1999-08-02,2.38,2.42,2.37,2.38,475500.0,23178252.0
1999-08-03,2.37,2.4,2.29,2.31,1111000.0,52559705.0
1999-08-04,2.32,2.37,2.3,2.35,429900.0,20440000.0
1999-08-05,2.4,2.4,2.34,2.35,418200.0,20135790.0
1999-08-06,2.4,2.4,2.27,2.33,715800.0,33598847.0
1999-08-09,2.31,2.31,2.25,2.26,864500.0,39843513.0
1999-08-10,2.25,2.25,2.19,2.23,666000.0,30105282.0
1999-08-11,2.21,2.25,2.18,2.21,421700.0,19005765.0
1999-08-12,2.21,2.22,2.18,2.19,312000.0,13998014.0
1999-08-13,2.19,2.23,2.18,2.21,234000.0,10480861.0
1999-08-16,2.26,2.33,2.23,2.28,741700.0,34580650.0
1999-08-17,2.39,2.44,2.34,2.36,1762300.0,85387865.0
1999-08-18,2.38,2.39,2.31,2.33,564000.0,26866645.0
1999-08-19,2.35,2.41,2.35,2.4,877200.0,42640004.0
1999-08-20,2.41,2.43,2.36,2.36,362700.0,17582357.0
1999-08-23,2.4,2.4,2.36,2.37,271500.0,13145429.0
1999-08-24,2.44,2.44,2.38,2.39,325600.0,15913695.0
1999-08-25,2.39,2.4,2.33,2.34,378900.0,18155490.0
1999-08-26,2.34,2.37,2.33,2.37,231800.0,11082554.0
1999-08-27,2.36,2.37,2.34,2.35,181200.0,8683373.0
1999-08-30,2.35,2.42,2.31,2.32,217200.0,10380233.0
1999-08-31,2.33,2.36,2.32,2.33,205800.0,9758374.0
1999-09-01,2.33,2.33,2.26,2.27,296700.0,13875569.0
1999-09-02,2.26,2.28,2.23,2.28,475700.0,21831308.0
1999-09-03,2.28,2.28,2.24,2.25,215200.0,9899650.0
1999-09-06,2.24,2.24,2.21,2.21,325500.0,14676116.0
1999-09-07,2.21,2.24,2.21,2.21,241600.0,10916856.0
1999-09-08,2.21,2.23,2.21,2.22,196300.0,8867440.0
1999-09-09,2.25,2.38,2.23,2.37,776000.0,36825253.0
1999-09-10,2.39,2.41,2.31,2.33,609400.0,29325970.0
1999-09-13,2.35,2.35,2.31,2.32,240300.0,11388920.0
1999-09-14,2.34,2.35,2.31,2.32,211500.0,10025039.0
1999-09-15,2.34,2.34,2.3,2.31,188100.0,8850812.0
1999-09-16,2.31,2.31,2.27,2.27,246000.0,11481049.0
1999-09-17,2.27,2.31,2.27,2.29,207700.0,9694210.0
1999-09-20,2.32,2.33,2.26,2.31,593000.0,27646045.0
1999-09-22,2.33,2.33,2.29,2.3,173000.0,8137390.0
1999-09-23,2.31,2.31,2.28,2.29,256500.0,12000450.0
1999-09-24,2.34,2.34,2.27,2.3,477200.0,22228353.0
1999-09-27,2.31,2.36,2.29,2.34,579700.0,27482537.0
1999-09-28,2.35,2.46,2.33,2.39,1613700.0,52839152.0
1999-09-29,2.4,2.43,2.34,2.34,623180.0,20164835.0
1999-09-30,2.35,2.36,2.31,2.31,528100.0,16660000.0
1999-10-08,2.28,2.29,2.21,2.23,571200.0,17329687.0
1999-10-11,2.22,2.25,2.17,2.21,291800.0,8780477.0
1999-10-12,2.23,2.27,2.22,2.24,324000.0,9855000.0
1999-10-13,2.26,2.26,2.2,2.21,236900.0,7130661.0
1999-10-14,2.21,2.22,2.16,2.18,283200.0,8416796.0
1999-10-15,2.19,2.23,2.19,2.21,274100.0,8232088.0
1999-10-18,2.21,2.22,2.13,2.13,308200.0,9099431.0
1999-10-19,2.13,2.13,2.06,2.08,407300.0,11562554.0
1999-10-20,2.06,2.1,2.06,2.09,281200.0,7959320.0
1999-10-21,2.09,2.09,2.05,2.05,361900.0,10140967.0
1999-10-22,2.05,2.15,2.05,2.09,442600.0,12583173.0
1999-10-25,2.09,2.11,2.06,2.06,261300.0,7344058.0
1999-10-26,2.05,2.1,2.05,2.08,198600.0,5596646.0
1999-10-27,2.13,2.19,2.12,2.14,538900.0,15658620.0
1999-10-28,2.17,2.17,2.1,2.11,479300.0,13837224.0
1999-10-29,2.12,2.12,2.06,2.08,291900.0,8279244.0
1999-11-01,2.08,2.08,2.05,2.06,474100.0,13275098.0
1999-11-02,2.08,2.08,2.05,2.06,251900.0,7057078.0
1999-11-03,2.06,2.07,2.05,2.06,198900.0,5568800.0
1999-11-04,2.06,2.06,2.02,2.04,248200.0,6886152.0
1999-11-05,2.02,2.06,2.02,2.04,203200.0,5640145.0
1999-11-08,2.09,2.09,2.06,2.06,398600.0,11187078.0
1999-11-09,2.09,2.1,2.07,2.08,304100.0,8583013.0
1999-11-10,2.06,2.08,2.05,2.07,367300.0,10264953.0
1999-11-11,2.06,2.07,2.05,2.05,333400.0,9323309.0
1999-11-12,2.05,2.07,2.05,2.05,217200.0,6071878.0
1999-11-15,2.06,2.06,2.04,2.06,192500.0,5375801.0
1999-11-16,2.06,2.1,2.05,2.06,203600.0,5704651.0
1999-11-17,2.06,2.1,2.05,2.1,244900.0,6893043.0
1999-11-18,2.1,2.13,2.07,2.12,446300.0,12834065.0
1999-11-19,2.12,2.13,2.06,2.06,234300.0,6661806.0
1999-11-22,2.05,2.07,2.05,2.05,296600.0,8289406.0
1999-11-23,2.05,2.06,2.04,2.05,161900.0,4513903.0
1999-11-24,2.05,2.07,2.05,2.06,186500.0,5220747.0
1999-11-25,2.06,2.07,2.05,2.06,155900.0,4367753.0
1999-11-26,2.06,2.07,2.06,2.06,176400.0,4940575.0
1999-11-29,2.06,2.12,2.06,2.07,127700.0,3614642.0
1999-11-30,2.11,2.12,2.07,2.09,130500.0,3711574.0
1999-12-01,2.1,2.1,2.08,2.09,120100.0,3412703.0
1999-12-02,2.09,2.09,2.06,2.07,140200.0,3955070.0
1999-12-03,2.08,2.08,2.06,2.06,235600.0,6602570.0
1999-12-06,2.07,2.07,2.06,2.07,217200.0,6083503.0
1999-12-07,2.06,2.09,2.06,2.08,120100.0,3378018.0
1999-12-08,2.08,2.16,2.08,2.12,766200.0,22209890.0
1999-12-09,2.12,2.13,2.08,2.09,171500.0,4874899.0
1999-12-10,2.09,2.1,2.06,2.1,274009.0,7750834.0
1999-12-13,2.11,2.11,2.07,2.08,279900.0,7919455.0
1999-12-14,2.08,2.09,2.07,2.08,371100.0,10466310.0
1999-12-15,2.08,2.15,2.08,2.12,831100.0,24039113.0
1999-12-16,2.14,2.14,2.1,2.11,281100.0,8081251.0
1999-12-17,2.11,2.19,2.11,2.16,1424800.0,41902263.0
1999-12-21,2.16,2.26,2.16,2.24,2244000.0,67967200.0
1999-12-22,2.24,2.26,2.2,2.22,913200.0,27594888.0
1999-12-23,2.22,2.23,2.15,2.15,524434.0,15515392.0
1999-12-24,2.15,2.16,2.12,2.12,357400.0,10343000.0
1999-12-27,2.13,2.16,2.11,2.14,369300.0,10662638.0
1999-12-28,2.16,2.18,2.13,2.13,310000.0,9062726.0
1999-12-29,2.13,2.17,2.12,2.16,315700.0,9194311.0
1999-12-30,2.16,2.17,2.14,2.16,253500.0,7449345.0
2000-01-04,2.17,2.24,2.16,2.22,701800.0,21092246.0
2000-01-05,2.23,2.33,2.22,2.24,1472600.0,45384980.0
2000-01-06,2.23,2.35,2.22,2.33,1749700.0,54743149.0
2000-01-07,2.35,2.44,2.34,2.41,4027600.0,131115251.0
2000-01-10,2.44,2.47,2.4,2.41,3242200.0,107065542.0
2000-01-11,2.42,2.43,2.3,2.31,2045300.0,65815294.0
2000-01-12,2.29,2.36,2.25,2.27,1119900.0,34769228.0
2000-01-13,2.27,2.28,2.24,2.24,772300.0,23676294.0
2000-01-14,2.24,2.26,2.21,2.21,640700.0,19402281.0
2000-01-17,2.21,2.26,2.18,2.26,474600.0,14298060.0
2000-01-18,2.27,2.31,2.23,2.29,548200.0,16912661.0
2000-01-19,2.3,2.45,2.3,2.4,2839400.0,93126765.0
2000-01-20,2.4,2.44,2.36,2.4,1417400.0,46163733.0
2000-01-21,2.4,2.43,2.37,2.4,1905900.0,62306445.0
2000-01-24,2.42,2.53,2.41,2.47,3133300.0,105457817.0
2000-01-25,2.5,2.52,2.4,2.41,1323700.0,43987387.0
2000-01-26,2.65,2.65,2.38,2.4,3799500.0,126037366.0
2000-01-27,2.41,2.42,2.32,2.35,4674600.0,148788079.0
2000-01-28,2.36,2.46,2.28,2.45,4978700.0,158081615.0
2000-02-14,2.49,2.69,2.49,2.67,5872300.0,206575922.0
2000-02-15,2.69,2.73,2.5,2.56,8835600.0,317132620.0
2000-02-16,2.54,2.55,2.44,2.45,4436900.0,149497081.0
2000-02-17,2.46,2.61,2.36,2.36,4283500.0,142563556.0
2000-02-18,2.36,2.48,2.33,2.44,2663400.0,87509172.0
2000-02-21,2.44,2.54,2.38,2.46,2602200.0,86473234.0
2000-02-22,2.46,2.5,2.36,2.37,2418400.0,78951598.0
2000-02-23,2.36,2.36,2.26,2.28,2226000.0,69500261.0
2000-02-24,2.32,2.33,2.28,2.32,1189700.0,37164514.0
2000-02-28,2.31,2.56,2.24,2.49,6705900.0,216926314.0
2000-02-29,2.5,2.54,2.39,2.41,4760000.0,158038262.0
2000-03-01,2.41,2.48,2.33,2.35,2341000.0,75579551.0
2000-03-02,2.35,2.36,2.28,2.32,2394900.0,75579551.0
2000-03-03,2.34,2.43,2.33,2.35,1716100.0,55166763.0
2000-03-06,2.36,2.39,2.28,2.29,1690800.0,53386055.0
2000-03-07,2.28,2.39,2.25,2.36,1728700.0,54573493.0
2000-03-08,2.37,2.38,2.32,2.35,1057900.0,33604086.0
2000-03-09,2.36,2.37,2.31,2.32,1266700.0,40142885.0
2000-03-10,2.33,2.33,2.28,2.29,1427900.0,44534272.0
2000-03-13,2.28,2.36,2.26,2.3,826700.0,25805561.0
2000-03-14,2.28,2.28,2.21,2.25,1792600.0,54666009.0
2000-03-15,2.25,2.27,2.22,2.22,1185200.0,36071841.0
2000-03-16,2.22,2.22,2.13,2.15,1651000.0,48801661.0
2000-03-17,2.13,2.18,2.13,2.18,1112100.0,32688098.0
2000-03-20,2.13,2.21,2.13,2.2,1106300.0,32815196.0
2000-03-21,2.2,2.27,2.2,2.22,854000.0,25920652.0
2000-03-22,2.22,2.24,2.21,2.22,1057100.0,31892686.0
2000-03-23,2.22,2.23,2.19,2.21,1174600.0,35174834.0
2000-03-24,2.21,2.29,2.21,2.26,1624600.0,49919783.0
2000-03-27,2.27,2.29,2.23,2.27,1209900.0,37054030.0
2000-03-28,2.28,2.3,2.25,2.27,1100000.0,33866309.0
2000-03-29,2.28,2.28,2.21,2.25,1100500.0,33685767.0
2000-03-30,2.25,2.27,2.23,2.24,1311700.0,39944786.0
2000-03-31,2.24,2.25,2.21,2.22,1762100.0,53092943.0
2000-04-03,2.22,2.28,2.21,2.22,867200.0,26407259.0
2000-04-04,2.21,2.22,2.18,2.19,1136800.0,33952895.0
2000-04-05,2.19,2.23,2.19,2.21,528500.0,15830435.0
2000-04-06,2.21,2.24,2.21,2.23,661000.0,19936333.0
2000-04-07,2.24,2.24,2.22,2.22,784000.0,23690402.0
2000-04-10,2.23,2.3,2.23,2.29,1851600.0,57392631.0
2000-04-11,2.29,2.3,2.25,2.27,903300.0,27932285.0
2000-04-12,2.28,2.29,2.23,2.24,726400.0,22275080.0
2000-04-13,2.24,2.28,2.24,2.26,708100.0,21699826.0
2000-04-14,2.27,2.35,2.26,2.31,3004000.0,94215634.0
2000-04-17,2.32,2.45,2.32,2.38,4633800.0,150796851.0
2000-04-18,2.39,2.43,2.33,2.37,1421800.0,45532000.0
2000-04-19,2.37,2.38,2.32,2.33,1453600.0,46151355.0
2000-04-20,2.33,2.35,2.3,2.31,954400.0,30007770.0
2000-04-21,2.34,2.35,2.31,2.31,915200.0,28850665.0
2000-04-24,2.31,2.33,2.28,2.28,823300.0,25631999.0
2000-04-25,2.28,2.31,2.28,2.29,570100.0,17721410.0
2000-04-26,2.29,2.32,2.28,2.28,618100.0,19243051.0
2000-04-27,2.29,2.3,2.26,2.26,801900.0,24779010.0
2000-04-28,2.26,2.33,2.26,2.3,837200.0,26058220.0
2000-05-08,2.32,2.35,2.31,2.33,951900.0,30189398.0
2000-05-09,2.32,2.34,2.27,2.28,576000.0,17899142.0
2000-05-10,2.28,2.28,2.21,2.21,923700.0,27857995.0
2000-05-11,2.21,2.23,2.14,2.18,757100.0,22564979.0
2000-05-12,2.21,2.22,2.18,2.21,538300.0,16066077.0
2000-05-15,2.21,2.24,2.15,2.16,459400.0,13600497.0
2000-05-16,2.16,2.19,2.16,2.17,381300.0,11267935.0
2000-05-17,2.18,2.22,2.18,2.18,316400.0,9423266.0
2000-05-18,2.18,2.21,2.18,2.2,311800.0,9297181.0
2000-05-19,2.2,2.22,2.19,2.21,522000.0,15622574.0
2000-05-22,2.21,2.24,2.19,2.22,815000.0,24571665.0
2000-05-23,2.23,2.24,2.19,2.22,712000.0,21391560.0
2000-05-24,2.21,2.23,2.2,2.22,859700.0,25863325.0
2000-05-25,2.22,2.29,2.22,2.26,935100.0,28708368.0
2000-05-26,2.27,2.29,2.25,2.26,743400.0,22858220.0
2000-05-29,2.26,2.29,2.24,2.28,1236700.0,37920189.0
2000-05-30,2.3,2.31,2.24,2.25,680800.0,20961097.0
2000-05-31,2.24,2.25,2.22,2.22,741700.0,22480617.0
2000-06-01,2.23,2.28,2.22,2.25,585500.0,17891424.0
2000-06-02,2.32,2.36,2.27,2.28,557400.0,17290918.0
2000-06-05,2.28,2.37,2.27,2.32,2119800.0,66733658.0
2000-06-06,2.35,2.43,2.33,2.39,4587600.0,149505090.0
2000-06-07,2.4,2.41,2.32,2.32,1617600.0,51594548.0
2000-06-08,2.32,2.32,2.28,2.29,906700.0,28216090.0
2000-06-09,2.29,2.32,2.25,2.26,801200.0,24669275.0
2000-06-12,2.25,2.28,2.23,2.26,553300.0,16868088.0
2000-06-13,2.26,2.28,2.26,2.27,503300.0,15511743.0
2000-06-14,2.28,2.33,2.21,2.28,746100.0,23111190.0
2000-06-15,2.29,2.3,2.27,2.28,408700.0,12671935.0
2000-06-16,2.28,2.28,2.25,2.26,572900.0,17648046.0
2000-06-19,2.28,2.36,2.28,2.33,2012900.0,64007465.0
2000-06-20,2.34,2.35,2.3,2.31,802600.0,25341395.0
2000-06-21,2.31,2.33,2.31,2.32,547100.0,17243467.0
2000-06-22,2.34,2.34,2.32,2.32,528200.0,16731684.0
2000-06-23,2.31,2.34,2.3,2.33,812100.0,25610506.0
2000-06-26,2.33,2.41,2.33,2.36,1551000.0,50081776.0
2000-06-27,2.39,2.39,2.32,2.34,548200.0,17437993.0
2000-06-28,2.34,2.37,2.33,2.34,717700.0,22900372.0
2000-06-29,2.35,2.43,2.35,2.38,2060800.0,66904408.0
2000-06-30,2.39,2.44,2.39,2.4,3315700.0,109270108.0
2000-07-03,2.41,2.49,2.34,2.46,3283000.0,109145095.0
2000-07-04,2.46,2.51,2.44,2.5,2297900.0,77411878.0
2000-07-05,2.5,2.52,2.47,2.47,1631100.0,55293130.0
2000-07-06,2.47,2.47,2.41,2.41,1293100.0,42679717.0
2000-07-07,2.41,2.46,2.41,2.43,944500.0,31239344.0
2000-07-10,2.43,2.47,2.43,2.45,840400.0,28008359.0
2000-07-11,2.45,2.47,2.43,2.44,972200.0,32273867.0
2000-07-12,2.44,2.45,2.41,2.42,860600.0,28295103.0
2000-07-13,2.42,2.43,2.4,2.41,1122600.0,36752689.0
2000-07-14,2.41,2.44,2.39,2.42,905900.0,29782996.0
2000-07-17,2.42,2.44,2.4,2.4,583400.0,19111067.0
2000-07-18,2.4,2.41,2.39,2.41,395400.0,12909587.0
2000-07-19,2.43,2.47,2.43,2.43,722500.0,23997759.0
2000-07-20,2.44,2.49,2.43,2.44,862800.0,28719166.0
2000-07-21,2.44,2.47,2.41,2.41,543800.0,17903621.0
2000-07-24,2.39,2.41,2.38,2.39,447700.0,14553636.0
2000-07-25,2.39,2.43,2.37,2.39,376200.0,12258781.0
2000-07-26,2.39,2.41,2.38,2.41,381200.0,12423008.0
2000-07-27,2.43,2.44,2.39,2.4,778800.0,25557178.0
2000-07-28,2.49,2.54,2.44,2.49,3313600.0,112158795.0
2000-07-31,2.5,2.52,2.47,2.47,1174900.0,39696626.0
2000-08-01,2.47,2.49,2.45,2.48,740300.0,24853537.0
2000-08-02,2.48,2.48,2.45,2.46,636400.0,21274573.0
2000-08-03,2.46,2.47,2.44,2.45,855900.0,28479615.0
2000-08-04,2.45,2.46,2.42,2.42,877300.0,28967075.0
2000-08-07,2.43,2.48,2.41,2.46,666200.0,22186876.0
2000-08-08,2.46,2.47,2.43,2.44,783600.0,25959707.0
2000-08-09,2.44,2.46,2.44,2.45,641200.0,21335508.0
2000-08-10,2.46,2.46,2.43,2.44,1088700.0,36007386.0
2000-08-11,2.44,2.52,2.44,2.48,2493100.0,84365664.0
2000-08-14,2.52,2.54,2.49,2.52,2106400.0,72097062.0
2000-08-15,2.52,2.53,2.48,2.49,847300.0,28772914.0
2000-08-16,2.49,2.5,2.47,2.48,532400.0,17973430.0
2000-08-17,2.48,2.52,2.48,2.51,1051700.0,35719764.0
2000-08-18,2.51,2.52,2.5,2.5,827200.0,28141438.0
2000-08-21,2.5,2.52,2.47,2.49,850600.0,28798947.0
2000-08-22,2.49,2.5,2.46,2.46,806000.0,27108894.0
2000-08-23,2.46,2.54,2.36,2.49,2669000.0,89163631.0
2000-08-24,2.52,2.61,2.5,2.58,5277900.0,184356071.0
2000-08-25,2.58,2.6,2.55,2.58,1697100.0,59265776.0
2000-08-28,2.59,2.6,2.56,2.58,1128700.0,39485449.0
2000-08-29,2.58,2.61,2.57,2.58,1219900.0,42976727.0
2000-08-30,2.58,2.58,2.53,2.54,952800.0,32969067.0
2000-08-31,2.53,2.53,2.46,2.46,1270100.0,42978756.0
2000-09-01,2.44,2.48,2.44,2.45,988900.0,33069686.0
2000-09-04,2.43,2.47,2.41,2.44,616300.0,20363270.0
2000-09-05,2.46,2.46,2.4,2.41,605600.0,20068454.0
2000-09-06,2.41,2.41,2.35,2.36,909578.0,29310799.0
2000-09-07,2.36,2.41,2.35,2.37,566300.0,18218913.0
2000-09-08,2.37,2.39,2.36,2.37,468200.0,15071919.0
2000-09-11,2.38,2.41,2.37,2.39,324000.0,10518108.0
2000-09-12,2.4,2.4,2.37,2.38,352200.0,11371463.0
2000-09-13,2.39,2.41,2.36,2.38,350700.0,11381489.0
2000-09-14,2.38,2.41,2.38,2.38,295600.0,9590979.0
2000-09-15,2.38,2.39,2.36,2.36,429200.0,13789690.0
2000-09-18,2.36,2.38,2.32,2.32,535400.0,16981309.0
2000-09-19,2.31,2.31,2.26,2.26,761500.0,23477781.0
2000-09-20,2.26,2.29,2.25,2.26,563800.0,17313302.0
2000-09-21,2.27,2.29,2.26,2.27,381600.0,11810739.0
2000-09-22,2.28,2.28,2.24,2.25,356500.0,10911167.0
2000-09-25,2.24,2.25,2.2,2.21,586800.0,17692410.0
2000-09-26,2.22,2.24,2.21,2.23,282100.0,8518682.0
2000-09-27,2.24,2.25,2.22,2.24,375800.0,11438328.0
2000-09-28,2.24,2.27,2.23,2.23,195300.0,5952616.0
2000-09-29,2.23,2.29,2.23,2.27,362000.0,11168877.0
2000-10-09,2.28,2.29,2.25,2.26,260000.0,7984890.0
2000-10-10,2.26,2.28,2.25,2.28,309900.0,9568065.0
2000-10-11,2.35,2.46,2.33,2.39,2166700.0,70749659.0
2000-10-12,2.39,2.39,2.33,2.35,424800.0,13610363.0
2000-10-13,2.35,2.36,2.3,2.32,317000.0,10071264.0
2000-10-16,2.31,2.31,2.29,2.3,247900.0,7734208.0
2000-10-17,2.29,2.31,2.27,2.3,171600.0,5364986.0
2000-10-18,2.32,2.35,2.32,2.33,198700.0,6296558.0
2000-10-19,2.35,2.36,2.3,2.33,276700.0,8762625.0
2000-10-20,2.33,2.38,2.33,2.37,469500.0,15039412.0
2000-10-23,2.39,2.39,2.36,2.36,328700.0,10581593.0
2000-10-24,2.36,2.38,2.33,2.36,305800.0,9745721.0
2000-10-25,2.36,2.39,2.33,2.38,491100.0,15761418.0
2000-10-26,2.38,2.42,2.34,2.38,427000.0,13821493.0
2000-10-27,2.37,2.39,2.36,2.37,280600.0,9035648.0
2000-10-30,2.34,2.37,2.34,2.36,371400.0,11878593.0
2000-10-31,2.36,2.38,2.34,2.34,389000.0,12459904.0
2000-11-01,2.34,2.37,2.34,2.36,281900.0,9012892.0
2000-11-02,2.36,2.41,2.35,2.38,415200.0,13372037.0
2000-11-03,2.38,2.44,2.36,2.43,1509200.0,49612778.0
2000-11-06,2.44,2.47,2.43,2.45,1755400.0,58643708.0
2000-11-07,2.45,2.45,2.42,2.43,553100.0,18285044.0
2000-11-08,2.42,2.54,2.42,2.52,2982900.0,101623098.0
2000-11-09,2.54,2.56,2.51,2.53,2969800.0,102532056.0
2000-11-10,2.54,2.58,2.51,2.55,3038600.0,105564697.0
2000-11-13,2.58,2.8,2.54,2.8,9768900.0,365941640.0
2000-11-14,2.91,2.99,2.85,2.94,13709700.0,544330597.0
2000-11-15,2.94,2.96,2.87,2.89,4671300.0,184688303.0
2000-11-16,2.9,3.06,2.89,3.02,6118200.0,250001365.0
2000-11-17,3.03,3.04,2.94,2.99,2304700.0,93381195.0
2000-11-20,2.99,3.17,2.96,3.13,4153786.0,175444801.0
2000-11-21,3.13,3.16,3.03,3.06,2807383.0,117979970.0
2000-11-22,3.05,3.08,3.01,3.04,2028769.0,83444733.0
2000-11-23,3.05,3.05,2.94,2.98,2237088.0,91366405.0
2000-11-24,2.98,2.98,2.84,2.86,5393254.0,212604924.0
2000-11-27,2.85,2.91,2.83,2.87,2566773.0,100065873.0
2000-11-28,2.93,2.93,2.89,2.9,718827.0,28413426.0
2000-11-29,2.91,2.91,2.83,2.85,1373581.0,53309152.0
2000-11-30,2.83,2.91,2.83,2.88,833329.0,32553302.0
2000-12-01,2.89,2.95,2.87,2.92,919569.0,36484437.0
2000-12-04,2.91,2.94,2.87,2.88,761958.0,30076620.0
2000-12-05,2.88,2.93,2.87,2.89,639946.0,25199730.0
2000-12-06,2.91,2.91,2.83,2.84,946700.0,36799871.0
2000-12-07,2.83,2.86,2.74,2.78,1585817.0,60115184.0
2000-12-08,2.79,2.8,2.76,2.77,826086.0,31112471.0
2000-12-11,2.78,2.78,2.67,2.68,1484244.0,54485929.0
2000-12-12,2.68,2.77,2.68,2.73,863186.0,31912188.0
2000-12-13,2.73,2.76,2.71,2.75,626540.0,23234107.0
2000-12-14,2.74,2.78,2.73,2.75,449442.0,16840965.0
2000-12-15,2.75,2.77,2.69,2.73,559169.0,20611439.0
2000-12-18,2.73,2.8,2.69,2.8,907203.0,33898441.0
2000-12-19,2.8,2.81,2.76,2.77,655242.0,24838022.0
2000-12-20,2.77,2.9,2.77,2.86,1044841.0,40508784.0
2000-12-21,2.88,2.91,2.86,2.87,843245.0,32954222.0
2000-12-22,2.87,2.94,2.86,2.92,1098351.0,43398462.0
2000-12-25,2.91,2.94,2.84,2.85,683494.0,26670609.0
2000-12-26,2.91,2.91,2.86,2.87,641780.0,25078416.0
2000-12-27,2.88,2.89,2.82,2.82,950898.0,36787705.0
2000-12-28,2.82,2.88,2.78,2.87,1214038.0,46835624.0
2000-12-29,2.87,2.92,2.87,2.91,1055255.0,41604302.0
2001-01-02,2.91,2.96,2.88,2.93,1038818.0,41324777.0
2001-01-03,2.94,3.01,2.93,2.96,1534134.0,61780727.0
2001-01-04,2.96,3.02,2.95,2.96,916054.0,37079056.0
2001-01-05,2.96,2.96,2.91,2.93,732823.0,29070958.0
2001-01-08,2.93,2.94,2.85,2.86,902728.0,35259999.0
2001-01-09,2.87,2.89,2.83,2.85,551923.0,21402635.0
2001-01-10,2.85,2.92,2.85,2.89,453308.0,17805029.0
2001-01-11,2.89,2.94,2.87,2.87,501884.0,19763219.0
2001-01-12,2.87,2.91,2.79,2.83,1038200.0,40047737.0
2001-01-15,2.83,2.83,2.69,2.71,1447265.0,53823321.0
2001-01-16,2.69,2.73,2.68,2.72,1493683.0,54973247.0
2001-01-17,2.72,2.74,2.7,2.71,1324072.0,48782479.0
2001-01-18,2.71,2.75,2.69,2.69,1779821.0,65678643.0
2001-01-19,2.69,2.73,2.69,2.72,1968866.0,72383073.0
2001-02-05,2.72,2.75,2.58,2.58,1296599.0,46519196.0
2001-02-06,2.58,2.59,2.51,2.56,1306454.0,45017117.0
2001-02-07,2.56,2.58,2.51,2.52,701800.0,24177202.0
2001-02-08,2.52,2.55,2.47,2.5,778500.0,26449475.0
2001-02-09,2.51,2.55,2.49,2.54,780893.0,26756560.0
2001-02-12,2.55,2.55,2.5,2.51,750946.0,25611559.0
2001-02-13,2.52,2.55,2.51,2.54,427130.0,14696430.0
2001-02-14,2.54,2.56,2.53,2.55,560621.0,19380961.0
2001-02-15,2.55,2.62,2.54,2.58,1311774.0,45967461.0
2001-02-16,2.59,2.61,2.5,2.54,1508602.0,52066453.0
2001-02-19,2.55,2.63,2.53,2.58,910356.0,30582826.0
2001-02-21,2.55,2.56,2.44,2.51,574594.0,18723345.0
2001-02-22,2.49,2.55,2.47,2.52,435143.0,14273808.0
2001-02-23,2.52,2.63,2.52,2.62,578572.0,19261101.0
2001-02-26,2.62,2.66,2.58,2.65,855562.0,29102021.0
2001-02-27,2.65,2.66,2.63,2.64,653357.0,22416885.0
2001-02-28,2.64,2.64,2.59,2.6,645860.0,21889314.0
2001-03-01,2.58,2.61,2.58,2.59,1114981.0,37425278.0
2001-03-02,2.59,2.65,2.59,2.61,1098609.0,37441291.0
2001-03-05,2.62,2.64,2.58,2.62,926764.0,31438020.0
2001-03-06,2.62,2.69,2.61,2.69,686838.0,23636816.0
2001-03-07,2.69,2.7,2.65,2.67,518838.0,18038437.0
2001-03-08,2.67,2.68,2.65,2.67,318862.0,11038131.0
2001-03-09,2.67,2.69,2.66,2.68,663167.0,23000071.0
2001-03-12,2.68,2.73,2.67,2.73,891523.0,31329276.0
2001-03-13,2.72,2.82,2.71,2.81,2851148.0,102880802.0
2001-03-14,2.81,2.88,2.79,2.88,2200695.0,81073093.0
2001-03-15,2.89,2.92,2.85,2.86,2179340.0,81501913.0
2001-03-16,2.86,2.88,2.8,2.82,1136730.0,41724356.0
2001-03-19,2.81,2.88,2.79,2.85,895176.0,33011887.0
2001-03-20,2.85,2.89,2.84,2.85,1014172.0,37680594.0
2001-03-21,2.85,2.87,2.81,2.84,878371.0,32342513.0
2001-03-22,2.84,2.88,2.82,2.83,1067311.0,39402322.0
2001-03-23,2.83,2.87,2.81,2.82,2322003.0,85469177.0
2001-03-26,2.82,2.88,2.81,2.88,1166370.0,43114923.0
2001-03-27,2.89,2.91,2.85,2.88,1374702.0,51514152.0
2001-03-28,2.88,2.98,2.86,2.94,4131891.0,157049288.0
2001-03-29,2.94,2.97,2.91,2.92,1077710.0,41047938.0
2001-03-30,2.92,2.93,2.9,2.92,699773.0,26428291.0
2001-04-02,2.93,2.95,2.89,2.9,968089.0,36613576.0
2001-04-03,2.89,2.9,2.85,2.86,1089200.0,40533485.0
2001-04-04,2.85,2.87,2.78,2.8,1278020.0,46896541.0
2001-04-05,2.79,2.84,2.78,2.83,812937.0,29561036.0
2001-04-06,2.83,2.85,2.79,2.8,725836.0,26429824.0
2001-04-09,2.78,2.8,2.78,2.79,888639.0,32078960.0
2001-04-10,2.79,2.82,2.78,2.79,569030.0,20665192.0
2001-04-11,2.79,2.87,2.79,2.86,835589.0,30652257.0
2001-04-12,2.86,2.87,2.83,2.83,865861.0,31889137.0
2001-04-13,2.83,2.87,2.83,2.85,554768.0,20483903.0
2001-04-16,2.85,2.94,2.84,2.91,2946766.0,110616859.0
2001-04-17,2.89,2.93,2.85,2.86,1028237.0,38613468.0
2001-04-18,2.86,2.88,2.83,2.85,1033536.0,38321633.0
2001-04-19,2.85,2.85,2.82,2.83,1190561.0,43589618.0
2001-04-20,2.86,2.88,2.78,2.81,1069249.0,39419119.0
2001-04-23,2.79,2.81,2.78,2.81,913484.0,33139440.0
2001-04-24,2.81,2.85,2.81,2.84,835000.0,30640000.0
2001-04-25,2.63,2.89,2.63,2.85,2282854.0,83418545.0
2001-04-26,2.84,2.9,2.82,2.87,2114966.0,78612356.0
2001-04-27,2.89,2.93,2.85,2.87,1152677.0,43104655.0
2001-04-30,2.87,2.92,2.87,2.89,1270500.0,47718000.0
2001-05-08,2.89,2.95,2.89,2.93,2113489.0,80221678.0
2001-05-09,2.93,3.06,2.92,3.0,6248669.0,244042241.0
2001-05-10,3.01,3.05,2.99,3.02,2380300.0,93033000.0
2001-05-11,3.02,3.03,3.0,3.01,1522641.0,59421255.0
2001-05-14,2.99,3.05,2.97,3.04,1795380.0,70022564.0
2001-05-15,3.05,3.08,3.01,3.07,2922667.0,115850869.0
2001-05-16,3.07,3.08,3.02,3.02,1934231.0,76437504.0
2001-05-17,3.01,3.02,2.97,2.98,2738315.0,106508480.0
2001-05-21,2.98,3.01,2.95,2.98,2176151.0,84234102.0
2001-05-22,2.98,3.0,2.97,2.97,923906.0,35683045.0
2001-05-23,2.97,3.0,2.94,2.97,1837348.0,70567304.0
2001-05-24,2.98,2.98,2.93,2.94,1698650.0,64858875.0
2001-05-25,2.93,2.97,2.93,2.97,1561634.0,59753243.0
2001-05-28,2.97,2.98,2.93,2.94,1180254.0,44973410.0
2001-05-29,2.94,3.0,2.93,2.96,543686.0,20808920.0
2001-05-30,2.96,3.01,2.95,3.01,934017.0,36100231.0
2001-05-31,3.01,3.02,2.98,2.98,778885.0,30320617.0
2001-06-01,2.98,3.02,2.98,3.01,724539.0,28251663.0
2001-06-04,3.03,3.12,3.02,3.09,2587382.0,103484280.0
2001-06-05,3.09,3.11,3.05,3.06,1837135.0,73271576.0
2001-06-06,3.06,3.1,3.05,3.09,1458934.0,58223631.0
2001-06-07,3.09,3.1,3.05,3.05,1045449.0,41756843.0
2001-06-08,3.05,3.08,3.01,3.07,847224.0,33420690.0
2001-06-11,3.07,3.1,3.03,3.04,754206.0,29804174.0
2001-06-12,3.04,3.06,3.02,3.05,461035.0,18136010.0
2001-06-13,3.04,3.06,3.02,3.05,665886.0,26222140.0
2001-06-14,3.05,3.1,2.98,2.99,2290858.0,90840173.0
2001-06-15,2.97,3.02,2.97,2.97,2084925.0,80604745.0
2001-06-18,2.97,3.0,2.9,2.9,1663840.0,63402347.0
2001-06-19,2.9,2.93,2.89,2.91,617720.0,23278899.0
2001-06-20,2.91,2.92,2.86,2.87,766458.0,28701929.0
2001-06-21,2.87,2.91,2.87,2.9,494654.0,18574641.0
2001-06-22,2.84,2.95,2.84,2.93,695956.0,26286403.0
2001-06-25,2.93,2.98,2.93,2.98,834819.0,32039767.0
2001-06-26,2.99,3.0,2.97,2.99,998240.0,38606488.0
2001-06-27,2.99,3.06,2.98,3.05,1045463.0,40788004.0
2001-06-28,3.05,3.08,2.98,3.03,2011969.0,79748750.0
2001-06-29,3.04,3.08,3.01,3.03,1383712.0,54954740.0
2001-07-02,3.02,3.02,2.96,2.97,564436.0,21782011.0
2001-07-03,2.97,3.0,2.96,2.99,528042.0,20412571.0
2001-07-04,2.99,3.0,2.97,2.99,377306.0,14605657.0
2001-07-05,2.99,3.0,2.96,2.97,630422.0,24337391.0
2001-07-06,2.97,2.99,2.96,2.97,403730.0,15550137.0
2001-07-09,2.97,3.05,2.97,3.03,1276019.0,49907858.0
2001-07-10,3.03,3.05,3.01,3.03,337245.0,13211453.0
2001-07-11,3.03,3.05,3.0,3.01,391569.0,15293968.0
2001-07-12,2.98,3.01,2.95,2.99,478568.0,18468384.0
2001-07-13,2.99,3.03,2.95,2.96,465430.0,17882681.0
2001-07-16,3.04,3.25,3.01,3.16,8854452.0,361072622.0
2001-07-18,3.31,3.36,3.22,3.24,7347524.0,312544616.0
2001-07-19,3.28,3.28,3.22,3.28,2108595.0,89086661.0
2001-07-20,3.28,3.36,3.28,3.3,3586773.0,154843535.0
2001-07-23,3.3,3.32,3.25,3.27,1095554.0,46671863.0
2001-07-24,3.24,3.28,3.17,3.17,2534713.0,105424177.0
2001-07-25,3.17,3.19,3.13,3.14,1120302.0,45886237.0
2001-07-26,3.16,3.18,3.08,3.16,1076553.0,43591496.0
2001-07-27,3.14,3.16,3.08,3.11,1156357.0,46643431.0
2001-07-30,3.09,3.09,2.94,2.94,2002510.0,77779023.0
2001-07-31,2.94,3.01,2.93,2.93,1653522.0,63618515.0
2001-08-01,2.94,3.04,2.94,3.02,1582668.0,61644653.0
2001-08-02,3.02,3.02,2.88,2.93,1664832.0,63346436.0
2001-08-03,2.95,2.97,2.92,2.94,782707.0,29917789.0
2001-08-06,2.93,2.95,2.81,2.85,1251379.0,46559553.0
2001-08-07,2.85,2.9,2.82,2.89,779979.0,29001639.0
2001-08-08,2.89,2.91,2.85,2.87,431885.0,16080822.0
2001-08-09,2.87,2.94,2.87,2.94,396956.0,15035117.0
2001-08-10,2.99,3.01,2.95,2.96,760058.0,29325929.0
2001-08-13,2.98,2.99,2.95,2.96,743409.0,28600299.0
2001-08-14,2.96,2.98,2.89,2.92,1400883.0,53075270.0
2001-08-15,2.92,3.01,2.92,2.98,963431.0,37037548.0
2001-08-16,2.98,3.01,2.93,2.98,585766.0,22639186.0
2001-08-17,2.95,3.0,2.9,3.0,287903.0,11102402.0
2001-08-20,3.0,3.05,2.98,3.05,1325253.0,52183447.0
2001-08-21,3.05,3.07,3.02,3.05,906408.0,35831608.0
2001-08-22,3.05,3.05,2.94,3.03,960248.0,37308845.0
2001-08-23,3.07,3.07,2.97,3.04,1467426.0,57511231.0
2001-08-27,3.0,3.0,2.87,2.87,1741553.0,65554680.0
2001-08-28,2.87,2.94,2.85,2.93,1067221.0,39698924.0
2001-08-29,2.93,3.0,2.9,2.92,891898.0,33995025.0
2001-08-30,2.93,2.93,2.87,2.88,657905.0,24655472.0
2001-08-31,2.89,2.95,2.88,2.92,1435785.0,54293102.0
2001-09-03,2.93,2.94,2.84,2.85,2278286.0,85180037.0
2001-09-04,2.85,2.85,2.74,2.81,2571449.0,54366334.0
2001-09-05,2.8,2.86,2.73,2.81,2243468.0,47517492.0
2001-09-06,2.79,2.83,2.76,2.79,687984.0,14598014.0
2001-09-07,2.78,2.79,2.63,2.63,1612520.0,32919367.0
2001-09-10,2.56,2.66,2.5,2.62,2210301.0,43674286.0
2001-09-11,2.62,2.66,2.6,2.62,1590103.0,31716866.0
2001-09-12,2.5,2.6,2.48,2.55,2110707.0,40684038.0
2001-09-13,2.55,2.58,2.51,2.52,1024249.0,19688582.0
2001-09-14,2.51,2.54,2.43,2.48,2243366.0,42328851.0
2001-09-17,2.46,2.47,2.36,2.37,1905630.0,34702721.0
2001-09-18,2.33,2.43,2.3,2.34,1869667.0,33259065.0
2001-09-19,2.34,2.42,2.31,2.41,1242040.0,22256640.0
2001-09-20,2.42,2.47,2.37,2.45,1995127.0,36932307.0
2001-09-21,2.45,2.46,2.39,2.4,1348328.0,24899011.0
2001-09-24,2.4,2.43,2.39,2.4,694277.0,12716103.0
2001-09-25,2.4,2.44,2.4,2.42,605899.0,11155885.0
2001-09-26,2.41,2.44,2.39,2.39,848675.0,15560259.0
2001-09-27,2.39,2.42,2.24,2.37,960376.0,17297297.0
2001-09-28,2.38,2.43,2.37,2.39,712596.0,12956276.0
2001-10-08,2.39,2.43,2.36,2.37,513594.0,9302000.0
2001-10-09,2.37,2.42,2.37,2.4,420368.0,7637921.0
2001-10-10,2.39,2.43,2.33,2.34,631560.0,11329902.0
2001-10-11,2.34,2.38,2.3,2.31,607600.0,10751345.0
2001-10-12,2.41,2.48,2.38,2.43,2533450.0,47060040.0
2001-10-15,2.44,2.45,2.33,2.4,1226383.0,22316754.0
2001-10-16,2.42,2.5,2.41,2.42,2541730.0,47324420.0
2001-10-17,2.42,2.44,2.37,2.42,839511.0,15304032.0
2001-10-18,2.42,2.43,2.32,2.35,1836217.0,32785478.0
2001-10-19,2.32,2.35,2.26,2.28,1792479.0,31207940.0
2001-10-22,2.26,2.27,2.15,2.16,2140876.0,36012615.0
2001-10-23,2.37,2.37,2.33,2.37,4421876.0,79695788.0
2001-10-24,2.5,2.51,2.39,2.42,5985429.0,111827376.0
2001-10-25,2.42,2.42,2.35,2.36,1664823.0,30169035.0
2001-10-26,2.36,2.37,2.32,2.36,1115529.0,19924469.0
2001-10-29,2.36,2.39,2.36,2.38,611071.0,11044338.0
2001-10-30,2.39,2.4,2.34,2.35,772640.0,13937298.0
2001-10-31,2.35,2.37,2.34,2.36,969220.0,17366888.0
2001-11-01,2.35,2.4,2.35,2.4,949117.0,17117686.0
2001-11-02,2.4,2.4,2.36,2.36,647171.0,11697259.0
2001-11-05,2.37,2.4,2.35,2.37,817897.0,14759549.0
2001-11-06,2.38,2.39,2.35,2.36,306609.0,5513644.0
2001-11-07,2.35,2.36,2.24,2.25,1433768.0,24919494.0
2001-11-08,2.24,2.3,2.2,2.27,893574.0,15243474.0
2001-11-09,2.27,2.31,2.2,2.3,673952.0,11612785.0
2001-11-12,2.3,2.31,2.22,2.22,1041280.0,17702893.0
2001-11-13,2.21,2.23,2.2,2.21,938959.0,15747978.0
2001-11-14,2.21,2.22,2.16,2.17,1170595.0,19441093.0
2001-11-15,2.18,2.21,2.17,2.21,975539.0,16163834.0
2001-11-16,2.37,2.43,2.24,2.25,2840054.0,50567498.0
2001-11-19,2.24,2.29,2.24,2.29,419170.0,7209696.0
2001-11-20,2.29,2.35,2.29,2.32,1594649.0,28179779.0
2001-11-21,2.37,2.37,2.31,2.33,1047597.0,18634480.0
2001-11-22,2.34,2.36,2.32,2.35,1400847.0,24939739.0
2001-11-23,2.35,2.35,2.32,2.32,709880.0,12573980.0
2001-11-26,2.32,2.33,2.28,2.29,586388.0,10219817.0
2001-11-27,2.29,2.31,2.28,2.3,491380.0,8568424.0
2001-11-28,2.31,2.38,2.31,2.35,1881282.0,33656066.0
2001-11-29,2.37,2.37,2.34,2.35,1124844.0,20105765.0
2001-11-30,2.36,2.37,2.35,2.37,1265948.0,22748825.0
2001-12-03,2.38,2.53,2.38,2.5,5466500.0,103589277.0
2001-12-04,2.51,2.62,2.5,2.62,5569906.0,108409949.0
2001-12-05,2.63,2.73,2.62,2.63,12468426.0,253973131.0
2001-12-06,2.63,2.71,2.6,2.68,4893486.0,99256266.0
2001-12-07,2.69,2.7,2.64,2.65,2320512.0,46821202.0
2001-12-10,2.65,2.67,2.6,2.64,2571166.0,51367330.0
2001-12-11,2.63,2.66,2.61,2.62,2041965.0,41002394.0
2001-12-12,2.6,2.69,2.6,2.66,2868702.0,58018073.0
2001-12-13,2.66,2.68,2.61,2.62,1808367.0,36344824.0
2001-12-14,2.62,2.65,2.6,2.63,1893925.0,37839649.0
2001-12-17,2.63,2.72,2.61,2.69,2211080.0,44924856.0
2001-12-18,2.7,2.79,2.68,2.79,7287358.0,152164994.0
2001-12-19,2.79,2.82,2.72,2.73,5276425.0,111534762.0
2001-12-20,2.72,2.73,2.63,2.65,3946152.0,80148582.0
2001-12-21,2.63,2.71,2.63,2.69,2252729.0,45843385.0
2001-12-24,2.7,2.7,2.62,2.65,2595210.0,52203768.0
2001-12-25,2.65,2.67,2.62,2.66,1542024.0,31107071.0
2001-12-26,2.65,2.76,2.65,2.76,1755247.0,36161036.0
2001-12-27,2.79,2.79,2.71,2.71,1868524.0,38812327.0
2001-12-28,2.71,2.79,2.7,2.76,3692037.0,77233066.0
2001-12-31,2.76,2.81,2.75,2.78,3854120.0,81653668.0
2002-01-04,2.78,2.79,2.7,2.71,2829090.0,58619485.0
2002-01-07,2.7,2.7,2.63,2.67,1813976.0,36633347.0
2002-01-08,2.67,2.7,2.64,2.64,1125122.0,22765728.0
2002-01-09,2.63,2.65,2.61,2.64,1594875.0,31842764.0
2002-01-10,2.63,2.63,2.47,2.59,3867848.0,74970974.0
2002-01-11,2.59,2.61,2.51,2.53,1658731.0,32220744.0
2002-01-14,2.5,2.52,2.47,2.48,2048360.0,38851805.0
2002-01-15,2.46,2.53,2.43,2.47,2037249.0,38533556.0
2002-01-16,2.51,2.53,2.44,2.5,1226213.0,23162574.0
2002-01-17,2.5,2.52,2.4,2.45,1833661.0,34125795.0
2002-01-18,2.42,2.55,2.39,2.52,3599566.0,68136646.0
2002-01-21,2.52,2.52,2.44,2.46,2101947.0,39464924.0
2002-01-22,2.46,2.54,2.43,2.5,1931543.0,36702251.0
2002-01-23,2.47,2.62,2.47,2.61,3538658.0,68673991.0
2002-01-24,2.59,2.66,2.55,2.61,4132898.0,82375728.0
2002-01-25,2.6,2.65,2.58,2.6,1511659.0,30134583.0
2002-01-28,2.61,2.63,2.47,2.48,2885914.0,55134532.0
2002-01-29,2.43,2.54,2.43,2.49,1515648.0,28725375.0
2002-01-30,2.5,2.52,2.46,2.48,813099.0,15413825.0
2002-01-31,2.73,2.73,2.5,2.66,7198398.0,145475855.0
2002-02-01,2.66,2.7,2.62,2.63,2961610.0,59740692.0
2002-02-04,2.63,2.67,2.62,2.66,1379803.0,27813503.0
2002-02-05,2.66,2.7,2.64,2.67,1535506.0,31181652.0
2002-02-06,2.67,2.68,2.62,2.63,1255120.0,25156908.0
2002-02-07,2.61,2.69,2.61,2.68,1615851.0,32759779.0
2002-02-08,2.68,2.7,2.66,2.67,1725627.0,35249317.0
2002-02-25,2.75,2.75,2.68,2.7,2169153.0,44538713.0
2002-02-26,2.7,2.73,2.68,2.7,1858855.0,38241957.0
2002-02-27,2.71,2.74,2.7,2.74,2214056.0,45855112.0
2002-02-28,2.76,2.76,2.62,2.63,4831777.0,98270390.0
2002-03-01,2.63,2.68,2.63,2.65,2601152.0,52298165.0
2002-03-04,2.64,2.67,2.62,2.65,1580655.0,31732360.0
2002-03-05,2.66,2.71,2.65,2.69,2541222.0,51902908.0
2002-03-06,2.7,2.73,2.68,2.68,3661388.0,75050931.0
2002-03-07,2.68,2.7,2.65,2.7,3621957.0,73664526.0
2002-03-08,2.71,2.78,2.7,2.75,6061656.0,126167454.0
2002-03-11,2.76,2.78,2.73,2.76,4877303.0,102135945.0
2002-03-12,2.77,2.78,2.7,2.7,4149212.0,85868065.0
2002-03-13,2.69,2.73,2.68,2.7,1690077.0,34737238.0
2002-03-14,2.7,2.74,2.7,2.73,1718615.0,35528046.0
2002-03-15,2.73,2.82,2.71,2.73,7160124.0,151271372.0
2002-03-18,2.73,2.8,2.69,2.71,2993201.0,61941890.0
2002-03-19,2.71,2.76,2.69,2.75,2732800.0,56650590.0
2002-03-20,2.76,2.82,2.74,2.78,4902648.0,103886112.0
2002-03-21,2.78,2.85,2.78,2.81,4993073.0,107165282.0
2002-03-22,2.84,2.84,2.76,2.78,1993204.0,42160301.0
2002-03-25,2.77,2.8,2.76,2.77,1121388.0,23611019.0
2002-03-26,2.78,2.78,2.72,2.73,1457856.0,30272854.0
2002-03-27,2.72,2.74,2.71,2.74,794352.0,16458182.0
2002-03-28,2.73,2.73,2.7,2.71,1141264.0,23556346.0
2002-03-29,2.7,2.7,2.64,2.65,1790928.0,36302025.0
2002-04-01,2.64,2.67,2.63,2.65,896580.0,18029741.0
2002-04-02,2.66,2.67,2.59,2.59,1514425.0,30070825.0
2002-04-03,2.61,2.62,2.56,2.58,1329447.0,26142127.0
2002-04-04,2.58,2.66,2.56,2.65,828300.0,16429425.0
2002-04-08,2.65,2.65,2.61,2.62,738805.0,14697326.0
2002-04-09,2.62,2.64,2.6,2.64,1291470.0,25754155.0
2002-04-10,2.64,2.68,2.64,2.67,1264159.0,25675600.0
2002-04-11,2.68,2.69,2.61,2.62,924450.0,18609723.0
2002-04-12,2.62,2.65,2.62,2.63,789571.0,15793428.0
2002-04-15,2.63,2.65,2.6,2.64,679151.0,13537729.0
2002-04-16,2.64,2.66,2.63,2.64,639652.0,12856831.0
2002-04-17,2.64,2.66,2.62,2.63,912054.0,18269501.0
2002-04-18,2.63,2.63,2.57,2.57,1270668.0,19231278.0
2002-04-19,2.57,2.58,2.5,2.56,1208763.0,17880560.0
2002-04-22,2.57,2.57,2.52,2.54,641573.0,9511936.0
2002-04-23,2.54,2.58,2.52,2.53,575330.0,8576891.0
2002-04-24,2.53,2.58,2.48,2.48,1510728.0,22249356.0
2002-04-25,2.48,2.51,2.46,2.48,906748.0,13161319.0
2002-04-26,2.48,2.53,2.48,2.52,1172899.0,17197718.0
2002-04-29,2.52,2.54,2.51,2.53,1191835.0,17591568.0
2002-04-30,2.53,2.58,2.53,2.57,1284220.0,19217733.0
2002-05-08,2.57,2.59,2.55,2.56,828019.0,12399605.0
2002-05-09,2.54,2.59,2.54,2.58,2046491.0,30747446.0
2002-05-10,2.58,2.61,2.56,2.59,2235197.0,33776546.0
2002-05-13,2.59,2.59,2.54,2.56,1566019.0,23414257.0
2002-05-14,2.55,2.57,2.53,2.56,529375.0,7899485.0
2002-05-15,2.56,2.57,2.54,2.56,642060.0,9565280.0
2002-05-16,2.55,2.55,2.47,2.47,1279300.0,18657864.0
2002-05-17,2.47,2.5,2.4,2.47,1077575.0,15600017.0
2002-05-20,2.47,2.47,2.41,2.42,779685.0,11090138.0
2002-05-21,2.5,2.51,2.44,2.49,1134742.0,16418645.0
2002-05-22,2.5,2.5,2.44,2.44,741379.0,10645234.0
2002-05-23,2.47,2.5,2.44,2.44,964341.0,13939645.0
2002-05-24,2.44,2.46,2.39,2.41,955878.0,13477530.0
2002-05-27,2.46,2.5,2.41,2.44,524207.0,7427142.0
2002-05-28,2.48,2.48,2.44,2.45,449680.0,6446196.0
2002-05-29,2.48,2.48,2.39,2.4,988490.0,13926725.0
2002-05-30,2.4,2.41,2.35,2.4,868908.0,12077710.0
2002-05-31,2.4,2.41,2.39,2.4,989065.0,13859333.0
2002-06-03,2.39,2.39,2.34,2.35,852325.0,11726233.0
2002-06-04,2.34,2.37,2.33,2.35,525099.0,7206560.0
2002-06-05,2.35,2.35,2.25,2.26,1420574.0,18925649.0
2002-06-06,2.26,2.36,2.24,2.33,1139764.0,15339067.0
2002-06-07,2.33,2.41,2.3,2.35,934088.0,12903622.0
2002-06-10,2.35,2.35,2.32,2.33,465345.0,6336525.0
2002-06-11,2.32,2.34,2.31,2.34,593145.0,8052817.0
2002-06-12,2.34,2.34,2.3,2.31,480465.0,6486716.0
2002-06-13,2.31,2.33,2.28,2.29,510067.0,6859891.0
2002-06-14,2.28,2.32,2.27,2.3,1947730.0,26103376.0
2002-06-17,2.27,2.3,2.27,2.29,515297.0,6853880.0
2002-06-18,2.29,2.31,2.28,2.31,910205.0,12252043.0
2002-06-19,2.33,2.34,2.28,2.28,460241.0,6158005.0
2002-06-20,2.28,2.31,2.28,2.29,320492.0,4284329.0
2002-06-21,2.29,2.4,2.28,2.36,1492533.0,20525207.0
2002-06-24,2.6,2.6,2.5,2.59,11708604.0,176348883.0
2002-06-25,2.6,2.6,2.5,2.5,5267492.0,78200150.0
2002-06-26,2.5,2.52,2.45,2.47,4123465.0,59551031.0
2002-06-27,2.47,2.53,2.47,2.5,1756166.0,25666265.0
2002-06-28,2.5,2.69,2.46,2.68,10039823.0,151059545.0
2002-07-01,2.68,2.72,2.62,2.64,8462994.0,132402167.0
2002-07-02,2.64,2.66,2.6,2.65,3053087.0,46834540.0
2002-07-03,2.66,2.7,2.62,2.65,1732936.0,26879714.0
2002-07-04,2.65,2.68,2.59,2.6,2097492.0,32096923.0
2002-07-05,2.6,2.6,2.56,2.59,905791.0,13636517.0
2002-07-08,2.6,2.64,2.59,2.62,1263535.0,19333121.0
2002-07-09,2.64,2.65,2.61,2.61,1303465.0,20059719.0
2002-07-10,2.61,2.61,2.53,2.54,2102952.0,31566430.0
2002-07-11,2.54,2.56,2.52,2.54,1456665.0,21618194.0
2002-07-12,2.53,2.57,2.52,2.54,818525.0,12186838.0
2002-07-15,2.54,2.54,2.52,2.52,533094.0,7861187.0
2002-07-16,2.52,2.55,2.5,2.52,677579.0,10010927.0
2002-07-17,2.52,2.53,2.5,2.53,685120.0,10082091.0
2002-07-18,2.53,2.58,2.51,2.56,1791489.0,26772054.0
2002-07-19,2.57,2.6,2.56,2.57,1218736.0,18371527.0
2002-07-22,2.58,2.58,2.5,2.5,1464529.0,21565425.0
2002-07-23,2.5,2.53,2.49,2.51,701027.0,10293129.0
2002-07-24,2.51,2.54,2.5,2.51,435690.0,6407130.0
2002-07-25,2.51,2.52,2.49,2.5,877670.0,12834526.0
2002-07-26,2.5,2.5,2.47,2.47,957517.0,13892066.0
2002-07-29,2.47,2.5,2.47,2.49,512741.0,7409403.0
2002-07-30,2.5,2.51,2.48,2.49,364519.0,5313932.0
2002-07-31,2.5,2.51,2.48,2.48,427536.0,6218778.0
2002-08-01,2.48,2.55,2.46,2.51,1261176.0,18592110.0
2002-08-02,2.51,2.52,2.49,2.5,446177.0,6537556.0
2002-08-05,2.5,2.56,2.48,2.54,2570127.0,38088270.0
2002-08-06,2.53,2.58,2.52,2.56,2753128.0,41196506.0
2002-08-07,2.57,2.58,2.53,2.56,467219.0,6960017.0
2002-08-08,2.55,2.57,2.51,2.51,652153.0,9628700.0
2002-08-09,2.51,2.51,2.46,2.48,1444078.0,20964927.0
2002-08-12,2.47,2.49,2.46,2.46,934578.0,13480224.0
2002-08-13,2.46,2.48,2.46,2.46,414867.0,5971830.0
2002-08-14,2.46,2.5,2.46,2.47,368580.0,5317436.0
2002-08-15,2.47,2.52,2.47,2.49,913359.0,13365927.0
2002-08-16,2.48,2.51,2.47,2.5,392282.0,5706450.0
2002-08-19,2.48,2.5,2.45,2.45,927459.0,13345044.0
2002-08-20,2.45,2.5,2.45,2.48,873589.0,12629415.0
2002-08-21,2.47,2.49,2.45,2.46,790887.0,11385432.0
2002-08-22,2.46,2.51,2.45,2.47,2034201.0,29417146.0
2002-08-23,2.47,2.5,2.47,2.48,971652.0,14116684.0
2002-08-26,2.48,2.5,2.45,2.46,582901.0,8422549.0
2002-08-27,2.45,2.47,2.39,2.42,4492515.0,63438692.0
2002-08-28,2.41,2.41,2.29,2.32,7395216.0,101604887.0
2002-08-29,2.32,2.36,2.31,2.33,2812632.0,38425790.0
2002-08-30,2.35,2.35,2.33,2.34,1718774.0,23487493.0
2002-09-02,2.34,2.34,2.29,2.31,1665490.0,22463297.0
2002-09-03,2.31,2.34,2.31,2.33,1201824.0,16318959.0
2002-09-04,2.34,2.34,2.31,2.33,730306.0,9922572.0
2002-09-05,2.34,2.34,2.32,2.32,1547479.0,21079971.0
2002-09-06,2.32,2.32,2.27,2.29,1583811.0,21224345.0
2002-09-09,2.29,2.3,2.28,2.29,784116.0,10458054.0
2002-09-10,2.29,2.29,2.25,2.26,1154927.0,15283405.0
2002-09-11,2.26,2.28,2.19,2.22,2199395.0,28403613.0
2002-09-12,2.22,2.23,2.18,2.21,1765610.0,22709441.0
2002-09-13,2.21,2.22,2.19,2.22,727518.0,9373889.0
2002-09-16,2.21,2.21,2.15,2.18,1476878.0,18737127.0
2002-09-17,2.18,2.19,2.15,2.18,1372969.0,17380186.0
2002-09-18,2.18,2.22,2.17,2.2,1715376.0,22091349.0
2002-09-19,2.21,2.25,2.19,2.24,1909611.0,24852042.0
2002-09-20,2.25,2.25,2.22,2.22,728633.0,9491256.0
2002-09-23,2.22,2.22,2.18,2.19,822862.0,10555858.0
2002-09-24,2.22,2.22,2.19,2.19,504858.0,6480969.0
2002-09-25,2.19,2.25,2.18,2.22,1186582.0,15429527.0
2002-09-26,2.22,2.22,2.19,2.19,637563.0,8184228.0
2002-09-27,2.19,2.23,2.18,2.2,1059965.0,13677590.0
2002-10-08,2.22,2.23,2.14,2.22,751427.0,9708999.0
2002-10-09,2.22,2.22,2.17,2.2,452144.0,5789726.0
2002-10-10,2.2,2.21,2.17,2.19,382887.0,4904701.0
2002-10-11,2.19,2.21,2.18,2.19,427381.0,5470964.0
2002-10-14,2.2,2.2,2.16,2.18,772402.0,9824979.0
2002-10-15,2.18,2.22,2.17,2.2,1645489.0,21201220.0
2002-10-16,2.2,2.22,2.2,2.2,1948166.0,25109902.0
2002-10-17,2.2,2.22,2.15,2.15,1361230.0,17252699.0
2002-10-18,2.15,2.15,2.02,2.03,4616831.0,55508140.0
2002-10-21,2.03,2.03,1.94,1.96,2089254.0,24012809.0
2002-10-22,1.95,2.0,1.95,2.0,1674404.0,19409456.0
2002-10-23,1.99,2.02,1.98,2.01,854574.0,9989131.0
2002-10-24,2.01,2.05,2.01,2.01,933193.0,11074487.0
2002-10-25,2.01,2.03,1.98,1.99,750541.0,8778337.0
2002-10-28,1.99,1.99,1.94,1.95,1161676.0,13279632.0
2002-10-29,1.95,1.99,1.94,1.97,875493.0,10001327.0
2002-10-30,1.97,1.97,1.95,1.96,484951.0,5552839.0
2002-10-31,1.96,1.99,1.96,1.98,1068749.0,12331519.0
2002-11-01,1.98,2.01,1.98,2.01,3603724.0,42078088.0
2002-11-04,2.02,2.04,2.01,2.04,1508443.0,17890728.0
2002-11-05,2.04,2.06,2.02,2.05,1693320.0,20198657.0
2002-11-06,2.05,2.05,2.02,2.02,1075717.0,12743901.0
2002-11-07,2.02,2.03,1.99,2.02,821475.0,9636766.0
2002-11-08,2.03,2.05,1.97,1.99,1391364.0,16187213.0
2002-11-11,1.99,1.99,1.96,1.96,562927.0,6467885.0
2002-11-12,1.95,1.97,1.93,1.94,1001477.0,11411798.0
2002-11-13,1.94,1.94,1.9,1.93,1004166.0,11289659.0
2002-11-14,1.93,1.95,1.9,1.91,720906.0,8122966.0
2002-11-15,1.91,1.94,1.89,1.91,910213.0,10162227.0
2002-11-18,1.91,1.91,1.87,1.9,869831.0,9585868.0
2002-11-19,1.89,1.92,1.87,1.91,1082898.0,11933037.0
2002-11-20,1.9,1.91,1.86,1.9,1209260.0,13312085.0
2002-11-21,1.9,1.9,1.87,1.88,1287692.0,14210339.0
2002-11-22,1.88,1.9,1.86,1.88,875250.0,9613164.0
2002-11-25,1.88,1.93,1.86,1.92,1522361.0,16827999.0
2002-11-26,1.92,1.93,1.87,1.88,804711.0,8920399.0
2002-11-27,1.88,1.9,1.87,1.88,539603.0,5918490.0
2002-11-28,1.88,1.93,1.87,1.93,1880500.0,20981123.0
2002-11-29,1.93,1.98,1.92,1.95,2916350.0,33439219.0
2002-12-02,1.94,1.95,1.9,1.9,713401.0,8028665.0
2002-12-03,1.9,1.95,1.89,1.95,1051177.0,11795766.0
2002-12-04,1.94,1.97,1.92,1.95,2164577.0,24709830.0
2002-12-05,1.94,1.99,1.93,1.98,3285855.0,37891818.0
2002-12-06,1.99,1.99,1.96,1.97,1763649.0,20381924.0
2002-12-09,1.97,1.98,1.95,1.95,507100.0,5812717.0
2002-12-10,1.95,1.99,1.94,1.95,1721672.0,19823958.0
2002-12-11,1.95,1.97,1.93,1.94,774358.0,8804151.0
2002-12-12,1.94,1.96,1.92,1.94,833326.0,9434138.0
2002-12-13,1.93,1.97,1.92,1.96,1891204.0,21566627.0
2002-12-16,1.97,2.0,1.96,1.99,2619606.0,30388134.0
2002-12-17,1.99,2.01,1.95,2.01,2517083.0,29365948.0
2002-12-18,2.0,2.01,1.97,2.0,869771.0,10115301.0
2002-12-19,2.0,2.0,1.97,2.0,719321.0,8335634.0
2002-12-20,2.0,2.01,1.97,2.0,1087074.0,12681078.0
2002-12-23,2.0,2.05,2.0,2.02,2487681.0,29520702.0
2002-12-24,2.02,2.02,1.99,2.02,740844.0,8671224.0
2002-12-25,2.01,2.01,1.99,1.99,438500.0,5125743.0
2002-12-27,1.97,1.99,1.88,1.99,1930327.0,21893668.0
2002-12-30,1.97,2.05,1.91,2.05,1735992.0,20079462.0
2002-12-31,1.99,2.02,1.95,1.98,1212948.0,14092954.0
2003-01-02,1.96,1.96,1.9,1.91,650125.0,7293120.0
2003-01-03,1.91,1.93,1.9,1.91,482127.0,5379807.0
2003-01-06,1.91,1.93,1.88,1.92,420545.0,4692610.0
2003-01-07,1.9,1.93,1.9,1.9,386113.0,4303665.0
2003-01-08,1.9,1.95,1.9,1.94,372207.0,4183313.0
2003-01-09,1.95,1.99,1.94,1.98,1606515.0,18528141.0
2003-01-10,1.98,2.04,1.96,1.97,2491976.0,29214898.0
2003-01-13,1.97,2.0,1.97,1.99,1231471.0,14307373.0
2003-01-14,1.99,2.16,1.99,2.06,9971745.0,120655397.0
2003-01-15,2.07,2.12,2.02,2.05,6730159.0,82077732.0
2003-01-16,2.04,2.11,2.04,2.08,5632376.0,68553382.0
2003-01-17,2.09,2.11,2.05,2.08,3382131.0,41315404.0
2003-01-20,2.08,2.08,2.04,2.05,1294511.0,15526837.0
2003-01-21,2.06,2.14,2.06,2.07,4534876.0,55651435.0
2003-01-22,2.08,2.08,2.05,2.07,1167934.0,14056166.0
2003-01-23,2.06,2.1,2.04,2.06,2555998.0,30962780.0
2003-01-24,2.07,2.09,2.02,2.08,1859501.0,22378585.0
2003-01-27,2.07,2.11,2.06,2.09,4364770.0,53360664.0
2003-01-28,2.1,2.13,2.09,2.1,3322864.0,40971696.0
2003-01-29,2.1,2.1,2.09,2.1,1448985.0,17751540.0
2003-02-10,2.1,2.1,2.05,2.05,950680.0,11420408.0
2003-02-11,2.05,2.07,2.04,2.06,518671.0,6223894.0
2003-02-12,2.06,2.11,2.03,2.1,3303722.0,40224143.0
2003-02-13,2.11,2.14,2.08,2.1,3025302.0,37367212.0
2003-02-14,2.1,2.11,2.07,2.09,2013295.0,24681118.0
2003-02-17,2.09,2.1,2.06,2.07,800321.0,9705864.0
2003-02-18,2.07,2.07,2.05,2.05,704502.0,8460368.0
2003-02-19,2.05,2.07,2.05,2.07,525474.0,6311557.0
2003-02-20,2.08,2.1,2.06,2.07,822771.0,9994754.0
2003-02-21,2.07,2.07,2.02,2.02,1056607.0,12591669.0
2003-02-24,2.02,2.03,2.01,2.01,735345.0,8690094.0
2003-02-25,2.02,2.05,2.02,2.03,748355.0,8877142.0
2003-02-26,2.04,2.04,2.02,2.03,610255.0,7245288.0
2003-02-27,2.03,2.05,2.02,2.05,797035.0,9488002.0
2003-02-28,2.05,2.06,2.02,2.02,1141972.0,13532738.0
2003-03-03,2.02,2.02,1.97,1.98,3035194.0,35271912.0
2003-03-04,1.99,2.02,1.99,1.99,1175925.0,13742249.0
2003-03-05,1.99,2.0,1.98,1.99,839652.0,9768278.0
2003-03-06,1.99,1.99,1.95,1.95,1569912.0,17997031.0
2003-03-07,1.95,1.99,1.95,1.95,822581.0,9405295.0
2003-03-10,1.95,1.95,1.91,1.94,905865.0,10184036.0
2003-03-11,1.94,1.95,1.93,1.93,428007.0,4829186.0
2003-03-12,1.93,1.94,1.91,1.93,575252.0,6450443.0
2003-03-13,1.93,1.94,1.91,1.91,644706.0,7238493.0
2003-03-14,1.91,1.93,1.91,1.91,696037.0,7794677.0
2003-03-17,1.91,1.93,1.9,1.93,652979.0,7291862.0
2003-03-18,1.93,1.95,1.91,1.91,870086.0,9788915.0
2003-03-19,1.91,1.92,1.89,1.91,873001.0,9700834.0
2003-03-20,1.91,1.91,1.88,1.89,649551.0,7175921.0
2003-03-21,1.89,1.92,1.88,1.91,555966.0,6194162.0
2003-03-24,1.91,1.92,1.9,1.9,489839.0,5469693.0
2003-03-25,1.9,1.91,1.88,1.89,818373.0,9032368.0
2003-03-26,1.89,1.9,1.88,1.89,560422.0,6181887.0
2003-03-27,1.89,1.93,1.88,1.93,1036020.0,11561494.0
2003-03-28,1.93,1.97,1.91,1.94,1868593.0,21154782.0
2003-03-31,1.94,1.99,1.94,1.96,5327191.0,61500929.0
2003-04-01,1.97,1.99,1.96,1.98,2882478.0,33348640.0
2003-04-02,1.98,1.99,1.96,1.97,1326620.0,15303412.0
2003-04-03,1.96,1.98,1.95,1.95,681425.0,7784197.0
2003-04-07,1.97,1.99,1.94,1.97,1680795.0,19311546.0
2003-04-08,1.97,1.97,1.95,1.96,1517295.0,17339036.0
2003-04-09,1.96,1.96,1.91,1.96,2478794.0,28059786.0
2003-04-10,1.96,1.98,1.93,1.97,4105733.0,46993065.0
2003-04-11,1.98,2.11,1.98,2.09,14904260.0,178813337.0
2003-04-14,2.08,2.16,2.07,2.15,11740267.0,145631307.0
2003-04-15,2.15,2.2,2.13,2.16,10174266.0,128250331.0
2003-04-16,2.18,2.27,2.07,2.12,11964459.0,126337000.0
2003-04-17,2.12,2.14,2.07,2.09,5090508.0,51931009.0
2003-04-18,2.1,2.13,2.07,2.08,5554814.0,56896818.0
2003-04-21,2.09,2.09,2.02,2.04,4266630.0,42418150.0
2003-04-22,2.04,2.05,2.02,2.04,1427541.0,14137219.0
2003-04-23,2.04,2.04,1.96,1.96,3225953.0,31306744.0
2003-04-24,1.96,1.96,1.9,1.92,3460415.0,32460416.0
2003-04-25,1.91,1.93,1.91,1.92,1682064.0,15705334.0
2003-04-28,1.91,2.0,1.87,1.99,3800225.0,35561363.0
2003-04-29,1.99,1.99,1.91,1.92,2938528.0,27712892.0
2003-04-30,1.93,1.97,1.92,1.94,2118583.0,20022823.0
2003-05-12,1.94,1.95,1.88,1.91,3226454.0,29755193.0
2003-05-13,1.91,1.91,1.82,1.84,3197621.0,28693417.0
2003-05-14,1.84,1.87,1.83,1.85,2313337.0,20769308.0
2003-05-15,1.85,1.95,1.85,1.93,3476693.0,32185664.0
2003-05-16,1.93,1.97,1.91,1.94,2880521.0,27240379.0
2003-05-19,1.94,2.0,1.94,1.96,4025308.0,38744940.0
2003-05-20,1.97,1.99,1.94,1.94,2066119.0,19702060.0
2003-05-21,1.94,1.97,1.93,1.93,1117499.0,10554610.0
2003-05-22,1.94,1.94,1.91,1.92,1349488.0,12626304.0
2003-05-23,1.93,1.95,1.91,1.93,4165914.0,39138343.0
2003-05-26,1.93,2.03,1.93,2.01,7595229.0,74083821.0
2003-05-27,2.02,2.03,1.98,2.01,3572033.0,34786126.0
2003-05-28,2.02,2.04,1.99,2.0,3776787.0,37078267.0
2003-05-29,1.99,2.07,1.97,2.06,6925129.0,68867285.0
2003-05-30,2.07,2.18,2.06,2.13,14722041.0,152942017.0
2003-06-02,2.13,2.14,2.09,2.11,3748403.0,38496270.0
2003-06-03,2.12,2.13,2.07,2.08,3267936.0,33347524.0
2003-06-04,2.07,2.09,2.04,2.08,3323474.0,33241796.0
2003-06-05,2.09,2.12,2.05,2.09,5031851.0,51423542.0
2003-06-06,2.09,2.09,2.02,2.04,2691063.0,26852432.0
2003-06-09,2.03,2.04,2.0,2.0,1661752.0,16321068.0
2003-06-10,2.0,2.03,1.99,2.0,1143695.0,11209726.0
2003-06-11,2.01,2.08,2.0,2.07,3791843.0,38103486.0
2003-06-12,2.07,2.08,2.04,2.07,1154156.0,11558232.0
2003-06-13,2.07,2.13,2.05,2.09,6023748.0,61814105.0
2003-06-16,2.09,2.09,2.05,2.07,2659983.0,26670831.0
2003-06-17,2.07,2.09,2.05,2.09,1455773.0,14668079.0
2003-06-18,2.09,2.13,2.07,2.1,7368776.0,75745759.0
2003-06-19,2.1,2.1,2.06,2.07,1879715.0,18939636.0
2003-06-20,2.07,2.12,2.06,2.1,6027143.0,61571587.0
2003-06-23,2.1,2.13,2.08,2.1,7568640.0,77933305.0
2003-06-24,2.1,2.11,2.04,2.08,2875838.0,29029014.0
2003-06-25,2.08,2.12,2.06,2.08,4906574.0,50208739.0
2003-06-26,2.08,2.08,2.03,2.06,3819122.0,38211118.0
2003-06-27,2.06,2.08,2.02,2.02,2373100.0,23637843.0
2003-06-30,2.02,2.02,1.97,2.01,2625716.0,25500800.0
2003-07-01,2.01,2.04,1.99,1.99,1642965.0,16101897.0
2003-07-02,1.99,2.02,1.97,2.01,1086132.0,10578414.0
2003-07-03,2.01,2.03,1.99,2.01,1291834.0,12642982.0
2003-07-04,2.01,2.02,2.0,2.0,831985.0,8147878.0
2003-07-07,2.0,2.02,1.97,2.01,1518298.0,14782192.0
2003-07-08,2.01,2.04,2.01,2.03,1335193.0,13187274.0
2003-07-09,2.03,2.03,1.99,2.0,743060.0,7267777.0
2003-07-10,2.0,2.09,2.0,2.08,5139472.0,51496048.0
2003-07-11,2.08,2.11,2.07,2.08,3328943.0,33933370.0
2003-07-14,2.08,2.17,2.08,2.14,15705721.0,162975141.0
2003-07-15,2.14,2.2,2.13,2.14,17512628.0,184552498.0
2003-07-16,2.14,2.19,2.14,2.16,15154930.0,159794732.0
2003-07-17,2.17,2.28,2.17,2.24,35271358.0,383573428.0
2003-07-21,2.17,2.22,2.13,2.21,15941516.0,167579910.0
2003-07-22,2.22,2.25,2.14,2.18,7314959.0,78080379.0
2003-07-23,2.19,2.24,2.16,2.22,5597107.0,60118435.0
2003-07-24,2.22,2.23,2.17,2.17,4169659.0,44522797.0
2003-07-25,2.17,2.19,2.12,2.12,6730034.0,70244363.0
2003-07-28,2.11,2.14,2.1,2.14,2450256.0,25373640.0
2003-07-29,2.15,2.16,2.13,2.15,1792134.0,18718685.0
2003-07-30,2.15,2.16,2.11,2.14,1773824.0,18452439.0
2003-07-31,2.15,2.16,2.12,2.15,2035794.0,21235238.0
2003-08-01,2.15,2.16,2.12,2.14,1651731.0,17171840.0
2003-08-04,2.14,2.14,2.08,2.12,4781192.0,48989249.0
2003-08-05,2.12,2.14,2.1,2.11,2011281.0,20769653.0
2003-08-06,2.12,2.18,2.12,2.16,5304508.0,55786082.0
2003-08-07,2.16,2.19,2.16,2.17,3493535.0,36954619.0
2003-08-08,2.14,2.15,2.07,2.08,6217868.0,63509462.0
2003-08-11,2.07,2.09,2.06,2.08,1699671.0,17181689.0
2003-08-12,2.09,2.1,2.06,2.09,1880095.0,19017403.0
2003-08-13,2.09,2.09,2.03,2.04,4049870.0,40372959.0
2003-08-14,2.03,2.06,2.01,2.02,2978705.0,29446683.0
2003-08-15,2.02,2.03,1.99,2.0,2224925.0,21757854.0
2003-08-18,2.0,2.01,1.98,2.01,1310796.0,12739622.0
2003-08-19,2.0,2.03,2.0,2.03,1103885.0,10842966.0
2003-08-20,2.03,2.03,2.0,2.01,1301164.0,12714249.0
2003-08-21,2.02,2.02,1.99,1.99,1628903.0,15832026.0
2003-08-22,1.99,2.01,1.99,2.0,653272.0,6376701.0
2003-08-25,1.99,2.0,1.98,1.99,1174219.0,11370443.0
2003-08-26,1.99,1.99,1.94,1.94,1924301.0,18281922.0
2003-08-27,1.95,1.97,1.91,1.92,1741906.0,16409398.0
2003-08-28,1.92,1.94,1.91,1.92,1123413.0,10540454.0
2003-08-29,1.91,1.93,1.89,1.91,1631080.0,15062322.0
2003-09-01,1.91,1.98,1.91,1.98,1778731.0,16878454.0
2003-09-02,1.98,1.99,1.94,1.95,1989749.0,19021994.0
2003-09-03,1.96,1.97,1.93,1.94,1252319.0,11857380.0
2003-09-04,1.95,1.98,1.93,1.94,1475244.0,13990044.0
2003-09-05,1.94,1.94,1.86,1.9,3028351.0,28002941.0
2003-09-08,1.89,1.9,1.86,1.88,1375596.0,12559128.0
2003-09-09,1.88,1.9,1.86,1.87,1528499.0,13995743.0
2003-09-10,1.89,1.91,1.87,1.89,802825.0,7401938.0
2003-09-11,1.9,1.91,1.88,1.89,677479.0,6250184.0
2003-09-12,1.88,1.9,1.88,1.89,838712.0,7720161.0
2003-09-15,1.88,1.89,1.85,1.86,1339050.0,12172892.0
2003-09-16,1.86,1.88,1.86,1.87,889704.0,8092526.0
2003-09-17,1.87,1.87,1.83,1.85,1779997.0,16010596.0
2003-09-18,1.85,1.86,1.84,1.85,747602.0,6724255.0
2003-09-19,1.85,1.87,1.85,1.87,502015.0,4538164.0
2003-09-22,1.87,1.89,1.86,1.87,717399.0,6555098.0
2003-09-23,1.86,1.89,1.85,1.89,778222.0,7095675.0
2003-09-24,1.89,1.9,1.88,1.89,785415.0,7213217.0
2003-09-25,1.89,1.93,1.88,1.92,3356918.0,31343247.0
2003-09-26,1.92,1.96,1.92,1.93,5412147.0,51289963.0
2003-09-29,1.94,1.95,1.92,1.93,3031190.0,28495239.0
2003-09-30,1.92,1.94,1.92,1.93,1973775.0,18557832.0
2003-10-08,1.93,1.96,1.92,1.95,1137391.0,10797128.0
2003-10-09,1.95,1.97,1.94,1.95,1498870.0,14257970.0
2003-10-10,1.95,2.0,1.92,1.98,2436401.0,23417962.0
2003-10-13,1.98,1.99,1.96,1.97,1496584.0,14401157.0
2003-10-14,1.97,2.0,1.96,1.99,2673136.0,25775103.0
2003-10-15,1.98,2.0,1.97,1.98,1919339.0,18554184.0
2003-10-16,1.96,1.98,1.94,1.95,2019081.0,19209859.0
2003-10-17,1.93,1.96,1.93,1.95,639942.0,6068021.0
2003-10-20,1.95,1.98,1.95,1.97,1161633.0,11156616.0
2003-10-21,1.97,1.98,1.96,1.97,1120230.0,10759989.0
2003-10-22,1.98,2.03,1.98,2.01,2485602.0,24338783.0
2003-10-23,2.02,2.03,1.99,2.0,1687419.0,16514057.0
2003-10-24,2.0,2.01,1.97,1.98,871592.0,8418198.0
2003-10-27,1.97,2.01,1.97,1.98,1402001.0,13535891.0
2003-10-28,1.97,1.99,1.97,1.98,1338148.0,12896880.0
2003-10-29,1.98,2.02,1.98,2.02,3718151.0,36078170.0
2003-10-30,2.02,2.06,2.01,2.04,4997194.0,49824503.0
2003-10-31,2.02,2.07,2.02,2.06,3423113.0,34331289.0
2003-11-03,2.07,2.09,2.05,2.08,1880701.0,18923050.0
2003-11-04,2.09,2.18,2.05,2.12,7009107.0,73123138.0
2003-11-05,2.12,2.16,2.1,2.15,3081167.0,31962058.0
2003-11-06,2.17,2.18,2.12,2.14,3375454.0,35178196.0
2003-11-07,2.13,2.13,2.06,2.09,4235380.0,43100634.0
2003-11-10,2.07,2.11,2.06,2.11,2013503.0,20501153.0
2003-11-11,2.1,2.15,2.1,2.15,2636559.0,27314317.0
2003-11-12,2.15,2.15,2.08,2.08,1972086.0,20279784.0
2003-11-13,2.08,2.09,2.06,2.07,1709151.0,17277805.0
2003-11-14,2.07,2.08,2.05,2.07,1472604.0,14767639.0
2003-11-17,2.06,2.08,2.05,2.07,753085.0,7547574.0
2003-11-18,2.06,2.06,2.01,2.03,1278766.0,12672858.0
2003-11-19,2.01,2.05,2.0,2.04,1198251.0,11886013.0
2003-11-20,2.05,2.1,2.03,2.09,1997536.0,20100823.0
2003-11-21,2.09,2.1,2.05,2.06,1500021.0,15162688.0
2003-11-24,2.06,2.1,2.05,2.1,1721371.0,17411469.0
2003-11-25,2.1,2.14,2.09,2.1,2896250.0,29892718.0
2003-11-26,2.1,2.11,2.07,2.09,2304473.0,23357744.0
2003-11-27,2.12,2.14,2.07,2.08,1270048.0,13008265.0
2003-11-28,2.07,2.11,2.07,2.09,996767.0,10163453.0
2003-12-01,2.09,2.13,2.09,2.12,1802033.0,18548658.0
2003-12-02,2.13,2.13,2.1,2.12,2096615.0,21606392.0
2003-12-03,2.11,2.12,2.08,2.1,2705400.0,27632845.0
2003-12-04,2.1,2.1,2.06,2.07,3996484.0,40424008.0
2003-12-05,2.06,2.16,2.06,2.16,9249049.0,96071818.0
2003-12-08,2.16,2.19,2.13,2.13,2957881.0,30967312.0
2003-12-09,2.1,2.14,2.1,2.13,1754341.0,18130951.0
2003-12-10,2.13,2.16,2.13,2.15,2914330.0,30416446.0
2003-12-11,2.16,2.18,2.12,2.16,3183950.0,33475077.0
2003-12-12,2.17,2.17,2.14,2.14,2123764.0,22184855.0
2003-12-15,2.14,2.19,2.14,2.18,2825981.0,29828108.0
2003-12-16,2.16,2.17,2.12,2.16,2579060.0,26992771.0
2003-12-17,2.16,2.23,2.15,2.18,6520811.0,69918906.0
2003-12-18,2.18,2.28,2.17,2.26,10535017.0,114754401.0
2003-12-19,2.26,2.27,2.21,2.23,5662309.0,61683029.0
2003-12-22,2.24,2.38,2.23,2.3,7012578.0,78301918.0
2003-12-23,2.31,2.33,2.29,2.32,5719180.0,64300089.0
2003-12-24,2.32,2.38,2.3,2.37,6445926.0,73643473.0
2003-12-25,2.37,2.38,2.31,2.31,7743610.0,88185554.0
2003-12-26,2.31,2.36,2.3,2.31,4786771.0,54105854.0
2003-12-29,2.32,2.35,2.28,2.31,4949798.0,55732165.0
2003-12-30,2.32,2.37,2.32,2.34,3017129.0,34516298.0
2003-12-31,2.34,2.37,2.28,2.3,6287873.0,70828465.0
2004-01-02,2.29,2.33,2.28,2.31,3238605.0,36388562.0
2004-01-05,2.32,2.41,2.32,2.38,6799138.0,78620068.0
2004-01-06,2.38,2.43,2.36,2.4,5324805.0,62288904.0
2004-01-07,2.4,2.44,2.37,2.43,4454118.0,52539776.0
2004-01-08,2.43,2.45,2.39,2.41,4565816.0,53541725.0
2004-01-09,2.41,2.43,2.32,2.33,6205112.0,72143165.0
2004-01-12,2.33,2.37,2.3,2.36,4564649.0,51830734.0
2004-01-13,2.38,2.4,2.36,2.39,3695504.0,42931310.0
2004-01-14,2.39,2.45,2.33,2.43,5974584.0,70177890.0
2004-01-15,2.43,2.5,2.41,2.47,6394491.0,76962878.0
2004-01-16,2.47,2.49,2.44,2.45,3834608.0,46077044.0
2004-01-29,2.46,2.51,2.45,2.5,2636909.0,31801003.0
2004-01-30,2.52,2.52,2.41,2.41,3118264.0,37045367.0
2004-02-02,2.42,2.5,2.42,2.45,5932299.0,71047381.0
2004-02-03,2.46,2.46,2.39,2.42,4396126.0,51750258.0
2004-02-04,2.43,2.47,2.41,2.46,4854090.0,57938309.0
2004-02-05,2.45,2.46,2.4,2.43,4824471.0,56868279.0
2004-02-06,2.42,2.43,2.36,2.36,7686531.0,89124607.0
2004-02-09,2.36,2.39,2.32,2.38,9030135.0,103572584.0
2004-02-10,2.38,2.4,2.34,2.35,5877519.0,67227024.0
2004-02-11,2.35,2.36,2.32,2.35,2468882.0,28091624.0
2004-02-12,2.35,2.39,2.34,2.38,3993421.0,46101905.0
2004-02-13,2.38,2.38,2.33,2.33,2892955.0,33049842.0
2004-02-16,2.33,2.38,2.32,2.37,3316834.0,37984023.0
2004-02-17,2.38,2.44,2.38,2.42,5992474.0,70513544.0
2004-02-18,2.41,2.44,2.4,2.42,3497495.0,41141533.0
2004-02-19,2.44,2.44,2.41,2.41,3727461.0,43930175.0
2004-02-20,2.41,2.42,2.36,2.38,3213439.0,37214725.0
2004-02-23,2.38,2.4,2.3,2.31,4646080.0,52927739.0
2004-02-24,2.3,2.52,2.25,2.5,18793471.0,220253918.0
2004-02-25,2.59,2.71,2.55,2.59,47476893.0,609655182.0
2004-02-26,2.67,2.85,2.61,2.85,66484757.0,892184125.0
2004-02-27,2.88,2.91,2.76,2.79,36591214.0,505490366.0
2004-03-01,2.79,2.86,2.78,2.81,17596300.0,241992051.0
2004-03-02,2.82,2.84,2.77,2.83,13047531.0,177844379.0
2004-03-03,2.83,2.85,2.73,2.74,11676320.0,158289151.0
2004-03-04,2.73,2.76,2.69,2.74,7994083.0,105841637.0
2004-03-05,2.74,2.77,2.7,2.71,4935779.0,65685569.0
2004-03-08,2.72,2.76,2.69,2.7,5343922.0,70744082.0
2004-03-09,2.69,2.73,2.64,2.65,5947283.0,77850200.0
2004-03-10,2.64,2.69,2.62,2.69,6548166.0,84946002.0
2004-03-11,2.69,2.74,2.66,2.72,5053601.0,66732470.0
2004-03-12,2.72,2.75,2.69,2.74,4746306.0,62748754.0
2004-03-15,2.73,2.81,2.71,2.78,9031769.0,121611011.0
2004-03-16,2.79,2.81,2.74,2.8,9420406.0,127689741.0
2004-03-17,2.81,2.81,2.77,2.79,4192349.0,56902426.0
2004-03-18,2.78,2.78,2.7,2.72,6034559.0,80575913.0
2004-03-19,2.72,2.76,2.71,2.74,3074421.0,41015679.0
2004-03-22,2.75,2.81,2.75,2.78,3777964.0,51191017.0
2004-03-23,2.78,2.78,2.74,2.75,3818089.0,51218067.0
2004-03-24,2.75,2.77,2.73,2.73,3198528.0,42722364.0
2004-03-25,2.73,2.76,2.71,2.72,4111013.0,54471675.0
2004-03-26,2.72,2.84,2.72,2.83,9075151.0,123402140.0
2004-03-29,2.83,2.9,2.83,2.84,10006803.0,139407289.0
2004-03-30,2.83,2.89,2.83,2.85,5541387.0,77115871.0
2004-03-31,2.86,2.92,2.85,2.9,8739496.0,123058655.0
2004-04-01,2.9,2.91,2.87,2.87,7578434.0,106575477.0
2004-04-05,2.94,3.02,2.91,2.98,12487627.0,180042285.0
2004-04-06,2.98,3.0,2.94,2.98,5428256.0,78362709.0
2004-04-07,3.01,3.18,3.01,3.14,22532162.0,342431812.0
2004-04-08,3.14,3.2,3.12,3.18,12692905.0,195230385.0
2004-04-09,3.16,3.2,3.04,3.07,14641117.0,221102545.0
2004-04-12,3.06,3.1,2.99,3.0,14035525.0,208175067.0
2004-04-13,3.01,3.14,3.0,3.01,28786031.0,212040409.0
2004-04-14,3.02,3.04,2.87,2.91,18738312.0,131434652.0
2004-04-15,2.96,3.12,2.93,3.06,33932668.0,248326963.0
2004-04-16,3.06,3.11,2.98,3.05,16566633.0,121213004.0
2004-04-19,3.06,3.07,2.96,2.97,11355893.0,82027879.0
2004-04-20,2.97,2.98,2.91,2.93,11264591.0,79321474.0
2004-04-21,2.94,3.01,2.91,2.96,9375789.0,66372158.0
2004-04-22,2.96,2.98,2.9,2.94,6606786.0,46542916.0
2004-04-23,2.94,2.94,2.81,2.83,17663842.0,121099224.0
2004-04-26,2.83,2.89,2.8,2.87,6087255.0,41662311.0
2004-04-27,2.87,2.91,2.85,2.87,8854390.0,61373406.0
2004-04-28,2.87,2.93,2.85,2.91,6922184.0,48175163.0
2004-04-29,2.91,2.98,2.83,2.85,12596724.0,87409666.0
2004-04-30,2.85,2.93,2.85,2.89,5806969.0,40124765.0
2004-05-10,2.89,2.91,2.81,2.82,7153330.0,48806880.0
2004-05-11,2.81,2.86,2.79,2.82,4807402.0,32566147.0
2004-05-12,2.82,2.88,2.81,2.87,5841728.0,39985581.0
2004-05-13,2.87,2.95,2.84,2.93,7188376.0,50135892.0
2004-05-14,2.93,2.94,2.86,2.86,4214949.0,29154983.0
2004-05-17,2.86,2.87,2.81,2.82,4849375.0,33030493.0
2004-05-18,2.81,2.84,2.67,2.81,10533766.0,69904084.0
2004-05-19,2.81,2.82,2.75,2.78,6082178.0,40739910.0
2004-05-20,2.78,2.8,2.73,2.74,4167783.0,27611776.0
2004-05-21,2.75,2.77,2.71,2.74,3976129.0,26103097.0
2004-05-24,2.74,2.77,2.71,2.72,3620550.0,23678754.0
2004-05-25,2.72,2.72,2.62,2.63,6029092.0,38498458.0
2004-05-26,2.62,2.66,2.58,2.62,4062818.0,25526137.0
2004-05-27,2.61,2.72,2.59,2.71,4945165.0,31692237.0
2004-05-28,2.72,2.73,2.69,2.69,3041245.0,19731462.0
2004-06-01,2.69,2.77,2.67,2.75,5100377.0,33447991.0
2004-06-02,2.75,2.76,2.69,2.7,5544198.0,36135439.0
2004-06-03,2.7,2.7,2.62,2.65,4065754.0,25910204.0
2004-06-04,2.63,2.66,2.62,2.65,3758463.0,23790688.0
2004-06-07,2.66,2.66,2.62,2.63,2331302.0,14719797.0
2004-06-08,2.64,2.64,2.6,2.62,2941217.0,18501924.0
2004-06-09,2.61,2.62,2.55,2.57,4171268.0,25799709.0
2004-06-10,2.54,2.59,2.53,2.56,4225776.0,25911611.0
2004-06-11,2.56,2.62,2.55,2.56,2669074.0,16559987.0
2004-06-14,2.56,2.57,2.49,2.51,4394306.0,26569872.0
2004-06-15,2.51,2.58,2.5,2.57,4012911.0,24561856.0
2004-06-16,2.57,2.62,2.53,2.57,2661921.0,16472944.0
2004-06-17,2.56,2.57,2.52,2.54,2560072.0,15570455.0
2004-06-18,2.52,2.53,2.5,2.53,3099100.0,18673111.0
2004-06-21,2.53,2.57,2.51,2.54,1772422.0,10812992.0
2004-06-22,2.54,2.59,2.54,2.58,2909277.0,17891996.0
2004-06-23,2.58,2.59,2.55,2.56,1846301.0,11328117.0
2004-06-24,2.56,2.56,2.54,2.54,1876737.0,11483027.0
2004-06-25,2.54,2.57,2.51,2.52,2207179.0,13385244.0
2004-06-28,2.52,2.57,2.48,2.53,3205843.0,19426765.0
2004-06-29,2.53,2.59,2.51,2.56,2528359.0,15470171.0
2004-06-30,2.56,2.57,2.54,2.55,1511917.0,9274658.0
2004-07-01,2.54,2.64,2.53,2.62,5662613.0,35365222.0
2004-07-02,2.63,2.65,2.59,2.63,2971151.0,18678208.0
2004-07-05,2.62,2.64,2.59,2.64,2113307.0,13273826.0
2004-07-06,2.64,2.7,2.62,2.65,3982927.0,25560935.0
2004-07-07,2.65,2.66,2.61,2.63,1872517.0,11809306.0
2004-07-08,2.62,2.63,2.6,2.62,1330998.0,8347720.0
2004-07-09,2.62,2.62,2.58,2.59,1611281.0,10065854.0
2004-07-12,2.58,2.58,2.52,2.54,2265961.0,13827819.0
2004-07-13,2.54,2.57,2.53,2.55,1809342.0,11083025.0
2004-07-14,2.55,2.59,2.54,2.57,1601078.0,9846990.0
2004-07-15,2.57,2.64,2.57,2.64,3426277.0,21557422.0
2004-07-16,2.64,2.77,2.64,2.74,10939609.0,71721848.0
2004-07-19,2.75,2.75,2.7,2.72,4228058.0,27643573.0
2004-07-20,2.73,2.73,2.67,2.69,3310761.0,21358611.0
2004-07-21,2.69,2.72,2.67,2.72,2901370.0,18800475.0
2004-07-22,2.73,2.74,2.63,2.64,5108321.0,32781586.0
2004-07-23,2.64,2.74,2.62,2.73,3543227.0,22793254.0
2004-07-26,2.73,2.81,2.69,2.79,9811558.0,65366216.0
2004-07-27,2.78,2.81,2.73,2.76,6196083.0,41186434.0
2004-07-28,2.76,2.78,2.6,2.67,9267018.0,59209121.0
2004-07-29,2.67,2.71,2.64,2.7,4507165.0,29116893.0
2004-07-30,2.69,2.74,2.69,2.7,4718232.0,30760894.0
2004-08-02,2.69,2.71,2.66,2.69,1619477.0,10459353.0
2004-08-03,2.69,2.72,2.68,2.69,1759252.0,11369889.0
2004-08-04,2.68,2.77,2.61,2.72,7845662.0,50696544.0
2004-08-05,2.72,2.73,2.67,2.68,3475522.0,22516723.0
2004-08-06,2.67,2.7,2.65,2.67,2301064.0,14729957.0
2004-08-09,2.67,2.69,2.65,2.68,1624366.0,10410115.0
2004-08-10,2.67,2.69,2.66,2.69,2053090.0,13173391.0
2004-08-11,2.68,2.68,2.65,2.66,1735938.0,11099564.0
2004-08-12,2.64,2.67,2.62,2.65,2572675.0,16355586.0
2004-08-13,2.63,2.67,2.63,2.67,1345264.0,8600944.0
2004-08-16,2.67,2.73,2.66,2.71,3444557.0,22382073.0
2004-08-17,2.7,2.72,2.69,2.71,2960835.0,19241949.0
2004-08-18,2.72,2.75,2.71,2.71,4002294.0,26230060.0
2004-08-19,2.71,2.72,2.67,2.7,2571752.0,16648498.0
2004-08-20,2.71,2.71,2.68,2.69,1846228.0,11927749.0
2004-08-23,2.7,2.7,2.64,2.66,1678962.0,10764889.0
2004-08-24,2.65,2.7,2.64,2.67,1281738.0,8230918.0
2004-08-25,2.69,2.69,2.65,2.67,956563.0,6120661.0
2004-08-26,2.67,2.69,2.64,2.66,1107574.0,7090231.0
2004-08-27,2.67,2.68,2.64,2.65,1563603.0,9960172.0
2004-08-30,2.65,2.65,2.62,2.63,1268742.0,8020318.0
2004-08-31,2.67,2.74,2.64,2.68,2956861.0,19054469.0
2004-09-01,2.69,2.69,2.66,2.67,1344978.0,8612598.0
2004-09-02,2.66,2.67,2.62,2.67,1375757.0,8753041.0
2004-09-03,2.67,2.67,2.64,2.67,1145840.0,7329376.0
2004-09-06,2.67,2.67,2.64,2.65,783800.0,5012099.0
2004-09-07,2.65,2.68,2.64,2.67,1135818.0,7246000.0
2004-09-08,2.67,2.67,2.64,2.64,1628552.0,10360524.0
2004-09-09,2.64,2.65,2.55,2.56,4295329.0,26613133.0
2004-09-10,2.55,2.6,2.55,2.59,1944363.0,12059817.0
2004-09-13,2.59,2.61,2.56,2.57,1612766.0,9951302.0
2004-09-14,2.58,2.67,2.58,2.65,2523859.0,16021831.0
2004-09-15,2.65,2.8,2.64,2.74,8890373.0,58315782.0
2004-09-16,2.75,2.77,2.69,2.73,4753595.0,31141091.0
2004-09-17,2.73,2.79,2.7,2.79,8436694.0,55798640.0
2004-09-20,2.81,2.86,2.79,2.86,19381891.0,131372799.0
2004-09-21,2.87,2.91,2.8,2.84,15016086.0,103458099.0
2004-09-22,2.81,2.85,2.74,2.78,13477510.0,90213995.0
2004-09-23,2.78,2.87,2.76,2.87,7478856.0,50502956.0
2004-09-24,2.9,3.16,2.9,3.06,79243985.0,589330446.0
2004-09-27,3.11,3.14,2.95,2.98,35285249.0,259768274.0
2004-09-28,2.99,3.24,2.99,3.17,43646516.0,328319069.0
2004-09-29,3.19,3.21,3.14,3.17,23726442.0,180929993.0
2004-09-30,3.16,3.23,3.11,3.15,20782319.0,158049893.0
2004-10-08,3.16,3.32,3.05,3.31,25025085.0,191638097.0
2004-10-11,3.31,3.34,3.21,3.24,32916133.0,258224033.0
2004-10-12,3.23,3.23,3.09,3.12,18288232.0,138091606.0
2004-10-13,3.11,3.16,3.02,3.06,15520712.0,114427043.0
2004-10-14,3.05,3.07,2.9,2.92,17115127.0,121681303.0
2004-10-15,2.91,2.99,2.86,2.96,18367976.0,129245358.0
2004-10-18,2.96,2.98,2.86,2.87,16027642.0,112164431.0
2004-10-19,2.91,3.0,2.85,2.98,15123380.0,106964103.0
2004-10-20,2.97,3.01,2.94,3.01,9079096.0,65108420.0
2004-10-21,3.02,3.11,3.0,3.07,13595005.0,100152056.0
2004-10-22,3.07,3.14,3.04,3.14,15850761.0,118455050.0
2004-10-25,3.2,3.24,3.07,3.09,11883304.0,89543482.0
2004-10-26,3.09,3.16,3.03,3.13,8725292.0,64854878.0
2004-10-27,3.14,3.2,3.12,3.17,11031246.0,83824939.0
2004-10-28,3.16,3.17,3.1,3.14,11411436.0,85608845.0
2004-10-29,3.04,3.11,3.0,3.06,10608156.0,78245406.0
2004-11-01,3.01,3.07,3.0,3.0,5264409.0,38217132.0
2004-11-02,2.99,3.04,2.95,3.01,5253110.0,37705469.0
2004-11-03,3.02,3.1,3.01,3.1,4056854.0,29764891.0
2004-11-04,3.1,3.11,2.96,2.98,6326075.0,45996482.0
2004-11-05,2.99,3.06,2.91,2.97,7401159.0,52816531.0
2004-11-08,2.96,2.97,2.91,2.97,3953958.0,28059575.0
2004-11-09,2.97,3.01,2.95,2.99,2518118.0,18036147.0
2004-11-10,3.01,3.11,2.96,3.08,7967433.0,58513028.0
2004-11-11,3.08,3.11,3.02,3.02,11841044.0,87523287.0
2004-11-12,3.03,3.06,3.0,3.02,4187277.0,30449997.0
2004-11-15,3.02,3.06,3.02,3.06,3667790.0,26774435.0
2004-11-16,3.06,3.09,3.02,3.04,4058180.0,29726491.0
2004-11-17,3.05,3.06,2.99,3.0,4310762.0,31107865.0
2004-11-18,3.0,3.03,2.98,3.02,3139970.0,22607643.0
2004-11-19,3.02,3.04,2.99,3.0,4479770.0,32314608.0
2004-11-22,3.01,3.02,2.95,3.0,7208429.0,51501409.0
2004-11-23,3.0,3.0,2.95,2.95,7050247.0,50091082.0
2004-11-24,2.95,2.99,2.94,2.97,3744460.0,26663040.0
2004-11-25,2.98,3.01,2.96,2.99,3684612.0,26410551.0
2004-11-26,3.0,3.0,2.96,2.97,2293038.0,16430995.0
2004-11-29,2.97,3.0,2.94,2.96,2583034.0,18425628.0
2004-11-30,2.96,2.98,2.95,2.97,3124354.0,22189995.0
2004-12-01,2.97,2.97,2.89,2.91,4826582.0,33971906.0
2004-12-02,2.9,2.9,2.83,2.84,7454553.0,50964255.0
2004-12-03,2.84,2.89,2.83,2.86,3028333.0,20822483.0
2004-12-06,2.85,2.86,2.81,2.84,3168141.0,21524554.0
2004-12-07,2.84,2.85,2.83,2.83,2293256.0,15618605.0
2004-12-08,2.83,2.88,2.83,2.84,1670860.0,11444569.0
2004-12-09,2.84,2.9,2.81,2.89,2781484.0,19193463.0
2004-12-10,2.89,2.9,2.83,2.85,3214692.0,21957432.0
2004-12-13,2.83,2.87,2.79,2.82,2725971.0,18507464.0
2004-12-14,2.82,2.86,2.81,2.82,1626415.0,11026438.0
2004-12-15,2.82,2.84,2.74,2.8,3387975.0,22663218.0
2004-12-16,2.8,2.8,2.76,2.77,2705078.0,18073126.0
2004-12-17,2.77,2.81,2.76,2.77,2397716.0,16046697.0
2004-12-20,2.77,2.79,2.73,2.74,2780096.0,18381920.0
2004-12-21,2.73,2.76,2.71,2.72,3161577.0,20717234.0
2004-12-22,2.73,2.79,2.66,2.78,5727689.0,37261966.0
2004-12-23,2.77,2.77,2.72,2.75,3364910.0,22184025.0
2004-12-24,2.75,2.77,2.74,2.75,1585117.0,10478755.0
2004-12-27,2.75,2.77,2.72,2.73,1408727.0,9263482.0
2004-12-28,2.71,2.75,2.71,2.74,2951481.0,19431460.0
2004-12-29,2.75,2.78,2.72,2.74,3468256.0,22880659.0
2004-12-30,2.74,2.83,2.74,2.79,3336598.0,22348998.0
2004-12-31,2.79,2.82,2.79,2.79,3165179.0,21322146.0
2005-01-04,2.79,2.79,2.62,2.74,1852860.0,12215623.0
2005-01-05,2.75,2.8,2.73,2.79,1727945.0,11500804.0
2005-01-06,2.79,2.8,2.77,2.78,1500783.0,10023313.0
2005-01-07,2.79,2.83,2.77,2.81,2336122.0,15773682.0
2005-01-10,2.79,2.84,2.77,2.84,1919012.0,12989877.0
2005-01-11,2.86,2.86,2.81,2.83,2754641.0,18764031.0
2005-01-12,2.83,2.85,2.79,2.82,1406393.0,9490258.0
2005-01-13,2.82,2.84,2.78,2.81,1886933.0,12756650.0
2005-01-14,2.81,2.86,2.81,2.83,3452540.0,23564598.0
2005-01-17,2.82,2.82,2.73,2.75,4041144.0,26925068.0
2005-01-18,2.74,2.79,2.74,2.79,2067850.0,13698900.0
2005-01-19,2.8,2.81,2.77,2.8,1213312.0,8121226.0
2005-01-20,2.79,2.79,2.75,2.75,2008558.0,13297961.0
2005-01-21,2.74,2.84,2.69,2.83,4134201.0,27476153.0
2005-01-24,2.86,2.9,2.83,2.85,3756898.0,25740191.0
2005-01-25,2.85,2.91,2.82,2.91,7621972.0,52678144.0
2005-01-26,2.91,2.95,2.87,2.91,3647811.0,25519453.0
2005-01-27,2.9,2.9,2.83,2.84,3071757.0,21100718.0
2005-01-28,2.84,2.91,2.83,2.89,3655755.0,25312942.0
2005-01-31,2.9,3.0,2.88,2.97,12279991.0,87150771.0
2005-02-01,2.97,3.01,2.94,2.96,7052150.0,50398720.0
2005-02-02,2.96,3.08,2.95,3.05,14549783.0,105816877.0
2005-02-03,3.05,3.08,3.0,3.04,9220085.0,67439679.0
2005-02-04,3.04,3.09,2.98,3.06,12198299.0,89480275.0
2005-02-16,3.07,3.11,3.03,3.04,5284673.0,38934675.0
2005-02-17,3.07,3.07,2.99,3.04,4383971.0,31708995.0
2005-02-18,3.01,3.03,2.94,2.97,8088224.0,57788471.0
2005-02-21,2.96,3.04,2.96,3.02,4241308.0,30606747.0
2005-02-22,3.02,3.05,2.99,3.04,6734336.0,48877088.0
2005-02-23,3.04,3.05,3.0,3.02,4279843.0,31082532.0
2005-02-24,3.01,3.03,2.96,3.02,5335477.0,38231169.0
2005-02-25,3.04,3.17,3.02,3.1,34525297.0,259891931.0
2005-02-28,3.1,3.16,3.1,3.12,9305197.0,69936016.0
2005-03-01,3.12,3.12,3.05,3.06,7514623.0,55480729.0
2005-03-02,3.06,3.11,3.01,3.01,4978896.0,36530326.0
2005-03-03,3.0,3.05,2.99,3.04,4460417.0,32310935.0
2005-03-04,3.03,3.09,3.03,3.05,7017659.0,51692557.0
2005-03-07,3.06,3.07,2.98,2.99,8174554.0,59246719.0
2005-03-08,2.97,2.98,2.89,2.95,28290919.0,199825957.0
2005-03-09,2.95,3.01,2.91,3.01,12467976.0,88782214.0
2005-03-10,3.0,3.04,2.96,3.01,10938204.0,79051040.0
2005-03-11,3.0,3.02,2.95,2.95,8595064.0,61548021.0
2005-03-14,2.95,3.04,2.91,3.0,8330080.0,59841449.0
2005-03-15,3.0,3.0,2.91,2.91,7333624.0,51915554.0
2005-03-16,2.9,2.94,2.85,2.87,7122739.0,49480299.0
2005-03-17,2.87,2.88,2.81,2.83,4531725.0,30846704.0
2005-03-18,2.82,2.86,2.81,2.84,4748201.0,32316386.0
2005-03-21,2.84,2.89,2.82,2.87,2279267.0,15644868.0
2005-03-22,2.87,2.89,2.83,2.88,6258487.0,42979970.0
2005-03-23,2.89,3.1,2.89,3.0,21305330.0,153849928.0
2005-03-24,2.99,3.01,2.96,3.01,5939653.0,42539766.0
2005-03-25,3.01,3.02,2.93,2.96,3165370.0,22598502.0
2005-03-28,2.95,2.99,2.92,2.98,2030091.0,14368259.0
2005-03-29,2.99,3.0,2.95,2.96,2312712.0,16522023.0
2005-03-30,2.96,2.96,2.85,2.86,4797559.0,33526461.0
2005-03-31,2.85,2.9,2.85,2.89,2708869.0,18710974.0
2005-04-01,2.86,3.01,2.86,2.98,4694056.0,33238773.0
2005-04-04,2.96,2.99,2.91,2.96,3428043.0,24424281.0
2005-04-05,2.94,3.04,2.94,3.03,8942622.0,64711758.0
2005-04-06,3.03,3.09,3.0,3.08,14652224.0,107765055.0
2005-04-07,3.07,3.16,3.02,3.03,13724973.0,101929576.0
2005-04-08,3.03,3.15,3.02,3.14,21124064.0,158132174.0
2005-04-11,3.14,3.16,3.09,3.1,8491978.0,63616968.0
2005-04-12,3.08,3.08,3.02,3.05,5438268.0,39793168.0
2005-04-13,3.09,3.16,3.01,3.05,13622951.0,100515884.0
2005-04-14,3.06,3.12,3.04,3.05,7044727.0,52147699.0
2005-04-18,3.01,3.06,2.96,3.06,5989222.0,43274628.0
2005-04-19,3.07,3.09,3.02,3.04,4547085.0,33305434.0
2005-04-20,3.03,3.03,2.98,2.99,4202985.0,30193005.0
2005-04-21,2.99,3.04,2.97,2.99,6402473.0,46108789.0
2005-04-22,3.0,3.14,3.0,3.08,16326237.0,120619817.0
2005-04-25,3.06,3.15,3.06,3.11,15196240.0,113582896.0
2005-04-26,3.11,3.15,3.08,3.12,10972182.0,82340475.0
2005-04-27,3.12,3.2,3.1,3.16,16542582.0,125518874.0
2005-04-28,3.16,3.26,3.13,3.23,21513477.0,166340624.0
2005-04-29,3.23,3.26,3.17,3.19,9970150.0,76684158.0
2005-05-09,3.19,3.2,3.08,3.12,7279097.0,54533662.0
2005-05-10,3.12,3.18,3.06,3.16,10486997.0,78840009.0
2005-05-11,3.15,3.2,3.04,3.06,10626590.0,79964885.0
2005-05-12,3.05,3.1,2.98,2.99,14433633.0,105185373.0
2005-05-13,2.98,3.04,2.97,3.04,7198075.0,52070266.0
2005-05-16,3.04,3.08,3.01,3.06,5124156.0,37513676.0
2005-05-17,3.04,3.16,3.03,3.11,7009219.0,52503420.0
2005-05-18,3.11,3.15,3.06,3.14,4655579.0,34786473.0
2005-05-19,3.12,3.14,3.09,3.12,3011914.0,22530097.0
2005-05-20,3.11,3.13,3.09,3.12,3242017.0,24237293.0
2005-05-23,3.11,3.11,3.02,3.03,4956769.0,36205135.0
2005-05-24,3.02,3.1,3.02,3.08,2707825.0,19914063.0
2005-05-25,3.06,3.08,2.97,2.99,9813923.0,70905672.0
2005-05-26,2.99,3.03,2.91,2.94,8261352.0,58440471.0
2005-05-27,2.91,2.96,2.88,2.9,3612203.0,25245622.0
2005-05-30,2.88,2.94,2.86,2.94,3474148.0,24153637.0
2005-05-31,2.96,3.01,2.96,2.96,3928799.0,28129568.0
2005-06-01,2.96,3.0,2.88,2.98,4614704.0,32808750.0
2005-06-02,2.97,2.97,2.75,2.81,11957632.0,81025700.0
2005-06-03,2.8,2.81,2.69,2.78,7171966.0,47351609.0
2005-06-06,2.78,2.89,2.73,2.88,5950185.0,40085686.0
2005-06-07,2.95,2.95,2.86,2.88,6462536.0,45106638.0
2005-06-08,2.94,3.14,2.86,3.11,18933028.0,138516400.0
2005-06-09,3.12,3.16,3.05,3.08,9954792.0,73919062.0
2005-06-10,3.08,3.08,2.98,3.02,7490489.0,54242503.0
2005-06-13,3.02,3.04,2.98,3.02,2688294.0,19408263.0
2005-06-14,3.04,3.05,2.98,2.99,2859569.0,20771446.0
2005-06-15,2.99,3.04,2.96,3.0,4420056.0,31934347.0
2005-06-16,3.0,3.05,2.98,3.04,4058099.0,29404063.0
2005-06-17,3.04,3.12,3.04,3.08,5786065.0,42778479.0
2005-06-20,3.1,3.31,3.08,3.28,44816610.0,347702264.0
2005-06-21,3.28,3.29,3.18,3.24,15712571.0,122088821.0
2005-06-22,3.23,3.28,3.19,3.25,9468380.0,73794144.0
2005-06-23,3.24,3.26,3.2,3.21,6476017.0,50071967.0
2005-06-24,3.2,3.24,3.15,3.22,5210552.0,39955775.0
2005-06-27,3.25,3.36,3.24,3.31,23744660.0,189496289.0
2005-06-28,3.29,3.34,3.21,3.25,15609077.0,122454813.0
2005-06-29,3.23,3.26,3.19,3.2,5346491.0,41328866.0
2005-06-30,3.19,3.24,3.11,3.13,8386128.0,63402177.0
2005-07-01,3.13,3.16,3.09,3.12,5352519.0,40076111.0
2005-07-04,3.11,3.19,3.07,3.19,4982363.0,37570276.0
2005-07-05,3.12,3.19,3.11,3.13,3617277.0,27371008.0
2005-07-06,3.13,3.16,3.09,3.12,2354943.0,17638556.0
2005-07-07,3.12,3.16,3.12,3.15,1888556.0,14275240.0
2005-07-08,3.12,3.21,3.1,3.17,4517887.0,34385976.0
2005-07-11,3.19,3.27,3.18,3.18,5376459.0,41489654.0
2005-07-12,3.16,3.31,3.16,3.27,11068713.0,86441400.0
2005-07-13,3.28,3.29,3.21,3.22,5615154.0,43844780.0
2005-07-14,3.22,3.25,3.19,3.21,5099137.0,39346353.0
2005-07-15,3.22,3.24,3.19,3.2,2337442.0,17983318.0
2005-07-18,3.19,3.23,3.18,3.22,2232443.0,17187437.0
2005-07-19,3.21,3.23,3.18,3.19,2456044.0,18889696.0
2005-07-20,3.2,3.24,3.15,3.23,3574273.0,27557449.0
2005-07-21,3.23,3.25,3.19,3.23,3369075.0,26086341.0
2005-07-22,3.23,3.32,3.2,3.27,12513016.0,98540284.0
2005-07-25,3.27,3.34,3.25,3.3,10371465.0,82389745.0
2005-07-26,3.29,3.41,3.29,3.36,23097671.0,186485313.0
2005-07-27,3.36,3.39,3.32,3.39,12307497.0,99243606.0
2005-07-28,3.38,3.39,3.31,3.32,12874367.0,103350441.0
2005-07-29,3.31,3.35,3.3,3.33,6314583.0,50428650.0
2005-08-01,3.33,3.45,3.33,3.41,12718364.0,104126047.0
2005-08-02,3.41,3.44,3.39,3.43,9838026.0,80708484.0
2005-08-03,3.44,3.45,3.39,3.39,14118713.0,115757887.0
2005-08-04,3.37,3.4,3.35,3.36,8951348.0,72366782.0
2005-08-05,3.35,3.43,3.34,3.42,12215120.0,99911988.0
2005-08-08,3.41,3.44,3.36,3.39,16139208.0,131651737.0
2005-08-09,3.39,3.39,3.31,3.36,15902697.0,127362058.0
2005-08-10,3.36,3.37,3.28,3.36,13374502.0,106750021.0
2005-08-11,3.35,3.41,3.31,3.41,20078727.0,162289831.0
2005-08-12,3.41,3.41,3.31,3.31,15319861.0,123582872.0
2005-08-15,3.32,3.37,3.29,3.35,10962399.0,87612572.0
2005-08-16,3.35,3.39,3.32,3.34,8578558.0,69019812.0
2005-08-17,3.33,3.34,3.25,3.31,10666214.0,84351650.0
2005-08-18,3.31,3.33,3.11,3.13,19511139.0,152197671.0
2005-08-19,3.14,3.22,3.14,3.2,11714300.0,89585091.0
2005-08-22,3.21,3.26,3.19,3.25,5972908.0,46275384.0
2005-08-23,3.25,3.26,3.21,3.24,4752529.0,36906002.0
2005-08-24,3.24,3.27,3.21,3.23,4880193.0,37977760.0
2005-08-25,3.24,3.25,3.18,3.2,3965939.0,30581563.0
2005-08-26,3.2,3.21,3.16,3.17,5696801.0,43416593.0
2005-08-29,3.17,3.23,3.15,3.21,4076178.0,31226374.0
2005-08-30,3.21,3.23,3.18,3.21,3245241.0,24994128.0
2005-08-31,3.23,3.24,3.2,3.24,4913002.0,37997155.0
2005-09-01,3.24,3.27,3.22,3.26,5319440.0,41553984.0
2005-09-02,3.26,3.27,3.23,3.27,5311876.0,41498652.0
2005-09-05,3.27,3.29,3.22,3.24,7761347.0,60467025.0
2005-09-06,3.25,3.25,3.16,3.18,8763586.0,67543836.0
2005-09-07,3.18,3.24,3.16,3.23,8413538.0,64521395.0
2005-09-08,3.23,3.31,3.2,3.29,12986346.0,101879632.0
2005-09-09,3.29,3.3,3.25,3.26,3423487.0,26842982.0
2005-09-12,3.26,3.27,3.24,3.25,2998393.0,23425094.0
2005-09-13,3.25,3.3,3.21,3.29,9767543.0,76299583.0
2005-09-14,3.29,3.31,3.26,3.3,7319628.0,57891728.0
2005-09-15,3.29,3.3,3.24,3.25,10509272.0,82099957.0
2005-09-16,3.26,3.29,3.25,3.28,7668391.0,60353056.0
2005-09-19,3.28,3.29,3.25,3.26,4998713.0,39152302.0
2005-09-20,3.26,3.26,3.16,3.21,11759710.0,90465177.0
2005-09-21,3.21,3.21,3.13,3.14,8864564.0,67261365.0
2005-09-22,3.13,3.14,3.04,3.09,9650476.0,71277222.0
2005-09-23,3.08,3.12,3.05,3.06,4221898.0,31316321.0
2005-09-26,3.06,3.09,3.05,3.09,3110422.0,22966476.0
2005-09-27,3.09,3.11,3.06,3.08,3099106.0,22882316.0
2005-09-28,3.08,3.13,3.06,3.11,3165569.0,23573658.0
2005-09-29,3.11,3.14,3.08,3.11,4871521.0,36275027.0
2005-09-30,3.11,3.12,3.08,3.11,3698404.0,27460573.0
2005-10-10,3.11,3.11,2.96,2.98,5643599.0,40997434.0
2005-10-11,2.96,3.05,2.91,3.04,11402367.0,81875639.0
2005-10-12,3.04,3.09,3.03,3.08,5183597.0,38091491.0
2005-10-13,3.08,3.09,3.02,3.03,6984911.0,51179962.0
2005-10-14,3.03,3.04,2.96,3.02,5116131.0,36893962.0
2005-10-17,2.99,3.0,2.91,2.94,6987974.0,49715782.0
2005-10-18,2.94,2.97,2.93,2.97,4865491.0,34468159.0
2005-10-19,2.97,3.01,2.94,2.96,2788608.0,19929974.0
2005-10-20,2.96,2.96,2.91,2.92,5889530.0,41254135.0
2005-10-21,2.92,2.92,2.89,2.9,3450317.0,24076479.0
2005-10-24,2.9,2.96,2.89,2.92,3283184.0,23145146.0
2005-10-25,2.91,2.94,2.89,2.94,2983292.0,20949897.0
2005-10-26,2.94,2.94,2.85,2.87,5465754.0,38061026.0
2005-10-27,2.87,2.88,2.81,2.83,4013989.0,27376313.0
2005-10-28,2.83,2.83,2.72,2.77,10173607.0,67377620.0
2005-10-31,2.77,2.84,2.76,2.81,4545762.0,30558104.0
2005-11-01,2.81,2.81,2.77,2.79,3733511.0,24958241.0
2005-11-02,2.79,2.89,2.79,2.86,5744219.0,39273361.0
2005-11-03,2.87,2.89,2.85,2.87,4124065.0,28453887.0
2005-11-04,2.87,2.89,2.85,2.87,1512478.0,10419497.0
2005-11-07,2.86,2.87,2.84,2.86,2171934.0,14864647.0
2005-11-08,2.85,2.86,2.8,2.83,1821685.0,12352770.0
2005-11-09,2.83,2.84,2.79,2.8,2719400.0,18362131.0
2005-11-10,2.79,2.81,2.75,2.76,3171334.0,21121229.0
2005-11-11,2.75,2.78,2.74,2.77,1386988.0,9193653.0
2005-11-14,2.77,2.77,2.71,2.72,2575240.0,16911529.0
2005-11-15,2.72,2.76,2.7,2.74,2419306.0,15805241.0
2005-11-16,2.74,2.77,2.69,2.77,2504559.0,16469249.0
2005-11-17,2.77,2.81,2.76,2.79,2178758.0,14608753.0
2005-11-18,2.79,2.87,2.78,2.83,6104685.0,41571399.0
2005-11-21,2.84,2.86,2.82,2.84,2818608.0,19285453.0
2005-11-22,2.84,2.85,2.79,2.79,1951348.0,13267386.0
2005-11-23,2.77,2.81,2.77,2.79,908319.0,6098113.0
2005-11-24,2.79,2.85,2.78,2.84,3472518.0,23600024.0
2005-11-25,2.84,2.87,2.84,2.85,1991304.0,13663274.0
2005-11-28,2.85,2.88,2.84,2.85,2737483.0,18827108.0
2005-11-29,2.85,2.85,2.81,2.81,1515966.0,10275755.0
2005-11-30,2.81,2.83,2.77,2.83,1797336.0,12066349.0
2005-12-01,2.82,2.83,2.77,2.79,2575725.0,17288608.0
2005-12-02,2.78,2.81,2.77,2.79,2401036.0,16073865.0
2005-12-05,2.79,2.79,2.75,2.77,1987266.0,13231904.0
2005-12-06,2.77,2.85,2.75,2.84,2884883.0,19513194.0
2005-12-07,2.84,2.88,2.83,2.86,3510679.0,24125825.0
2005-12-08,2.87,2.88,2.83,2.84,2203363.0,15055011.0
2005-12-09,2.84,2.92,2.82,2.9,7966746.0,55347851.0
2005-12-12,2.9,2.93,2.87,2.89,3244811.0,22556608.0
2005-12-13,2.89,2.9,2.87,2.9,2612140.0,18110762.0
2005-12-14,2.89,2.94,2.88,2.93,4079797.0,28597992.0
2005-12-15,2.93,2.97,2.93,2.96,6317399.0,44806941.0
2005-12-16,2.96,2.98,2.93,2.98,6618804.0,47095243.0
2005-12-19,2.96,2.98,2.96,2.97,2952072.0,21035526.0
2005-12-20,2.96,3.0,2.92,3.0,5077365.0,36281673.0
2005-12-21,2.99,3.02,2.97,2.99,5329824.0,38464929.0
2005-12-22,2.99,2.99,2.95,2.98,7335445.0,52414803.0
2005-12-23,2.98,3.04,2.97,3.02,7843277.0,56721678.0
2005-12-26,3.02,3.05,3.0,3.04,3491830.0,25389901.0
2005-12-27,3.01,3.04,3.01,3.02,5208298.0,37759239.0
2005-12-28,3.01,3.06,2.99,3.05,4235826.0,30736695.0
2005-12-29,3.05,3.21,3.05,3.15,23069315.0,174281227.0
2005-12-30,3.14,3.17,3.0,3.02,7938461.0,59571580.0
2006-01-04,3.07,3.21,3.07,3.19,13263138.0,101296097.0
2006-01-05,3.19,3.29,3.16,3.28,17713837.0,138135149.0
2006-01-06,3.28,3.32,3.22,3.31,21303756.0,167226924.0
2006-01-09,3.29,3.31,3.21,3.3,17655194.0,138898534.0
2006-01-10,3.28,3.29,3.16,3.29,11759111.0,91602904.0
2006-01-11,3.29,3.3,3.2,3.25,7908778.0,61692945.0
2006-01-12,3.24,3.3,3.24,3.28,8855361.0,69569139.0
2006-01-13,3.28,3.34,3.26,3.29,8870211.0,70348057.0
2006-01-16,3.29,3.29,3.19,3.24,8372628.0,65117093.0
2006-01-17,3.22,3.25,3.2,3.24,4817070.0,37353390.0
2006-01-18,3.24,3.39,3.22,3.35,10908999.0,86905922.0
2006-01-19,3.36,3.36,3.29,3.29,5967529.0,47510507.0
2006-01-20,3.3,3.36,3.3,3.31,12938422.0,103186492.0
2006-01-23,3.31,3.34,3.26,3.31,11102282.0,87764368.0
2006-01-24,3.32,3.42,3.32,3.38,24230316.0,196693509.0
2006-03-02,3.7,3.7,3.53,3.66,59049577.0,512623086.0
2006-03-03,3.62,3.73,3.6,3.62,21662917.0,189633860.0
2006-03-06,3.62,3.62,3.56,3.58,9579687.0,82434217.0
2006-03-07,3.57,3.57,3.46,3.51,12227231.0,102969892.0
2006-03-08,3.51,3.54,3.4,3.42,11287430.0,93604179.0
2006-03-09,3.41,3.46,3.39,3.41,5939388.0,48791942.0
2006-03-10,3.41,3.54,3.41,3.5,8606619.0,72036256.0
2006-03-13,3.49,3.55,3.46,3.54,10682406.0,90038352.0
2006-03-14,3.54,3.56,3.47,3.48,15679358.0,132125116.0
2006-03-31,3.31,3.32,3.16,3.28,52603963.0,349052609.0
2006-04-03,3.26,3.52,3.18,3.46,60530424.0,418231165.0
2006-04-04,3.47,3.5,3.42,3.47,33320819.0,236785290.0
2006-04-05,3.48,3.58,3.46,3.57,41092174.0,296008578.0
2006-04-06,3.57,3.92,3.54,3.84,63776901.0,493762905.0
2006-04-07,3.83,3.83,3.71,3.81,42690638.0,330688164.0
2006-04-10,3.71,3.8,3.62,3.75,42305254.0,321679720.0
2006-04-11,3.75,3.8,3.65,3.7,22581515.0,171323512.0
2006-04-12,3.7,3.82,3.69,3.74,23886760.0,184446385.0
2006-04-13,3.72,3.74,3.58,3.59,21917271.0,164232963.0
2006-04-14,3.58,3.8,3.56,3.78,39319317.0,298026366.0
2006-04-17,3.78,3.89,3.75,3.76,42663804.0,333720764.0
2006-04-18,3.8,4.07,3.8,4.03,62922711.0,508564674.0
2006-04-19,4.03,4.07,3.97,4.01,35055207.0,288575103.0
2006-04-20,4.01,4.29,4.01,4.2,47407285.0,404636388.0
2006-04-21,4.26,4.62,4.21,4.49,52815238.0,487520807.0
2006-04-24,4.52,4.8,4.52,4.67,50890772.0,486453793.0
2006-04-25,4.69,4.75,4.43,4.57,33850245.0,318952013.0
2006-04-26,4.56,4.66,4.38,4.48,31499824.0,294011841.0
2006-04-27,4.47,4.75,4.44,4.69,31914196.0,300823360.0
2006-04-28,4.59,5.15,4.54,5.15,67019939.0,685921357.0
2006-05-08,5.22,5.67,5.22,5.67,44759881.0,513070790.0
2006-05-09,5.85,6.24,5.85,6.24,64638807.0,814465041.0
2006-05-10,6.58,6.63,6.09,6.17,84216605.0,1101766190.0
2006-05-11,6.14,6.66,5.9,6.28,65355279.0,841962506.0
2006-05-15,6.9,6.9,6.68,6.9,57767884.0,814841908.0
2006-05-16,7.26,7.6,6.88,7.26,79999607.0,1211652992.0
2006-05-17,7.26,7.72,6.53,6.9,78988615.0,1143036246.0
2006-05-18,6.8,6.81,6.32,6.59,54494276.0,732858066.0
2006-05-19,6.6,7.16,6.48,7.08,60335752.0,845908371.0
2006-05-23,6.48,6.91,6.37,6.56,58588921.0,790917225.0
2006-05-24,6.62,6.82,5.93,6.52,50846400.0,659776880.0
2006-05-25,6.42,6.42,6.0,6.23,30297065.0,383810739.0
2006-05-26,6.21,6.33,6.06,6.24,30947450.0,394442292.0
2006-05-29,6.25,6.74,6.19,6.7,47365509.0,632055565.0
2006-05-30,6.7,7.06,6.58,6.59,55175205.0,766062004.0
2006-05-31,6.58,6.71,6.23,6.32,39848938.0,524656385.0
2006-06-01,6.3,6.71,6.21,6.62,38847484.0,517341477.0
2006-06-02,6.62,6.63,6.23,6.53,42870130.0,561080349.0
2006-06-05,6.33,6.45,6.14,6.36,20727883.0,267519807.0
2006-06-06,6.33,6.43,6.24,6.26,17284453.0,223631580.0
2006-06-07,6.24,6.24,5.7,5.76,33000714.0,404096407.0
2006-06-08,5.68,5.9,5.51,5.83,26677864.0,314795753.0
2006-06-09,5.85,5.9,5.55,5.57,18489926.0,217495847.0
2006-06-12,5.5,5.77,5.41,5.75,23612697.0,272012106.0
2006-06-13,5.74,6.13,5.7,5.95,27218289.0,330170768.0
2006-06-14,5.9,6.11,5.8,6.04,25626053.0,313882694.0
2006-06-15,6.05,6.2,5.91,6.0,18393294.0,227979905.0
2006-06-16,6.05,6.17,6.02,6.12,14100271.0,174646594.0
2006-06-19,6.09,6.73,6.01,6.63,53893781.0,714189294.0
2006-06-20,6.63,6.9,6.62,6.67,39920259.0,548903864.0
2006-06-21,6.64,6.72,6.48,6.62,24669080.0,330778034.0
2006-06-22,6.59,6.81,6.58,6.63,14857654.0,201122607.0
2006-06-23,6.64,6.97,6.64,6.91,41242409.0,574873272.0
2006-06-26,6.95,7.51,6.91,7.39,36325565.0,534843366.0
2006-06-28,7.37,7.77,7.12,7.35,32627286.0,494007441.0
2006-06-29,7.35,7.51,7.23,7.42,25511734.0,381784183.0
2006-06-30,7.47,7.51,7.03,7.15,27337794.0,402637101.0
2006-07-03,7.15,7.36,6.88,7.16,30412861.0,435475897.0
2006-07-04,7.18,7.18,6.9,7.0,26517340.0,376800120.0
2006-07-05,6.99,7.08,6.83,6.93,15546591.0,219023038.0
2006-07-06,6.92,7.17,6.84,7.05,18206523.0,261298722.0
2006-07-07,7.03,7.22,6.95,7.05,14273076.0,205056510.0
2006-07-10,7.0,7.03,6.85,6.95,12905033.0,181617091.0
2006-07-11,6.95,7.14,6.91,7.04,15331408.0,219531395.0
2006-07-12,7.04,7.06,6.88,6.94,13621156.0,192555007.0
2006-07-13,6.91,7.01,6.44,6.59,29061510.0,398301038.0
2006-07-14,6.51,6.67,6.46,6.63,14840430.0,198119726.0
2006-07-17,6.55,6.59,6.44,6.56,14995646.0,198406798.0
2006-07-18,6.56,6.63,6.48,6.63,10717526.0,143442660.0
2006-07-19,6.64,6.66,6.29,6.35,14942846.0,195311026.0
2006-07-20,6.35,6.53,6.33,6.44,12215137.0,159896335.0
2006-07-21,6.54,6.54,6.38,6.39,9766645.0,127622865.0
2006-07-24,6.29,6.98,6.24,6.98,34521224.0,471472150.0
2006-07-25,7.01,7.04,6.89,6.98,19959645.0,282986266.0
2006-07-26,7.0,7.05,6.89,7.0,14189929.0,201804313.0
2006-07-27,6.99,7.02,6.68,6.8,17443724.0,243570030.0
2006-07-28,6.77,6.83,6.61,6.7,11905811.0,161992246.0
2006-07-31,6.62,6.83,6.49,6.71,13775784.0,186526986.0
2006-08-01,6.68,6.77,6.57,6.64,8160020.0,110734684.0
2006-08-02,6.64,6.68,6.34,6.58,10470635.0,138142220.0
2006-08-03,6.55,6.62,6.35,6.44,7153005.0,93788890.0
2006-08-04,6.44,6.55,6.24,6.27,8424484.0,109026228.0
2006-08-07,6.19,6.37,6.08,6.27,8680871.0,110095231.0
2006-08-08,6.32,6.64,6.27,6.6,12975275.0,172810447.0
2006-08-09,6.6,6.67,6.5,6.56,8022118.0,107407961.0
2006-08-10,6.58,6.66,6.38,6.44,12091682.0,159188815.0
2006-08-11,6.39,6.41,6.09,6.28,23118912.0,293140349.0
2006-08-14,6.26,6.33,6.15,6.23,11867237.0,150358423.0
2006-08-15,6.22,6.29,6.1,6.24,5849979.0,73772961.0
2006-08-16,6.22,6.3,6.17,6.26,7071350.0,89618680.0
2006-08-17,6.24,6.24,6.13,6.17,6173253.0,77440965.0
2006-08-18,6.14,6.26,6.13,6.17,4963060.0,62396098.0
2006-08-21,5.99,6.12,5.96,6.12,6455810.0,79723113.0
2006-08-22,6.09,6.29,6.06,6.24,9064807.0,114088907.0
2006-08-23,6.23,6.29,6.16,6.24,6341798.0,80362997.0
2006-08-24,6.18,6.22,6.08,6.19,7974019.0,99534302.0
2006-08-25,6.15,6.24,6.0,6.08,11696707.0,144724481.0
2006-08-28,6.08,6.27,5.97,6.21,21222517.0,264151182.0
2006-08-29,6.17,6.51,6.17,6.34,24041223.0,312056862.0
2006-08-30,6.32,6.41,6.3,6.39,10560882.0,137014124.0
2006-08-31,6.4,6.56,6.39,6.49,14442029.0,191398384.0
2006-09-01,6.54,6.56,6.34,6.36,9644288.0,125824054.0
2006-09-04,6.29,6.44,6.27,6.4,6320612.0,81954254.0
2006-09-05,6.4,6.48,6.31,6.33,5740648.0,74189160.0
2006-09-06,6.38,6.38,6.27,6.33,4914267.0,62979385.0
2006-09-07,6.32,6.32,6.16,6.19,5870881.0,74312832.0
2006-09-08,6.18,6.26,6.14,6.18,3002020.0,37817086.0
2006-09-11,6.17,6.22,6.12,6.19,4155411.0,52215800.0
2006-09-12,6.19,6.37,6.18,6.32,8990033.0,115420852.0
2006-09-13,6.29,6.34,6.19,6.19,5744279.0,73269465.0
2006-09-14,6.18,6.32,6.13,6.31,6476023.0,81959647.0
2006-09-15,6.31,6.38,6.27,6.34,7851627.0,101111725.0
2006-09-18,6.39,6.54,6.37,6.39,7122461.0,93141137.0
2006-09-19,6.41,6.5,6.35,6.39,8062155.0,105430626.0
2006-09-20,6.38,6.41,6.31,6.34,5528568.0,71340469.0
2006-09-21,6.33,6.47,6.33,6.45,13155785.0,171613635.0
2006-09-22,6.47,6.48,6.29,6.35,8307694.0,108076056.0
2006-09-25,6.38,6.38,6.17,6.23,6991574.0,89293159.0
2006-09-26,6.23,6.27,6.17,6.19,4925331.0,62229513.0
2006-09-27,6.19,6.24,6.1,6.19,5823493.0,73038909.0
2006-09-28,6.19,6.41,6.19,6.37,14689417.0,188618019.0
2006-09-29,6.39,6.45,6.33,6.38,18072324.0,235167769.0
2006-10-09,6.46,6.81,6.44,6.68,51945977.0,703351707.0
2006-10-10,6.69,6.71,6.47,6.49,31458763.0,418622039.0
2006-10-11,6.51,6.53,6.17,6.28,32905048.0,420028649.0
2006-10-12,6.26,6.26,6.1,6.2,27316964.0,342653364.0
2006-10-13,6.19,6.24,6.08,6.2,22408379.0,279747404.0
2006-10-16,6.2,6.2,5.97,6.05,22571945.0,278936499.0
2006-10-17,6.04,6.08,5.99,6.06,13872691.0,170386430.0
2006-10-18,6.09,6.22,6.05,6.16,26091456.0,327040245.0
2006-10-19,6.19,6.22,6.11,6.13,11859342.0,148615824.0
2006-10-20,6.13,6.23,6.13,6.13,11940598.0,149925166.0
2006-10-23,6.14,6.17,6.07,6.09,13452679.0,167633576.0
2006-10-24,6.08,6.18,6.08,6.18,9414342.0,117639309.0
2006-10-25,6.18,6.37,6.14,6.3,27092856.0,346829918.0
2006-10-26,6.29,6.31,6.2,6.24,10418462.0,132308476.0
2006-10-27,6.22,6.24,6.08,6.09,10890284.0,136089629.0
2006-10-30,6.09,6.14,5.99,6.02,13581391.0,166714655.0
2006-10-31,6.05,6.12,6.0,6.1,13509833.0,166370159.0
2006-11-01,6.07,6.1,5.96,6.05,20311077.0,248050136.0
2006-11-02,6.04,6.08,5.96,6.07,13659214.0,166891739.0
2006-11-03,6.07,6.22,6.02,6.11,18649355.0,233514126.0
2006-11-06,6.08,6.29,6.06,6.27,22984886.0,290907517.0
2006-11-07,6.29,6.4,6.22,6.37,25892746.0,333764311.0
2006-11-08,6.38,6.63,6.32,6.52,42858827.0,571100594.0
2006-11-09,6.52,6.7,6.52,6.61,33057901.0,446443547.0
2006-11-10,6.64,6.66,6.4,6.43,22485583.0,297257924.0
2006-11-13,6.42,6.64,6.4,6.48,24779438.0,329074419.0
2006-11-14,6.48,6.91,6.47,6.86,50277521.0,688409579.0
2006-11-15,6.87,7.25,6.87,7.18,52375835.0,758471359.0
2006-11-16,7.19,7.32,7.07,7.08,38068724.0,556360456.0
2006-11-17,7.03,7.31,7.02,7.23,28557483.0,420036873.0
2006-11-20,7.26,7.58,7.18,7.3,23496479.0,353772834.0
2006-11-21,7.3,7.42,7.02,7.19,24163223.0,352916460.0
2006-11-22,7.19,7.41,7.07,7.27,24255499.0,359143863.0
2006-11-23,7.27,7.42,7.13,7.25,15887624.0,235138734.0
2006-11-24,7.25,7.34,7.14,7.19,12690695.0,186589805.0
2006-11-27,7.23,7.5,7.18,7.5,23680601.0,353469714.0
2006-11-28,7.5,7.6,7.3,7.44,20329398.0,308191056.0
2006-11-29,7.29,8.11,7.22,7.96,40138158.0,634264315.0
2006-11-30,7.96,8.44,7.96,8.17,27354822.0,456346492.0
2006-12-01,8.26,8.55,8.13,8.32,24647546.0,418976594.0
2006-12-04,8.43,8.72,8.35,8.45,28683072.0,498081432.0
2006-12-05,8.67,8.67,8.32,8.33,27882469.0,480440579.0
2006-12-06,8.31,8.31,7.72,8.13,34607343.0,568109600.0
2006-12-07,8.04,8.26,8.01,8.03,18235787.0,301861706.0
2006-12-08,7.93,8.0,7.67,7.74,20506199.0,327229158.0
2006-12-11,7.68,8.4,7.68,8.36,24139306.0,396069815.0
2006-12-12,8.4,8.64,8.12,8.36,20178471.0,344236617.0
2006-12-13,8.36,8.43,8.06,8.27,11959151.0,201230148.0
2006-12-14,8.26,8.9,8.26,8.81,35897688.0,631841692.0
2006-12-15,8.85,9.19,8.72,9.16,26484166.0,484583147.0
2006-12-18,9.18,9.99,9.16,9.9,38936921.0,773531871.0
2006-12-19,10.15,10.15,9.67,9.93,34161016.0,688012358.0
2006-12-20,9.97,10.27,9.69,10.03,18492426.0,376805299.0
2006-12-21,10.02,10.13,9.78,9.83,16277879.0,330351679.0
2006-12-22,9.74,9.83,9.34,9.49,19956069.0,388119437.0
2006-12-25,9.44,10.22,9.43,10.01,20243200.0,408002738.0
2006-12-26,10.0,10.15,9.64,9.84,12850469.0,258983455.0
2006-12-27,9.84,10.67,9.78,10.32,25193009.0,530482907.0
2006-12-28,10.41,10.56,10.25,10.44,20234335.0,428357623.0
2006-12-29,10.48,11.47,10.48,11.23,27862095.0,633018175.0
2007-01-04,11.6,12.26,10.81,11.26,37886842.0,911096496.0
2007-01-05,11.25,11.93,11.06,11.65,34421339.0,808670007.0
2007-01-08,11.65,11.79,11.28,11.55,29992324.0,697459079.0
2007-01-09,11.6,12.19,11.5,12.12,20077867.0,485507470.0
2007-01-10,12.12,12.37,11.87,12.19,17112699.0,420266326.0
2007-01-11,12.19,12.94,11.95,12.52,19658391.0,500713517.0
2007-01-12,12.44,13.61,12.27,13.42,31112498.0,829858507.0
2007-01-15,13.42,14.76,13.42,14.49,41681580.0,1220286046.0
2007-01-16,14.55,15.24,14.25,15.23,25252298.0,751118326.0
2007-01-17,15.17,16.15,14.3,15.21,33290738.0,1041292693.0
2007-01-18,15.09,15.75,14.66,15.24,30699906.0,942571952.0
2007-01-23,15.29,16.31,14.5,14.94,44032611.0,1379702220.0
2007-01-24,14.73,15.32,14.21,14.75,30588687.0,921355938.0
2007-01-25,14.55,14.75,13.76,14.01,32222673.0,940628723.0
2007-01-26,13.76,14.14,12.68,13.83,35065541.0,951726739.0
2007-01-29,13.84,14.51,13.66,13.76,28580391.0,813010913.0
2007-01-30,13.81,14.25,13.51,13.87,30903265.0,871779246.0
2007-01-31,13.87,13.87,12.48,12.57,27703452.0,735410179.0
2007-02-01,12.19,13.12,11.46,12.73,36063568.0,898952359.0
2007-02-02,12.32,12.57,11.8,11.88,23288470.0,574184108.0
2007-02-05,11.62,11.93,11.21,11.65,24095736.0,566198408.0
2007-02-06,11.65,12.09,11.11,12.02,29495143.0,690562147.0
2007-02-07,12.19,12.62,12.04,12.29,38031589.0,959095520.0
2007-02-08,12.39,12.91,12.12,12.8,21088698.0,540557965.0
2007-02-09,12.82,13.1,12.44,12.52,12105890.0,311353681.0
2007-02-12,12.53,13.02,12.53,12.92,13227762.0,345821561.0
2007-02-13,13.02,13.38,12.91,13.13,12386028.0,331004699.0
2007-02-14,13.16,13.41,12.9,13.22,19690451.0,524034552.0
2007-02-15,13.52,14.43,13.32,14.35,29949016.0,858127438.0
2007-02-16,14.52,14.7,14.17,14.18,20965331.0,614537491.0
2007-02-26,14.18,14.18,13.66,13.77,15993086.0,449225663.0
2007-02-27,13.71,13.71,12.4,12.4,28841313.0,747213999.0
2007-02-28,11.4,12.88,11.36,12.37,38428954.0,947076317.0
2007-03-01,12.43,12.89,11.8,12.29,27751915.0,698785464.0
2007-03-02,11.97,12.23,11.55,11.99,32103462.0,771761219.0
2007-03-05,11.93,11.94,11.0,11.3,26020753.0,606043868.0
2007-03-06,11.29,11.74,11.11,11.64,24163040.0,562540913.0
2007-03-07,11.65,12.13,11.6,11.94,31796064.0,768117082.0
2007-03-08,12.02,12.09,11.69,11.94,17170055.0,413535734.0
2007-03-09,11.94,12.12,11.67,11.8,25349282.0,611572319.0
2007-03-12,11.84,11.99,11.55,11.7,21090884.0,501080135.0
2007-03-13,11.74,11.8,11.39,11.5,25301759.0,593900826.0
2007-03-14,11.5,11.82,11.11,11.65,27322760.0,636256789.0
2007-03-15,11.65,12.03,11.6,12.02,25834419.0,620909187.0
2007-03-16,12.08,12.83,12.08,12.52,66123262.0,1681113021.0
2007-03-21,13.17,13.77,12.68,12.78,63419754.0,1707208261.0
2007-03-22,12.88,13.15,12.54,12.7,31010854.0,804666691.0
2007-03-23,12.71,13.35,12.71,13.29,43503761.0,1152567403.0
2007-03-26,13.76,13.76,13.39,13.45,29920451.0,825768917.0
2007-03-27,13.47,13.66,13.07,13.2,26374586.0,712587172.0
2007-03-28,13.12,13.12,12.53,12.9,28167581.0,735636541.0
2007-03-29,12.93,13.27,12.61,13.22,30520970.0,809317704.0
2007-03-30,13.21,13.21,12.78,12.82,19232520.0,504123188.0
2007-04-02,12.86,13.01,12.71,12.93,22383160.0,584592604.0
2007-04-03,13.0,13.43,12.92,13.26,31363784.0,844811948.0
2007-04-04,13.28,14.13,13.24,13.96,58991263.0,1655317784.0
2007-04-05,13.89,14.25,13.76,14.01,28181056.0,805142877.0
2007-04-06,13.85,14.73,13.77,14.59,35414449.0,1042866811.0
2007-04-09,14.6,16.05,14.6,16.02,51942029.0,1654569200.0
2007-04-10,16.12,16.25,15.24,16.07,41394950.0,1340426815.0
2007-04-11,16.02,16.24,15.51,15.97,31317954.0,1019939436.0
2007-04-12,15.97,17.46,15.74,17.18,39012203.0,1323963744.0
2007-04-13,17.42,18.9,17.06,18.89,61336930.0,2304499326.0
2007-04-17,18.89,18.9,17.0,17.57,69495815.0,2528485569.0
2007-04-18,17.58,17.99,16.85,16.87,40426719.0,1415386695.0
2007-04-19,16.86,16.96,15.48,16.15,52381875.0,1711869612.0
2007-04-23,16.99,16.99,16.02,16.78,63680500.0,2130048569.0
2007-04-24,16.81,16.86,15.96,16.07,53524672.0,1766102056.0
2007-04-25,16.12,16.71,15.97,16.41,37624401.0,1259729386.0
2007-04-26,16.53,16.76,16.13,16.59,31020132.0,1039723610.0
2007-04-27,16.64,16.71,16.17,16.47,28609226.0,957426425.0
2007-04-30,16.47,17.69,16.32,17.53,47836846.0,1654150778.0
2007-05-08,17.92,18.09,17.23,17.59,71368769.0,1826597863.0
2007-05-09,17.59,17.59,16.39,16.92,59896843.0,1477976449.0
2007-05-10,16.89,17.22,16.32,17.0,58595513.0,1419792517.0
2007-05-11,16.68,16.94,16.47,16.59,47139609.0,1136459145.0
2007-05-14,16.4,16.87,16.06,16.49,54577820.0,1311125950.0
2007-05-15,16.44,16.96,16.34,16.68,69906931.0,1685882545.0
2007-05-16,16.96,18.19,16.95,18.04,122633101.0,3147369541.0
2007-05-17,18.18,18.95,18.17,18.29,77300284.0,2075800616.0
2007-05-18,18.29,18.33,17.85,18.02,50540593.0,1321687603.0
2007-05-21,17.23,18.47,17.16,18.05,51283369.0,1345574406.0
2007-05-22,18.03,18.25,17.77,17.88,51118490.0,1330814793.0
2007-05-23,17.87,18.47,17.74,18.18,51841644.0,1369240363.0
2007-05-24,18.16,18.23,17.51,17.84,49954629.0,1290870966.0
2007-05-25,17.82,18.78,17.49,18.29,66575154.0,1770766613.0
2007-05-28,18.32,19.37,18.32,18.99,66123485.0,1823559099.0
2007-05-29,19.35,19.99,19.23,19.89,71259985.0,2034839648.0
2007-05-30,18.61,20.6,18.47,18.99,109822321.0,3100139486.0
2007-05-31,19.02,20.89,17.92,20.64,124181951.0,3549363357.0
2007-06-01,20.68,22.4,20.33,20.97,96958913.0,3013864987.0
2007-06-04,20.97,21.01,18.87,18.87,63928417.0,1821959651.0
2007-06-05,18.19,19.89,16.99,19.85,85595410.0,2286232019.0
2007-06-06,19.95,20.26,19.3,19.91,50875922.0,1469788120.0
2007-06-07,19.99,20.82,19.92,20.59,50904914.0,1513027543.0
2007-06-08,20.68,21.83,20.39,21.51,61461757.0,1890233042.0
2007-06-11,21.99,22.99,21.85,22.61,63467263.0,2074578955.0
2007-06-12,22.75,23.04,21.75,22.94,63988524.0,2095911355.0
2007-06-13,23.08,23.9,22.75,22.99,54032034.0,1812494513.0
2007-06-14,22.75,23.57,22.06,22.63,40295185.0,1333568190.0
2007-06-18,22.85,23.56,22.64,22.98,41809759.0,1391567635.0
2007-06-19,22.98,23.28,22.43,22.79,40564774.0,1334384667.0
2007-06-20,22.79,22.86,22.04,22.18,38024286.0,1240954430.0
2007-06-21,22.09,22.4,21.69,22.22,31966922.0,1023616024.0
2007-06-22,22.25,22.26,20.68,21.29,38303576.0,1198316296.0
2007-06-25,21.02,22.06,20.73,21.16,35380261.0,1100263068.0
2007-06-26,20.82,21.51,20.68,21.43,23344170.0,715658680.0
2007-06-27,21.59,22.73,21.48,22.67,48824825.0,1575509084.0
2007-06-28,22.5,22.83,21.37,21.45,32763603.0,1049378200.0
2007-06-29,21.45,22.33,20.68,21.68,31002459.0,969178438.0
2007-07-02,21.64,22.33,21.28,22.04,27696465.0,876779791.0
2007-07-03,22.13,22.32,21.61,22.13,20560705.0,656368982.0
2007-07-04,22.24,22.66,21.82,21.98,31422549.0,1014511883.0
2007-07-05,21.37,21.71,19.82,19.82,38964262.0,1169527936.0
2007-07-06,19.73,20.51,19.23,20.44,40040691.0,1156766201.0
2007-07-09,20.68,21.15,20.25,20.82,30370878.0,913689037.0
2007-07-10,20.82,21.37,20.31,20.44,26946791.0,813553466.0
2007-07-11,20.05,20.33,19.91,20.15,17581281.0,512425395.0
2007-07-12,20.16,20.4,19.96,20.13,14809793.0,431351236.0
2007-07-13,20.13,20.26,19.84,20.07,10653980.0,309129163.0
2007-07-16,20.07,20.2,19.3,19.38,19457261.0,553151191.0
2007-07-17,19.37,19.71,18.89,19.53,23076620.0,646645147.0
2007-07-18,19.45,19.92,19.29,19.61,17670054.0,502360280.0
2007-07-19,19.61,19.89,19.38,19.82,9687051.0,277115512.0
2007-07-20,19.78,20.68,19.75,20.64,32327097.0,957648708.0
2007-07-23,20.71,21.66,20.71,21.51,37764720.0,1165208009.0
2007-07-24,21.57,21.71,21.17,21.22,31747858.0,985228505.0
2007-07-25,21.13,21.37,20.82,21.35,36026922.0,1105207223.0
2007-07-26,21.51,22.16,21.46,21.61,27396529.0,865171693.0
2007-07-27,21.37,21.37,21.02,21.24,33411076.0,1026763261.0
2007-07-30,21.24,22.06,21.21,22.04,58680711.0,1835786908.0
2007-07-31,22.04,22.97,21.73,22.8,63641132.0,2069145170.0
2007-08-01,23.04,23.33,21.46,21.71,57556137.0,1867986446.0
2007-08-02,21.75,22.28,21.44,21.98,33030925.0,1051755071.0
2007-08-03,22.25,22.68,21.78,22.32,46350764.0,1494025611.0
2007-08-06,22.54,23.02,22.3,22.78,44890510.0,1479343149.0
2007-08-07,22.82,22.92,22.13,22.26,43378009.0,1407490707.0
2007-08-08,22.41,23.68,22.4,23.44,79839114.0,2692142169.0
2007-08-09,23.45,23.71,23.09,23.37,39225492.0,1325782795.0
2007-08-10,23.33,23.33,22.06,22.39,41639344.0,1361550084.0
2007-08-13,22.41,22.88,21.99,22.35,30941152.0,1005457228.0
2007-08-14,22.33,22.67,22.06,22.47,21720718.0,705918308.0
2007-08-15,22.48,22.57,21.7,21.96,35686398.0,1140168077.0
2007-08-16,21.78,21.94,21.44,21.78,24930421.0,781613039.0
2007-08-17,21.77,22.44,21.54,21.82,21154572.0,673853261.0
2007-08-20,22.19,22.74,21.99,22.55,29157241.0,949063406.0
2007-08-21,22.61,22.88,22.37,22.59,29505535.0,968944621.0
2007-08-22,22.68,24.81,22.68,24.8,93672766.0,3302180964.0
2007-08-23,24.82,26.0,24.47,24.61,71692546.0,2619313405.0
2007-08-24,24.61,25.06,24.26,24.44,36825034.0,1313389980.0
2007-08-27,24.53,25.02,23.88,24.12,38213636.0,1351492363.0
2007-08-28,24.04,25.16,23.25,24.8,50697725.0,1784313704.0
2007-08-29,24.28,24.8,23.57,23.77,31004977.0,1083263259.0
2007-08-30,24.12,24.39,23.72,24.04,21892711.0,763330222.0
2007-08-31,24.16,24.81,24.16,24.57,28353871.0,1008630714.0
2007-09-03,25.42,25.74,24.81,24.91,44944273.0,1639736245.0
2007-09-04,24.91,24.96,24.19,24.3,33163925.0,1179933087.0
2007-09-05,24.26,25.01,24.03,24.81,33028630.0,1177064500.0
2007-09-06,24.9,25.63,24.86,24.89,37701896.0,1377739701.0
2007-09-10,24.12,24.79,23.85,24.57,27593791.0,971715917.0
2007-09-11,24.69,25.64,23.66,23.72,47107452.0,1700395363.0
2007-09-12,23.7,24.57,23.62,24.4,38399947.0,1342050683.0
2007-09-13,24.41,25.37,24.26,24.92,41640375.0,1506262410.0
2007-09-14,24.92,27.41,24.52,27.09,90932518.0,3457942250.0
2007-09-17,27.01,28.41,26.75,27.81,70060005.0,2811276938.0
2007-09-18,27.92,28.51,27.15,27.57,34993024.0,1408967959.0
2007-09-19,27.57,27.57,26.88,26.95,23827528.0,938189396.0
2007-09-20,26.8,27.57,26.8,26.95,23935513.0,940391851.0
2007-09-21,26.95,28.6,26.74,28.19,42621799.0,1716071099.0
2007-09-24,28.54,29.57,27.89,28.47,34863096.0,1465562136.0
2007-09-25,28.29,28.4,27.26,27.49,21395883.0,862439926.0
2007-09-26,27.49,28.95,27.49,28.06,27159092.0,1116220672.0
2007-09-27,28.33,28.64,27.69,28.19,17322616.0,710992384.0
2007-09-28,28.88,29.71,28.36,29.26,35419571.0,1504888676.0
2007-10-08,29.84,30.03,28.6,29.54,28711108.0,1214410198.0
2007-10-09,29.5,32.05,28.89,31.33,35197437.0,1577291007.0
2007-10-10,31.33,32.29,31.02,31.24,28392454.0,1308411310.0
2007-10-11,31.36,33.08,31.36,32.83,30871563.0,1455688806.0
2007-10-12,33.22,34.33,31.36,33.62,43610180.0,2090361852.0
2007-10-15,33.91,35.18,33.31,35.18,32875966.0,1647502103.0
2007-10-16,35.19,35.49,34.12,34.55,25483705.0,1276351618.0
2007-10-17,34.33,34.79,33.08,33.23,34148431.0,1672427215.0
2007-10-18,32.36,32.36,30.88,30.89,54762717.0,2494738688.0
2007-10-19,30.9,31.69,30.33,31.02,26824221.0,1207856545.0
2007-10-22,30.47,30.5,29.07,29.13,26457115.0,1145130548.0
2007-10-23,29.02,30.64,28.95,30.3,26311366.0,1143016076.0
2007-10-24,30.74,31.24,30.2,30.33,27024768.0,1200967370.0
2007-10-25,30.29,30.67,29.16,29.4,25938969.0,1120000510.0
2007-10-26,28.95,29.85,28.81,29.47,19740404.0,839541742.0
2007-10-29,29.64,30.8,29.64,30.38,13730631.0,603894342.0
2007-10-30,30.57,30.95,30.02,30.95,12980804.0,572159542.0
2007-10-31,31.09,31.69,30.67,31.02,19468853.0,881245532.0
2007-11-01,31.02,31.02,30.02,30.67,17332596.0,764373193.0
2007-11-02,30.67,31.02,30.05,30.26,24337986.0,1076352316.0
2007-11-05,30.12,30.12,28.95,29.09,20039418.0,854007176.0
2007-11-06,29.12,29.54,27.57,27.71,22312495.0,914143240.0
2007-11-07,27.71,28.38,27.33,28.09,12601104.0,507347293.0
2007-11-08,28.12,28.12,25.64,25.7,21150807.0,818528861.0
2007-11-09,25.5,25.5,24.13,25.06,20625342.0,746467389.0
2007-11-12,24.59,26.19,24.04,25.64,23131197.0,832456792.0
2007-11-13,25.95,26.57,25.45,25.76,23917920.0,905873157.0
2007-11-14,26.19,26.54,25.64,26.5,15572474.0,591530902.0
2007-11-15,26.47,26.85,25.85,25.94,12397759.0,472177064.0
2007-11-16,25.57,25.85,25.21,25.66,7555852.0,279046765.0
2007-11-19,25.85,26.47,25.85,26.07,6454684.0,244864918.0
2007-11-20,25.99,26.85,25.81,26.48,11238579.0,432175386.0
2007-11-21,26.65,26.92,26.03,26.06,8068033.0,308997581.0
2007-11-22,25.5,25.71,24.61,24.68,9569644.0,350073262.0
2007-11-23,24.47,25.01,24.14,24.95,6983544.0,249750778.0
2007-11-26,25.5,25.68,24.48,24.58,8738140.0,317355784.0
2007-11-27,24.48,24.54,23.61,23.78,13834040.0,481399564.0
2007-11-28,23.88,24.19,23.44,23.75,8266845.0,284762445.0
2007-11-29,24.02,24.81,23.64,24.73,14961494.0,527727211.0
2007-11-30,24.74,24.77,24.12,24.17,7946389.0,281171058.0
2007-12-03,24.17,24.81,23.83,24.5,6666419.0,236457137.0
2007-12-04,24.73,25.3,24.73,24.88,11022856.0,400697013.0
2007-12-05,24.89,25.43,24.73,25.33,13104233.0,477851088.0
2007-12-06,25.49,25.83,25.37,25.73,11052168.0,411103480.0
2007-12-07,25.78,26.86,25.78,26.74,17620461.0,676990951.0
2007-12-10,26.48,27.73,26.26,27.49,21772979.0,861738255.0
2007-12-11,27.54,28.47,27.3,27.88,24982962.0,1010310569.0
2007-12-12,27.81,28.33,27.56,28.08,20296202.0,823592320.0
2007-12-13,28.05,28.05,26.32,26.36,23403555.0,921415241.0
2007-12-14,25.99,29.0,25.85,28.99,42942206.0,1741808165.0
2007-12-17,29.22,30.33,28.83,29.33,47324085.0,2048009010.0
2007-12-18,28.95,29.69,28.26,28.88,16416212.0,686022783.0
2007-12-19,29.09,29.91,28.96,29.14,13524615.0,575824072.0
2007-12-20,29.36,29.97,29.16,29.51,12072320.0,518715717.0
2007-12-21,29.51,30.33,29.51,29.87,14826963.0,644021512.0
2007-12-24,30.3,31.69,30.29,31.01,30302346.0,1369072969.0
2007-12-25,31.22,31.36,30.67,31.17,16572999.0,745759096.0
2007-12-26,31.12,31.57,31.01,31.52,15782519.0,717191222.0
2007-12-27,31.71,32.39,31.37,31.56,18873240.0,870175315.0
2007-12-28,31.67,31.84,30.87,31.35,24235347.0,1098985698.0
2008-01-02,31.43,31.7,30.53,31.33,18481033.0,839597244.0
2008-01-03,31.35,32.29,31.35,31.61,20390286.0,941232820.0
2008-01-04,31.61,31.89,30.89,31.09,31151712.0,1404654863.0
2008-01-07,31.33,31.7,30.25,30.46,48224310.0,2141902754.0
2008-01-08,30.74,31.56,30.33,30.95,38333989.0,1713545791.0
2008-01-09,30.94,31.14,30.45,30.92,21139935.0,941738983.0
2008-01-10,31.03,32.26,30.74,31.67,40229806.0,1849535569.0
2008-01-11,31.78,32.18,31.02,31.47,21461004.0,980200395.0
2008-01-14,32.4,32.74,31.65,32.26,31786158.0,1484761582.0
2008-01-15,32.38,32.73,31.71,31.96,26427755.0,1236493707.0
2008-01-16,31.71,31.71,30.98,31.09,26104690.0,1183012818.0
2008-01-17,30.81,31.28,28.96,29.76,31999120.0,1391123135.0
2008-01-18,29.75,30.26,29.29,30.12,17693284.0,765784145.0
2008-01-21,30.19,30.31,27.57,28.16,20977628.0,880038710.0
2008-01-22,27.5,28.94,26.19,27.19,42555972.0,1695131404.0
2008-01-23,27.73,29.29,27.47,29.29,33639852.0,1388586415.0
2008-01-24,29.34,30.09,29.29,29.51,27453502.0,1183982575.0
2008-01-25,29.43,29.78,28.88,29.0,18515746.0,784077790.0
2008-01-28,28.81,28.81,26.81,26.82,19295901.0,767466778.0
2008-01-29,26.88,27.92,26.81,27.09,10650992.0,419458865.0
2008-01-30,27.57,27.92,26.54,26.9,10572564.0,416904092.0
2008-01-31,26.74,27.14,25.99,26.02,14656765.0,561455884.0
2008-02-01,26.02,26.32,24.1,24.86,18079673.0,653058872.0
2008-02-04,25.57,27.34,25.57,27.33,17916549.0,690558941.0
2008-02-05,27.49,27.56,26.79,27.07,11429824.0,450515028.0
2008-02-13,26.88,26.88,26.21,26.25,7684821.0,294209883.0
2008-02-14,26.45,26.87,26.11,26.54,10256257.0,392161566.0
2008-02-15,26.19,26.32,25.48,25.73,8286982.0,309435107.0
2008-02-18,26.05,26.46,25.79,26.23,12129132.0,459041535.0
2008-02-19,26.33,26.95,25.99,26.88,13293087.0,512382741.0
2008-02-20,26.88,27.78,26.88,27.09,19753766.0,783646494.0
2008-02-21,26.9,27.09,26.26,26.64,8569262.0,331527328.0
2008-02-22,26.53,26.53,25.27,25.46,18844506.0,702584846.0
2008-02-25,25.5,25.85,24.12,24.19,16512603.0,589484276.0
2008-02-26,24.83,25.15,23.09,23.71,23892552.0,826500176.0
2008-02-27,23.84,25.16,23.3,25.12,25780882.0,901608918.0
2008-02-28,24.54,24.54,22.75,24.06,26586715.0,929578382.0
2008-02-29,23.95,25.37,23.44,24.95,30493480.0,1096347253.0
2008-03-03,24.99,26.78,24.54,26.39,34140384.0,1304411263.0
2008-03-04,26.67,26.96,25.86,25.9,21151354.0,808122054.0
2008-03-05,25.59,26.16,24.81,25.61,15122961.0,556033961.0
2008-03-06,25.7,25.9,24.81,25.37,10745376.0,395304527.0
2008-03-07,25.3,25.3,24.81,24.88,8580114.0,310388670.0
2008-03-10,24.81,24.81,23.72,24.12,14061900.0,492018574.0
2008-03-11,23.99,24.81,23.44,24.81,14194086.0,495614565.0
2008-03-12,25.2,25.34,23.99,24.02,9474082.0,335862334.0
2008-03-13,23.92,23.92,22.47,23.07,15733253.0,530627166.0
2008-03-14,23.06,23.23,22.47,22.75,8299753.0,273640941.0
2008-03-17,22.73,22.73,20.48,20.54,13437196.0,417928866.0
2008-03-18,20.33,20.47,18.49,18.49,22073798.0,610513427.0
2008-03-19,18.82,19.4,18.13,19.06,29150055.0,799094956.0
2008-03-20,18.61,19.61,17.27,19.31,27207546.0,729142272.0
2008-03-21,19.31,20.25,18.82,19.49,20045863.0,573368331.0
2008-03-24,19.66,20.06,18.51,18.54,16454045.0,462648244.0
2008-03-25,18.13,18.67,17.58,18.4,14792593.0,389032804.0
2008-03-26,18.47,18.87,17.78,17.87,19292247.0,508694243.0
2008-03-27,17.86,17.86,16.8,16.81,22505607.0,563849030.0
2008-03-31,16.81,17.45,16.33,16.68,32051611.0,789901221.0
2008-04-01,16.54,16.81,15.01,15.01,41641430.0,940328820.0
2008-04-02,15.03,15.54,13.84,14.75,45508321.0,971149171.0
2008-04-03,14.68,15.74,14.35,15.65,29334335.0,647711237.0
2008-04-07,15.47,17.21,15.17,17.21,49984585.0,1208822833.0
2008-04-08,17.44,18.16,17.23,17.65,50583334.0,1295672038.0
2008-04-09,17.23,17.85,16.48,16.59,29921016.0,747860119.0
2008-04-10,16.37,17.13,16.15,17.09,22369792.0,541381243.0
2008-04-11,17.2,17.43,16.85,17.01,17071469.0,424446859.0
2008-04-14,16.66,16.66,15.58,15.72,21944006.0,510279538.0
2008-04-15,15.58,16.4,15.09,16.34,18849271.0,427485283.0
2008-04-16,16.34,17.23,15.99,16.85,35120174.0,856255095.0
2008-04-17,16.67,17.47,16.45,16.7,33975449.0,842560957.0
2008-04-18,16.67,17.1,15.97,16.16,24384709.0,583108495.0
2008-04-21,17.56,17.56,16.29,16.58,26240567.0,646134577.0
2008-04-22,16.34,17.08,15.65,16.92,19564768.0,461204599.0
2008-04-23,17.02,18.14,16.53,18.0,46675740.0,1189886870.0
2008-04-24,19.64,19.8,18.95,19.8,89061540.0,2526571132.0
2008-04-25,19.64,20.2,19.32,19.57,62971958.0,1812840974.0
2008-04-28,19.17,19.61,18.6,19.06,35080912.0,969789697.0
2008-04-29,18.87,19.09,18.54,18.62,33704850.0,917180779.0
2008-04-30,18.74,19.68,18.74,19.61,41823808.0,1175881398.0
2008-05-05,19.79,19.96,19.29,19.71,37681215.0,1068648636.0
2008-05-06,19.58,19.58,18.99,19.19,31505103.0,880079644.0
2008-05-07,18.95,19.64,18.54,18.54,32128971.0,891743126.0
2008-05-08,18.27,18.78,18.06,18.76,20979745.0,560353504.0
2008-05-09,18.79,18.96,18.06,18.36,21550309.0,577824716.0
2008-05-12,18.18,19.59,17.84,19.15,30048545.0,823117652.0
2008-05-13,18.54,19.5,18.53,18.69,32493039.0,895044778.0
2008-05-14,18.61,19.44,18.55,19.31,29115338.0,812845194.0
2008-05-15,19.3,19.82,19.28,19.3,28551213.0,808745489.0
2008-05-16,19.2,19.55,18.61,18.84,19472970.0,536154773.0
2008-05-19,18.83,18.83,18.29,18.46,12005820.0,322342772.0
2008-05-20,18.3,18.67,16.71,16.93,33885143.0,867107366.0
2008-05-21,16.75,17.29,16.11,17.17,22680493.0,543877744.0
2008-05-22,17.02,17.05,16.47,16.52,18522024.0,449293557.0
2008-05-23,16.53,16.8,15.98,16.14,14291545.0,337271063.0
2008-05-26,15.85,16.04,15.55,15.72,10859789.0,248349449.0
2008-05-27,15.72,15.92,15.65,15.83,9334670.0,213928591.0
2008-05-28,15.89,16.54,15.72,16.36,11487175.0,268999290.0
2008-05-29,16.34,16.34,15.83,15.83,8901852.0,207521258.0
2008-05-30,15.85,16.06,15.37,15.58,15336479.0,347065115.0
2008-06-02,15.51,15.96,15.47,15.78,10094665.0,230097538.0
2008-06-03,15.78,16.16,15.65,15.88,10424219.0,240744712.0
2008-06-04,15.85,15.94,15.51,15.56,8804075.0,199737183.0
2008-06-05,15.58,15.77,15.49,15.6,6636228.0,150716502.0
2008-06-06,15.6,15.72,15.44,15.58,5467721.0,123559626.0
2008-06-10,14.89,14.89,14.02,14.06,19259812.0,400976712.0
2008-06-11,14.05,14.13,13.58,13.87,13565144.0,273331626.0
2008-06-12,13.77,13.99,13.1,13.3,16049108.0,313045126.0
2008-06-13,13.38,13.56,12.54,12.55,14650309.0,274734369.0
2008-06-16,12.56,12.74,11.7,11.99,29477680.0,514126364.0
2008-06-17,11.98,12.06,11.41,11.51,21826341.0,370003516.0
2008-06-18,11.52,12.37,11.05,12.28,21581714.0,370907891.0
2008-06-19,12.1,12.19,11.14,11.17,15960343.0,270409265.0
2008-06-20,11.48,12.14,11.03,11.77,22210115.0,379162891.0
2008-06-23,11.72,12.27,11.58,11.83,18118705.0,315272761.0
2008-06-24,11.89,12.48,11.72,12.4,19820729.0,352004920.0
2008-06-25,12.41,13.31,12.34,13.23,26278284.0,495760956.0
2008-06-26,13.22,13.36,12.85,13.1,26189632.0,498164068.0
2008-06-27,12.41,12.73,12.06,12.26,23716772.0,426558452.0
2008-06-30,12.16,12.86,12.07,12.56,15821318.0,287813081.0
2008-07-01,12.76,12.79,12.3,12.46,10835177.0,196685142.0
2008-07-02,12.51,12.99,12.46,12.89,18198828.0,337713044.0
2008-07-03,12.65,13.65,12.51,13.36,28587838.0,547228124.0
2008-07-04,13.29,13.48,13.01,13.37,17079607.0,327045990.0
2008-07-07,13.36,14.1,13.28,13.82,19820070.0,396925642.0
2008-07-08,13.85,14.12,13.5,13.92,17840201.0,357789198.0
2008-07-09,14.01,14.48,13.89,14.37,25177313.0,519469213.0
2008-07-10,14.13,14.33,13.91,13.91,23081637.0,471256560.0
2008-07-11,13.79,13.91,13.48,13.85,22060067.0,438377431.0
2008-07-14,13.51,14.01,13.51,13.83,9660827.0,193580664.0
2008-07-15,13.83,13.99,13.03,13.1,18618865.0,360848070.0
2008-07-16,12.96,13.17,12.56,12.84,20794882.0,385656010.0
2008-07-17,13.1,13.52,12.99,13.37,28603018.0,553977932.0
2008-07-18,13.63,14.34,13.54,14.34,42550229.0,856705434.0
2008-08-04,14.47,15.62,14.47,15.15,74369809.0,1639601159.0
2008-08-05,15.16,15.21,14.34,14.82,30448924.0,657809080.0
2008-08-06,14.85,15.09,14.35,15.03,21964120.0,471432144.0
2008-08-07,14.83,15.32,14.83,15.06,15889784.0,348450133.0
2008-08-08,15.23,15.56,14.45,14.5,21844847.0,475369752.0
2008-08-11,14.27,14.54,13.1,13.2,26121097.0,515716656.0
2008-08-12,13.1,13.43,12.82,13.11,13351493.0,255417470.0
2008-08-13,13.03,13.24,12.6,13.1,13258712.0,247154679.0
2008-08-14,12.99,13.36,12.89,13.13,7794546.0,148886165.0
2008-08-15,13.03,13.38,12.97,13.17,6799712.0,130346482.0
2008-08-18,13.22,13.34,12.47,12.61,11413389.0,211469071.0
2008-08-19,12.52,12.88,12.41,12.82,7379987.0,136318888.0
2008-08-20,12.75,14.1,12.54,14.05,19003662.0,374916653.0
2008-08-21,13.76,14.04,13.33,13.39,12955698.0,256559499.0
2008-08-22,13.3,13.44,12.92,13.1,7466358.0,142346438.0
2008-08-25,13.21,13.41,12.97,13.11,4916726.0,94414146.0
2008-08-26,12.96,13.23,12.28,12.54,8920341.0,164820821.0
2008-08-27,12.54,12.82,12.32,12.46,6106634.0,111058375.0
2008-08-28,12.54,12.68,12.43,12.52,4206542.0,76731757.0
2008-08-29,12.55,13.17,12.55,12.98,8497807.0,159205587.0
2008-09-01,12.95,12.95,12.21,12.27,12460166.0,224899701.0
2008-09-02,12.13,12.15,11.58,11.86,13850976.0,236364211.0
2008-09-03,11.78,11.78,11.03,11.15,21073068.0,343645988.0
2008-09-04,11.18,11.33,11.03,11.28,10294642.0,167223996.0
2008-09-05,10.89,11.02,10.72,10.76,13211242.0,207758351.0
2008-09-08,10.81,10.94,10.35,10.38,9978151.0,152505750.0
2008-09-09,10.53,10.6,9.99,10.1,11630318.0,172022850.0
2008-09-10,10.13,10.55,9.9,10.29,13277541.0,197558870.0
2008-09-11,10.33,10.54,10.14,10.19,12129089.0,181905064.0
2008-09-12,10.2,10.66,10.19,10.53,12345289.0,188423388.0
2008-09-16,10.51,11.1,10.34,10.94,24818457.0,389847224.0
2008-09-17,10.94,11.1,10.68,10.91,16003657.0,253659812.0
2008-09-18,10.68,10.95,10.23,10.64,15405579.0,235502757.0
2008-09-19,11.7,11.7,11.43,11.7,16316025.0,276231859.0
2008-09-22,12.6,12.87,11.79,12.27,38086576.0,683643836.0
2008-09-23,11.72,11.83,11.08,11.17,27197149.0,450688958.0
2008-09-24,10.59,11.48,10.59,11.48,16168544.0,260404221.0
2008-09-25,11.5,11.92,11.37,11.55,22163243.0,375507901.0
2008-09-26,11.72,11.79,11.29,11.51,18028264.0,302494089.0
2008-10-06,11.04,11.34,10.91,11.0,14045603.0,225243893.0
2008-10-07,10.61,10.9,10.27,10.77,14138869.0,217289734.0
2008-10-08,10.51,10.67,10.41,10.49,11381643.0,173755406.0
2008-10-09,10.75,10.82,10.3,10.33,15682339.0,237193911.0
2008-10-10,10.06,10.06,9.51,9.51,20659963.0,292215180.0
2008-10-13,9.51,9.65,8.68,9.48,22962862.0,305018171.0
2008-10-14,9.93,10.02,9.17,9.2,20092788.0,281167595.0
2008-10-15,9.14,9.14,8.88,9.03,14069508.0,183378997.0
2008-10-16,8.62,8.83,8.53,8.55,15089391.0,188993910.0
2008-10-17,8.68,8.91,8.56,8.82,12686377.0,160377478.0
2008-10-20,8.99,9.44,8.71,9.34,20855575.0,276295269.0
2008-10-21,9.48,9.48,9.17,9.17,15719345.0,212839756.0
2008-10-22,9.06,9.51,9.0,9.44,23185812.0,312590270.0
2008-10-23,9.22,9.52,9.13,9.39,12976338.0,176581248.0
2008-10-24,9.45,9.51,8.95,9.07,13602121.0,181433312.0
2008-10-27,8.69,8.88,8.24,8.29,15092139.0,188094192.0
2008-10-28,8.26,8.74,8.07,8.67,15291239.0,187755248.0
2008-10-29,8.86,8.88,8.41,8.42,12626461.0,158377520.0
2008-10-30,8.56,8.8,8.42,8.61,11885019.0,148825488.0
2008-10-31,8.6,8.73,8.34,8.42,8501511.0,105113584.0
2008-11-03,8.39,8.65,8.29,8.45,7402584.0,91387008.0
2008-11-04,8.46,8.51,8.26,8.37,7390021.0,89642984.0
2008-11-05,8.48,8.79,8.46,8.67,13035750.0,163685072.0
2008-11-06,8.47,8.54,8.28,8.41,10012855.0,122146264.0
2008-11-07,8.24,8.45,8.06,8.37,21886228.0,261225184.0
2008-11-10,8.53,8.99,8.53,8.95,32342004.0,411946848.0
2008-11-11,8.95,8.95,8.69,8.7,19281898.0,246175872.0
2008-11-12,8.62,8.76,8.55,8.71,17359742.0,218111136.0
2008-11-13,8.62,9.24,8.48,9.06,42400080.0,546057152.0
2008-11-14,9.15,9.95,9.1,9.81,58477912.0,811252992.0
2008-11-17,9.72,9.99,9.55,9.94,48144304.0,686067072.0
2008-11-18,9.86,9.86,9.08,9.1,46772912.0,642007232.0
2008-11-19,9.08,9.74,9.08,9.7,32570184.0,448062080.0
2008-11-20,9.48,10.2,9.31,10.01,54493028.0,778670208.0
2008-11-21,9.67,10.46,9.52,10.16,48399636.0,702663808.0
2008-11-24,10.13,10.37,9.87,9.93,33118660.0,487264256.0
2008-11-25,10.03,10.17,9.51,9.78,24555348.0,350726528.0
2008-11-26,9.84,9.98,9.64,9.81,16458064.0,234124336.0
2008-11-27,10.39,10.55,10.15,10.19,55265552.0,829195072.0
2008-11-28,10.05,10.79,10.0,10.67,64371264.0,985530048.0
2008-12-01,10.56,10.86,10.35,10.73,29589300.0,457985760.0
2008-12-02,10.46,10.92,10.37,10.57,28949338.0,445087552.0
2008-12-03,10.63,10.95,10.63,10.94,35980364.0,564848192.0
2008-12-04,11.05,11.48,10.88,10.89,47530788.0,773643008.0
2008-12-05,10.89,11.22,10.68,10.98,30139096.0,477471456.0
2008-12-08,11.05,11.36,11.03,11.2,29512448.0,478175616.0
2008-12-09,11.34,11.34,10.77,10.87,29681248.0,473324800.0
2008-12-10,10.81,10.95,10.55,10.89,28881472.0,451867072.0
2008-12-11,10.87,11.15,10.72,10.83,31616140.0,503778304.0
2008-12-12,10.74,10.74,10.13,10.25,26250760.0,395552864.0
2008-12-15,10.35,10.51,10.21,10.49,17557372.0,264888624.0
2008-12-16,10.39,10.6,10.16,10.55,15189293.0,228273056.0
2008-12-17,10.61,10.95,10.53,10.64,24950314.0,389965344.0
2008-12-18,10.65,10.99,10.53,10.97,27457492.0,431661216.0
2008-12-19,10.96,11.1,10.82,10.96,20381432.0,324694080.0
2008-12-22,10.97,11.05,10.59,10.71,19773926.0,308157280.0
2008-12-23,10.75,10.81,10.21,10.24,29107304.0,437996704.0
2008-12-24,10.2,10.44,9.95,10.21,19466092.0,287538528.0
2008-12-25,10.2,10.3,9.79,9.91,15480453.0,225135120.0
2008-12-26,9.9,9.99,9.81,9.83,8879646.0,127333304.0
2008-12-29,9.82,9.82,9.52,9.7,10563477.0,148038384.0
2008-12-30,9.72,9.84,9.44,9.48,16763586.0,234024128.0
2008-12-31,9.48,9.56,9.17,9.19,19958824.0,269023168.0
2009-01-05,9.32,9.48,9.24,9.48,25157384.0,341696000.0
2009-01-06,9.48,9.89,9.44,9.86,27156088.0,381352128.0
2009-01-07,9.86,9.93,9.7,9.74,19246564.0,273654400.0
2009-01-08,9.58,9.63,9.37,9.62,15553512.0,214782688.0
2009-01-09,9.65,9.92,9.6,9.84,20225840.0,286252896.0
2009-01-12,9.75,9.91,9.73,9.82,14624355.0,208425872.0
2009-01-13,9.66,9.71,9.46,9.46,13545514.0,187958048.0
2009-01-14,9.44,9.85,9.43,9.8,23983116.0,335144544.0
2009-01-15,9.65,9.78,9.51,9.62,30973792.0,432218784.0
2009-01-16,9.7,10.26,9.65,10.13,67318360.0,976336832.0
2009-01-19,10.19,10.32,9.91,10.04,40412944.0,594641664.0
2009-01-20,9.99,10.04,9.72,9.95,33520472.0,479709280.0
2009-01-21,9.8,9.91,9.65,9.75,29369136.0,416966976.0
2009-01-22,9.82,10.05,9.79,9.92,35640008.0,512279488.0
2009-01-23,9.9,9.95,9.72,9.74,27395032.0,389825792.0
2009-02-02,9.84,9.89,9.57,9.82,32113376.0,452884608.0
2009-02-03,9.82,10.51,9.77,10.41,83767528.0,1239208832.0
2009-02-04,10.39,10.51,10.26,10.46,55753480.0,840970432.0
2009-02-05,10.43,10.68,10.26,10.33,53070916.0,808194752.0
2009-02-06,10.33,10.92,10.33,10.86,63154536.0,982857344.0
2009-02-09,10.95,11.58,10.88,11.34,81340152.0,1326474880.0
2009-02-10,11.22,11.44,10.97,11.39,53019424.0,859718144.0
2009-02-11,11.1,12.52,10.95,12.34,132626792.0,2316976128.0
2009-02-12,12.27,12.43,11.8,12.26,67560520.0,1189296256.0
2009-02-13,12.24,12.57,12.06,12.52,63770204.0,1147038592.0
2009-02-16,12.61,12.77,12.19,12.51,71564920.0,1294585984.0
2009-02-17,12.52,12.61,11.86,11.96,64742848.0,1147901568.0
2009-02-18,11.65,11.86,11.03,11.1,75696112.0,1255437440.0
2009-02-19,11.22,11.43,11.01,11.21,58443560.0,949885952.0
2009-02-20,11.27,11.55,11.03,11.46,54702168.0,895488512.0
2009-02-23,11.36,11.8,11.05,11.66,62167368.0,1037524416.0
2009-02-24,11.52,11.75,11.03,11.08,63197544.0,1039151424.0
2009-02-25,11.21,11.28,10.42,10.75,75042032.0,1174681216.0
2009-02-26,10.8,10.96,10.2,10.37,50073728.0,775947968.0
2009-02-27,10.31,10.5,10.2,10.33,37509664.0,561788160.0
2009-03-02,10.21,10.48,10.15,10.39,26902630.0,402864320.0
2009-03-03,10.17,10.22,9.94,10.13,39028208.0,570436608.0
2009-03-04,10.13,10.8,10.13,10.68,53395776.0,811995456.0
2009-03-05,10.75,10.81,10.44,10.55,51727504.0,798071616.0
2009-03-06,10.34,10.92,10.26,10.66,46900944.0,720122048.0
2009-03-09,10.68,10.78,10.15,10.17,36372008.0,551425024.0
2009-03-10,10.13,10.39,10.04,10.35,20705360.0,306578112.0
2009-03-11,10.54,10.59,10.17,10.21,29498344.0,442633408.0
2009-03-12,10.13,10.19,9.7,9.91,51617040.0,739596416.0
2009-03-13,9.95,10.03,9.82,9.86,26653160.0,383157856.0
2009-03-16,9.89,10.02,9.82,9.99,17992726.0,259064256.0
2009-03-17,10.02,10.48,9.99,10.36,39439240.0,587406912.0
2009-03-18,10.41,10.55,10.31,10.36,40992748.0,620135424.0
2009-03-19,10.35,10.72,10.35,10.66,47378404.0,728665472.0
2009-03-20,10.7,10.77,10.42,10.54,36504728.0,559545344.0
2009-03-23,10.55,10.81,10.54,10.68,47543964.0,737635648.0
2009-03-24,10.87,11.16,10.79,10.98,70149816.0,1118879616.0
2009-03-25,11.0,11.0,10.57,10.58,51950856.0,807978816.0
2009-03-26,10.53,10.74,10.37,10.7,38846580.0,594917376.0
2009-03-27,10.75,10.91,10.63,10.81,44721528.0,699802048.0
2009-03-30,10.83,10.95,10.73,10.76,34890920.0,548574144.0
2009-03-31,10.59,11.1,10.48,10.97,45436112.0,711673920.0
2009-04-01,11.03,11.1,10.9,11.0,53963520.0,860832960.0
2009-04-02,11.06,11.3,10.96,11.09,72506648.0,1172221568.0
2009-04-07,11.04,11.24,10.89,10.99,49826868.0,797856256.0
2009-04-08,10.97,10.97,10.52,10.52,49031356.0,761137088.0
2009-04-09,10.48,10.59,10.41,10.57,28685060.0,436349408.0
2009-04-10,10.62,10.92,10.55,10.83,44198728.0,689260096.0
2009-04-13,10.84,11.16,10.83,11.05,58998468.0,942870400.0
2009-04-14,11.05,11.21,10.89,11.19,64667144.0,1035785856.0
2009-04-15,11.13,11.15,10.89,11.05,48513952.0,776167040.0
2009-04-16,11.05,11.41,11.05,11.22,74683072.0,1220172416.0
2009-04-17,11.23,11.51,11.1,11.3,79087704.0,1303946624.0
2009-04-20,11.3,11.84,11.24,11.76,80485792.0,1354903424.0
2009-04-21,11.6,11.7,11.37,11.52,59663824.0,998630464.0
2009-04-22,11.77,12.13,11.1,11.24,102892800.0,1753519488.0
2009-04-23,11.25,11.79,11.2,11.66,65514652.0,1091010816.0
2009-04-24,11.75,12.19,11.75,11.89,105450112.0,1837684608.0
2009-04-27,11.86,11.88,11.37,11.41,50807732.0,849220736.0
2009-04-28,11.34,11.49,10.97,11.23,49182972.0,799819904.0
2009-04-29,11.23,11.53,11.1,11.46,37193096.0,612456000.0
2009-04-30,11.49,11.61,11.34,11.42,36930520.0,614571584.0
2009-05-04,11.42,11.92,11.42,11.82,51840248.0,884739776.0
2009-05-05,11.9,12.06,11.65,11.9,57416332.0,986187456.0
2009-05-06,11.95,12.17,11.88,12.06,54195464.0,946191872.0
2009-05-07,12.09,12.3,11.76,11.96,62136168.0,1084030208.0
2009-05-08,11.86,11.96,11.59,11.86,50994376.0,871151360.0
2009-05-11,11.9,12.21,11.61,11.62,61048368.0,1058206272.0
2009-05-12,11.48,11.75,11.44,11.72,40981072.0,688424448.0
2009-05-13,11.79,11.82,11.61,11.75,34542696.0,585708480.0
2009-05-14,11.65,11.86,11.61,11.78,30119998.0,511160256.0
2009-05-15,11.81,12.06,11.8,11.9,35904372.0,619367040.0
2009-05-18,11.9,12.28,11.62,12.14,60847636.0,1057219776.0
2009-05-19,12.2,12.26,11.97,12.04,37800908.0,659043456.0
2009-05-20,12.06,12.07,11.82,11.82,31461220.0,541699008.0
2009-05-21,11.75,11.82,11.46,11.54,39279436.0,658679936.0
2009-05-22,11.48,11.64,11.44,11.54,19304332.0,322229696.0
2009-05-25,11.34,11.52,11.21,11.46,22536012.0,370346112.0
2009-05-26,11.48,11.6,11.38,11.43,22012892.0,365919840.0
2009-05-27,11.48,11.57,11.43,11.5,17800956.0,296145984.0
2009-06-01,11.59,11.78,11.54,11.74,33416946.0,564729280.0
2009-06-02,11.76,11.92,11.68,11.73,32494780.0,554840448.0
2009-06-03,11.68,12.01,11.68,11.96,45186696.0,774676736.0
2009-06-04,11.95,11.95,11.68,11.85,41907736.0,715116608.0
2009-06-05,11.86,12.77,11.82,12.35,126526264.0,2251441664.0
2009-06-08,12.37,12.39,12.08,12.16,56053132.0,990451712.0
2009-06-09,12.17,12.75,12.17,12.6,99238728.0,1799839232.0
2009-06-10,12.64,13.03,12.58,12.66,83837136.0,1554613376.0
2009-06-11,12.68,13.0,12.56,12.59,55813408.0,1032540864.0
2009-06-12,12.59,12.78,12.13,12.26,49108328.0,882062976.0
2009-06-15,12.24,13.04,12.18,12.88,72916352.0,1339380736.0
2009-06-16,12.77,13.65,12.72,13.4,116211232.0,2239035648.0
2009-06-17,13.4,13.79,13.27,13.41,68042384.0,1330284544.0
2009-06-18,13.58,14.07,13.27,13.69,89220000.0,1771188096.0
2009-06-19,13.54,13.83,13.42,13.8,80096288.0,1573622016.0
2009-06-22,13.85,14.02,13.34,13.35,68664352.0,1350781312.0
2009-06-23,13.14,13.31,12.93,13.09,55758456.0,1057594560.0
2009-06-24,13.09,13.26,12.97,13.2,39251616.0,745114752.0
2009-06-25,13.2,13.39,13.1,13.27,40671064.0,780155520.0
2009-06-26,13.4,13.4,13.07,13.07,29696546.0,565196032.0
2009-06-29,13.07,13.79,13.07,13.71,56770040.0,1118259328.0
2009-06-30,13.83,13.95,13.55,13.64,38166840.0,757130240.0
2009-07-01,13.65,13.83,13.55,13.71,40845984.0,810221632.0
2009-07-02,13.76,14.05,13.67,13.83,47090608.0,944715456.0
2009-07-03,13.75,13.93,13.55,13.73,40947024.0,812247104.0
2009-07-06,13.83,14.36,13.74,14.31,65767884.0,1332232576.0
2009-07-07,14.23,15.03,14.15,14.61,78101544.0,1661042432.0
2009-07-08,14.45,14.68,14.24,14.26,28559456.0,597484032.0
2009-07-13,15.69,15.69,15.69,15.69,4206610.0,95447984.0
2009-07-14,17.25,17.25,16.09,16.33,128360888.0,3080882432.0
2009-07-15,16.53,16.71,15.93,16.29,68474848.0,1610718464.0
2009-07-16,16.38,16.98,16.09,16.69,66821336.0,1594068992.0
2009-07-17,16.58,16.87,16.37,16.52,43387724.0,1042182016.0
2009-07-20,16.53,16.74,16.33,16.56,47529180.0,1137390976.0
2009-07-21,16.6,17.27,16.46,16.58,65722196.0,1605322240.0
2009-07-22,16.6,16.72,16.41,16.64,44669856.0,1069985984.0
2009-07-23,16.65,16.82,16.44,16.55,40507364.0,970962688.0
2009-07-24,16.63,16.78,16.11,16.42,50351528.0,1201525760.0
2009-07-27,16.23,16.73,15.97,16.59,74447608.0,1761791360.0
2009-07-28,16.6,17.14,16.45,16.74,60035548.0,1460776320.0
2009-07-29,16.8,16.85,15.17,15.67,67634723.0,1582709146.0
2009-07-30,15.93,16.21,15.28,15.89,49921564.0,1140558464.0
2009-07-31,15.93,16.3,15.89,16.26,41648092.0,971571904.0
2009-08-03,16.73,17.45,16.73,17.03,94985248.0,2352694272.0
2009-08-04,17.06,17.06,16.46,16.69,57111772.0,1377167104.0
2009-08-05,16.77,17.63,16.77,17.57,105515104.0,2636314624.0
2009-08-06,17.52,17.52,17.01,17.13,65143640.0,1628263040.0
2009-08-07,17.07,17.32,16.28,16.35,53859704.0,1301189888.0
2009-08-10,16.58,16.68,15.76,16.07,39517368.0,923341248.0
2009-08-11,16.11,16.68,15.94,16.36,29158976.0,689330304.0
2009-08-12,16.34,16.57,15.72,15.81,33957392.0,791752064.0
2009-08-13,15.81,16.0,15.46,15.67,28098160.0,636382272.0
2009-08-14,15.7,15.8,14.76,14.86,41208384.0,901306624.0
2009-08-17,14.75,14.75,14.1,14.1,44520452.0,923780352.0
2009-08-18,13.96,14.66,13.96,14.6,37899468.0,791458880.0
2009-08-19,14.66,15.18,14.31,14.48,48268936.0,1027750400.0
2009-08-20,14.51,15.08,14.51,14.99,36518996.0,785968192.0
2009-08-21,15.07,15.3,14.97,15.18,29312984.0,643021184.0
2009-08-24,15.21,15.44,14.9,15.34,31174486.0,684509952.0
2009-08-25,15.35,15.37,14.45,14.92,29732152.0,642766336.0
2009-08-26,14.79,15.5,14.72,15.37,28489776.0,629718464.0
2009-08-27,15.28,15.66,15.14,15.5,32151252.0,720941696.0
2009-08-28,15.48,15.96,15.36,15.6,52088032.0,1187887232.0
2009-08-31,15.42,15.88,14.9,14.91,56322212.0,1252734080.0
2009-09-01,14.86,15.54,14.75,15.07,33491576.0,738381184.0
2009-09-02,14.86,15.41,14.83,15.29,22947876.0,503919136.0
2009-09-03,15.29,15.82,15.21,15.77,37105872.0,836567744.0
2009-09-04,15.77,16.38,15.69,16.16,38036576.0,882886848.0
2009-09-07,16.26,17.26,16.26,16.73,63695424.0,1547882496.0
2009-09-08,16.6,17.25,16.47,16.66,41742528.0,1016398208.0
2009-09-09,16.66,16.89,14.99,15.62,226596816.0,5095165440.0
2009-09-10,15.04,15.39,14.54,15.13,131233784.0,2862825984.0
2009-09-11,15.17,15.62,15.17,15.45,80755544.0,1802381568.0
2009-09-14,15.55,16.15,15.38,15.95,89118640.0,2026809856.0
2009-09-15,15.99,16.24,15.75,15.95,68305048.0,1577080960.0
2009-09-16,16.05,16.14,15.62,15.87,51374368.0,1180345216.0
2009-09-17,15.97,16.09,15.8,16.04,54705540.0,1260019200.0
2009-09-18,16.03,16.03,15.36,15.51,61297704.0,1393447040.0
2009-09-21,15.42,15.52,14.86,15.46,35843364.0,787645504.0
2009-09-22,15.42,15.95,15.28,15.55,50461968.0,1148159488.0
2009-09-23,15.5,15.61,14.92,14.93,44759640.0,978022720.0
2009-09-30,14.19,14.86,14.19,14.45,64647592.0,1352289408.0
2009-10-09,14.72,15.1,14.52,14.99,38080536.0,819908608.0
2009-10-12,15.07,15.53,14.99,15.14,30637092.0,677078848.0
2009-10-13,15.14,15.26,14.99,15.17,20301766.0,444118304.0
2009-10-14,15.1,15.39,14.93,15.0,42355464.0,928141120.0
2009-10-15,15.04,15.17,14.58,14.66,48115124.0,1026400768.0
2009-10-16,14.66,14.83,14.45,14.8,31476072.0,666137216.0
2009-10-19,15.13,15.33,15.05,15.19,48858848.0,1072627328.0
2009-10-20,15.3,16.64,15.29,16.47,111272760.0,2586689024.0
2009-10-21,16.37,16.63,16.25,16.33,54584956.0,1296670848.0
2009-10-22,16.33,16.55,15.92,16.36,41714688.0,978322176.0
2009-10-23,16.36,16.47,16.25,16.35,41506440.0,982484864.0
2009-10-26,16.38,16.42,15.76,15.95,45824168.0,1059051072.0
2009-10-27,15.83,15.9,15.55,15.57,30500676.0,692680064.0
2009-10-28,15.57,15.87,15.57,15.82,25493944.0,580970240.0
2009-10-29,15.58,15.77,15.42,15.48,23019836.0,518882496.0
2009-10-30,15.69,15.83,15.5,15.51,25224012.0,570864576.0
2009-11-02,15.21,16.01,15.1,15.94,35058072.0,795797888.0
2009-11-03,15.9,16.31,15.84,16.07,34066668.0,795748480.0
2009-11-04,16.07,16.63,15.97,16.42,50826212.0,1207960960.0
2009-11-05,16.42,16.59,16.32,16.43,27374600.0,651012224.0
2009-11-06,16.46,16.59,16.12,16.18,40905372.0,966549568.0
2009-11-09,16.18,16.31,15.93,16.16,26159538.0,609807936.0
2009-11-10,16.2,16.56,16.2,16.36,36391920.0,866387008.0
2009-11-11,16.36,17.21,16.25,16.95,71876928.0,1757934976.0
2009-11-12,16.96,17.97,16.96,17.65,84516400.0,2149448960.0
2009-11-13,17.64,18.2,17.53,17.86,56837704.0,1473382144.0
2009-11-16,17.92,18.66,17.92,18.37,50552072.0,1342386432.0
2009-11-17,18.44,18.46,17.97,18.22,33176712.0,871169856.0
2009-11-18,18.22,18.75,18.18,18.35,31416078.0,836953088.0
2009-11-19,18.37,18.49,17.97,18.21,28087452.0,737730368.0
2009-11-20,17.99,18.98,17.99,18.95,49961160.0,1347658112.0
2009-11-23,18.93,19.43,18.79,19.36,45438076.0,1263281536.0
2009-11-24,19.45,19.55,18.31,18.48,51446820.0,1409632384.0
2009-11-25,18.37,19.49,18.29,19.38,56008416.0,1540980992.0
2009-11-26,19.42,19.54,18.17,18.24,60559984.0,1643334016.0
2009-11-27,17.87,18.44,17.51,17.87,47632952.0,1239087232.0
2009-11-30,17.97,19.66,17.97,19.66,81158520.0,2252367360.0
2009-12-01,19.74,20.73,19.66,20.45,78926320.0,2296372224.0
2009-12-02,20.31,20.57,20.05,20.41,42606220.0,1248551680.0
2009-12-03,20.29,20.74,20.05,20.55,44417352.0,1314702208.0
2009-12-04,20.39,20.59,19.55,20.03,49522248.0,1433943040.0
2009-12-07,20.73,21.14,20.43,20.5,39488792.0,1177778944.0
2009-12-08,20.53,20.66,20.12,20.25,31390744.0,921792000.0
2009-12-09,20.05,20.45,19.84,20.19,28868050.0,843997184.0
2009-12-10,20.26,20.84,20.26,20.71,33262136.0,991179456.0
2009-12-11,20.75,21.07,20.68,20.73,28306838.0,855172288.0
2009-12-14,20.74,20.85,20.15,20.53,27936168.0,824147840.0
2009-12-15,20.54,20.66,20.25,20.52,21278336.0,629698688.0
2009-12-16,20.51,20.67,20.09,20.16,21610738.0,634318912.0
2009-12-17,20.16,20.32,19.25,19.45,33823816.0,961238592.0
2009-12-18,19.35,19.77,18.81,19.18,32984268.0,921408128.0
2009-12-21,19.22,20.22,19.22,20.22,36014716.0,1034376064.0
2009-12-22,20.27,20.53,19.91,20.01,40624272.0,1192001536.0
2009-12-23,20.39,20.93,20.3,20.72,45687648.0,1363913600.0
2009-12-24,20.84,22.57,20.79,22.02,72737400.0,2317742848.0
2009-12-25,22.02,22.38,21.78,22.01,47315304.0,1516543616.0
2009-12-28,22.06,22.28,21.8,22.26,35092256.0,1120419200.0
2009-12-29,22.25,22.25,21.39,21.89,44719868.0,1410513792.0
2009-12-30,21.78,21.87,21.22,21.5,37611368.0,1170149376.0
2009-12-31,21.71,22.04,21.62,21.89,34123104.0,1077481728.0
2010-01-04,21.98,22.12,21.68,21.74,26409040.0,836351936.0
2010-01-05,21.76,22.09,21.76,21.97,29098216.0,923787456.0
2010-01-06,21.97,22.11,21.36,21.39,42822040.0,1340542565.0
2010-01-07,21.28,21.28,20.39,20.74,61705156.0,1850035584.0
2010-01-08,20.63,20.71,20.11,20.7,36477184.0,1075206272.0
2010-01-11,20.88,21.12,20.34,20.5,27831764.0,829528064.0
2010-01-12,20.5,21.14,20.39,21.09,29138111.0,880580771.0
2010-01-13,20.74,21.46,20.6,20.93,36716284.0,1121175040.0
2010-01-14,21.01,21.96,20.88,21.73,45444964.0,1415275392.0
2010-01-15,22.09,22.26,21.62,21.82,45035984.0,1429719040.0
2010-01-18,21.91,22.36,21.64,22.19,39365352.0,1254827904.0
2010-01-19,22.26,22.31,21.84,21.91,22988172.0,729902976.0
2010-01-20,21.91,21.91,20.93,21.05,36951696.0,1139869952.0
2010-01-21,21.05,21.21,20.59,20.98,32381968.0,975981504.0
2010-01-22,20.69,20.75,20.17,20.47,28044582.0,830457408.0
2010-01-25,20.42,20.99,20.27,20.74,22525324.0,676264128.0
2010-01-26,20.88,20.99,20.17,20.45,21577456.0,642137472.0
2010-01-27,20.5,20.61,19.63,19.74,28371392.0,819268160.0
2010-01-28,19.63,20.12,19.32,19.92,23340064.0,666073024.0
2010-01-29,19.87,20.6,19.74,20.18,18171082.0,533053440.0
2010-02-01,20.52,20.77,20.19,20.57,28965736.0,859332864.0
2010-02-02,20.65,20.7,19.99,20.01,20973884.0,617528896.0
2010-02-03,20.01,20.23,19.61,20.1,22836488.0,658362432.0
2010-02-04,20.12,20.45,20.03,20.26,16474441.0,483024736.0
2010-02-05,19.98,20.03,19.81,19.95,15356624.0,442490848.0
2010-02-08,19.85,20.18,19.85,20.0,9467542.0,274399360.0
2010-02-09,19.97,20.18,19.76,19.92,10682228.0,308474592.0
2010-02-10,20.08,20.15,19.87,20.1,8606368.0,248804512.0
2010-02-11,20.12,20.58,20.05,20.39,13497506.0,397973504.0
2010-02-12,20.41,20.53,20.25,20.41,10662230.0,314413696.0
2010-02-22,20.41,20.41,19.91,19.92,13823275.0,401224192.0
2010-02-23,19.86,19.86,19.16,19.36,21525068.0,603337856.0
2010-02-24,19.34,19.63,19.23,19.56,13230701.0,372415296.0
2010-02-25,19.58,19.82,19.56,19.75,17287072.0,493151872.0
2010-02-26,19.75,19.83,19.34,19.38,18152526.0,513358240.0
2010-03-01,19.34,19.74,19.21,19.63,17797336.0,501953504.0
2010-03-02,19.77,19.85,19.44,19.54,17861264.0,507300064.0
2010-03-03,19.54,19.74,19.36,19.64,18973756.0,536358400.0
2010-03-04,19.67,20.16,19.42,19.49,28287396.0,811272896.0
2010-03-05,19.51,19.78,19.35,19.56,14490330.0,410765568.0
2010-03-08,19.63,19.7,19.47,19.49,11792089.0,333069984.0
2010-03-09,19.5,19.55,19.27,19.38,19998996.0,559854976.0
2010-03-10,19.38,19.38,19.0,19.02,24231416.0,670906176.0
2010-03-11,19.02,19.27,19.0,19.03,12093543.0,333931744.0
2010-03-12,19.04,19.25,18.79,18.82,13625141.0,375090656.0
2010-03-15,18.79,18.82,18.17,18.24,24361004.0,647572800.0
2010-03-16,18.33,18.6,18.31,18.37,13198107.0,351796608.0
2010-03-17,18.4,18.94,18.4,18.94,17055572.0,463005248.0
2010-03-18,18.98,19.21,18.84,18.88,12571964.0,346492896.0
2010-03-19,18.98,19.39,18.98,19.38,26065040.0,724843776.0
2010-03-22,19.44,19.5,19.25,19.39,16761106.0,469493824.0
2010-03-23,19.4,19.6,19.25,19.41,17462432.0,491829632.0
2010-03-24,19.47,20.07,19.44,19.83,30817300.0,885715136.0
2010-03-25,19.83,19.98,19.56,19.63,19383802.0,554091456.0
2010-03-26,19.63,19.76,19.46,19.63,12682492.0,360127840.0
2010-03-29,19.85,20.07,19.83,19.97,20677696.0,597868992.0
2010-03-30,19.99,20.19,19.76,19.77,16511085.0,476081760.0
2010-03-31,19.84,19.96,19.36,19.47,19223072.0,543140352.0
2010-04-01,19.47,19.9,19.42,19.71,19174028.0,546179840.0
2010-04-02,19.69,19.86,19.48,19.56,18331768.0,519381600.0
2010-04-06,19.55,19.67,19.3,19.38,25657042.0,720388736.0
2010-04-07,19.32,19.63,19.29,19.6,15970543.0,450224896.0
2010-04-08,19.56,19.56,19.15,19.19,22200680.0,620151744.0
2010-04-09,19.2,19.41,19.01,19.39,21223414.0,589573952.0
2010-04-12,19.42,19.47,19.0,19.02,25625034.0,708961536.0
2010-04-13,19.11,19.48,19.03,19.28,30785390.0,858551168.0
2010-04-14,19.29,19.9,19.22,19.89,42358648.0,1203267840.0
2010-04-15,19.94,20.44,19.87,20.05,40717912.0,1186113280.0
2010-04-19,19.84,20.03,19.28,19.29,34567944.0,982461312.0
2010-04-20,19.3,19.51,19.03,19.39,26238612.0,733890624.0
2010-04-21,19.4,20.36,19.29,20.22,36984204.0,1065919360.0
2010-04-22,20.25,20.72,19.89,20.25,42294824.0,1248406400.0
2010-04-23,20.3,20.74,19.93,20.05,27181654.0,799066624.0
2010-04-26,19.36,19.81,19.22,19.34,34432976.0,971521152.0
2010-04-27,19.27,19.29,18.43,18.72,24672200.0,671045568.0
2010-04-28,18.69,18.94,18.37,18.52,15996729.0,430250528.0
2010-04-29,18.66,18.73,18.46,18.46,12433350.0,334373152.0
2010-04-30,18.45,18.46,17.56,18.17,16876112.0,438361696.0
2010-05-04,17.97,18.44,17.77,18.18,9231168.0,243511472.0
2010-05-05,17.9,18.73,17.87,18.72,14959963.0,396343840.0
2010-05-06,18.53,18.8,17.97,17.98,12458134.0,331049152.0
2010-05-07,17.77,18.12,17.56,17.74,12123295.0,312175360.0
2010-05-10,17.77,18.21,17.63,17.9,12098703.0,313664128.0
2010-05-11,18.32,18.42,17.55,17.57,11842520.0,307273408.0
2010-05-12,17.54,17.57,16.56,16.98,20053704.0,493645856.0
2010-05-13,17.01,17.54,16.84,17.49,15665373.0,390820608.0
2010-05-14,17.45,17.66,17.26,17.47,8279241.0,207961536.0
2010-05-17,17.25,17.35,16.45,16.47,13793123.0,333922336.0
2010-05-18,16.47,16.75,15.99,16.58,17064310.0,400448704.0
2010-05-19,16.54,16.84,16.17,16.62,12154679.0,289124672.0
2010-05-20,16.43,17.02,16.42,16.66,16689967.0,403455232.0
2010-05-21,16.34,17.25,16.2,17.25,19741384.0,478804544.0
2010-05-24,17.42,18.07,17.42,17.76,16929968.0,432451232.0
2010-05-25,17.59,17.99,17.39,17.41,15239952.0,385269568.0
2010-05-26,17.4,17.68,17.18,17.32,8374297.0,208918304.0
2010-05-27,17.32,17.81,17.16,17.73,16413469.0,415798496.0
2010-05-28,17.82,17.98,17.69,17.71,17159700.0,440295616.0
2010-05-31,17.72,17.77,17.26,17.29,10774858.0,271028544.0
2010-06-01,17.23,17.54,16.97,17.39,16528223.0,411210016.0
2010-06-02,17.32,17.45,16.68,17.07,12530578.0,305472032.0
2010-06-03,17.09,17.29,16.91,17.04,10337703.0,254016208.0
2010-06-04,17.01,17.52,16.92,17.39,11259423.0,278687968.0
2010-06-07,17.11,17.94,17.04,17.77,23750812.0,604439296.0
2010-06-08,17.7,18.04,17.66,17.86,12828179.0,329408256.0
2010-06-09,17.89,18.53,17.89,18.49,25227960.0,666413696.0
2010-06-10,18.47,19.02,18.42,18.69,24434958.0,660465408.0
2010-06-11,18.83,19.01,18.41,18.5,15832131.0,426173024.0
2010-06-17,18.52,18.64,17.87,17.94,15303054.0,399764416.0
2010-06-18,18.01,18.26,17.47,17.49,14510626.0,372958016.0
2010-06-21,17.56,18.29,17.45,18.28,14991509.0,388547680.0
2010-06-22,18.26,18.27,17.92,17.98,12490795.0,323940768.0
2010-06-23,17.93,18.18,17.83,18.09,8144029.0,210828640.0
2010-06-24,18.1,18.12,17.77,17.85,9493202.0,243932896.0
2010-06-25,17.82,17.98,17.73,17.87,8261879.0,212076432.0
2010-06-28,17.8,17.96,17.59,17.6,7831113.0,199758608.0
2010-06-29,17.59,17.77,16.87,16.9,12462836.0,309411424.0
2010-06-30,16.86,17.0,16.7,16.85,7618086.0,184607136.0
2010-07-01,16.9,17.04,16.61,16.7,7112235.0,172039936.0
2010-07-02,16.69,16.88,15.44,16.38,16113056.0,375257408.0
2010-07-05,16.21,16.59,15.92,16.41,11562572.0,268976448.0
2010-07-06,16.4,16.86,16.34,16.68,6442153.0,154169984.0
2010-07-07,16.68,16.79,16.48,16.75,5533779.0,132899504.0
2010-07-08,16.83,16.91,16.49,16.59,5086736.0,122110392.0
2010-07-09,16.63,17.63,16.45,17.39,17884254.0,443672096.0
2010-07-12,17.39,17.49,17.2,17.37,7297885.0,181893072.0
2010-07-13,17.34,17.77,17.07,17.59,12505119.0,313403776.0
2010-07-14,17.48,17.8,17.32,17.39,6778844.0,170777984.0
2010-07-15,17.44,17.73,17.25,17.39,7833529.0,196941216.0
2010-07-16,17.31,18.05,17.26,17.94,20042156.0,510867200.0
2010-07-19,17.87,18.5,17.82,18.38,19897260.0,523396096.0
2010-07-20,18.38,18.86,18.36,18.63,25328060.0,680729280.0
2010-07-21,18.64,18.96,18.56,18.64,16258727.0,438372160.0
2010-07-22,18.6,18.96,18.6,18.8,12152886.0,328863584.0
2010-07-23,18.81,19.25,18.81,19.07,19308194.0,528988224.0
2010-07-26,19.16,19.73,19.16,19.44,22290152.0,624636416.0
2010-07-27,19.44,19.71,19.26,19.51,17427856.0,489618848.0
2010-07-28,19.55,19.79,19.46,19.65,18367368.0,519476576.0
2010-07-29,19.67,19.76,19.23,19.33,21469002.0,598273664.0
2010-07-30,19.28,19.44,19.12,19.32,12169720.0,337392544.0
2010-08-02,19.47,20.49,19.47,20.28,33524182.0,969140032.0
2010-08-03,20.24,20.42,20.01,20.01,22943834.0,666559616.0
2010-08-04,19.9,20.48,19.9,20.41,30695428.0,895647552.0
2010-08-05,20.41,21.06,20.21,20.65,28936944.0,865232704.0
2010-08-06,20.57,20.9,20.29,20.71,20652088.0,611855616.0
2010-08-09,20.71,21.34,20.71,20.86,19624648.0,592097408.0
2010-08-10,20.88,20.93,20.1,20.1,28644072.0,837709568.0
2010-08-11,20.28,20.79,20.17,20.57,29356532.0,865325760.0
2010-08-12,20.44,21.31,20.26,20.71,35017344.0,1052045696.0
2010-08-13,20.72,21.05,20.44,20.99,21322284.0,637187904.0
2010-08-16,21.04,21.63,20.93,21.54,33530854.0,1035108032.0
2010-08-17,21.56,21.8,21.38,21.61,21204784.0,658037824.0
2010-08-18,21.63,21.7,21.25,21.45,17092608.0,527383680.0
2010-08-19,21.38,21.6,21.17,21.24,16028357.0,493237856.0
2010-08-20,21.14,21.24,20.48,20.72,23766396.0,709500992.0
2010-08-23,20.86,20.93,20.58,20.79,11654746.0,347733472.0
2010-08-24,20.78,21.14,20.43,20.88,14729449.0,441197600.0
2010-08-25,20.8,21.42,20.74,20.86,16657074.0,505743392.0
2010-08-26,21.0,21.27,20.65,20.82,9710787.0,291210912.0
2010-08-27,20.83,20.97,20.57,20.86,8669944.0,259307888.0
2010-08-30,20.97,22.22,20.97,22.04,34488352.0,1078575488.0
2010-08-31,21.97,22.25,21.84,22.06,23127500.0,735308864.0
2010-09-01,22.08,22.38,21.46,21.7,21445514.0,675863936.0
2010-09-02,21.86,22.32,21.77,22.1,16969814.0,539954304.0
2010-09-03,22.1,22.67,22.0,22.39,22578692.0,726114688.0
2010-09-06,22.67,23.12,22.6,22.61,20318024.0,667352960.0
2010-09-07,22.6,22.6,22.1,22.38,12834014.0,411899264.0
2010-09-08,22.25,22.93,22.18,22.77,14247598.0,464491744.0
2010-09-09,22.96,23.32,22.61,22.66,20666236.0,684186176.0
2010-09-10,22.64,23.64,22.4,23.57,28744478.0,955952192.0
2010-09-13,23.57,24.05,23.4,23.68,27970548.0,954755008.0
2010-09-14,23.64,23.74,23.32,23.44,15391328.0,519825856.0
2010-09-15,23.41,23.44,22.89,22.96,13422123.0,446087232.0
2010-09-16,23.04,23.16,22.04,22.46,20136944.0,650633536.0
2010-09-17,22.46,23.4,22.1,23.09,23101442.0,762194176.0
2010-09-20,23.09,23.36,22.68,23.14,13372883.0,444178144.0
2010-09-21,23.07,23.41,22.95,23.12,12483810.0,416536864.0
2010-09-27,23.12,23.62,22.74,23.49,17743564.0,591726848.0
2010-09-28,23.51,24.33,23.5,24.28,28743944.0,989649856.0
2010-09-29,24.24,24.24,23.66,23.73,18347136.0,633043520.0
2010-09-30,23.57,24.06,23.44,23.87,13909275.0,476107040.0
2010-10-08,23.98,25.15,23.92,24.83,26147072.0,930719744.0
2010-10-11,24.83,25.23,23.96,24.06,33010112.0,1159681536.0
2010-10-12,23.98,24.48,23.49,23.82,26136444.0,894754112.0
2010-10-13,23.71,23.71,22.5,23.05,57747784.0,1904609664.0
2010-10-14,23.37,23.44,22.11,22.18,61078000.0,1984162432.0
2010-10-15,22.25,22.86,22.16,22.71,53109824.0,1715241344.0
2010-10-18,22.66,23.37,22.08,23.19,43712488.0,1422938880.0
2010-10-19,23.16,24.19,22.86,24.04,41802312.0,1421062144.0
2010-10-20,23.68,25.18,23.65,25.14,65495640.0,2336154368.0
2010-10-21,25.24,25.72,24.65,24.87,41712556.0,1512710656.0
2010-10-22,24.9,25.51,24.9,25.03,32863104.0,1188979584.0
2010-10-25,25.12,26.49,25.12,26.44,50670192.0,1900855936.0
2010-10-26,26.56,26.56,25.71,25.92,34115208.0,1269670144.0
2010-10-27,25.91,25.91,25.0,25.0,31532198.0,1148956800.0
2010-10-28,24.91,25.71,24.9,25.28,19705220.0,716562240.0
2010-10-29,25.17,25.7,24.75,25.38,22242606.0,808309056.0
2010-11-01,25.45,26.22,25.44,26.06,26586126.0,991916160.0
2010-11-02,26.06,26.06,25.45,25.52,28776858.0,1060514112.0
2010-11-03,25.52,26.08,25.26,25.52,21030780.0,779204032.0
2010-11-04,25.45,26.26,25.45,26.15,27617978.0,1030558272.0
2010-11-05,26.41,26.49,25.73,25.87,25260820.0,946528000.0
2010-11-08,25.94,26.05,25.32,25.63,26146438.0,960699904.0
2010-11-09,25.66,25.87,25.37,25.74,31786522.0,1173039104.0
2010-11-10,25.79,27.82,25.67,26.79,64113168.0,2481588992.0
2010-11-11,26.98,27.42,26.49,26.5,36148832.0,1402864384.0
2010-11-12,26.43,27.54,25.59,25.66,48092492.0,1823952512.0
2010-11-15,25.8,26.97,25.71,26.96,40106692.0,1524152576.0
2010-11-16,27.05,27.1,25.7,25.97,37175756.0,1410982144.0
2010-11-17,25.65,25.66,24.12,24.96,46564176.0,1652951936.0
2010-11-18,24.94,25.24,24.42,25.04,24119132.0,864662400.0
2010-11-19,25.31,25.91,25.05,25.73,29886908.0,1097684096.0
2010-11-22,25.72,26.64,25.51,25.99,36216952.0,1365107072.0
2010-11-23,26.0,26.59,25.51,26.33,35211224.0,1319433344.0
2010-11-24,26.19,27.8,26.11,27.31,54073852.0,2121066752.0
2010-11-25,27.25,27.54,26.91,27.22,27043880.0,1059823808.0
2010-11-26,27.28,28.47,27.02,28.12,59151432.0,2374606592.0
2010-11-29,28.13,28.85,27.7,28.35,44761816.0,1819826176.0
2010-11-30,28.02,28.02,26.52,27.21,45158192.0,1771193600.0
2010-12-01,27.22,27.22,26.63,26.77,21065254.0,812680896.0
2010-12-02,27.11,27.22,26.35,26.46,27603596.0,1059989888.0
2010-12-03,26.42,26.78,26.22,26.58,15394443.0,585788160.0
2010-12-06,26.56,26.63,25.72,25.86,24698284.0,922136896.0
2010-12-07,25.79,26.38,25.43,26.29,20637236.0,773018688.0
2010-12-08,26.33,26.82,26.22,26.34,16696814.0,636822848.0
2010-12-09,26.37,26.41,25.92,25.95,14001855.0,525453376.0
2010-12-10,25.94,26.14,25.58,26.04,22201616.0,823344448.0
2010-12-13,26.15,26.43,25.67,26.42,52336184.0,1957015808.0
2010-12-14,26.49,26.65,26.29,26.42,25732276.0,978057152.0
2010-12-15,26.49,26.97,26.37,26.42,28116160.0,1079219328.0
2010-12-16,27.12,27.52,26.69,26.84,36709384.0,1426162432.0
2010-12-17,26.91,27.05,26.36,26.53,27703324.0,1057277056.0
2010-12-20,26.55,26.63,25.09,25.51,64427916.0,2374665216.0
2010-12-21,25.52,25.7,24.87,25.21,52972004.0,1912102912.0
2010-12-22,25.28,25.31,24.76,24.92,33071712.0,1185814528.0
2010-12-23,24.9,25.17,24.77,24.9,24883180.0,893685760.0
2010-12-24,24.9,24.92,24.12,24.15,28117432.0,984552448.0
2010-12-27,24.34,24.48,22.96,23.15,33035264.0,1139322496.0
2010-12-28,23.02,23.96,22.5,23.6,41857016.0,1388211584.0
2010-12-29,23.57,23.89,23.37,23.87,21363394.0,727276992.0
2010-12-30,23.88,23.91,23.23,23.6,19892952.0,676229568.0
2010-12-31,23.59,24.1,23.5,24.08,21107792.0,722395648.0
2011-01-04,24.27,24.34,23.77,24.07,26566610.0,916852864.0
2011-01-05,23.95,23.95,23.39,23.42,32126496.0,1086646912.0
2011-01-06,23.41,23.74,23.18,23.26,20818682.0,699962304.0
2011-01-07,23.3,23.5,22.86,23.16,20046408.0,667192704.0
2011-01-10,23.15,23.15,22.45,22.56,23242744.0,761553536.0
2011-01-11,22.45,23.0,22.27,22.88,19806210.0,648178688.0
2011-01-12,22.88,22.88,22.55,22.78,11607132.0,378948320.0
2011-01-13,22.81,23.6,22.65,23.42,27379958.0,918937920.0
2011-01-14,23.37,23.57,22.92,23.5,22014456.0,736578176.0
2011-01-17,23.36,23.75,22.81,22.84,17213598.0,574263104.0
2011-01-18,22.8,23.5,22.32,23.29,22283772.0,742234752.0
2011-01-19,23.41,23.76,23.27,23.71,22310972.0,756504768.0
2011-01-20,23.71,23.71,22.81,22.82,15364277.0,513288992.0
2011-01-21,22.73,23.02,22.33,22.46,19993108.0,650614656.0
2011-01-24,22.46,22.63,21.54,22.25,24236870.0,765094720.0
2011-01-25,22.08,22.25,21.73,21.96,8936571.0,282345376.0
2011-01-26,21.97,22.34,21.97,22.18,9613754.0,306371872.0
2011-01-27,21.96,22.66,21.8,22.47,16403030.0,527307904.0
2011-01-28,22.48,22.87,22.48,22.8,12268492.0,400705376.0
2011-01-31,22.8,23.13,22.41,22.84,14085274.0,462800576.0
2011-02-01,22.91,23.16,22.74,22.99,15778510.0,521424224.0
2011-02-09,22.95,23.23,22.53,22.54,11196822.0,368925952.0
2011-02-10,22.54,23.68,22.4,23.59,29025654.0,965542272.0
2011-02-11,23.55,24.12,23.44,23.71,24450368.0,836858624.0
2011-02-14,23.64,24.26,23.61,24.11,28131154.0,972474816.0
2011-02-15,24.13,24.32,23.81,23.84,27667452.0,953231104.0
2011-02-16,23.7,23.98,23.41,23.78,24535032.0,831961536.0
2011-02-17,23.82,23.85,23.34,23.46,20507670.0,693875840.0
2011-02-18,23.44,24.4,23.23,23.97,36224656.0,1250119040.0
2011-02-21,23.79,24.06,23.5,24.01,22572272.0,771889216.0
2011-02-22,24.01,24.03,23.16,23.22,24681532.0,830848960.0
2011-02-23,23.21,23.21,22.74,22.95,17261092.0,570935488.0
2011-02-24,22.94,23.05,22.62,22.86,16276068.0,534416256.0
2011-02-25,22.99,23.3,22.88,22.93,17485996.0,580843456.0
2011-02-28,22.93,23.23,22.73,22.93,22205368.0,731321088.0
2011-03-01,22.95,23.16,22.88,23.04,21797076.0,720637120.0
2011-03-02,22.95,22.98,22.67,22.8,20003844.0,655456256.0
2011-03-03,22.94,23.02,22.17,22.23,47103268.0,1519207552.0
2011-03-04,22.24,22.43,21.81,22.39,28405128.0,903979520.0
2011-03-07,22.4,22.7,22.38,22.66,28807120.0,935947264.0
2011-03-08,22.8,22.88,22.5,22.88,21880794.0,714244864.0
2011-03-09,22.89,22.98,22.66,22.68,18257284.0,597065664.0
2011-03-10,22.68,23.47,22.55,22.96,40405048.0,1342310272.0
2011-03-11,22.86,23.29,22.66,22.75,23310580.0,771160448.0
2011-03-14,22.61,23.05,22.61,23.05,23226428.0,764667264.0
2011-03-15,23.02,23.05,22.33,22.93,21391764.0,698337152.0
2011-03-16,22.96,23.55,22.75,23.28,39942256.0,1333960064.0
2011-03-17,23.05,23.56,22.86,23.12,25588048.0,854175872.0
2011-03-18,23.33,23.39,22.95,22.95,19710620.0,655673792.0
2011-03-21,23.08,23.26,22.51,22.53,25373964.0,830376448.0
2011-03-22,22.61,22.77,22.32,22.5,13164883.0,425731936.0
2011-03-23,22.48,22.64,22.32,22.59,18535778.0,598685184.0
2011-03-24,22.64,22.73,22.37,22.43,15830858.0,512343200.0
2011-03-25,22.52,22.73,22.41,22.51,21188712.0,687268416.0
2011-03-28,22.57,22.64,21.96,22.02,42663720.0,1365197056.0
2011-03-29,22.02,22.2,21.77,21.81,22290622.0,704224832.0
2011-03-30,21.81,22.11,21.74,21.97,15144425.0,477827552.0
2011-03-31,21.98,22.5,21.97,22.18,21829194.0,700363904.0
2011-04-01,22.16,22.32,21.97,22.12,11432128.0,362659424.0
2011-04-06,22.04,22.07,20.86,21.33,42989056.0,1321016448.0
2011-04-07,21.34,21.45,21.11,21.3,24776940.0,757366144.0
2011-04-08,21.32,21.72,21.32,21.55,17368792.0,538700224.0
2011-04-11,21.63,21.72,21.41,21.43,18350364.0,568533056.0
2011-04-12,21.42,21.8,21.38,21.61,14273501.0,444250304.0
2011-04-13,21.61,22.01,21.51,21.97,20597684.0,647447744.0
2011-04-14,21.97,22.07,21.82,21.97,15403571.0,486462432.0
2011-04-15,21.97,22.09,21.63,21.86,16719905.0,525026432.0
2011-04-18,21.86,21.91,21.62,21.7,12324748.0,385014880.0
2011-04-19,21.68,22.25,21.17,21.97,25832564.0,804756672.0
2011-04-20,21.97,22.51,21.91,22.41,32585876.0,1044305216.0
2011-04-21,22.46,22.52,22.18,22.22,18504688.0,595012288.0
2011-04-25,22.11,22.81,22.11,22.48,29351532.0,952211904.0
2011-04-26,22.47,22.52,21.93,22.02,13827693.0,440624768.0
2011-04-27,22.35,22.98,22.35,22.59,42613504.0,1392357504.0
2011-04-28,22.6,22.96,22.43,22.53,25253564.0,824043136.0
2011-04-29,22.53,22.98,22.53,22.93,26565396.0,873218368.0
2011-05-03,22.95,23.61,22.86,23.5,36277328.0,1212822400.0
2011-05-04,23.48,23.68,23.01,23.26,31509996.0,1059188992.0
2011-05-05,23.26,23.73,23.17,23.47,26129892.0,883799232.0
2011-05-06,23.34,23.64,23.16,23.32,22328708.0,752116160.0
2011-05-09,23.38,23.44,22.71,22.81,29025512.0,959754624.0
2011-05-10,22.77,23.05,22.51,22.85,14908775.0,488753792.0
2011-05-11,22.82,23.18,22.67,23.09,14354839.0,473750688.0
2011-05-12,23.0,23.56,22.88,23.28,20229458.0,678743232.0
2011-05-13,23.31,23.49,22.85,23.18,12716994.0,419194144.0
2011-05-16,23.09,23.47,23.04,23.23,13930210.0,462578656.0
2011-05-17,23.19,23.44,23.12,23.19,13556200.0,450242016.0
2011-05-18,23.24,23.84,23.23,23.75,25427860.0,858970048.0
2011-05-19,23.75,24.38,23.75,24.1,31924128.0,1099054592.0
2011-05-20,24.14,24.27,23.81,24.14,17736442.0,606353024.0
2011-05-23,24.13,24.13,23.4,23.4,18637790.0,630453696.0
2011-05-24,23.3,23.4,22.88,23.27,16572654.0,546246464.0
2011-05-25,23.16,23.67,23.02,23.18,10911677.0,363254400.0
2011-05-26,23.26,23.55,22.96,23.01,13555828.0,447759840.0
2011-05-27,22.95,23.15,22.52,22.58,12514223.0,406343392.0
2011-05-30,22.42,23.35,22.17,23.16,18348176.0,600793024.0
2011-05-31,23.16,23.35,22.99,23.16,11677323.0,385426528.0
2011-06-01,23.17,23.93,23.02,23.77,27348756.0,922860992.0
2011-06-02,23.51,24.05,23.42,23.73,24286372.0,822448320.0
2011-06-03,23.68,24.42,23.58,24.22,29457744.0,1013374720.0
2011-06-07,24.15,24.59,24.07,24.26,23989816.0,833746816.0
2011-06-08,24.23,24.24,23.77,24.14,14118428.0,483094496.0
2011-06-09,24.11,24.11,23.51,23.51,14315085.0,484184576.0
2011-06-10,23.51,24.33,23.48,24.31,33757196.0,1156300288.0
2011-06-13,24.36,24.61,24.13,24.56,29886772.0,1040990464.0
2011-06-14,24.49,24.95,24.42,24.6,24153400.0,851849984.0
2011-06-15,24.55,24.9,24.26,24.28,17838096.0,624187008.0
2011-06-16,24.21,24.41,23.97,24.1,13265349.0,456900192.0
2011-06-17,24.09,24.55,24.07,24.23,14923985.0,518718496.0
2011-06-20,24.18,24.24,23.69,24.14,17518760.0,596841792.0
2011-06-21,24.0,24.4,24.0,24.3,15662115.0,540371712.0
2011-06-22,24.31,24.77,24.31,24.69,21566592.0,756923456.0
2011-06-23,24.69,25.09,24.5,25.06,23669848.0,841234304.0
2011-06-24,25.02,25.3,24.87,24.98,29028936.0,1037851968.0
2011-06-27,24.91,25.26,24.84,25.22,19191684.0,685102464.0
2011-06-28,25.26,25.36,25.01,25.21,17861864.0,640972544.0
2011-06-29,25.17,25.35,24.85,24.89,13207302.0,470866784.0
2011-06-30,24.91,25.29,24.88,25.06,13218694.0,473979584.0
2011-07-01,25.11,25.21,24.97,25.03,11152744.0,398600256.0
2011-07-04,25.04,25.79,25.04,25.4,22716900.0,824985344.0
2011-07-05,25.43,25.51,25.19,25.31,11905363.0,429482816.0
2011-07-06,25.31,25.65,25.13,25.62,18741500.0,681786752.0
2011-07-07,25.61,26.31,25.56,26.07,29930834.0,1110979456.0
2011-07-08,26.1,26.52,25.95,26.07,18012080.0,671837312.0
2011-07-11,26.08,26.85,26.05,26.76,23181748.0,878395456.0
2011-07-12,26.65,27.21,26.44,26.64,24862586.0,949545728.0
2011-07-13,26.67,27.18,26.53,26.66,22704068.0,867672256.0
2011-07-14,26.67,26.91,26.09,26.22,31723190.0,1190032896.0
2011-07-15,26.18,26.57,26.07,26.28,20531770.0,769683008.0
2011-07-18,26.29,26.98,26.29,26.77,23420156.0,893942208.0
2011-07-19,26.74,26.96,26.62,26.64,16587817.0,633481728.0
2011-07-20,26.82,27.25,26.67,27.23,28317400.0,1091291264.0
2011-07-21,27.25,27.78,27.23,27.42,33372264.0,1308641792.0
2011-07-22,27.3,27.73,27.2,27.44,23436200.0,917018304.0
2011-07-25,27.4,27.61,26.49,26.7,34930000.0,1337913728.0
2011-07-26,26.67,26.78,26.19,26.51,26122744.0,984968128.0
2011-07-27,26.31,27.04,26.31,26.94,21739582.0,831975680.0
2011-07-28,26.8,27.04,26.56,27.03,15571671.0,593887744.0
2011-07-29,26.97,27.05,26.59,26.66,10662640.0,406593536.0
2011-08-01,26.66,26.73,26.1,26.15,19563332.0,734280512.0
2011-08-02,26.09,26.23,25.63,26.22,22426416.0,825343424.0
2011-08-03,25.97,26.65,25.96,26.54,16846804.0,635930688.0
2011-08-04,26.59,27.16,26.57,26.83,15350984.0,588217088.0
2011-08-05,26.17,27.05,25.93,26.54,17505574.0,664511872.0
2011-08-08,26.27,26.85,25.51,26.3,29611864.0,1108942208.0
2011-08-09,25.89,26.35,25.13,26.24,30337146.0,1116061056.0
2011-08-10,26.52,27.15,26.11,27.09,41718500.0,1586738176.0
2011-08-11,26.75,27.93,26.74,27.91,57092080.0,2240312320.0
2011-08-12,27.94,28.05,27.64,27.76,26307332.0,1042965376.0
2011-08-15,27.82,28.04,27.46,27.51,21126636.0,832018048.0
2011-08-16,28.04,28.47,27.72,27.82,39331140.0,1576238336.0
2011-08-17,27.91,28.27,27.56,27.6,18149296.0,721520064.0
2011-08-18,27.6,27.98,27.42,27.51,18801344.0,742325120.0
2011-08-19,27.29,27.81,27.23,27.79,19662582.0,772248512.0
2011-08-22,27.79,27.91,26.59,26.69,32153580.0,1247166336.0
2011-08-23,26.47,26.94,26.47,26.78,17148648.0,653072832.0
2011-08-24,26.88,27.28,26.83,27.05,14626673.0,564365056.0
2011-08-25,27.13,27.52,26.85,27.47,17694674.0,685651520.0
2011-08-26,27.39,27.72,27.23,27.65,16482048.0,645572608.0
2011-08-29,27.54,28.14,27.41,27.98,19787846.0,786182400.0
2011-08-30,28.03,28.28,27.54,27.65,20640360.0,821271488.0
2011-08-31,28.33,28.63,27.88,28.35,48311140.0,1950518272.0
2011-09-01,28.42,28.48,27.65,27.82,21800206.0,870628288.0
2011-09-02,27.76,27.92,27.44,27.65,11918994.0,469438560.0
2011-09-05,27.58,27.91,27.28,27.44,17703728.0,695544704.0
2011-09-06,27.37,27.55,26.65,26.87,20065920.0,771183168.0
2011-09-07,27.02,27.7,26.94,27.69,15231671.0,592098752.0
2011-09-08,27.79,27.79,27.2,27.3,10890921.0,427059744.0
2011-09-09,27.5,27.72,26.7,26.85,12719813.0,491409312.0
2011-09-13,26.59,26.98,26.31,26.5,13593803.0,515591584.0
2011-09-14,26.57,26.75,25.75,26.26,18028822.0,673079360.0
2011-09-15,26.26,26.83,26.24,26.38,14059169.0,532756928.0
2011-09-16,26.52,26.83,26.52,26.7,9789262.0,371992448.0
2011-09-19,26.69,26.69,26.38,26.42,9835142.0,371403168.0
2011-09-20,26.33,26.45,25.93,26.24,10523712.0,391528384.0
2011-09-21,26.24,26.87,26.17,26.8,11002163.0,417681408.0
2011-09-22,26.66,26.66,26.07,26.07,9535810.0,358076736.0
2011-09-23,25.73,26.1,25.1,25.56,25424592.0,928669888.0
2011-09-26,25.26,25.72,25.02,25.09,12400126.0,446190592.0
2011-09-27,25.32,25.65,24.95,25.36,11493474.0,414130144.0
2011-09-28,25.46,25.72,25.22,25.46,8788858.0,319112832.0
2011-09-29,25.25,25.65,25.12,25.19,11476447.0,414721664.0
2011-09-30,25.46,25.67,25.23,25.47,11482122.0,417117408.0
2011-10-10,25.46,25.56,24.98,25.02,10934075.0,393094048.0
2011-10-11,25.46,25.56,24.12,24.48,19074640.0,674284096.0
2011-10-12,24.34,25.39,24.21,25.27,17169556.0,609330432.0
2011-10-13,25.19,25.65,25.13,25.38,15002628.0,542950400.0
2011-10-14,25.39,25.44,25.11,25.25,7692248.0,276905408.0
2011-10-17,25.23,26.01,25.23,25.93,16639533.0,611456896.0
2011-10-18,25.82,26.22,25.68,25.68,12696530.0,469869504.0
2011-10-19,25.74,26.1,25.61,25.74,9974810.0,366899264.0
2011-10-20,25.47,25.58,24.99,25.12,10357802.0,372655104.0
2011-10-21,25.05,25.23,24.91,25.05,6610948.0,236160896.0
2011-10-24,25.06,25.89,24.82,25.82,12700374.0,458552512.0
2011-10-25,25.77,26.24,25.68,26.07,15044751.0,558807808.0
2011-10-26,26.03,26.3,25.95,26.1,12155648.0,453569056.0
2011-10-27,26.24,26.31,25.89,26.07,12525596.0,465193920.0
2011-10-28,26.24,26.5,26.17,26.39,20752588.0,779027264.0
2011-10-31,26.41,26.42,25.39,25.74,40487752.0,1486407168.0
2011-11-01,25.57,26.01,25.44,25.79,24872816.0,912120512.0
2011-11-02,25.58,25.96,25.49,25.96,19445976.0,712124288.0
2011-11-03,26.04,26.52,26.04,26.18,24494412.0,918475392.0
2011-11-04,26.4,26.5,26.14,26.26,12061503.0,451843744.0
2011-11-07,26.24,26.32,25.82,25.92,10983495.0,406795072.0
2011-11-08,26.05,26.14,25.88,26.04,8239226.0,305271072.0
2011-11-09,26.1,26.24,25.71,26.22,16181583.0,598909248.0
2011-11-10,26.0,26.02,25.64,25.81,14409719.0,529694560.0
2011-11-11,25.73,25.84,25.34,25.39,14707682.0,535193024.0
2011-11-14,25.53,25.93,25.4,25.88,17546540.0,642758272.0
2011-11-15,25.91,25.92,25.4,25.46,15205600.0,554226944.0
2011-11-17,25.12,25.56,25.08,25.26,16580038.0,598780864.0
2011-11-18,25.11,25.25,24.63,24.64,16174107.0,574082176.0
2011-11-21,24.77,25.18,24.56,25.1,15732835.0,560635840.0
2011-11-22,25.06,25.94,24.98,25.9,30683566.0,1124730880.0
2011-11-23,25.97,26.48,25.96,26.26,29562136.0,1104575104.0
2011-11-24,26.1,26.5,26.01,26.22,20130612.0,753551040.0
2011-11-25,26.21,26.93,26.03,26.71,27157902.0,1032450816.0
2011-11-28,26.72,27.13,26.56,26.97,23779768.0,911763328.0
2011-11-29,27.07,27.08,26.59,26.72,21609380.0,824655360.0
2011-11-30,26.75,26.98,26.12,26.33,19759582.0,745498304.0
2011-12-01,26.85,26.87,26.38,26.51,21086686.0,801595712.0
2011-12-02,26.4,26.79,26.23,26.24,13661707.0,516666560.0
2011-12-05,26.15,26.41,25.47,25.51,19241176.0,709929152.0
2011-12-06,25.49,25.67,24.93,25.26,14782012.0,532430784.0
2011-12-07,25.27,25.64,25.27,25.54,8385773.0,304983936.0
2011-12-08,25.56,25.85,25.3,25.49,6494828.0,236395904.0
2011-12-09,25.33,25.49,24.77,24.91,17559782.0,626394944.0
2011-12-12,24.98,25.11,24.72,24.82,9148802.0,324540160.0
2011-12-13,24.76,24.76,24.14,24.24,15213272.0,528135072.0
2011-12-14,24.1,24.53,23.84,23.89,13521680.0,464113152.0
2011-12-15,23.8,23.98,23.58,23.91,14485698.0,491409184.0
2011-12-16,23.91,24.38,23.91,24.38,14709577.0,506735584.0
2011-12-19,24.28,24.45,23.72,24.2,15510251.0,529775296.0
2011-12-20,24.21,24.64,24.04,24.19,9223895.0,319122592.0
2011-12-21,24.34,24.4,23.56,23.59,10002617.0,342228704.0
2011-12-22,23.54,23.96,23.39,23.86,12822538.0,432612544.0
2011-12-23,23.88,24.28,23.86,23.96,9417992.0,323093920.0
2011-12-26,23.96,23.96,23.14,23.23,18738908.0,626245120.0
2011-12-27,23.2,23.2,22.31,22.45,20797514.0,671500544.0
2011-12-28,22.37,22.56,22.09,22.55,12922439.0,410785312.0
2011-12-29,22.45,23.0,22.37,22.73,13942165.0,452820352.0
2011-12-30,22.84,23.25,22.73,23.02,12071160.0,396789984.0
2012-01-04,23.16,23.21,22.0,22.0,17882936.0,573218368.0
2012-01-05,21.91,22.16,21.67,22.02,13079934.0,407142592.0
2012-01-06,22.03,22.24,21.81,22.11,11033855.0,345925152.0
2012-01-09,22.17,22.29,21.06,22.27,22522532.0,703973760.0
2012-01-10,22.28,23.15,22.1,23.15,25115344.0,810901632.0
2012-01-11,23.09,23.09,22.52,22.87,19661360.0,639847680.0
2012-01-12,22.87,23.42,22.8,22.98,14542191.0,479037792.0
2012-01-13,22.99,23.15,22.37,22.6,12441990.0,403489376.0
2012-01-16,22.39,22.39,21.11,21.37,25650014.0,789786688.0
2012-01-17,21.37,22.16,20.92,22.0,32981508.0,1011265216.0
2012-01-18,21.88,22.03,21.17,21.21,23464220.0,721369600.0
2012-01-19,21.21,21.74,21.04,21.44,14982840.0,457802336.0
2012-01-20,21.55,22.31,21.55,22.29,22432152.0,705111936.0
2012-01-30,22.35,22.42,21.81,21.97,12520417.0,394169696.0
2012-01-31,22.02,22.45,21.93,22.45,14931839.0,474117152.0
2012-02-01,22.37,22.82,22.23,22.33,15770264.0,505670976.0
2012-02-02,22.36,22.52,21.96,22.48,15437323.0,489094144.0
2012-02-03,22.38,22.59,22.1,22.49,15990875.0,509833696.0
2012-02-06,22.49,22.9,22.37,22.87,18141486.0,585969472.0
2012-02-07,22.71,22.9,22.36,22.4,13581860.0,436315104.0
2012-02-08,22.37,22.98,22.24,22.83,16458798.0,532134848.0
2012-02-09,22.78,23.39,22.74,23.0,18676608.0,615466368.0
2012-02-10,22.91,23.16,22.78,22.92,15676272.0,512288608.0
2012-02-13,22.79,23.37,22.66,23.06,12644330.0,416282144.0
2012-02-14,23.14,23.26,22.95,23.14,11923915.0,392508928.0
2012-02-15,23.06,23.57,23.06,23.42,15589318.0,520113856.0
2012-02-16,23.47,23.47,23.02,23.19,10784720.0,358031776.0
2012-02-17,23.28,23.41,23.05,23.21,7934870.0,262488688.0
2012-02-20,23.39,23.46,23.14,23.16,11772300.0,391073472.0
2012-02-21,23.24,23.33,23.02,23.25,9731841.0,322319296.0
2012-02-22,23.25,23.35,23.09,23.34,16156195.0,535454400.0
2012-02-23,23.33,23.72,23.23,23.49,20935828.0,701504256.0
2012-02-24,23.51,24.05,23.44,23.98,22606468.0,767724288.0
2012-02-27,24.02,24.19,23.77,23.88,18401728.0,628574464.0
2012-02-28,23.79,24.46,23.76,24.42,25326616.0,875171520.0
2012-02-29,24.38,25.25,24.35,24.73,29432572.0,1042064192.0
2012-03-01,24.57,25.02,24.42,24.56,12850218.0,453054016.0
2012-03-02,24.59,24.73,24.41,24.66,16788446.0,586797248.0
2012-03-05,24.73,24.99,24.36,24.42,18289654.0,641452864.0
2012-03-06,24.31,24.56,24.22,24.24,13602641.0,472957088.0
2012-03-07,24.07,24.21,23.79,23.83,13771433.0,471578240.0
2012-03-08,23.81,24.35,23.81,24.04,8957354.0,307843904.0
2012-03-09,24.08,25.02,24.0,25.01,19684824.0,690421824.0
2012-03-12,25.04,25.42,24.9,25.14,18675064.0,669334400.0
2012-03-13,25.12,25.79,25.06,25.68,23186828.0,844810112.0
2012-03-14,25.79,26.33,24.56,24.91,24862686.0,905127040.0
2012-03-15,25.12,25.58,24.91,25.42,22207832.0,801101568.0
2012-03-16,25.46,26.31,25.46,26.21,25432620.0,943648192.0
2012-03-19,26.22,26.53,25.82,25.96,23453664.0,873635392.0
2012-03-20,25.94,25.95,25.6,25.61,11056533.0,405568992.0
2012-03-21,25.65,25.88,24.97,25.27,12100194.0,437392192.0
2012-03-22,25.26,25.57,25.04,25.05,10064548.0,362090240.0
2012-03-23,25.14,25.51,24.96,25.09,13536974.0,486903648.0
2012-03-26,24.98,25.89,24.98,25.89,14525609.0,529437696.0
2012-03-27,25.26,25.51,24.07,24.21,38061360.0,1348396416.0
2012-03-28,24.12,24.36,23.47,23.72,26363036.0,896839488.0
2012-03-29,23.7,24.24,23.47,23.73,17976378.0,613317120.0
2012-03-30,23.82,23.91,22.84,23.04,18187820.0,600684672.0
2012-04-05,23.05,24.0,22.77,23.91,20728384.0,696782720.0
2012-04-06,23.89,24.52,23.75,24.36,18826432.0,649468864.0
2012-04-09,24.24,24.31,23.86,24.13,9942695.0,341629472.0
2012-04-10,24.12,24.15,23.59,23.99,9553860.0,324104096.0
2012-04-11,23.77,24.56,23.72,24.26,8639490.0,297781024.0
2012-04-12,24.26,24.59,23.93,24.57,12019294.0,416871392.0
2012-04-13,24.6,24.66,24.31,24.37,9749582.0,340128608.0
2012-04-16,24.33,24.52,24.06,24.09,10989233.0,379313216.0
2012-04-17,24.12,24.2,23.68,23.68,12611851.0,428871200.0
2012-04-18,23.85,24.11,23.59,24.0,13984916.0,476167584.0
2012-04-19,23.94,24.07,23.42,23.84,23318664.0,785440960.0
2012-04-23,24.36,24.45,23.89,24.12,21673600.0,746711616.0
2012-04-24,23.96,24.25,23.65,24.12,13420047.0,459469248.0
2012-04-25,24.12,24.31,23.93,24.19,15275173.0,525703360.0
2012-04-26,24.27,24.8,24.18,24.77,20765044.0,724221056.0
2012-04-27,24.75,25.3,24.67,24.99,25761946.0,922188992.0
2012-05-02,25.26,25.44,24.95,25.18,25734206.0,923175296.0
2012-05-03,25.2,25.47,25.19,25.42,19320728.0,697611712.0
2012-05-04,25.41,26.1,25.33,26.0,29151934.0,1071417984.0
2012-05-07,25.98,26.31,25.75,26.14,25659478.0,952417152.0
2012-05-08,26.03,26.11,25.23,25.61,28738364.0,1046087104.0
2012-05-09,25.26,25.34,24.98,25.04,21872930.0,783113920.0
2012-05-10,25.05,25.15,24.76,24.97,18447652.0,654960576.0
2012-05-11,24.97,25.33,24.79,25.09,16238171.0,581214400.0
2012-05-14,25.25,25.25,24.5,24.55,24261728.0,854888512.0
2012-05-15,24.41,24.73,24.33,24.68,15434020.0,540082432.0
2012-05-16,24.71,24.71,24.12,24.14,18926344.0,647858048.0
2012-05-17,24.15,24.44,24.07,24.38,18160364.0,618801536.0
2012-05-18,24.21,24.24,23.74,23.88,22490780.0,757174656.0
2012-05-21,23.9,24.44,23.62,24.17,22024196.0,744048064.0
2012-05-22,24.27,24.69,24.21,24.65,23973268.0,825323072.0
2012-05-23,24.49,24.64,24.17,24.34,27052186.0,926672832.0
2012-05-24,24.2,24.31,23.05,23.2,58385276.0,1928209152.0
2012-05-25,23.13,23.13,22.39,22.74,42005780.0,1334538240.0
2012-05-28,22.58,23.08,22.34,23.06,22082876.0,705664704.0
2012-05-29,22.98,23.19,22.64,23.08,25353664.0,816583488.0
2012-05-30,23.08,23.33,22.93,23.03,19033200.0,619452480.0
2012-05-31,22.86,23.07,22.71,22.96,20038496.0,644552128.0
2012-06-01,23.06,23.95,22.98,23.65,38699536.0,1279534336.0
2012-06-04,23.34,23.63,23.23,23.27,21399340.0,704509760.0
2012-06-05,23.34,23.56,23.21,23.33,13282970.0,435867424.0
2012-06-06,23.33,23.41,22.99,23.11,12320677.0,399902144.0
2012-06-07,23.3,23.47,23.01,23.13,11585264.0,378430720.0
2012-06-08,23.35,23.37,22.78,23.17,13551751.0,439207648.0
2012-06-11,23.13,23.25,22.66,22.91,18433676.0,592563904.0
2012-06-12,22.83,22.83,22.55,22.59,12809997.0,407496800.0
2012-06-13,22.64,23.07,22.56,23.03,17127364.0,550976192.0
2012-06-14,23.06,23.8,22.93,23.45,31931684.0,1054926848.0
2012-06-15,23.46,23.62,23.16,23.5,17368722.0,571573120.0
2012-06-18,23.6,24.01,23.56,23.85,18922546.0,633806720.0
2012-06-19,23.85,23.88,23.48,23.53,11367493.0,377474240.0
2012-06-20,23.56,23.68,23.31,23.45,7014400.0,231547408.0
2012-06-21,23.41,23.42,22.98,23.03,9482453.0,307750752.0
2012-06-25,22.96,23.13,22.72,22.79,11243289.0,361971136.0
2012-06-26,22.72,22.91,22.56,22.68,12782262.0,407526944.0
2012-06-27,22.72,22.97,22.68,22.78,9195505.0,294822656.0
2012-06-28,22.83,22.93,22.62,22.77,10627295.0,339761504.0
2012-06-29,22.69,23.38,22.62,23.32,17769306.0,578111552.0
2012-07-02,23.4,23.87,23.13,23.45,29135144.0,964909056.0
2012-07-03,23.45,24.0,23.29,23.85,32486268.0,1085165824.0
2012-07-04,23.92,23.97,23.5,23.6,16869104.0,560210496.0
2012-07-05,23.49,23.49,23.03,23.16,15172521.0,494828192.0
2012-07-06,23.24,25.33,23.14,24.92,82141424.0,2826381824.0
2012-07-09,25.34,25.86,25.29,25.34,93394720.0,3348583424.0
2012-07-10,25.34,25.66,25.05,25.13,44808752.0,1597993088.0
2012-07-11,25.06,26.24,24.95,26.16,60460512.0,2179065344.0
2012-07-12,26.12,28.15,26.02,27.04,95740864.0,3637176064.0
2012-07-13,26.98,27.73,26.67,27.32,49568032.0,1897375616.0
2012-07-16,27.15,27.47,26.84,26.91,33631112.0,1282717952.0
2012-07-17,26.82,26.84,25.96,26.24,47362712.0,1741333504.0
2012-07-18,26.27,26.61,25.67,26.24,37702068.0,1384093824.0
2012-07-19,26.1,26.35,25.68,26.02,25554592.0,935153408.0
2012-07-20,25.87,26.39,25.59,25.6,23144568.0,845566528.0
2012-07-23,25.23,25.5,24.98,25.34,23919320.0,847260928.0
2012-07-24,25.3,25.87,25.11,25.5,28430836.0,1018101184.0
2012-07-25,25.4,25.63,24.88,25.13,27222268.0,966103872.0
2012-07-26,24.98,25.7,24.98,25.15,23216212.0,829784896.0
2012-07-27,25.2,25.29,24.61,25.27,28162446.0,987814208.0
2012-07-30,25.13,25.73,25.06,25.58,26654210.0,957027264.0
2012-07-31,25.56,25.75,24.84,24.91,21165868.0,754744256.0
2012-08-01,24.83,25.48,24.72,25.1,17138168.0,604230336.0
2012-08-02,25.07,25.27,24.77,24.86,14627327.0,512986496.0
2012-08-03,24.91,25.63,24.66,25.59,22637960.0,800795712.0
2012-08-06,25.41,26.27,25.39,26.05,23979568.0,870866176.0
2012-08-07,26.04,26.22,25.82,26.05,15858416.0,578974592.0
2012-08-08,26.05,26.27,25.55,25.66,20094924.0,730117120.0
2012-08-09,25.62,26.82,25.6,26.66,39202012.0,1452230784.0
2012-08-10,26.41,26.41,25.79,26.04,30588796.0,1117966208.0
2012-08-13,25.89,26.09,25.71,25.72,15126523.0,550831296.0
2012-08-14,25.74,26.25,25.38,25.92,19404264.0,703444800.0
2012-08-15,26.03,26.17,25.63,25.71,12994477.0,471537568.0
2012-08-16,25.7,25.8,25.05,25.1,17048708.0,607693056.0
2012-08-17,25.1,25.23,23.85,24.32,33085096.0,1132207744.0
2012-08-20,24.32,24.92,24.07,24.81,17823084.0,614929344.0
2012-08-21,24.83,25.53,24.78,25.13,17396730.0,616537664.0
2012-08-22,25.19,25.2,24.49,24.63,15301627.0,530815456.0
2012-08-23,24.64,24.83,24.14,24.5,16022281.0,548971584.0
2012-08-24,24.38,24.64,24.14,24.34,11969885.0,411484288.0
2012-08-27,24.34,24.56,24.12,24.36,14292548.0,489690048.0
2012-08-28,24.36,24.63,24.13,24.14,14134711.0,484027840.0
2012-08-29,24.06,24.09,23.5,23.53,15713576.0,523765216.0
2012-08-30,23.38,23.62,22.73,23.12,21802468.0,706961600.0
2012-08-31,23.1,23.48,22.96,23.18,9485895.0,311104768.0
2012-09-03,23.5,24.31,23.5,24.12,20817658.0,703076928.0
2012-09-04,24.41,24.56,23.7,23.87,19560976.0,662999104.0
2012-09-05,23.79,23.95,23.53,23.82,11089124.0,370139136.0
2012-09-06,23.85,24.04,23.47,23.85,10048199.0,335035456.0
2012-09-07,24.06,25.26,23.9,24.7,33946076.0,1174297216.0
2012-09-10,24.74,24.85,24.37,24.51,20881052.0,722366272.0
2012-09-11,24.52,24.52,24.24,24.49,13345297.0,456188800.0
2012-09-12,24.63,24.77,24.27,24.49,12817785.0,441141888.0
2012-09-13,24.46,24.64,24.37,24.44,10035301.0,345436768.0
2012-09-14,24.56,24.73,24.29,24.64,14317210.0,493845024.0
2012-09-17,24.63,24.63,23.99,23.99,15776586.0,537353728.0
2012-09-18,23.88,23.99,23.68,23.7,8819065.0,294847648.0
2012-09-19,23.72,23.84,23.17,23.38,18757240.0,615282688.0
2012-09-20,23.38,23.42,22.92,22.94,14082608.0,457191296.0
2012-09-21,22.88,23.26,22.82,23.16,9435010.0,305966944.0
2012-09-24,23.05,23.39,22.78,23.24,11856068.0,386190304.0
2012-09-25,23.2,23.67,23.1,23.39,11410955.0,375827936.0
2012-09-26,23.43,23.55,23.03,23.05,10572671.0,345370720.0
2012-09-27,23.06,23.78,23.03,23.7,16743013.0,553206912.0
2012-09-28,23.6,24.17,23.53,24.13,20958932.0,705990016.0
2012-10-08,24.14,24.19,23.35,23.49,15025290.0,499326752.0
2012-10-09,23.56,24.04,23.56,23.91,13302300.0,445937024.0
2012-10-10,23.95,24.04,23.62,23.91,13040858.0,436489440.0
2012-10-11,23.83,23.97,23.67,23.7,11116993.0,371853472.0
2012-10-12,23.75,23.99,23.64,23.75,7781491.0,260172576.0
2012-10-15,24.59,24.91,24.33,24.68,38019216.0,1312441088.0
2012-10-16,24.68,25.43,24.63,24.95,39432904.0,1388076416.0
2012-10-17,25.06,25.16,24.59,24.84,22975158.0,802396864.0
2012-10-18,24.91,25.51,24.89,25.08,27047740.0,957452992.0
2012-10-19,25.22,25.33,24.84,25.01,17908932.0,630690432.0
2012-10-22,24.94,25.08,24.75,24.91,15676355.0,548013696.0
2012-10-23,24.91,24.98,24.21,24.24,22904084.0,788720192.0
2012-10-24,24.24,24.47,24.2,24.27,13771598.0,470429856.0
2012-10-25,24.32,24.56,24.18,24.29,13351663.0,457185824.0
2012-10-26,24.34,24.48,23.77,23.9,18568236.0,627649728.0
2012-10-29,23.92,24.06,23.67,23.98,11320744.0,379666912.0
2012-10-30,24.0,24.13,23.65,23.99,16947984.0,569792768.0
2012-10-31,23.97,23.97,23.67,23.92,13039320.0,436276608.0
2012-11-01,23.97,24.7,23.88,24.63,24806188.0,850074368.0
2012-11-02,24.66,24.68,24.35,24.52,16339859.0,562598400.0
2012-11-05,24.52,24.59,23.95,23.98,19669608.0,666264256.0
2012-11-06,23.99,24.02,23.28,23.5,26429924.0,872441152.0
2012-11-07,23.5,23.63,23.39,23.58,11201607.0,370118240.0
2012-11-08,23.45,23.58,23.23,23.29,12462155.0,409151008.0
2012-11-09,23.27,23.38,23.17,23.3,9459656.0,309544224.0
2012-11-12,23.31,23.43,22.78,23.03,17390242.0,563466176.0
2012-11-13,23.04,23.05,22.69,22.79,12477444.0,399383392.0
2012-11-14,22.81,23.23,22.75,23.23,10820483.0,349819392.0
2012-11-15,23.13,23.13,22.83,22.85,8139764.0,262389584.0
2012-11-16,22.86,22.87,21.72,22.0,32824380.0,1019636608.0
2012-11-19,21.95,21.95,20.13,20.72,52802568.0,1546329088.0
2012-11-20,20.5,20.96,20.46,20.64,25393530.0,738621824.0
2012-11-21,20.63,20.84,19.9,20.5,37682172.0,1070948160.0
2012-11-22,19.79,19.82,19.4,19.55,42334696.0,1166402048.0
2012-11-23,19.5,20.11,19.5,19.72,38658704.0,1076011136.0
2012-11-26,19.68,19.8,19.19,19.28,27702928.0,755910080.0
2012-11-27,19.22,19.61,19.17,19.47,24295692.0,663443328.0
2012-11-28,19.43,19.43,19.08,19.34,18231408.0,493538944.0
2012-11-29,19.38,19.64,19.33,19.37,22266300.0,609251968.0
2012-11-30,19.38,19.43,18.98,19.2,21952552.0,590615936.0
2012-12-03,19.13,19.13,17.28,17.3,63576488.0,1605050240.0
2012-12-04,16.93,17.7,16.59,17.55,56213224.0,1352868096.0
2012-12-05,17.3,18.26,17.08,17.82,67881632.0,1688558848.0
2012-12-06,17.72,17.89,17.06,17.62,45630616.0,1120570240.0
2012-12-07,17.87,18.33,17.72,18.23,49941940.0,1268858496.0
2012-12-10,17.77,18.61,17.58,18.45,63511156.0,1604896128.0
2012-12-11,18.3,18.81,18.25,18.38,49808472.0,1293545344.0
2012-12-12,18.49,18.55,18.02,18.44,31971580.0,822398080.0
2012-12-13,18.43,18.61,17.7,17.77,45748392.0,1166131968.0
2012-12-14,17.72,18.36,17.58,18.03,67948160.0,1724511872.0
2012-12-17,18.15,19.13,18.04,18.98,91882912.0,2396605696.0
2012-12-18,18.93,19.56,18.78,19.35,76262872.0,2056953600.0
2012-12-19,19.36,19.96,19.36,19.78,57762400.0,1601732992.0
2012-12-20,19.79,19.97,19.3,19.65,43103084.0,1190722432.0
2012-12-21,19.72,20.01,19.61,19.77,41790936.0,1163389312.0
2012-12-24,19.82,19.82,18.85,19.18,48337952.0,1304302592.0
2012-12-25,19.17,19.6,18.93,19.42,42028536.0,1144400128.0
2012-12-26,19.36,19.75,19.28,19.6,35638304.0,977993600.0
2012-12-27,19.65,20.29,19.45,19.94,48595784.0,1353493888.0
2012-12-28,19.9,20.35,19.85,20.09,35742480.0,1011137344.0
2012-12-31,20.1,20.25,19.72,20.09,37780928.0,1057806784.0
2013-01-04,20.27,20.27,19.63,19.86,40950760.0,1146059264.0
2013-01-07,19.84,19.84,19.38,19.6,32221652.0,885773248.0
2013-01-08,19.56,20.19,19.5,20.02,41889104.0,1173208960.0
2013-01-09,20.03,20.53,19.97,20.38,45961704.0,1314365568.0
2013-01-10,20.46,20.67,20.22,20.32,32177572.0,923645248.0
2013-01-11,20.61,20.66,20.22,20.49,51735328.0,1485854976.0
2013-01-14,20.22,20.54,19.7,20.44,62462704.0,1766635520.0
2013-01-15,20.43,20.45,20.14,20.31,51047360.0,1455425536.0
2013-01-16,20.12,20.2,19.86,20.01,39454104.0,1110214144.0
2013-01-17,19.99,20.24,19.91,20.0,27839564.0,785113920.0
2013-01-18,19.9,20.07,19.32,19.63,55228660.0,1520900608.0
2013-01-21,19.56,19.56,19.04,19.09,59812336.0,1616717184.0
2013-01-22,19.03,19.03,18.46,18.76,60346752.0,1580921728.0
2013-01-23,18.64,18.85,18.49,18.72,39985156.0,1050352768.0
2013-01-24,18.72,18.81,18.4,18.44,38542640.0,1007466176.0
2013-01-25,18.24,18.28,17.86,17.88,42059608.0,1062737984.0
2013-01-28,17.8,17.8,17.15,17.43,67436720.0,1648130944.0
2013-01-29,17.37,17.97,17.16,17.97,74606112.0,1850550272.0
2013-01-30,17.96,18.56,17.84,18.36,70134656.0,1803313408.0
2013-01-31,18.37,18.41,17.99,18.15,39091268.0,995594880.0
2013-02-01,18.16,18.49,18.03,18.21,38419804.0,985177216.0
2013-02-04,18.26,18.31,17.8,17.98,40202776.0,1013049920.0
2013-02-05,17.99,18.79,17.81,18.76,63305232.0,1633060864.0
2013-02-06,18.76,18.81,18.42,18.57,43646064.0,1140924416.0
2013-02-07,18.59,18.71,18.35,18.44,38282092.0,994657856.0
2013-02-08,18.44,18.62,18.39,18.44,37003688.0,961037760.0
2013-02-18,18.47,18.49,17.94,17.94,36030028.0,914626752.0
2013-02-19,17.87,18.03,17.65,17.66,42379152.0,1059474688.0
2013-02-20,17.65,17.71,17.3,17.63,29005604.0,715059648.0
2013-02-21,17.49,18.14,17.37,17.88,52271924.0,1313834240.0
2013-02-22,17.87,18.54,17.8,18.34,62231928.0,1604496384.0
2013-02-25,18.29,18.29,17.88,17.93,30444542.0,770001280.0
2013-02-26,17.93,18.14,17.47,17.52,40866268.0,1019373760.0
2013-02-27,17.52,17.66,17.4,17.47,23073836.0,567314176.0
2013-02-28,17.53,17.57,17.08,17.4,44314400.0,1075803008.0
2013-03-01,17.4,17.57,17.28,17.48,30673428.0,750870720.0
2013-03-04,17.44,17.7,17.1,17.23,30379746.0,743036672.0
2013-03-05,17.19,17.43,17.19,17.3,22632148.0,550785216.0
2013-03-06,17.34,17.65,17.18,17.61,38240600.0,932664128.0
2013-03-07,17.6,18.21,17.54,17.87,56317668.0,1421779840.0
2013-03-08,17.89,17.97,17.65,17.65,20795902.0,519637152.0
2013-03-11,17.64,17.64,17.32,17.44,17216654.0,421641440.0
2013-03-12,17.44,17.61,17.18,17.28,19705680.0,480346112.0
2013-03-13,17.28,17.47,17.2,17.33,14646691.0,356251296.0
2013-03-14,17.3,17.35,17.12,17.26,16571390.0,400397440.0
2013-03-15,17.16,17.26,16.87,17.08,24163640.0,578979520.0
2013-03-18,17.07,17.08,16.3,16.31,38563108.0,895728384.0
2013-03-19,16.22,16.37,15.7,15.97,28699764.0,645614080.0
2013-03-20,15.94,16.47,15.87,16.35,24836648.0,565945280.0
2013-03-21,16.27,16.56,16.16,16.41,22602526.0,520461440.0
2013-03-22,16.41,16.63,16.31,16.46,15407375.0,357354144.0
2013-03-25,16.46,16.54,16.31,16.37,12497806.0,287921632.0
2013-03-26,16.36,16.51,16.28,16.33,14751502.0,339627584.0
2013-03-27,16.34,16.42,15.78,15.87,30934356.0,694303616.0
2013-03-28,15.79,15.79,15.31,15.58,27491008.0,600306240.0
2013-03-29,15.58,16.01,15.46,15.9,28208092.0,624075968.0
2013-04-01,15.88,15.89,15.52,15.61,15343038.0,337148448.0
2013-04-02,15.84,15.9,15.63,15.67,23607100.0,521652384.0
2013-04-03,15.7,15.79,15.56,15.62,13639640.0,299843680.0
2013-04-08,15.45,15.6,15.16,15.49,20142420.0,434806688.0
2013-04-09,15.48,15.7,15.45,15.5,13799299.0,301331232.0
2013-04-10,15.5,16.44,15.45,16.2,41401476.0,934528576.0
2013-04-11,16.2,16.21,15.83,15.84,19510340.0,438544928.0
2013-04-12,15.82,16.33,15.77,16.0,22684520.0,512813056.0
2013-04-15,15.94,16.09,15.67,15.79,14328190.0,318481952.0
2013-04-16,15.59,15.86,15.52,15.75,13843210.0,304964576.0
2013-04-17,15.72,16.09,15.72,16.01,21581844.0,483481760.0
2013-04-18,15.97,16.09,15.76,15.87,14705303.0,328864960.0
2013-04-19,15.88,16.19,15.88,16.12,23349376.0,526092448.0
2013-04-22,16.0,16.09,15.72,15.75,26883880.0,598560768.0
2013-04-23,15.82,16.06,15.73,15.79,26090120.0,582809280.0
2013-04-24,15.86,15.9,15.5,15.77,21298156.0,469046112.0
2013-04-25,15.67,15.89,15.55,15.66,15618301.0,345103936.0
2013-04-26,15.72,15.87,15.55,15.62,13457108.0,297275296.0
2013-05-02,15.62,15.62,15.21,15.28,17546992.0,377235872.0
2013-05-03,15.28,15.52,15.28,15.39,14289939.0,309286304.0
2013-05-06,15.39,15.88,15.39,15.87,22143542.0,488450176.0
2013-05-07,15.88,16.36,15.87,16.28,42309428.0,962236032.0
2013-05-08,16.28,16.33,16.04,16.18,22595048.0,513400192.0
2013-05-09,16.22,16.62,16.19,16.47,37955032.0,877953216.0
2013-05-10,16.47,16.63,16.34,16.48,22105940.0,512858816.0
2013-05-13,16.51,16.77,16.4,16.49,22182466.0,516662656.0
2013-05-14,16.44,16.44,16.05,16.11,17344952.0,394010304.0
2013-05-15,16.12,16.34,16.12,16.18,10633911.0,242210832.0
2013-05-16,16.16,16.39,15.99,16.3,18041088.0,412250752.0
2013-05-17,16.3,16.69,16.26,16.66,26848256.0,623505152.0
2013-05-20,16.76,16.97,16.69,16.71,24283298.0,574064640.0
2013-05-21,16.73,16.75,16.54,16.73,19535192.0,456564640.0
2013-05-22,16.74,17.24,16.74,17.24,42357712.0,1013750656.0
2013-05-23,17.23,17.48,16.98,17.07,40443876.0,983047040.0
2013-05-24,17.1,17.39,17.1,17.22,24412074.0,591197120.0
2013-05-27,17.19,17.2,16.98,17.07,19000292.0,455433728.0
2013-05-28,17.07,17.32,16.89,17.28,21013388.0,505921600.0
2013-05-29,17.28,17.54,17.26,17.28,21819268.0,533474016.0
2013-05-30,17.23,17.32,17.01,17.08,17585468.0,423009632.0
2013-05-31,17.15,17.2,16.88,16.91,13901107.0,332544832.0
2013-06-03,16.91,17.05,16.83,16.93,17360834.0,413241248.0
2013-06-04,16.91,17.0,16.68,16.7,18047516.0,426372224.0
2013-06-05,16.7,16.93,16.54,16.88,14549012.0,342476544.0
2013-06-06,16.88,17.15,16.79,16.79,18029170.0,429072992.0
2013-06-07,16.88,16.91,16.27,16.37,17561868.0,395684288.0
2013-06-13,16.22,16.22,15.61,15.83,19057620.0,411544320.0
2013-06-14,15.88,16.01,15.8,15.83,13262108.0,285775552.0
2013-06-17,15.84,15.91,15.48,15.58,16610032.0,353632960.0
2013-06-18,15.58,15.74,15.58,15.69,10891730.0,231459504.0
2013-06-19,15.67,16.14,15.48,16.04,20907322.0,448826688.0
2013-06-20,15.94,16.05,15.57,15.61,13742900.0,294516384.0
2013-06-21,15.46,15.82,15.29,15.6,13005100.0,275954048.0
2013-06-24,15.64,15.69,14.88,14.88,22185472.0,460495072.0
2013-06-25,14.85,15.1,13.93,14.59,30114300.0,594777408.0
2013-06-26,14.66,14.66,14.2,14.51,20633780.0,404408032.0
2013-06-27,14.51,14.81,14.41,14.41,16556799.0,329030336.0
2013-06-28,14.41,14.93,14.38,14.77,18173302.0,363638656.0
2013-07-01,14.7,14.91,14.55,14.71,11457144.0,228571904.0
2013-07-02,14.77,15.14,14.48,15.03,21851794.0,441515840.0
2013-07-03,15.04,15.04,14.74,14.85,12258511.0,247555920.0
2013-07-04,14.78,15.03,14.66,14.81,14325098.0,289334080.0
2013-07-05,14.79,15.06,14.78,14.82,13935127.0,282569216.0
2013-07-08,14.73,14.73,14.49,14.49,14040831.0,277835840.0
2013-07-09,14.45,14.55,14.4,14.43,7945894.0,156111808.0
2013-07-10,14.43,14.71,14.4,14.7,10093552.0,199355312.0
2013-07-11,14.74,15.49,14.66,15.31,31801520.0,654801024.0
2013-07-12,15.24,15.33,14.85,14.87,20469352.0,419330144.0
2013-07-15,14.98,15.02,14.7,14.85,19970020.0,402239712.0
2013-07-16,14.87,15.22,14.71,15.13,23813284.0,485372608.0
2013-07-17,15.07,15.16,14.82,14.82,16162447.0,328596736.0
2013-07-18,14.79,14.88,14.66,14.66,11408753.0,228197024.0
2013-07-19,14.65,14.74,14.22,14.22,25737000.0,503304928.0
2013-07-22,14.11,14.34,14.01,14.23,10488332.0,201831904.0
2013-07-23,14.33,14.54,14.23,14.43,14597843.0,285940960.0
2013-07-24,14.43,14.5,14.15,14.23,18004260.0,349020512.0
2013-07-25,14.33,14.68,14.15,14.4,25265392.0,496074304.0
2013-07-26,14.36,14.39,14.12,14.18,16433868.0,317299072.0
2013-07-29,14.11,14.12,13.9,13.93,15309015.0,291203040.0
2013-07-30,14.0,14.21,13.87,14.03,11922865.0,227428640.0
2013-07-31,14.19,14.23,13.93,13.96,10555645.0,201190896.0
2013-08-01,14.09,14.21,13.98,14.16,14572798.0,279159424.0
2013-08-02,14.18,14.37,14.18,14.18,16418467.0,317582560.0
2013-08-05,14.2,14.29,14.13,14.27,11241886.0,216908448.0
2013-08-06,14.32,14.43,14.18,14.36,18765668.0,364284864.0
2013-08-07,14.35,14.48,14.24,14.28,26081808.0,507862112.0
2013-08-08,14.24,14.33,14.18,14.2,13519121.0,261272800.0
2013-08-09,14.27,14.32,14.01,14.08,19296278.0,369710048.0
2013-08-12,14.07,14.5,14.07,14.5,35225572.0,686351104.0
2013-08-13,14.51,14.7,14.46,14.6,24263912.0,479745248.0
2013-08-14,14.6,14.81,14.44,14.48,25961966.0,516275040.0
2013-08-15,14.81,15.03,14.68,14.82,46953124.0,947480192.0
2013-08-16,14.81,15.18,14.73,14.8,38054016.0,770497088.0
2013-08-19,14.74,14.8,14.47,14.59,33115184.0,655020864.0
2013-08-20,14.51,14.69,14.45,14.51,24060144.0,475153888.0
2013-08-21,14.52,14.57,14.45,14.54,15304293.0,301474528.0
2013-08-22,14.51,14.63,14.46,14.49,13140905.0,259121280.0
2013-08-23,14.52,14.56,14.15,14.28,17678902.0,344287424.0
2013-08-26,14.3,14.41,14.18,14.4,21720438.0,422325504.0
2013-08-27,14.37,14.68,14.35,14.65,25925544.0,511160608.0
2013-08-28,14.51,14.57,14.37,14.44,18496840.0,363251360.0
2013-08-29,14.43,14.49,14.23,14.29,18801568.0,365528928.0
2013-08-30,14.29,14.37,14.23,14.27,13743701.0,266682496.0
2013-09-02,14.22,14.26,13.47,13.51,59307708.0,1095609728.0
2013-09-03,13.52,13.78,13.48,13.7,28964360.0,535915360.0
2013-09-04,13.7,13.78,13.65,13.68,16543675.0,307620544.0
2013-09-05,13.7,13.9,13.59,13.74,19890820.0,370104576.0
2013-09-06,13.74,13.89,13.74,13.76,16896480.0,316429248.0
2013-09-09,13.81,13.95,13.74,13.91,29063260.0,547252480.0
2013-09-10,13.93,14.05,13.85,14.04,23548056.0,446266304.0
2013-09-11,14.07,14.34,13.97,14.25,36917436.0,710391040.0
2013-09-12,14.23,14.35,14.1,14.12,25482768.0,490556672.0
2013-09-13,14.1,14.5,14.1,14.29,38182380.0,741048832.0
2013-09-16,14.33,14.34,14.03,14.05,21672764.0,416270112.0
2013-09-17,14.04,14.05,13.58,13.62,30815084.0,574817984.0
2013-09-18,13.62,13.74,13.58,13.59,15355618.0,284560864.0
2013-09-23,13.61,13.7,13.6,13.67,15156314.0,280996768.0
2013-09-24,13.8,13.83,13.5,13.7,25453016.0,472020736.0
2013-09-25,13.73,13.81,13.54,13.56,20077054.0,372205248.0
2013-09-26,13.54,13.62,13.37,13.38,19917778.0,363900288.0
2013-09-27,13.39,13.46,13.21,13.23,19007148.0,342820416.0
2013-09-30,13.23,13.31,13.13,13.26,14095880.0,252660160.0
2013-10-08,13.2,13.34,13.06,13.31,15391541.0,275655552.0
2013-10-09,13.28,13.31,13.18,13.27,15390099.0,276476544.0
2013-10-10,13.26,13.26,13.11,13.11,16293571.0,291570496.0
2013-10-11,13.11,13.2,13.09,13.17,18537286.0,330834048.0
2013-10-14,13.26,13.66,13.2,13.53,36518400.0,668389120.0
2013-10-15,13.51,13.65,13.39,13.54,22278068.0,408742976.0
2013-10-16,13.61,13.74,13.32,13.38,26026852.0,477462176.0
2013-10-17,13.41,13.5,13.31,13.4,15712301.0,285778944.0
2013-10-18,13.41,13.48,13.21,13.28,13940430.0,251869072.0
2013-10-21,13.29,13.46,13.26,13.44,16039418.0,291165664.0
2013-10-22,13.42,13.53,13.34,13.37,12978410.0,236409696.0
2013-10-23,13.38,13.48,13.25,13.28,14942707.0,270820064.0
2013-10-24,13.29,13.31,13.11,13.15,17376670.0,311162144.0
2013-10-25,13.15,13.19,12.82,12.87,22666728.0,399597376.0
2013-10-28,12.12,12.25,11.83,12.0,53869872.0,878913408.0
2013-10-29,11.92,12.02,11.8,11.86,28043814.0,452602048.0
2013-10-30,11.86,11.93,11.8,11.88,16149467.0,259876992.0
2013-10-31,11.86,12.14,11.83,12.02,26973008.0,439267328.0
2013-11-01,11.94,12.01,11.83,11.9,14859173.0,239840528.0
2013-11-04,11.94,11.97,11.87,11.88,12250997.0,198065648.0
2013-11-05,11.88,11.89,11.71,11.84,15550607.0,248869120.0
2013-11-06,11.8,12.12,11.78,11.99,26867226.0,437079520.0
2013-11-07,11.93,12.08,11.85,11.94,12693753.0,205907472.0
2013-11-08,11.88,12.19,11.88,11.98,16803012.0,274982336.0
2013-11-11,11.99,12.25,11.92,12.16,25123772.0,413764992.0
2013-11-12,12.16,12.72,12.06,12.55,41629096.0,702332608.0
2013-11-13,12.45,12.61,12.23,12.25,25307712.0,426497920.0
2013-11-14,12.25,12.3,12.11,12.14,12900920.0,213264688.0
2013-11-15,12.14,12.38,12.14,12.23,17468872.0,290971232.0
2013-11-18,12.29,12.42,12.22,12.41,21240954.0,354894560.0
2013-11-19,12.39,12.55,12.33,12.38,18535456.0,312923936.0
2013-11-20,12.5,12.51,12.29,12.41,14735253.0,247159440.0
2013-11-21,12.36,12.36,12.17,12.21,13452765.0,223346608.0
2013-11-22,12.33,12.33,12.19,12.2,9082452.0,150882336.0
2013-11-25,12.15,12.4,12.11,12.25,13029927.0,217555664.0
2013-11-26,12.23,12.32,12.16,12.16,11503837.0,190822080.0
2013-11-27,12.16,12.26,12.07,12.16,11862161.0,195737344.0
2013-11-28,12.18,12.36,12.18,12.3,15542930.0,259481088.0
2013-11-29,12.31,12.36,12.24,12.34,14957424.0,249819280.0
2013-12-02,12.3,12.3,12.0,12.03,20047206.0,331076000.0
2013-12-03,12.02,12.29,12.0,12.26,13570892.0,224422592.0
2013-12-04,12.23,12.42,12.19,12.34,19130572.0,320464832.0
2013-12-05,12.33,12.37,12.27,12.32,10475780.0,175166912.0
2013-12-06,12.3,12.44,12.29,12.42,15792736.0,265574544.0
2013-12-09,12.41,12.5,12.29,12.39,17728564.0,298412704.0
2013-12-10,12.39,12.44,12.29,12.33,10307605.0,172618112.0
2013-12-11,12.3,12.36,12.16,12.2,13096751.0,217900864.0
2013-12-12,12.16,12.25,12.07,12.09,10081517.0,166546480.0
2013-12-13,12.02,12.14,12.0,12.04,9286049.0,152063632.0
2013-12-16,12.08,12.09,11.77,11.77,14625066.0,236020640.0
2013-12-17,11.77,11.91,11.77,11.83,9033546.0,145316512.0
2013-12-18,11.83,11.88,11.83,11.84,6324660.0,101672536.0
2013-12-19,11.88,11.9,11.72,11.72,11195400.0,178839504.0
2013-12-20,11.76,11.79,11.2,11.2,20476604.0,318925728.0
2013-12-23,11.27,11.32,11.14,11.24,12026190.0,183359504.0
2013-12-24,11.25,11.33,11.14,11.21,8881266.0,135593680.0
2013-12-25,11.21,11.27,11.16,11.21,7771108.0,118298568.0
2013-12-26,11.21,11.24,10.78,10.88,21730928.0,323162368.0
2013-12-27,10.88,11.23,10.83,11.19,16769529.0,251468800.0
2013-12-30,11.2,11.23,10.96,10.99,13853602.0,208015232.0
2013-12-31,10.98,11.64,10.91,11.54,37631160.0,582776768.0
2014-01-02,11.42,11.49,11.32,11.38,15425058.0,238222464.0
2014-01-03,11.3,11.33,11.09,11.19,11183514.0,169720576.0
2014-01-06,11.16,11.16,10.74,10.76,21744870.0,320079776.0
2014-01-07,10.69,10.82,10.65,10.78,12657043.0,184332432.0
2014-01-08,10.78,10.86,10.65,10.66,12094031.0,175865216.0
2014-01-09,10.62,11.32,10.56,10.88,33252622.0,495936768.0
2014-01-10,10.76,10.95,10.71,10.8,16649868.0,244335984.0
2014-01-13,10.87,11.12,10.77,11.0,21492296.0,320652864.0
2014-01-14,11.01,11.37,10.93,11.27,25716884.0,391661696.0
2014-01-15,11.25,11.25,10.99,11.05,13773145.0,207174512.0
2014-01-16,11.06,11.23,10.96,11.08,15318119.0,230678000.0
2014-01-17,11.04,11.04,10.8,10.84,12882669.0,190763808.0
2014-01-20,10.79,11.13,10.77,10.93,16857060.0,250660496.0
2014-01-21,10.9,10.99,10.82,10.86,13519152.0,200103296.0
2014-01-22,10.87,11.24,10.84,11.18,31446384.0,474832544.0
2014-01-23,11.16,11.24,11.02,11.15,23734912.0,358375232.0
2014-01-24,11.13,11.23,11.08,11.12,20378498.0,308412928.0
2014-01-27,11.05,11.38,11.05,11.24,30899138.0,471958976.0
2014-01-28,11.24,11.28,11.1,11.15,14174060.0,214767040.0
2014-01-29,11.18,11.24,10.88,10.94,19207808.0,287144000.0
2014-01-30,10.92,10.93,10.73,10.79,12628279.0,185038048.0
2014-02-07,10.7,10.84,10.7,10.83,10503916.0,153746288.0
2014-02-10,10.82,10.99,10.79,10.93,18039536.0,267034560.0
2014-02-11,10.93,11.13,10.85,11.02,25416692.0,380170912.0
2014-02-12,11.05,11.11,10.92,11.06,17561024.0,262495024.0
2014-02-13,11.05,11.21,11.02,11.07,22739400.0,343504608.0
2014-02-14,11.08,11.45,11.07,11.44,45407832.0,698116544.0
2014-02-17,11.51,12.14,11.49,11.92,74677488.0,1200858880.0
2014-02-18,11.86,12.04,11.72,11.82,33013904.0,530213888.0
2014-02-19,11.83,12.12,11.8,11.84,34993572.0,567892800.0
2014-02-20,11.86,11.94,11.57,11.64,22540144.0,358451872.0
2014-02-21,11.6,11.76,11.54,11.75,22482600.0,355658336.0
2014-02-24,11.69,11.76,11.49,11.61,16621217.0,261583680.0
2014-02-25,11.6,11.66,11.1,11.13,30495612.0,467500928.0
2014-02-26,11.07,11.21,10.91,11.13,17066700.0,256394592.0
2014-02-27,11.15,11.22,11.04,11.13,13481918.0,203389872.0
2014-02-28,11.12,11.33,11.08,11.25,15272394.0,232712208.0
2014-03-03,11.2,11.65,11.08,11.63,30923150.0,479945664.0
2014-03-04,11.49,12.0,11.44,11.72,35644996.0,569434304.0
2014-03-05,11.79,12.03,11.58,11.91,38200172.0,615110464.0
2014-03-06,11.86,11.98,11.68,11.87,22473240.0,361643040.0
2014-03-07,11.86,12.04,11.64,11.91,27467206.0,442260480.0
2014-03-10,11.79,11.86,11.38,11.38,25199516.0,396910464.0
2014-03-11,11.35,12.28,11.31,12.22,63279388.0,1026347648.0
2014-03-12,12.24,12.61,12.09,12.33,80309456.0,1351401600.0
2014-03-13,12.36,13.19,12.33,13.11,92677456.0,1622924416.0
2014-03-14,12.97,13.14,12.8,12.95,45678144.0,801674944.0
2014-03-17,12.95,13.17,12.75,13.09,35158512.0,618133248.0
2014-03-18,13.0,13.61,12.99,13.28,63742768.0,1158956928.0
2014-03-19,13.13,13.25,12.81,12.93,30551824.0,538516224.0
2014-03-20,12.86,13.08,12.53,12.54,30235416.0,523716992.0
2014-03-21,12.53,12.88,12.5,12.82,24747608.0,425909056.0
2014-03-24,12.81,13.11,12.67,13.1,27636508.0,485549760.0
2014-03-25,12.97,12.97,12.52,12.71,30901564.0,531855392.0
2014-03-26,12.71,12.94,12.56,12.59,19553862.0,338446656.0
2014-03-27,12.59,12.72,12.54,12.57,15551363.0,266892688.0
2014-03-28,12.55,12.67,12.14,12.23,25566414.0,427437312.0
2014-03-31,12.2,12.44,12.2,12.28,12286064.0,205773840.0
2014-04-01,12.26,12.71,12.21,12.69,23443026.0,397270368.0
2014-04-02,12.65,13.0,12.6,12.73,25561192.0,444706816.0
2014-04-03,12.78,12.82,12.65,12.67,11481833.0,198239712.0
2014-04-04,12.63,12.67,12.42,12.65,10786249.0,183718368.0
2014-04-08,12.58,12.73,12.41,12.69,17745756.0,303625824.0
2014-04-09,12.71,12.95,12.61,12.77,19207060.0,333265312.0
2014-04-10,12.73,12.94,12.61,12.86,18022156.0,312270048.0
2014-04-11,12.86,13.48,12.8,13.39,52912796.0,955341824.0
2014-04-14,13.26,13.39,13.17,13.24,17181172.0,309063296.0
2014-04-15,13.23,13.27,12.95,12.97,16235640.0,287928000.0
2014-04-16,13.0,13.09,12.89,12.97,10097071.0,177971808.0
2014-04-17,12.98,13.13,12.93,13.02,9974816.0,176301984.0
2014-04-18,12.96,13.15,12.89,13.01,8881713.0,157104144.0
2014-04-21,12.93,13.06,12.58,12.66,12120224.0,211257824.0
2014-04-22,12.61,12.72,12.44,12.59,12836384.0,218813408.0
2014-04-23,12.59,13.16,12.53,13.04,24092220.0,424436928.0
2014-04-24,13.04,13.2,12.88,13.17,15400971.0,272804096.0
2014-04-25,13.02,13.08,12.67,12.7,18759320.0,328030560.0
2014-04-28,12.75,12.93,12.53,12.68,16961312.0,293681344.0
2014-04-29,12.6,13.11,12.58,12.95,14902138.0,261171872.0
2014-04-30,12.93,13.11,12.86,12.97,12733463.0,224379520.0
2014-05-05,12.89,12.89,12.41,12.63,15741280.0,269063104.0
2014-05-06,12.55,12.7,12.5,12.57,8413726.0,143878400.0
2014-05-07,12.58,12.61,12.5,12.53,5890938.0,100275376.0
2014-05-08,12.53,12.68,12.45,12.46,7102281.0,121029464.0
2014-05-09,12.44,12.59,12.36,12.46,10112097.0,170790384.0
2014-05-12,12.53,12.78,12.45,12.64,16083836.0,275674048.0
2014-05-13,12.64,12.78,12.58,12.72,10657399.0,183597280.0
2014-05-14,12.72,12.75,12.43,12.49,13271254.0,225897968.0
2014-05-15,12.49,12.55,12.3,12.33,9744498.0,164076288.0
2014-05-16,12.3,12.44,12.3,12.39,5195691.0,87295912.0
2014-05-19,12.22,12.3,11.92,12.08,14671643.0,239866064.0
2014-05-20,12.12,12.15,11.78,11.86,16733813.0,269880448.0
2014-05-21,11.79,12.14,11.75,12.11,13461369.0,218921920.0
2014-05-22,12.03,12.21,12.0,12.08,6687493.0,109848280.0
2014-05-23,12.07,12.21,11.98,12.16,5243911.0,86151184.0
2014-05-26,12.22,12.35,12.19,12.22,5830829.0,97113904.0
2014-05-27,12.22,12.39,12.16,12.25,6579678.0,109973712.0
2014-05-28,12.25,12.45,12.19,12.41,10657634.0,178850800.0
2014-05-29,12.41,12.54,12.34,12.37,7624925.0,128801912.0
2014-05-30,12.37,12.49,12.35,12.36,4577037.0,77018464.0
2014-06-03,12.36,12.5,12.27,12.31,5368137.0,90028544.0
2014-06-04,12.31,12.35,12.13,12.17,5310355.0,88091768.0
2014-06-05,12.16,12.41,12.11,12.4,6292424.0,104817576.0
2014-06-06,12.45,12.55,12.38,12.49,9823385.0,166429184.0
2014-06-09,12.53,12.53,12.4,12.47,5559924.0,94113904.0
2014-06-10,12.48,12.86,12.48,12.82,18391188.0,317974784.0
2014-06-11,12.81,12.97,12.78,12.9,10392211.0,181581264.0
2014-06-12,12.89,13.11,12.78,12.92,9243485.0,162419008.0
2014-06-13,12.9,13.13,12.86,13.04,11833087.0,209520320.0
2014-06-16,13.03,13.1,12.81,12.87,10555014.0,185235248.0
2014-06-17,12.87,12.87,12.51,12.64,14817577.0,255013984.0
2014-06-18,12.64,12.77,12.57,12.65,7475481.0,128745584.0
2014-06-19,12.64,12.75,12.58,12.66,6411762.0,110036512.0
2014-06-20,12.7,12.7,12.47,12.55,7626707.0,129808632.0
2014-06-23,12.56,12.73,12.56,12.71,6000203.0,103134896.0
2014-06-24,12.7,13.04,12.67,12.99,13845072.0,243073760.0
2014-06-25,12.99,12.99,12.87,12.89,7987254.0,140225536.0
2014-06-26,12.95,13.27,12.93,13.07,13965412.0,249224016.0
2014-06-27,13.07,13.15,12.98,13.14,10433771.0,185237552.0
2014-06-30,13.14,13.41,13.12,13.21,20585892.0,371934656.0
2014-07-01,13.29,13.29,13.0,13.04,12935837.0,221100048.0
2014-07-02,13.06,13.13,13.01,13.09,8922618.0,152165120.0
2014-07-03,13.09,13.37,13.05,13.35,13871807.0,240134928.0
2014-07-04,13.35,13.38,13.25,13.31,10612235.0,184372240.0
2014-07-07,13.27,13.56,13.26,13.51,11952978.0,209567232.0
2014-07-08,13.56,13.72,13.39,13.59,13763255.0,243934768.0
2014-07-09,13.56,13.8,13.27,13.27,14695776.0,258816608.0
2014-07-10,13.27,13.79,13.27,13.59,16037351.0,284776320.0
2014-07-11,13.58,13.89,13.52,13.73,15825789.0,284049216.0
2014-07-14,13.73,14.57,13.72,14.54,44350088.0,824107584.0
2014-07-15,14.49,15.2,14.46,14.73,50673280.0,986900032.0
2014-07-16,14.74,15.09,14.57,14.69,19522732.0,377175488.0
2014-07-17,14.67,14.71,14.14,14.35,26890170.0,502854272.0
2014-07-18,14.21,15.1,14.21,14.8,30932192.0,596298304.0
2014-07-21,14.72,15.07,14.53,14.53,18742812.0,361875104.0
2014-07-22,14.5,15.04,14.5,14.94,21078088.0,410048736.0
2014-07-23,14.91,15.16,14.77,14.94,12408508.0,241964768.0
2014-07-24,14.99,15.24,14.72,14.95,18113704.0,354947008.0
2014-07-25,14.96,15.14,14.84,15.05,18712120.0,365608256.0
2014-07-28,15.07,15.6,15.07,15.35,26938600.0,539365824.0
2014-07-29,15.4,15.42,14.96,14.97,25900952.0,510974112.0
2014-07-30,14.94,15.09,14.45,14.74,38416800.0,736879872.0
2014-07-31,14.71,14.91,14.66,14.87,15725849.0,303499616.0
2014-08-01,14.82,15.09,14.78,14.8,19594926.0,382363552.0
2014-08-04,14.8,15.12,14.8,15.09,18411472.0,360877120.0
2014-08-05,15.09,15.17,14.76,14.95,19757750.0,384371072.0
2014-08-06,14.85,14.93,14.7,14.87,14316866.0,276068512.0
2014-08-07,14.82,14.93,14.49,14.54,25664192.0,491469120.0
2014-08-08,14.53,14.67,14.38,14.59,16571442.0,313869248.0
2014-08-11,14.58,14.81,14.56,14.71,14099768.0,270539648.0
2014-08-12,14.71,14.81,14.63,14.71,11938667.0,229253248.0
2014-08-13,14.71,15.23,14.68,14.94,36237772.0,705887616.0
2014-08-14,14.97,15.14,14.77,14.78,17435172.0,339998624.0
2014-08-15,14.78,15.08,14.78,14.95,21313104.0,416132928.0
2014-08-18,15.01,15.22,14.96,15.05,16861372.0,331322880.0
2014-08-19,15.07,15.07,14.84,14.94,17342360.0,337909792.0
2014-08-20,14.88,15.17,14.78,15.14,24443030.0,480002464.0
2014-08-21,15.14,15.16,14.82,14.89,12983219.0,252745104.0
2014-08-22,14.9,15.0,14.84,14.91,12273810.0,238799600.0
2014-08-25,14.86,14.86,14.45,14.47,24197222.0,459868768.0
2014-08-26,14.44,14.54,14.33,14.34,13694727.0,257592224.0
2014-08-27,14.32,14.47,14.32,14.41,7531815.0,141262352.0
2014-08-28,14.35,14.45,14.08,14.08,19065712.0,353321440.0
2014-08-29,14.11,14.38,14.09,14.36,13959288.0,259679872.0
2014-09-01,14.38,14.5,14.18,14.42,20793600.0,388992000.0
2014-09-02,14.52,14.87,14.41,14.82,30052342.0,576660480.0
2014-09-03,14.85,15.17,14.83,14.9,22059584.0,431779072.0
2014-09-04,14.91,15.09,14.89,14.98,13669923.0,266866112.0
2014-09-05,15.07,15.1,14.79,14.88,20068884.0,390167296.0
2014-09-09,14.89,14.95,14.61,14.68,20350030.0,390491936.0
2014-09-10,14.68,14.77,14.58,14.71,13202631.0,252943760.0
2014-09-11,14.71,14.77,14.57,14.59,18928392.0,362253504.0
2014-09-12,14.58,14.58,14.41,14.58,16950676.0,320386336.0
2014-09-15,14.57,14.57,14.38,14.47,20050908.0,377529664.0
2014-09-16,14.46,14.53,14.2,14.21,21071556.0,395320288.0
2014-09-17,14.22,14.28,14.06,14.18,18064648.0,334142176.0
2014-09-18,14.18,14.24,14.09,14.18,19637792.0,362674592.0
2014-09-19,14.18,14.41,14.15,14.32,19147074.0,355729056.0
2014-09-22,14.28,14.28,13.85,13.87,23080044.0,421033472.0
2014-09-23,13.87,13.94,13.74,13.93,19741776.0,356942688.0
2014-09-24,13.89,14.15,13.79,14.15,21500620.0,392422560.0
2014-09-25,14.2,14.34,14.08,14.16,25548540.0,473997632.0
2014-09-26,14.11,14.18,13.95,14.08,13738124.0,251846064.0
2014-09-29,14.09,14.24,14.08,14.15,15774098.0,291162560.0
2014-09-30,14.18,14.22,14.12,14.16,14106115.0,260501088.0
2014-10-08,14.17,14.18,13.86,14.08,24907108.0,454479296.0
2014-10-09,14.05,14.29,13.94,14.28,24984060.0,461196160.0
2014-10-10,14.22,14.25,13.99,14.07,20767392.0,382078912.0
2014-10-13,13.99,13.99,13.69,13.82,25465442.0,459056160.0
2014-10-14,13.76,13.9,13.72,13.76,18936144.0,340983744.0
2014-10-15,13.73,13.76,13.49,13.63,31530542.0,559175616.0
2014-10-16,13.59,13.7,13.49,13.57,22440516.0,398170464.0
2014-10-17,13.57,13.84,13.55,13.82,26259982.0,468655264.0
2014-10-20,13.85,13.89,13.61,13.69,19908240.0,356004512.0
2014-10-21,13.69,13.72,13.56,13.56,14226027.0,253041984.0
2014-10-22,13.59,13.61,13.39,13.43,16052628.0,282875584.0
2014-10-23,13.42,13.43,13.2,13.23,18329162.0,317917664.0
2014-10-24,13.23,13.26,13.03,13.03,21514982.0,367796096.0
2014-10-27,13.03,13.14,12.88,13.09,13781109.0,233788272.0
2014-10-28,13.12,13.25,13.08,13.25,15754367.0,270629472.0
2014-10-29,13.17,13.36,13.09,13.33,25557040.0,441180256.0
2014-10-30,13.3,13.39,13.23,13.28,20791672.0,360679712.0
2014-10-31,13.3,13.62,13.27,13.56,33089304.0,580355456.0
2014-11-03,13.57,13.69,13.43,13.49,21770114.0,384604608.0
2014-11-04,13.49,13.49,13.3,13.33,20221028.0,352345024.0
2014-11-05,13.33,13.33,13.11,13.2,19079868.0,328607328.0
2014-11-06,13.24,13.3,13.17,13.28,16947850.0,292593216.0
2014-11-07,13.29,13.29,13.13,13.16,22525620.0,388010528.0
2014-11-10,13.23,13.77,13.21,13.77,60187080.0,1064491968.0
2014-11-11,13.88,13.95,13.59,13.72,61474040.0,1105556224.0
2014-11-12,13.72,13.85,13.62,13.8,27827838.0,498251296.0
2014-11-13,13.82,13.82,13.58,13.65,24322724.0,433297504.0
2014-11-14,13.64,14.05,13.59,13.97,48291120.0,875332032.0
2014-11-17,14.26,14.38,13.77,13.79,39923416.0,729166016.0
2014-11-18,13.72,13.79,13.43,13.53,30253468.0,536618624.0
2014-11-19,13.48,13.54,13.32,13.42,20680756.0,362082304.0
2014-11-20,13.33,13.43,13.3,13.42,13059924.0,227742272.0
2014-11-21,13.42,13.54,13.36,13.53,20137956.0,353196224.0
2014-11-24,13.53,13.76,13.53,13.67,34418640.0,612585280.0
2014-11-25,13.68,13.79,13.62,13.77,30050362.0,537045632.0
2014-11-26,13.78,13.95,13.69,13.92,41302768.0,744828544.0
2014-11-27,13.95,13.99,13.76,13.85,39971356.0,723209728.0
2014-11-28,13.85,13.9,13.69,13.88,41207536.0,739515520.0
2014-12-01,13.92,14.56,13.89,14.45,105065872.0,1953994112.0
2014-12-02,14.41,14.58,14.17,14.51,80450736.0,1512145920.0
2014-12-03,14.58,15.32,14.58,14.91,118106968.0,2301389056.0
2014-12-04,14.91,15.37,14.86,15.36,94975720.0,1885335808.0
2014-12-05,15.58,15.87,14.67,15.05,118256560.0,2351545856.0
2014-12-08,14.99,15.58,14.73,15.51,89842288.0,1785138688.0
2014-12-09,15.48,16.55,15.04,15.14,150205120.0,3098436864.0
2014-12-10,15.28,15.86,15.1,15.77,82427048.0,1676004992.0
2014-12-11,15.78,16.14,15.43,15.6,66721156.0,1372883968.0
2014-12-12,15.62,15.87,15.57,15.62,51251120.0,1048685632.0
2014-12-15,15.63,15.8,15.34,15.73,52202568.0,1061462016.0
2014-12-16,15.7,15.7,15.36,15.54,53873032.0,1088529024.0
2014-12-17,15.56,15.6,15.18,15.32,57208844.0,1142767872.0
2014-12-18,15.3,15.52,15.24,15.3,42076820.0,842179776.0
2014-12-19,15.4,15.72,15.19,15.35,98789856.0,1984106880.0
2014-12-22,15.4,16.33,15.14,16.33,159291408.0,3288819712.0
2014-12-23,16.25,17.24,16.1,16.66,172890752.0,3744426240.0
2014-12-24,16.63,17.08,16.01,16.12,118261128.0,2554369536.0
2014-12-25,16.19,16.47,16.09,16.42,75507016.0,1600573568.0
2014-12-26,16.33,16.63,16.18,16.57,77401432.0,1656634240.0
2014-12-29,16.52,17.17,16.45,16.6,107281448.0,2342238208.0
2014-12-30,16.48,16.62,16.29,16.35,60603892.0,1299811200.0
2014-12-31,16.33,16.6,16.3,16.48,53077304.0,1139378688.0
2015-01-05,16.55,18.13,16.49,18.13,167342768.0,3804923392.0
2015-01-06,18.13,18.39,17.85,18.22,128098496.0,3026412800.0
2015-01-07,18.23,18.8,17.81,18.0,93095424.0,2215338496.0
2015-01-08,18.06,18.7,17.8,18.35,88698488.0,2110107136.0
2015-01-09,18.19,19.13,18.18,18.19,97230368.0,2367707648.0
2015-01-12,18.01,18.08,17.41,17.67,70708720.0,1636654080.0
2015-01-13,17.57,17.93,17.45,17.61,36895896.0,850294080.0
2015-01-14,17.62,17.79,17.01,17.12,56103112.0,1267417856.0
2015-01-15,17.14,17.54,16.94,17.53,42433856.0,953670336.0
2015-01-16,17.65,17.94,17.54,17.92,47674304.0,1103523328.0
2015-01-19,17.1,17.62,16.18,16.52,75677936.0,1682074624.0
2015-01-20,16.7,17.16,16.6,16.95,52785148.0,1163823616.0
2015-01-21,17.23,17.52,16.91,17.46,48956388.0,1103695616.0
2015-01-22,17.52,17.85,17.35,17.59,46067576.0,1056323328.0
2015-01-23,17.6,17.69,17.06,17.18,52108316.0,1177290624.0
2015-01-26,17.2,17.45,17.03,17.4,40398472.0,907596608.0
2015-01-27,17.41,17.76,17.29,17.66,65577528.0,1500762880.0
2015-01-28,17.52,17.73,17.37,17.4,36501380.0,834904576.0
2015-01-29,17.24,17.36,17.02,17.04,33053758.0,738994432.0
2015-01-30,17.1,17.34,17.02,17.02,30484804.0,683442304.0
2015-02-02,16.75,16.87,16.41,16.45,36300952.0,784198144.0
2015-02-03,16.6,16.68,16.33,16.64,30580688.0,658352832.0
2015-02-04,16.65,16.85,16.51,16.53,27498456.0,597942784.0
2015-02-05,16.73,16.83,16.18,16.22,32285568.0,696131648.0
2015-02-06,16.16,16.26,15.5,15.59,42779056.0,882436864.0
2015-02-09,15.6,15.97,15.56,15.92,30705812.0,635654464.0
2015-02-10,15.92,16.48,15.92,16.22,27832676.0,588688768.0
2015-02-11,16.24,16.35,16.12,16.2,17247732.0,365326432.0
2015-02-12,16.26,16.59,16.23,16.51,26964992.0,577766848.0
2015-02-13,16.64,16.7,16.44,16.47,32924656.0,712611840.0
2015-02-16,16.52,16.52,16.22,16.4,28847656.0,614730944.0
2015-02-17,16.45,16.52,16.25,16.31,29942320.0,638878016.0
2015-02-25,16.32,16.36,15.8,15.89,43450584.0,907219712.0
2015-02-26,15.86,16.29,15.8,16.27,29370904.0,616116032.0
2015-02-27,16.33,16.59,16.3,16.39,47102832.0,1009783040.0
2015-03-02,16.45,16.45,16.16,16.29,46075948.0,976106944.0
2015-03-03,16.25,16.25,15.93,15.97,38456312.0,806020736.0
2015-03-04,16.05,16.16,15.93,16.13,28239904.0,591907200.0
2015-03-05,16.11,16.15,15.73,15.89,33119120.0,687397120.0
2015-03-06,15.94,16.15,15.86,16.04,32682836.0,683272000.0
2015-03-09,15.99,16.32,15.84,16.31,40069208.0,839462400.0
2015-03-10,16.32,16.47,16.24,16.34,40448904.0,862732480.0
2015-03-11,16.33,16.56,16.29,16.33,36430428.0,780151936.0
2015-03-12,16.45,16.67,16.29,16.64,54055628.0,1165160448.0
2015-03-13,16.68,16.71,16.48,16.59,37790704.0,818028672.0
2015-03-16,16.69,17.01,16.64,17.01,51050488.0,1124314496.0
2015-03-17,17.09,17.53,16.98,17.24,73438528.0,1653452544.0
2015-03-18,17.24,17.53,17.12,17.51,61252528.0,1389880960.0
2015-03-19,17.44,17.45,17.05,17.19,57519512.0,1294801536.0
2015-03-20,17.23,17.54,17.18,17.35,51693348.0,1169876480.0
2015-03-23,17.42,17.62,17.37,17.51,64806548.0,1477464320.0
2015-03-24,17.63,17.77,17.17,17.45,86235328.0,1969214464.0
2015-03-25,17.45,17.45,17.18,17.24,57197076.0,1289295104.0
2015-03-26,17.24,17.96,17.18,17.9,102530576.0,2357791232.0
2015-03-27,17.93,17.98,17.6,17.73,57968640.0,1340118272.0
2015-03-30,17.78,18.11,17.68,18.04,71054000.0,1660055168.0
2015-03-31,18.01,18.4,17.71,17.77,82918992.0,1951956224.0
2015-04-01,17.73,17.83,17.63,17.8,76422752.0,1767887616.0
2015-04-02,17.83,18.08,17.7,17.91,65073600.0,1518019968.0
2015-04-03,17.77,18.0,17.74,17.95,62756640.0,1465018240.0
2015-04-07,18.03,18.63,17.98,18.54,102550184.0,2447635200.0
2015-04-08,18.55,18.98,18.26,18.53,102881704.0,2501701120.0
2015-04-09,18.56,18.68,17.87,18.1,77413968.0,1839300096.0
2015-04-10,18.1,18.62,18.04,18.53,79232776.0,1899312640.0
2015-04-13,18.62,19.08,18.43,18.92,83605760.0,2044776704.0
2015-04-14,18.9,19.85,18.8,19.21,96770856.0,2440503552.0
2015-04-15,19.22,19.53,18.78,19.0,71596232.0,1790380672.0
2015-04-16,19.0,20.9,18.92,20.74,181555648.0,4817906176.0
2015-04-17,20.73,21.0,20.3,20.51,160985280.0,4327118336.0
2015-04-20,20.39,20.9,19.98,20.07,121075864.0,3230897152.0
2015-04-21,20.14,21.81,20.13,21.51,154609664.0,4240138240.0
2015-04-22,21.55,21.68,21.17,21.61,101395416.0,2833588480.0
2015-04-23,21.55,21.7,21.02,21.32,78043040.0,2166905088.0
2015-04-24,20.99,21.24,19.93,20.62,88922176.0,2396559104.0
2015-04-27,20.56,21.09,20.53,20.71,69168992.0,1869557376.0
2015-04-28,20.59,20.69,19.87,20.06,70893272.0,1865677696.0
2015-04-29,19.61,20.21,19.61,20.06,54564280.0,1421981056.0
2015-04-30,20.13,20.23,20.01,20.02,39489280.0,1035513152.0
2015-05-04,20.07,20.78,20.04,20.38,52980960.0,1410940800.0
2015-05-05,20.38,20.38,19.34,19.34,59561500.0,1535342336.0
2015-05-06,19.62,19.76,18.91,19.01,58590872.0,1487012736.0
2015-05-07,19.01,19.38,19.0,19.05,42647344.0,1065763648.0
2015-05-08,19.3,19.67,19.15,19.59,57984732.0,1469988096.0
2015-05-11,19.59,20.06,19.35,20.03,60119648.0,1548993152.0
2015-05-12,20.07,20.28,19.82,20.04,53679620.0,1401938048.0
2015-05-13,20.03,20.46,19.93,20.13,65133812.0,1718423168.0
2015-05-14,20.11,20.11,19.63,19.69,49623816.0,1279981312.0
2015-05-15,19.7,19.9,19.28,19.36,45808408.0,1165784064.0
2015-05-18,19.21,19.34,19.11,19.17,35304848.0,885896064.0
2015-05-19,19.17,19.73,19.05,19.7,47279412.0,1203065600.0
2015-05-20,19.64,20.05,19.61,19.7,54583928.0,1414103296.0
2015-05-21,19.7,20.45,19.7,20.39,67651480.0,1786097792.0
2015-05-22,20.53,20.89,20.25,20.77,76613008.0,2059081600.0
2015-05-25,20.78,21.22,20.77,21.16,87630288.0,2403079424.0
2015-05-26,21.25,21.43,20.8,21.39,96355456.0,2658515200.0
2015-05-27,21.39,21.42,20.94,21.15,79625144.0,2200265984.0
2015-05-28,21.38,22.37,20.32,20.7,128358528.0,3624169728.0
2015-05-29,20.71,21.08,20.16,20.57,74286928.0,2003706240.0
2015-06-01,20.66,21.64,20.54,21.64,73964856.0,2042249984.0
2015-06-02,21.71,21.89,21.21,21.89,75975880.0,2140974464.0
2015-06-03,21.91,21.99,21.04,21.45,64464940.0,1811063552.0
2015-06-04,21.44,21.53,20.05,21.11,74779536.0,2032055296.0
2015-06-05,21.16,21.71,20.83,21.54,89741288.0,2509684480.0
2015-06-08,21.51,22.5,21.17,22.36,120035056.0,3418770944.0
2015-06-09,22.37,22.6,21.85,22.04,86059728.0,2487675392.0
2015-06-10,21.85,23.05,21.67,22.62,105579536.0,3106113024.0
2015-06-11,22.47,22.62,22.2,22.5,59376352.0,1735018880.0
2015-06-12,22.56,24.6,22.56,23.62,118459520.0,3670907392.0
2015-06-15,24.0,25.46,23.65,24.83,126762904.0,4106182400.0
2015-06-16,24.72,24.72,23.52,23.99,86354536.0,2719904512.0
2015-06-17,23.65,25.0,22.85,24.83,76247136.0,2363743744.0
2015-06-18,24.67,25.02,23.23,23.25,82048904.0,2588320768.0
2015-06-19,22.75,23.43,21.71,22.07,69743304.0,2005849600.0
2015-06-23,22.18,24.15,21.82,24.12,88651064.0,2590064896.0
2015-06-24,24.25,26.48,24.25,25.7,128358296.0,4170551296.0
2015-06-25,25.81,26.13,24.53,24.95,94538608.0,3069460480.0
2015-06-26,24.17,24.96,22.46,23.12,113636912.0,3441003776.0
2015-06-29,24.05,24.91,21.98,23.83,145077888.0,4421646336.0
2015-06-30,23.78,25.1,22.29,24.8,141781872.0,4298661376.0
2015-07-01,24.25,26.27,23.6,23.98,125769976.0,4069479680.0
2015-07-02,24.05,24.15,21.58,21.58,127409512.0,3663702272.0
2015-07-03,20.72,22.02,19.42,19.59,120767744.0,3110013184.0
2015-07-06,21.56,21.56,18.29,20.02,128468504.0,3298838784.0
2015-07-07,19.42,19.58,18.13,19.05,124446824.0,3002129152.0
2015-07-08,17.15,17.9,17.15,17.15,170846384.0,3803785984.0
2015-07-09,17.15,18.86,17.15,18.86,110796512.0,2573607168.0
2015-07-10,19.7,20.74,19.4,20.74,133782872.0,3517676800.0
2015-07-13,20.77,22.45,20.35,22.18,135450608.0,3717282816.0
2015-07-14,21.47,21.86,20.31,20.59,100234440.0,2709928448.0
2015-07-15,20.26,20.45,19.12,19.34,64299840.0,1624336256.0
2015-07-16,19.34,20.73,19.34,20.06,58296476.0,1489527424.0
2015-07-17,20.26,21.28,20.1,21.04,58199532.0,1548085632.0
2015-07-20,21.08,21.46,20.48,20.65,53153204.0,1423417728.0
2015-07-21,20.53,21.21,20.27,20.89,41481136.0,1106459520.0
2015-07-22,21.12,21.89,20.9,21.6,75084840.0,2069155456.0
2015-07-23,21.68,21.89,21.35,21.82,60836532.0,1685121664.0
2015-07-24,21.89,22.8,21.54,21.67,93734776.0,2673925120.0
2015-07-27,21.33,21.87,19.5,19.5,73884272.0,1953819520.0
2015-07-28,19.01,20.11,18.77,20.02,76192040.0,1899834880.0
2015-07-29,19.97,20.47,19.81,20.13,20828526.0,535031008.0
2015-11-02,19.5,20.31,18.3,18.93,112481368.0,2774243840.0
2015-11-03,18.94,19.38,18.69,18.83,39383648.0,959336448.0
2015-11-04,18.87,19.99,18.87,19.93,68098992.0,1708283776.0
2015-11-05,19.84,20.63,19.63,20.2,61486604.0,1593849216.0
2015-11-06,20.08,20.53,20.02,20.27,43099616.0,1115299840.0
2015-11-09,20.2,21.19,20.05,20.96,54161932.0,1430832256.0
2015-11-10,20.81,20.92,20.52,20.69,39484572.0,1044280768.0
2015-11-11,20.65,20.85,20.26,20.46,37543976.0,983077184.0
2015-11-12,20.45,20.54,19.99,20.16,31731600.0,818536000.0
2015-11-13,19.97,20.37,19.88,20.14,33000224.0,851695296.0
2015-11-16,19.79,20.14,19.72,20.06,22565434.0,575255744.0
2015-11-17,20.15,20.45,20.02,20.27,37980556.0,982657536.0
2015-11-18,20.27,20.6,20.12,20.35,32541204.0,848034688.0
2015-11-19,20.38,20.67,20.32,20.56,25228496.0,661720064.0
2015-11-20,20.56,20.7,20.19,20.34,26643420.0,693099648.0
2015-11-23,20.26,20.33,19.84,19.91,27004250.0,692910592.0
2015-11-24,19.86,19.94,19.57,19.77,21185552.0,534045696.0
2015-11-25,19.76,19.88,19.56,19.81,26109860.0,658022912.0
2015-11-26,19.88,19.93,19.56,19.69,24118642.0,607930880.0
2015-11-27,19.59,19.69,18.85,18.98,30677538.0,754890176.0
2015-11-30,19.01,19.16,18.42,18.8,23645952.0,567831872.0
2015-12-01,18.77,19.49,18.62,19.39,24217592.0,590081344.0
2015-12-02,19.32,20.34,19.24,20.09,44182408.0,1126003328.0
2015-12-03,20.02,20.22,19.94,20.03,25970180.0,666072384.0
2015-12-04,19.97,19.99,19.71,19.79,16725594.0,423827840.0
2015-12-07,19.91,20.18,19.74,19.99,20928740.0,534149312.0
2015-12-08,19.91,19.91,19.36,19.44,16529750.0,413108768.0
2015-12-09,19.44,19.58,19.24,19.45,14296764.0,355092640.0
2015-12-10,19.48,19.52,19.13,19.18,17601236.0,434692192.0
2015-12-11,19.13,19.36,18.91,19.24,14553750.0,354637408.0
2015-12-14,19.05,19.52,19.02,19.49,16654881.0,411627168.0
2015-12-15,19.55,19.7,19.45,19.66,18622748.0,466508224.0
2015-12-16,19.69,19.73,19.46,19.5,15375695.0,385418016.0
2015-12-17,19.61,19.99,19.61,19.98,25972840.0,658603968.0
2015-12-18,20.01,20.42,19.81,20.3,37608416.0,968248384.0
2015-12-21,20.24,22.02,20.2,21.66,94809552.0,2608302848.0
2015-12-22,21.68,22.18,21.2,21.66,50841572.0,1407444352.0
2015-12-23,21.67,21.89,21.38,21.49,30665800.0,847611264.0
2015-12-24,21.51,21.89,21.36,21.63,30308576.0,836878400.0
2015-12-25,21.78,21.82,21.06,21.21,25878948.0,706260480.0
2015-12-28,21.37,21.57,20.58,20.65,30385562.0,818362432.0
2015-12-29,20.74,21.32,20.69,21.3,28076192.0,755316736.0
2015-12-30,21.42,21.86,21.37,21.56,33010964.0,912706880.0
2015-12-31,21.65,21.77,21.2,21.34,22861286.0,627431552.0
2016-01-04,21.42,21.47,19.95,20.08,22700240.0,601351744.0
2016-01-05,19.95,20.79,19.65,20.34,37333700.0,969314176.0
2016-01-06,20.27,21.03,20.13,20.79,31830538.0,839001088.0
2016-01-07,20.55,20.55,19.66,19.77,6628601.0,170483984.0
2016-01-08,20.09,20.7,19.17,20.27,32262722.0,831205824.0
2016-01-11,19.91,20.22,18.72,18.83,36922860.0,917948544.0
2016-01-12,19.16,19.2,18.64,18.84,20740720.0,501339616.0
2016-01-13,18.96,19.49,18.79,18.86,29089274.0,712525888.0
2016-01-14,18.46,19.21,18.31,19.01,21279020.0,512968416.0
2016-01-15,18.94,19.24,18.34,18.46,19783360.0,475468288.0
2016-01-18,18.31,18.94,18.19,18.73,18535796.0,443340896.0
2016-01-19,18.72,19.48,18.68,19.48,22370886.0,549500928.0
2016-01-20,19.37,19.51,18.77,19.25,21781608.0,531969184.0
2016-01-21,18.99,19.51,18.78,18.8,19179164.0,469461056.0
2016-01-22,19.03,19.09,18.54,18.84,11754508.0,282318784.0
2016-01-25,19.01,19.19,18.85,19.12,12293557.0,299734976.0
2016-01-26,19.06,19.31,18.23,18.42,17676424.0,426670656.0
2016-01-27,18.44,18.54,17.61,17.95,18677272.0,428811680.0
2016-01-28,17.95,18.21,17.68,17.74,10510214.0,241189072.0
2016-01-29,17.74,18.69,17.74,18.51,16534325.0,387052160.0
2016-02-01,18.51,19.12,18.42,18.79,17873452.0,431576064.0
2016-02-02,18.81,19.22,18.81,18.93,12997016.0,316101856.0
2016-02-03,18.78,19.0,18.66,19.0,7208472.0,173616640.0
2016-02-04,19.05,19.27,18.98,19.02,12569261.0,307055424.0
2016-02-05,19.05,19.14,18.51,18.52,13675586.0,327003584.0
2016-02-15,18.23,18.33,17.83,18.2,12821395.0,296921856.0
2016-02-16,18.3,18.87,18.26,18.8,13093245.0,312618880.0
2016-02-17,18.77,18.89,18.55,18.73,10195224.0,243537072.0
2016-02-18,18.82,18.85,18.28,18.34,20938088.0,496341920.0
2016-02-19,18.29,18.36,17.99,18.23,17849780.0,414793856.0
2016-02-22,18.38,18.74,18.25,18.66,23016568.0,544993664.0
2016-02-23,18.69,19.05,18.49,18.77,26363902.0,632952896.0
2016-02-24,18.62,18.94,18.54,18.92,19297476.0,461961312.0
2016-02-25,18.92,18.93,17.84,18.05,21972000.0,516805344.0
2016-02-26,18.13,18.63,17.94,18.33,10812376.0,251715040.0
2016-02-29,18.3,18.45,17.45,17.57,17495440.0,396522176.0
2016-03-01,17.64,18.02,17.54,17.86,11328145.0,256938016.0
2016-03-02,17.84,18.73,17.84,18.67,24773006.0,580947712.0
2016-03-03,18.71,19.7,18.67,19.16,36772468.0,907878848.0
2016-03-04,19.12,19.94,19.02,19.69,52867652.0,1323824384.0
2016-03-07,19.8,20.2,19.59,19.84,37225432.0,946537600.0
2016-03-08,19.8,19.8,19.18,19.6,18150444.0,451266080.0
2016-03-09,19.26,19.48,18.93,19.39,16436965.0,405433600.0
2016-03-10,19.32,19.99,19.25,19.66,26682076.0,675366592.0
2016-03-11,19.67,20.18,19.45,19.87,19397000.0,492338208.0
2016-03-14,20.03,20.7,19.85,19.91,32075208.0,830571584.0
2016-03-15,19.8,20.22,19.49,19.96,20551996.0,519837152.0
2016-03-16,19.88,20.1,19.48,19.77,12887219.0,327244544.0
2016-03-17,19.93,20.13,19.61,19.95,17735944.0,451183168.0
2016-03-18,20.0,20.61,19.7,20.42,42131896.0,1088017536.0
2016-03-21,20.42,20.99,20.28,20.65,57654392.0,1514392832.0
2016-03-22,20.53,21.02,20.4,20.7,34019200.0,901646016.0
2016-03-23,20.58,20.75,20.34,20.6,18232118.0,479620480.0
2016-03-24,20.54,21.32,20.48,20.88,39543920.0,1058814208.0
2016-03-25,20.99,21.44,20.88,21.32,33962776.0,923325376.0
2016-03-28,21.42,22.43,21.42,21.96,55526912.0,1564138752.0
2016-03-29,21.98,22.12,21.59,21.9,27229828.0,760155840.0
2016-03-30,21.9,22.15,21.73,22.0,27908660.0,782182592.0
2016-03-31,22.1,22.28,21.87,21.99,26227612.0,739872640.0
2016-04-01,21.9,22.03,21.66,21.89,20087880.0,560839360.0
2016-04-05,21.81,22.06,21.73,21.96,27236724.0,762756480.0
2016-04-06,21.91,22.46,21.9,22.36,28566048.0,810802752.0
2016-04-07,22.28,22.45,21.74,21.74,19775404.0,556875136.0
2016-04-08,21.58,21.94,21.13,21.32,22996140.0,632960832.0
2016-04-11,21.49,21.78,21.17,21.31,39996352.0,1093146496.0
2016-04-12,21.28,21.31,21.1,21.28,16369207.0,443570784.0
2016-04-13,21.3,21.71,21.28,21.41,25680050.0,706626048.0
2016-04-14,21.44,21.74,21.37,21.6,13178316.0,362970912.0
2016-04-15,21.63,21.82,21.53,21.67,14547582.0,402785632.0
2016-04-18,21.49,21.57,21.06,21.11,14960842.0,405649184.0
2016-04-19,21.24,21.29,20.63,20.87,25654044.0,682708160.0
2016-04-20,20.87,20.98,20.11,20.49,22386226.0,586919104.0
2016-04-21,20.44,20.84,20.44,20.56,13321023.0,351567200.0
2016-04-22,20.41,21.06,20.38,20.96,15591046.0,416489440.0
2016-04-25,20.89,21.42,20.89,21.23,18656684.0,505551712.0
2016-04-26,21.2,21.46,21.2,21.35,12055909.0,328211872.0
2016-04-27,21.35,21.78,21.35,21.67,17431624.0,482160000.0
2016-04-28,21.71,21.82,21.35,21.53,11685411.0,322170080.0
2016-04-29,22.37,22.79,22.12,22.21,67572608.0,1945826304.0
2016-05-03,22.43,24.37,22.29,24.25,92271880.0,2777648384.0
2016-05-04,24.17,24.44,23.86,23.98,50736136.0,1565612672.0
2016-05-05,23.91,24.29,23.56,23.78,37441068.0,1143885952.0
2016-05-06,23.82,23.82,22.93,22.93,43531584.0,1297800960.0
2016-05-09,22.86,23.22,22.76,22.9,36968728.0,1086058752.0
2016-05-10,22.8,23.76,22.57,23.25,48144944.0,1429020800.0
2016-05-11,23.29,24.22,23.17,23.72,50517769.0,1540597303.0
2016-05-12,23.47,23.7,22.86,23.54,29845317.0,894214010.0
2016-05-13,23.45,24.33,23.12,23.37,29037866.0,881326169.0
2016-05-16,23.15,23.33,22.72,23.33,29264283.0,861709170.0
2016-05-17,23.39,23.39,22.94,22.96,21658380.0,640035574.0
2016-05-18,22.76,23.11,22.28,22.84,24518045.0,712889633.0
2016-05-19,22.8,23.09,22.64,22.72,15940295.0,465960228.0
2016-05-20,22.72,23.04,22.59,23.03,15262562.0,445942296.0
2016-05-23,23.0,23.47,22.92,23.46,19661861.0,584222667.0
2016-05-24,23.47,23.47,22.92,23.07,12847418.0,379310785.0
2016-05-25,23.18,23.32,22.59,22.62,17431076.0,510541899.0
2016-05-26,22.64,22.79,22.22,22.59,16872174.0,484222031.0
2016-05-27,22.59,22.72,22.43,22.57,14819515.0,427606399.0
2016-05-30,22.5,22.66,22.16,22.53,14945927.0,428539660.0
2016-05-31,22.53,23.61,22.51,23.49,31068462.0,925343750.0
2016-06-01,23.47,23.62,23.33,23.4,15552469.0,466399318.0
2016-06-02,23.39,23.75,23.33,23.69,20392356.0,614179433.0
2016-06-03,23.68,24.93,23.61,24.51,47721378.0,1491803409.0
2016-06-06,24.51,24.63,24.05,24.34,26542959.0,826150905.0
2016-06-07,24.37,24.59,24.21,24.5,19912768.0,620896749.0
2016-06-08,24.42,24.42,23.83,24.01,19406342.0,596647954.0
2016-06-13,23.71,24.13,23.43,23.46,19772523.0,601662897.0
2016-06-14,23.43,23.91,23.43,23.78,19836856.0,601387333.0
2016-06-15,23.59,24.7,23.47,24.52,32819070.0,1019300383.0
2016-06-16,24.48,24.61,24.17,24.37,24106094.0,752227525.0
2016-06-17,24.51,25.65,24.48,25.59,52143429.0,1686260296.0
2016-06-20,25.38,25.46,24.84,25.15,26429021.0,846028103.0
2016-06-21,25.25,25.56,24.72,24.86,14471935.0,465062653.0
2016-06-22,24.8,25.15,24.74,25.01,13152607.0,419295947.0
2016-06-23,24.95,25.3,24.66,25.0,15389382.0,491987414.0
2016-06-24,24.91,25.13,24.17,24.41,21147543.0,664510332.0
2016-06-27,24.4,25.37,24.4,25.22,24251726.0,778319986.0
2016-06-28,25.06,25.41,25.01,25.24,16298441.0,524846539.0
2016-06-29,25.3,25.38,24.88,25.18,12933150.0,415046259.0
2016-06-30,25.19,25.9,25.19,25.45,26039346.0,851566553.0
2016-07-01,25.34,25.94,25.28,25.32,15028863.0,490795226.0
2016-07-04,25.29,25.66,25.08,25.4,26132626.0,849416517.0
2016-07-05,25.52,26.32,25.27,25.8,42453213.0,1403055902.0
2016-07-06,25.77,27.89,25.67,27.7,74871703.0,2588251435.0
2016-07-07,27.57,28.11,26.97,27.24,47466764.0,1670520040.0
2016-07-08,27.32,28.34,26.99,27.92,48744546.0,1722146047.0
2016-07-11,27.81,30.35,27.81,29.21,78362184.0,2928172696.0
2016-07-12,29.14,30.14,28.79,29.78,57940649.0,2189112275.0
2016-07-13,29.66,29.66,28.79,29.27,40533445.0,1507879238.0
2016-07-14,29.27,29.79,28.74,29.04,35425857.0,1320867213.0
2016-07-15,28.94,29.25,28.6,29.05,27803077.0,1026517621.0
2016-07-18,28.94,29.22,28.64,28.96,25011808.0,926598469.0
2016-07-19,29.02,29.12,27.3,27.74,59666909.0,2125864951.0
2016-07-20,27.69,27.84,27.42,27.58,30903216.0,1090322275.0
2016-07-21,27.62,28.15,27.54,27.87,38329661.0,1366143614.0
2016-07-22,27.85,27.89,27.11,27.31,32380556.0,1135747559.0
2016-07-25,27.31,28.11,27.28,27.73,31930729.0,1108939353.0
2016-07-26,27.67,28.56,27.36,28.51,35658887.0,1247112900.0
2016-07-27,28.44,28.68,27.43,28.08,38812891.0,1362334844.0
2016-07-28,27.85,29.03,27.77,28.65,40463991.0,1444367647.0
2016-07-29,28.66,29.73,28.57,28.96,38788038.0,1412679615.0
2016-08-01,28.98,29.04,27.77,27.88,32611129.0,1146568819.0
2016-08-02,27.77,28.15,27.37,27.73,27015244.0,933644858.0
2016-08-03,27.61,28.13,27.46,27.96,19161006.0,667407577.0
2016-08-04,27.88,28.25,27.65,27.94,15682348.0,545562434.0
2016-08-05,27.94,28.1,27.46,27.55,18550379.0,643662256.0
2016-08-08,27.42,27.63,26.84,27.59,35554794.0,1210752084.0
2016-08-09,27.48,28.47,27.36,28.31,35413606.0,1238307468.0
2016-08-10,28.12,28.36,27.9,27.99,19389137.0,679887756.0
2016-08-11,28.03,28.88,28.03,28.44,39942016.0,1423689557.0
2016-08-12,28.4,28.66,28.02,28.55,27688505.0,977619899.0
2016-08-15,28.58,29.5,28.43,29.3,52093882.0,1892335724.0
2016-08-16,29.36,29.85,28.84,28.98,44600482.0,1634149304.0
2016-08-17,29.06,29.72,28.9,29.26,38176188.0,1397603045.0
2016-08-18,29.1,29.24,28.69,28.78,28807609.0,1039982838.0
2016-08-19,28.7,28.94,28.36,28.52,19606601.0,700001314.0
2016-08-22,28.49,29.12,28.46,28.67,21921027.0,788166857.0
2016-08-23,28.58,28.88,28.04,28.3,25247726.0,898440018.0
2016-08-24,28.02,28.29,27.79,28.04,33977145.0,1188778495.0
2016-08-25,27.87,27.93,27.66,27.85,22554153.0,782000113.0
2016-08-26,27.8,28.07,27.6,27.67,18623927.0,648227898.0
2016-08-29,27.78,27.96,27.59,27.63,17925015.0,620838223.0
2016-08-30,27.78,28.08,27.68,27.8,19663373.0,684718816.0
2016-08-31,28.16,28.17,27.67,27.95,35019962.0,1218241660.0
2016-09-01,27.95,28.0,27.44,27.47,31306747.0,1079870413.0
2016-09-02,27.38,27.5,26.91,27.1,28352734.0,963931143.0
2016-09-05,27.14,27.34,26.95,27.23,18628459.0,632649061.0
2016-09-06,27.11,27.57,26.9,27.49,17335830.0,590501182.0
2016-09-07,27.49,27.49,26.91,27.07,28707512.0,972545278.0
2016-09-08,26.88,27.07,26.82,26.88,22606571.0,759929802.0
2016-09-09,26.94,27.11,26.68,26.74,17374241.0,582842515.0
2016-09-12,26.47,26.6,25.63,25.71,36685957.0,1194217675.0
2016-09-13,25.87,26.02,25.65,25.98,16320983.0,526745466.0
2016-09-14,25.84,26.0,25.66,25.71,13054364.0,420857446.0
2016-09-19,25.82,26.12,25.82,26.05,16756874.0,544252227.0
2016-09-20,26.03,26.39,25.99,26.04,14465228.0,473082100.0
2016-09-21,26.04,26.23,26.04,26.16,9907089.0,323523346.0
2016-09-22,26.28,26.86,26.22,26.8,29686223.0,989315120.0
2016-09-23,26.74,26.8,26.43,26.64,15151733.0,503512703.0
2016-09-26,26.58,26.58,25.84,25.84,18583619.0,605117416.0
2016-09-27,25.82,26.04,25.82,26.03,9832360.0,318817547.0
2016-09-28,26.14,26.14,25.86,25.87,6704614.0,217490801.0
2016-09-29,25.87,26.4,25.86,26.16,13244357.0,432941040.0
2016-09-30,26.11,26.81,26.11,26.71,23175186.0,771623223.0
2016-10-10,26.79,27.15,26.71,26.95,22054298.0,742989689.0
2016-10-11,27.03,27.11,26.59,26.79,22611729.0,757048019.0
2016-10-12,26.72,27.0,26.66,26.81,13025225.0,436671298.0
2016-10-13,26.76,26.93,26.42,26.46,18664623.0,619565322.0
2016-10-14,26.46,26.63,26.42,26.52,11835654.0,392363312.0
2016-10-17,26.52,27.02,26.44,26.66,20023847.0,668938561.0
2016-10-18,26.66,27.17,26.66,27.13,28774107.0,972758818.0
2016-10-19,27.22,27.23,26.9,27.06,16638254.0,561752745.0
2016-10-20,27.02,27.23,26.9,26.93,11954450.0,403462676.0
2016-10-21,26.95,27.06,26.62,26.87,15204143.0,509430185.0
2016-10-24,26.74,27.08,26.7,26.99,15282712.0,514888840.0
2016-10-25,26.96,27.51,26.95,27.48,33249246.0,1136904276.0
2016-10-26,27.5,28.72,27.46,27.96,57290343.0,2015540904.0
2016-10-27,27.92,27.92,27.48,27.74,26878233.0,928707123.0
2016-10-28,27.62,28.46,27.62,28.28,42440111.0,1499232772.0
2016-10-31,28.14,28.5,27.81,28.0,24228385.0,850038411.0
2016-11-01,27.99,28.23,27.69,28.17,19376215.0,676539650.0
2016-11-02,28.1,28.1,27.71,27.73,14557559.0,506388269.0
2016-11-03,27.7,28.09,27.66,27.84,16015914.0,557888912.0
2016-11-04,27.81,27.94,27.38,27.44,19837748.0,683161095.0
2016-11-07,27.59,27.88,27.37,27.65,15635313.0,539898819.0
2016-11-08,27.71,28.14,27.71,27.96,20195765.0,706046485.0
2016-11-09,28.0,28.09,27.47,27.78,18830110.0,653324089.0
2016-11-10,28.01,28.08,27.9,28.02,17166339.0,600144096.0
2016-11-11,28.05,28.05,27.68,27.85,22086222.0,766599489.0
2016-11-14,27.85,27.92,27.36,27.5,28638961.0,986264993.0
2016-11-15,27.49,27.91,27.39,27.87,21449261.0,742407810.0
2016-11-16,27.86,27.87,27.56,27.64,11776927.0,407028544.0
2016-11-17,27.54,27.84,27.49,27.71,12257903.0,424451964.0
2016-11-18,27.73,27.76,27.46,27.59,11302571.0,388872947.0
2016-11-21,27.58,27.7,27.49,27.58,11820585.0,407323306.0
2016-11-22,27.58,27.66,27.46,27.55,15470825.0,531809594.0
2016-11-23,27.67,28.08,27.61,28.06,36496613.0,1269579734.0
2016-11-24,27.98,28.38,27.72,28.14,34910115.0,1223478599.0
2016-11-25,28.14,28.36,27.82,28.16,16629465.0,582609075.0
2016-11-28,28.5,28.96,28.38,28.4,34121808.0,1218097475.0
2016-11-29,28.4,30.08,28.37,29.4,73303062.0,2696389330.0
2016-11-30,29.18,29.68,28.7,28.76,39402942.0,1426043941.0
2016-12-01,28.92,29.34,28.56,28.96,34202902.0,1233479440.0
2016-12-02,28.84,29.02,28.42,28.62,24382315.0,873578723.0
2016-12-05,28.11,29.2,28.11,28.45,33351008.0,1196856762.0
2016-12-06,28.55,29.02,28.45,28.96,28702950.0,1032222665.0
2016-12-07,29.1,29.15,28.74,28.98,20726242.0,747998730.0
2016-12-08,29.05,30.16,28.8,29.46,48575442.0,1792908890.0
2016-12-09,29.38,29.69,29.24,29.35,24353697.0,895319075.0
2016-12-12,29.46,29.93,28.29,28.48,36006898.0,1303172000.0
2016-12-13,28.34,29.17,28.21,29.03,33502238.0,1206150219.0
2016-12-14,28.96,28.98,28.34,28.4,27093755.0,969025281.0
2016-12-15,28.58,28.93,28.03,28.29,31641103.0,1124019815.0
2016-12-16,28.34,28.48,28.0,28.38,15251903.0,538382827.0
2016-12-19,28.44,29.2,28.44,28.83,32238108.0,1164584518.0
2016-12-20,28.74,28.81,28.26,28.34,24335977.0,866628502.0
2016-12-21,28.46,28.7,28.42,28.52,12815520.0,456793171.0
2016-12-22,28.52,28.64,28.26,28.35,10159827.0,360125901.0
2016-12-23,28.37,28.37,27.55,27.55,23261965.0,809628918.0
2016-12-26,27.34,27.5,26.94,27.5,19686074.0,669150103.0
2016-12-27,27.54,27.76,27.46,27.49,11835392.0,408056594.0
2016-12-28,27.47,27.59,27.11,27.15,12407956.0,422777020.0
2016-12-29,27.15,27.28,27.03,27.1,11029684.0,373576291.0
2016-12-30,27.24,27.73,27.13,27.6,23201908.0,797104500.0
2017-01-03,27.6,27.92,27.46,27.75,15534740.0,537407605.0
2017-01-04,27.75,28.78,27.66,28.74,46053667.0,1637950788.0
2017-01-05,28.84,29.01,28.58,28.76,25815923.0,927811512.0
2017-01-06,28.76,29.3,28.63,28.9,33652039.0,1220341984.0
2017-01-09,28.82,29.46,28.76,29.18,26692245.0,974179043.0
2017-01-10,29.14,29.6,29.14,29.22,22885904.0,840655876.0
2017-01-11,29.3,29.45,28.54,28.71,22294346.0,802004101.0
2017-01-12,28.81,28.82,28.35,28.5,15825878.0,564764861.0
2017-01-13,28.56,28.73,28.28,28.57,15631495.0,557529858.0
2017-01-16,28.4,28.8,27.92,28.38,19198129.0,679701406.0
2017-01-17,28.34,28.95,28.28,28.63,17756018.0,635715016.0
2017-01-18,28.64,29.65,28.34,29.58,44741831.0,1642819010.0
2017-01-19,29.66,29.67,29.32,29.5,19015209.0,699761875.0
2017-01-20,29.54,29.62,29.36,29.55,16535872.0,608985852.0
2017-01-23,29.74,30.5,29.68,29.92,39390729.0,1481709285.0
2017-01-24,30.06,30.29,29.62,29.96,19021290.0,711031406.0
2017-01-25,29.68,30.08,29.47,29.84,18676334.0,696743612.0
2017-01-26,29.94,30.01,29.6,29.62,14243808.0,529488018.0
2017-02-03,29.7,29.76,29.08,29.15,14552029.0,533432445.0
2017-02-06,29.16,29.5,29.13,29.18,13931545.0,509472926.0
2017-02-07,29.28,29.5,29.13,29.18,12108227.0,442424457.0
2017-02-08,29.23,29.89,29.03,29.69,19983088.0,737094277.0
2017-02-09,29.75,30.3,29.7,29.89,22521013.0,845962349.0
2017-02-10,29.94,30.5,29.92,30.28,28284154.0,1071008770.0
2017-02-13,30.28,31.43,30.19,30.89,39356687.0,1521216040.0
2017-02-14,30.98,31.14,30.66,30.95,16832098.0,650070244.0
2017-02-15,31.12,31.34,30.66,30.74,14712002.0,567692942.0
2017-02-16,30.77,31.04,30.6,30.79,12140073.0,466093468.0
2017-02-17,30.84,31.77,30.82,31.18,24153708.0,944939377.0
2017-02-20,31.24,33.14,31.24,33.14,47690952.0,1928243164.0
2017-02-21,33.06,33.09,32.36,32.71,24245020.0,990510344.0
2017-02-22,32.74,33.29,32.5,33.05,29154767.0,1200108160.0
2017-02-23,32.9,33.51,32.18,32.41,21183618.0,867247807.0
2017-02-24,32.34,32.41,31.88,32.25,16424697.0,658625165.0
2017-02-27,32.23,32.25,31.45,31.53,21824501.0,865270111.0
2017-02-28,31.62,31.9,31.46,31.67,12119871.0,479096765.0
2017-03-01,31.64,32.28,31.62,32.01,17462272.0,698692361.0
2017-03-02,31.94,32.17,31.79,31.99,11794003.0,471215066.0
2017-03-03,31.8,32.16,31.62,32.01,14442974.0,575641082.0
2017-03-06,32.02,32.57,31.71,32.46,25414126.0,1021344428.0
2017-03-07,32.34,33.4,32.29,33.34,29548334.0,1223950989.0
2017-03-08,33.3,33.31,32.82,32.92,14142243.0,583027608.0
2017-03-09,32.91,32.91,32.27,32.56,15050345.0,611016529.0
2017-03-10,32.42,33.24,32.41,32.55,19700636.0,809491061.0
2017-03-13,32.62,33.42,32.62,33.34,28798339.0,1193460528.0
2017-03-14,33.33,33.58,32.83,33.13,14474419.0,599761220.0
2017-03-15,33.13,33.5,33.13,33.25,12508655.0,520984519.0
2017-03-16,33.6,33.85,32.5,32.85,38411034.0,1582220998.0
2017-03-17,32.7,33.22,32.55,32.63,20112247.0,826003823.0
2017-03-20,32.63,32.93,32.5,32.89,17475558.0,714047417.0
2017-03-21,33.12,34.97,33.06,34.73,69607524.0,2965555515.0
2017-03-22,34.43,35.38,34.26,35.19,38144701.0,1657889537.0
2017-03-23,34.98,35.13,34.38,34.87,22565460.0,981649098.0
2017-03-24,35.2,35.69,34.43,34.62,27192730.0,1189363316.0
2017-03-27,34.43,34.8,33.62,34.06,26857955.0,1145045681.0
2017-03-28,34.13,34.24,33.7,34.24,16534690.0,702047889.0
2017-03-29,34.2,34.87,34.09,34.5,22193805.0,958273552.0
2017-03-30,34.48,34.82,33.76,34.21,20190945.0,863705788.0
2017-03-31,34.04,34.44,33.66,34.42,21676956.0,922910202.0
2017-04-05,34.26,35.1,34.17,34.52,24151169.0,1045988810.0
2017-04-06,34.61,34.66,34.02,34.38,16809411.0,719573179.0
2017-04-07,34.32,34.51,34.1,34.18,13812967.0,591485227.0
2017-04-10,34.14,34.15,33.16,33.35,26067613.0,1089896092.0
2017-04-11,33.21,33.35,31.9,32.78,32670966.0,1330882720.0
2017-04-12,32.61,33.93,32.47,33.66,31026351.0,1293259393.0
2017-04-13,33.63,34.42,33.49,34.27,20772770.0,884497035.0
2017-04-14,34.42,34.57,33.56,33.9,15750860.0,668378385.0
2017-04-17,33.66,34.69,33.5,34.39,20397529.0,876210025.0
2017-04-18,34.38,35.62,34.29,35.13,30494053.0,1341270938.0
2017-04-19,35.3,35.9,34.74,35.22,21411693.0,946000249.0
2017-04-20,35.23,36.74,35.06,36.55,35490588.0,1606555766.0
2017-04-21,36.55,36.91,36.05,36.55,24663720.0,1123511804.0
2017-04-24,36.02,36.14,35.25,35.47,20766359.0,927467922.0
2017-04-25,35.82,37.39,35.82,37.31,34054132.0,1559251122.0
2017-04-26,37.28,38.23,36.43,36.59,37061654.0,1730845443.0
2017-04-27,36.42,36.99,36.02,36.83,18762562.0,855252056.0
2017-04-28,37.35,37.47,35.48,36.42,34678260.0,1564756132.0
2017-05-02,36.23,36.23,35.29,35.7,20882591.0,931011027.0
2017-05-03,35.75,36.38,35.58,35.96,15116828.0,678377709.0
2017-05-04,35.94,35.96,35.4,35.53,13934135.0,620702770.0
2017-05-05,35.53,35.82,35.04,35.35,20494350.0,907381543.0
2017-05-08,35.41,35.41,34.12,34.12,24311886.0,1051463511.0
2017-05-09,34.05,35.02,33.47,34.96,24781465.0,1059664449.0
2017-05-10,34.9,35.49,34.72,34.82,17560711.0,771388257.0
2017-05-11,34.81,35.6,34.65,35.49,18203050.0,801570635.0
2017-05-12,35.59,36.17,35.15,36.16,19609509.0,857684473.0
2017-05-15,36.17,37.18,36.04,36.92,19195201.0,864066332.0
2017-05-16,36.89,38.9,36.63,38.9,41133154.0,1921926710.0
2017-05-17,38.75,38.94,37.84,37.88,23139738.0,1085062005.0
2017-05-18,37.73,38.77,37.68,38.0,16015098.0,749478837.0
2017-05-19,38.01,38.73,38.0,38.47,15786409.0,741788824.0
2017-05-22,38.58,38.86,38.01,38.51,14387799.0,676005985.0
2017-05-23,38.51,39.84,38.27,39.44,27114211.0,1306270917.0
2017-05-24,39.43,39.72,38.32,39.18,23805410.0,1135073574.0
2017-05-25,39.09,39.37,38.49,39.0,15637031.0,745554304.0
2017-05-26,39.06,39.44,38.32,38.86,19259404.0,915014610.0
2017-05-31,38.52,39.12,37.88,39.12,21149466.0,995050747.0
2017-06-01,38.81,39.66,38.63,39.5,19566050.0,940552878.0
2017-06-02,39.35,39.83,38.73,39.19,16731047.0,803138173.0
2017-06-05,39.23,39.63,38.45,38.48,17161751.0,815019856.0
2017-06-06,38.48,39.71,38.41,39.64,18703696.0,894954699.0
2017-06-07,39.71,41.84,39.67,41.59,36078651.0,1808407555.0
2017-06-08,41.64,42.94,41.36,42.0,30019781.0,1551306747.0
2017-06-09,42.0,43.2,42.0,42.63,22421062.0,1168904568.0
2017-06-12,43.06,45.75,42.92,44.8,39041905.0,2117491125.0
2017-06-13,44.8,44.8,43.73,44.69,25482824.0,1379771823.0
2017-06-14,44.29,45.08,43.4,43.88,30678796.0,1654983380.0
2017-06-15,43.72,43.89,42.33,42.66,39471071.0,2070609976.0
2017-06-16,42.55,43.44,42.23,42.51,24033423.0,1257006033.0
2017-06-19,42.76,43.37,42.47,42.96,37036876.0,1944706365.0
2017-06-20,43.02,43.28,42.41,42.65,34893202.0,1821526652.0
2017-06-21,42.9,44.62,42.29,44.62,45263456.0,2391227509.0
2017-06-22,44.59,45.16,44.03,44.25,46808450.0,2552510965.0
2017-06-23,43.9,45.04,43.68,44.94,35085488.0,1911711345.0
2017-06-26,45.01,46.72,45.01,46.36,37038461.0,2089209012.0
2017-06-27,46.27,46.74,45.76,46.71,31307389.0,1771439273.0
2017-06-28,46.41,46.48,45.43,45.47,27582268.0,1548727185.0
2017-06-29,45.44,45.72,44.86,45.29,25571255.0,1412990963.0
2017-06-30,45.2,45.76,44.94,45.48,20075326.0,1116508445.0
2017-07-03,45.43,45.67,43.95,44.15,33166228.0,1801733695.0
2017-07-04,43.96,43.96,42.47,42.94,39001962.0,2053979960.0
2017-07-05,42.92,43.78,42.9,43.65,30327331.0,1610599792.0
2017-07-06,43.72,43.72,42.65,43.3,31370657.0,1652540276.0
2017-07-07,43.13,43.13,42.16,42.33,30890584.0,1602293281.0
2017-07-10,42.16,43.25,41.48,43.14,40733979.0,2112491487.0
2017-07-11,43.02,44.35,42.86,43.87,34226179.0,1836879541.0
2017-07-12,43.86,43.86,42.53,42.64,27722977.0,1463246502.0
2017-07-13,42.5,43.41,42.38,42.64,23843309.0,1247064511.0
2017-07-14,42.45,43.12,42.16,42.93,20202809.0,1053780924.0
2017-07-17,43.06,43.06,41.43,42.09,29468000.0,1522315224.0
2017-07-18,42.25,43.06,41.58,42.97,23913165.0,1241870973.0
2017-07-19,43.03,44.37,43.01,43.89,29949235.0,1606216267.0
2017-07-20,43.89,44.84,43.89,44.79,28370871.0,1543500730.0
2017-07-21,44.78,45.42,44.4,44.71,24618552.0,1356818603.0
2017-07-24,44.82,46.37,44.82,45.69,27426965.0,1538206929.0
2017-07-25,46.07,46.12,45.2,45.24,16795869.0,937380815.0
2017-07-26,45.27,45.77,43.72,44.13,23526651.0,1278858203.0
2017-07-27,44.13,44.37,43.35,43.92,20862244.0,1119273070.0
2017-07-28,43.9,45.59,43.65,45.54,33678614.0,1853866709.0
2017-07-31,45.71,46.89,45.43,45.56,42299998.0,2389011782.0
2017-08-01,45.66,46.23,44.95,46.23,22920903.0,1280407955.0
2017-08-02,45.84,46.32,45.25,45.52,18480330.0,1033391150.0
2017-08-03,45.27,45.65,44.22,44.53,26313309.0,1435945785.0
2017-08-04,44.53,44.98,44.08,44.2,19489802.0,1058514385.0
2017-08-07,44.04,45.88,43.65,45.76,27072133.0,1486094207.0
2017-08-08,45.59,46.07,45.27,45.6,16623396.0,928832803.0
2017-08-09,45.44,47.23,44.96,46.28,41440425.0,2363696494.0
2017-08-10,46.4,48.11,46.28,47.07,41624727.0,2411510929.0
2017-08-11,46.58,47.05,45.72,45.76,28591698.0,1621909261.0
2017-08-14,45.88,47.23,45.88,46.89,30578175.0,1744486771.0
2017-08-15,46.89,47.37,46.51,46.99,17083084.0,982197087.0
2017-08-16,46.99,46.99,46.07,46.45,17247809.0,978751019.0
2017-08-17,46.4,46.4,45.33,45.6,23442083.0,1310465303.0
2017-08-18,45.31,45.93,45.16,45.6,12938447.0,721783203.0
2017-08-21,45.6,45.84,45.01,45.36,17854200.0,988854255.0
2017-08-22,44.95,45.03,43.14,44.19,39643883.0,2137185350.0
2017-08-23,43.9,44.94,43.8,44.77,21013867.0,1142768132.0
2017-08-24,44.73,44.94,44.04,44.17,15314069.0,831710777.0
2017-08-25,44.19,44.52,43.74,44.21,23102937.0,1246281025.0
2017-08-28,44.92,46.17,44.92,45.29,43888728.0,2443203576.0
2017-08-29,45.24,45.64,44.84,45.1,23125750.0,1280576589.0
2017-08-30,45.2,46.14,45.02,45.96,26056361.0,1456970293.0
2017-08-31,45.96,46.2,44.98,45.34,19022089.0,1058224262.0
2017-09-01,45.23,45.7,44.99,45.35,17744894.0,984771108.0
2017-09-04,45.31,45.31,44.19,44.3,29862143.0,1626579378.0
2017-09-05,44.31,44.75,44.15,44.35,15102485.0,821048720.0
2017-09-06,44.29,44.53,43.88,43.99,18834495.0,1017715801.0
2017-09-07,44.04,44.16,43.14,43.43,22573441.0,1199532203.0
2017-09-08,43.28,43.28,42.18,42.37,34400992.0,1791448832.0
2017-09-11,42.15,43.31,41.39,43.2,40671465.0,2115022846.0
2017-09-12,42.92,43.84,42.68,43.8,24861153.0,1326135365.0
2017-09-13,43.82,45.35,43.78,44.91,36445778.0,1994782766.0
2017-09-14,44.83,45.26,44.53,44.78,21513204.0,1182285369.0
2017-09-15,44.79,45.42,44.69,44.89,19711872.0,1087867330.0
2017-09-18,45.07,46.41,45.02,46.1,28720032.0,1615316020.0
2017-09-19,46.17,46.99,45.86,46.14,22188037.0,1257913123.0
2017-09-20,46.47,46.99,45.85,46.18,18529984.0,1053741520.0
2017-09-21,46.2,46.2,45.29,45.53,16426705.0,916675909.0
2017-09-22,45.29,46.11,45.27,45.83,14385003.0,805162848.0
2017-09-25,45.99,46.99,45.99,46.92,24614433.0,1405390390.0
2017-09-26,46.86,46.86,46.18,46.49,14299463.0,813898614.0
2017-09-27,46.31,46.76,45.88,46.33,15862601.0,896422632.0
2017-09-28,46.26,47.48,46.19,46.94,29043719.0,1670672618.0
2017-09-29,46.9,47.76,46.27,46.81,21716197.0,1253717250.0
2017-10-09,47.39,48.29,46.59,47.84,21684904.0,1268405187.0
2017-10-10,47.84,48.38,47.34,48.36,21535488.0,1266543955.0
2017-10-11,48.36,50.52,48.05,49.99,31321043.0,1902171753.0
2017-10-12,50.14,50.62,49.4,49.69,17600466.0,1073412431.0
2017-10-13,49.73,50.62,49.72,50.35,16202388.0,995669000.0
2017-10-16,49.96,50.79,48.7,48.74,27003278.0,1635212068.0
2017-10-17,48.7,49.27,48.15,49.11,14629264.0,874178784.0
2017-10-18,49.13,50.13,48.35,50.13,17653550.0,1062478442.0
2017-10-19,49.85,52.13,49.69,51.48,27871861.0,1744925529.0
2017-10-20,51.07,51.35,50.43,51.08,15181979.0,944325936.0
2017-10-23,51.06,51.63,50.52,51.15,13649799.0,852603486.0
2017-10-24,51.03,52.18,50.54,51.96,24862604.0,1565469643.0
2017-10-25,51.96,52.16,51.07,51.5,15740970.0,992966250.0
2017-10-26,53.86,54.9,52.49,53.16,41403157.0,2719287567.0
2017-10-27,53.11,56.37,52.55,55.56,42370988.0,2810914636.0
2017-10-30,55.16,55.57,53.93,54.75,33666677.0,2253930548.0
2017-10-31,54.34,54.71,53.52,54.44,20553558.0,1359946394.0
2017-11-01,54.46,55.92,54.45,54.76,21530441.0,1451488589.0
2017-11-02,54.79,55.89,54.5,55.25,26806185.0,1806405545.0
2017-11-03,55.12,56.61,54.91,55.84,24052556.0,1646990653.0
2017-11-06,56.26,57.51,55.9,57.32,24885613.0,1729483360.0
2017-11-07,57.57,59.49,57.1,58.02,30055123.0,2142109700.0
2017-11-08,58.02,58.94,57.2,57.58,24631356.0,1753224798.0
2017-11-09,57.51,58.2,56.38,58.14,24410575.0,1708667358.0
2017-11-10,57.94,61.06,57.75,60.96,31606294.0,2308173163.0
2017-11-13,60.97,61.29,59.68,60.83,25587296.0,1900429834.0
2017-11-14,60.73,60.8,58.92,58.99,29481615.0,2149759055.0
2017-11-15,58.79,61.18,58.59,61.12,33050579.0,2431549950.0
2017-11-16,60.96,62.72,60.62,62.27,34445747.0,2623626479.0
2017-11-17,60.47,61.78,59.0,61.17,47033596.0,3470762410.0
2017-11-20,59.9,59.9,57.26,59.59,32310208.0,2340210119.0
2017-11-21,59.4,60.83,58.18,60.43,30819765.0,2260040646.0
2017-11-22,60.43,62.02,58.46,58.75,39523966.0,2893486159.0
2017-11-23,58.22,58.22,54.75,55.21,48586164.0,3355596069.0
2017-11-24,55.21,55.96,53.01,55.94,46733707.0,3112090307.0
2017-11-27,55.38,56.12,53.94,55.23,28097804.0,1894106971.0
2017-11-28,55.06,56.69,54.75,56.12,24691262.0,1695244303.0
2017-11-29,56.38,56.55,53.56,54.11,25854241.0,1729488491.0
2017-11-30,54.11,55.16,52.73,53.6,21744143.0,1434527244.0
2017-12-01,54.1,54.46,53.04,53.36,21172961.0,1391760655.0
2017-12-04,53.28,56.15,52.32,55.52,40686245.0,2731108233.0
2017-12-05,55.28,56.86,55.04,55.83,34202592.0,2347062278.0
2017-12-06,55.89,56.79,55.16,55.83,23902258.0,1632767001.0
2017-12-07,55.57,56.22,53.77,53.9,23199000.0,1552376753.0
2017-12-08,53.69,55.61,53.68,55.48,25699212.0,1724479608.0
2017-12-11,56.14,59.03,56.12,58.75,47997786.0,3394742895.0
2017-12-12,59.05,59.65,58.26,58.72,27824509.0,2006321821.0
2017-12-13,58.83,60.75,58.34,60.59,29951504.0,2187299101.0
2017-12-14,60.63,61.19,59.99,61.03,20967313.0,1557985223.0
2017-12-15,60.72,61.65,59.56,59.61,23098142.0,1707969811.0
2017-12-18,61.29,62.99,60.96,62.99,50553294.0,3859030908.0
2017-12-19,62.51,65.22,62.51,64.08,37955663.0,2975094454.0
2017-12-20,64.44,66.75,63.76,66.68,34102959.0,2747943741.0
2017-12-21,66.57,68.3,65.78,67.13,37939547.0,3094053165.0
2017-12-22,66.99,67.41,65.37,65.84,35180174.0,2841150645.0
2017-12-25,65.86,66.59,64.24,65.83,35763142.0,2855501620.0
2017-12-26,65.69,65.93,64.15,64.94,23816621.0,1891876218.0
2017-12-27,64.76,65.32,63.62,63.66,26333042.0,2072640193.0
2017-12-28,65.36,66.99,64.1,66.07,52670572.0,4229394768.0
2017-12-29,66.19,66.97,63.74,65.27,42744727.0,3411580328.0
2018-01-02,65.53,66.19,64.01,65.84,31525233.0,2515564442.0
2018-01-03,65.78,66.81,65.25,66.11,28461426.0,2303523784.0
2018-01-04,66.02,68.32,65.86,67.81,36057706.0,2979263418.0
2018-01-05,67.63,68.19,66.52,67.56,23195809.0,1913069874.0
2018-01-08,67.49,68.32,66.68,67.17,28681834.0,2367460142.0
2018-01-09,67.33,70.36,67.3,70.36,38836460.0,3297220844.0
2018-01-10,70.67,72.86,69.46,72.64,34245866.0,2978674636.0
2018-01-11,72.51,73.36,71.36,71.88,25477862.0,2249762450.0
2018-01-12,71.88,74.97,71.6,74.66,32092356.0,2870276321.0
2018-01-15,74.52,76.14,74.1,74.97,37964408.0,3482483788.0
2018-01-16,74.04,75.59,73.44,74.21,36615522.0,3335555956.0
2018-01-17,73.79,74.46,69.99,70.28,49610896.0,4346534430.0
2018-01-18,70.53,72.19,68.88,70.6,42970090.0,3712081698.0
2018-01-19,70.6,70.99,68.89,69.6,38200365.0,3259552587.0
2018-01-22,70.0,73.95,70.0,73.89,44582353.0,3918907687.0
2018-01-23,73.89,74.2,72.24,73.31,38468166.0,3439974330.0
2018-01-24,73.2,73.2,70.81,71.38,34969575.0,3063373440.0
2018-01-25,70.76,71.16,68.79,70.27,42112892.0,3604252896.0
2018-01-26,69.87,71.72,69.55,70.96,31205375.0,2700119273.0
2018-01-29,70.76,70.76,66.76,67.07,59138327.0,4943911228.0
2018-01-30,66.27,67.89,65.47,66.52,37462177.0,3052119414.0
2018-01-31,66.45,69.53,66.45,68.95,41788143.0,3505918467.0
2018-02-01,68.31,68.52,66.34,67.81,44568953.0,3673372381.0
2018-02-02,67.13,68.54,65.97,67.23,34858228.0,2863027755.0
2018-02-05,64.81,65.13,61.42,63.63,71330226.0,5572736829.0
2018-02-06,62.1,63.53,61.2,62.46,54196919.0,4133274385.0
2018-02-07,63.4,63.82,57.3,58.03,70381493.0,5213875293.0
2018-02-08,57.89,60.37,57.89,58.85,54490699.0,3947815138.0
2018-02-09,56.56,58.34,54.69,58.18,58892094.0,4118273898.0
2018-02-12,58.83,61.29,58.83,60.8,44602248.0,3294954327.0
2018-02-13,61.36,62.88,61.29,61.37,28384041.0,2154585819.0
2018-02-14,62.18,62.64,60.89,62.59,20804303.0,1574485186.0
2018-02-22,63.57,65.56,63.41,65.45,29097829.0,2293498101.0
2018-02-23,65.38,66.17,64.16,65.08,18911704.0,1508538665.0
2018-02-26,65.04,65.33,62.92,64.16,32026964.0,2511465945.0
2018-02-27,64.55,64.64,62.02,62.18,29074902.0,2243446084.0
2018-02-28,60.47,61.92,59.65,60.7,33010190.0,2444849428.0
2018-03-01,60.3,61.66,60.08,60.73,25464928.0,1898957363.0
2018-03-02,60.3,61.12,59.24,59.99,24660697.0,1813429720.0
2018-03-05,60.31,60.86,58.84,58.91,21115132.0,1534679285.0
2018-03-06,59.45,59.9,57.22,59.85,40694235.0,2914565019.0
2018-03-07,59.85,61.35,59.65,59.88,28376080.0,2102488980.0
2018-03-08,60.3,62.89,59.9,62.84,39520411.0,2984000307.0
2018-03-09,63.16,64.06,62.25,63.0,24552854.0,1894214325.0
2018-03-12,63.41,63.57,61.66,62.23,24233436.0,1848556889.0
2018-03-13,62.3,62.91,60.88,60.97,23113760.0,1744599434.0
2018-03-14,60.47,61.83,59.73,61.73,24022456.0,1789564265.0
2018-03-15,61.84,63.97,61.83,63.74,37340376.0,2897589116.0
2018-03-16,63.9,64.34,62.77,62.81,20518937.0,1593762701.0
2018-03-19,62.38,63.86,62.1,63.5,21019573.0,1624137665.0
2018-03-20,62.56,62.88,60.98,61.82,23932435.0,1808025015.0
2018-03-21,62.36,62.58,60.62,60.89,24310066.0,1827536927.0
2018-03-22,60.53,60.97,58.83,58.94,32849545.0,2389981816.0
2018-03-23,57.2,58.41,56.22,58.32,32138345.0,2262435107.0
2018-03-26,57.63,58.02,56.46,57.19,27866806.0,1950578700.0
2018-03-27,58.02,58.47,54.99,55.95,54114758.0,3725130511.0
2018-03-28,54.83,55.7,52.84,52.9,66248850.0,4362252822.0
2018-03-29,53.52,55.44,52.2,55.16,52291220.0,3444044172.0
2018-03-30,54.95,55.28,53.86,54.23,31431119.0,2098175069.0
2018-04-02,53.85,55.41,53.13,54.28,33105740.0,2200519197.0
2018-04-03,53.85,55.27,53.79,54.85,39623208.0,2653203067.0
2018-04-04,55.14,57.74,55.08,57.12,50076876.0,3482435493.0
2018-04-09,57.11,57.68,56.26,57.0,24102141.0,1678408757.0
2018-04-10,57.0,57.51,56.59,57.51,20743086.0,1447802101.0
2018-04-11,57.82,58.34,57.21,57.45,24083870.0,1704348557.0
2018-04-12,57.44,57.77,56.51,56.55,20716396.0,1442430066.0
2018-04-13,57.11,57.4,55.18,55.55,23659999.0,1625272506.0
2018-04-16,55.32,56.37,54.76,55.54,22397760.0,1522825991.0
2018-04-17,55.89,56.18,54.42,54.75,20055726.0,1363917820.0
2018-04-18,55.24,55.52,53.24,54.2,23950533.0,1589663457.0
2018-04-19,54.99,57.61,54.27,57.5,37086767.0,2556716434.0
2018-04-20,57.2,58.3,56.28,56.9,30706027.0,2154424576.0
2018-04-23,56.63,57.61,56.12,56.95,21469676.0,1492450927.0
2018-04-24,57.2,59.32,57.2,59.19,36973742.0,2660105986.0
2018-04-25,58.76,59.37,58.59,59.11,17474827.0,1262337931.0
2018-04-26,58.75,58.76,56.22,56.46,28351699.0,1975528199.0
2018-04-27,57.18,57.18,54.58,55.55,23621586.0,1607040276.0
2018-05-02,56.55,58.22,55.57,58.2,34830625.0,2442217862.0
2018-05-03,58.25,60.45,57.61,60.3,31984117.0,2323274726.0
2018-05-04,60.1,60.42,59.49,59.57,19882975.0,1455358588.0
2018-05-07,59.88,62.25,59.63,62.1,34444873.0,2594926611.0
2018-05-08,61.94,62.8,61.56,62.14,28532017.0,2172832593.0
2018-05-09,61.94,62.4,61.16,62.31,20926220.0,1578934106.0
2018-05-10,62.4,63.89,62.39,63.72,28304427.0,2198742269.0
2018-05-11,64.19,64.84,62.92,62.97,22238963.0,1735583566.0
2018-05-14,63.46,64.54,63.16,64.0,22892925.0,1786981011.0
2018-05-15,63.99,64.96,63.31,64.86,23369601.0,1833390828.0
2018-05-16,64.91,65.46,64.51,64.69,26135149.0,2081238267.0
2018-05-17,64.88,65.08,62.59,62.98,26873152.0,2084934604.0
2018-05-18,62.85,63.72,61.69,63.4,21657075.0,1665226221.0
2018-05-21,63.82,64.6,62.61,63.07,18679108.0,1449622080.0
2018-05-22,62.84,63.8,62.23,63.45,17287556.0,1334239418.0
2018-05-23,63.33,63.85,62.37,62.46,19462606.0,1500173188.0
2018-05-24,62.43,62.9,60.47,60.48,28880850.0,2171382488.0
2018-05-25,60.48,61.82,60.48,60.71,24733727.0,1846699438.0
2018-05-28,61.19,63.29,60.68,63.29,34950878.0,2667347200.0
2018-05-29,63.33,64.68,62.21,62.38,32925326.0,2564551156.0
2018-05-30,61.82,63.8,60.55,62.76,26765570.0,2045859932.0
2018-05-31,63.57,65.04,62.8,64.54,41529427.0,3266151334.0
2018-06-01,64.26,65.29,63.52,64.24,27637920.0,2173363366.0
2018-06-04,64.46,67.11,63.66,66.84,45702140.0,3680041020.0
2018-06-05,67.01,68.42,65.88,67.66,39510595.0,3248037847.0
2018-06-06,67.62,68.31,66.84,67.1,28119042.0,2319392688.0
2018-06-07,67.33,67.64,65.73,66.07,24022867.0,1959665575.0
2018-06-08,65.64,66.59,64.66,65.69,25687684.0,2056435708.0
2018-06-11,65.66,68.3,65.44,67.4,41789436.0,3435464323.0
2018-06-12,67.68,70.66,67.14,70.27,46043240.0,3903915961.0
2018-06-13,70.1,70.81,69.48,69.84,28697253.0,2460756756.0
2018-06-14,69.77,70.36,67.54,68.97,26587416.0,2237838346.0
2018-06-15,68.64,69.06,67.5,68.03,24069632.0,2003984497.0
2018-06-19,67.01,67.6,64.79,65.27,38042230.0,3073242296.0
2018-06-20,65.37,67.17,65.04,67.05,26342617.0,2137142810.0
2018-06-21,66.76,68.12,66.02,66.09,26582382.0,2178315930.0
2018-06-22,65.7,65.94,64.58,65.52,24893380.0,1986219736.0
2018-06-25,66.2,68.37,66.2,67.1,36660963.0,3029558089.0
2018-06-26,66.92,67.77,65.41,66.58,28982518.0,2351950446.0
2018-06-27,66.19,66.68,62.34,62.55,42271193.0,3309866062.0
2018-06-28,61.47,61.89,59.71,60.18,33243447.0,2471122708.0
2018-06-29,60.47,62.66,59.9,62.1,22957358.0,1724744133.0
2018-07-02,62.11,63.54,60.08,60.7,26221408.0,1981522180.0
2018-07-03,60.14,61.2,56.86,59.14,41705767.0,2994709214.0
2018-07-04,58.9,59.63,57.65,57.77,24826384.0,1776041016.0
2018-07-05,58.58,59.41,56.95,57.87,32858302.0,2334023504.0
2018-07-06,58.19,59.92,57.34,58.79,33176915.0,2334076325.0
2018-07-09,59.58,61.22,58.6,61.22,32110114.0,2323873970.0
2018-07-10,61.24,61.71,60.0,61.07,22014356.0,1607141813.0
2018-07-11,59.27,60.47,59.04,60.0,19172467.0,1377729665.0
2018-07-12,59.93,62.24,59.92,61.52,28313629.0,2086611498.0
2018-07-13,61.81,63.18,61.19,63.06,27565653.0,2068808409.0
2018-07-16,62.96,63.84,62.35,62.78,20407727.0,1542523508.0
2018-07-17,62.85,62.99,60.89,61.63,18954570.0,1401078112.0
2018-07-18,61.92,62.26,60.92,61.02,16659354.0,1231365687.0
2018-07-19,61.58,61.69,60.72,61.08,14456706.0,1060790202.0
2018-07-20,60.92,61.46,59.52,61.12,25061759.0,1822785336.0
2018-07-23,60.77,61.52,58.94,60.03,29899460.0,2150492051.0
2018-07-24,60.14,62.55,59.58,62.46,37924439.0,2798512515.0
2018-07-25,62.55,62.85,62.03,62.43,23553211.0,1766246343.0
2018-07-26,62.52,62.66,61.6,61.76,20307725.0,1516383849.0
2018-07-27,61.6,62.41,61.08,61.76,16394908.0,1219507575.0
2018-07-30,61.8,61.93,59.88,60.43,19872102.0,1444181933.0
2018-07-31,60.27,60.73,59.71,60.06,14953196.0,1080385795.0
2018-08-01,60.6,60.6,58.25,58.29,26091672.0,1850440407.0
2018-08-02,58.27,58.29,55.46,56.54,33533444.0,2275594235.0
2018-08-03,56.6,56.6,54.66,54.66,26407210.0,1755022500.0
2018-08-06,54.18,54.94,53.17,53.56,25704067.0,1665999743.0
2018-08-07,54.11,55.5,53.27,55.34,27734378.0,1814190299.0
2018-08-08,55.44,55.44,53.47,53.64,23681812.0,1544553324.0
2018-08-09,53.36,55.36,53.12,55.24,26399041.0,1737604804.0
2018-08-10,55.16,55.93,54.39,54.98,21283369.0,1409830871.0
2018-08-13,54.32,54.32,52.53,53.62,36552137.0,2343183705.0
2018-08-14,54.1,54.87,53.37,54.19,29433738.0,1910064580.0
2018-08-15,54.2,54.2,52.68,52.72,20711286.0,1320142860.0
2018-08-16,51.88,52.78,50.89,50.9,30805573.0,1913089768.0
2018-08-17,51.49,51.86,50.19,50.45,25993542.0,1592610464.0
2018-08-20,50.77,51.73,49.6,51.63,29124979.0,1771847024.0
2018-08-21,51.65,53.82,51.53,53.55,35539212.0,2262787702.0
2018-08-22,53.27,53.58,52.68,53.02,14773268.0,942536719.0
2018-08-23,53.26,53.97,52.59,53.4,17891810.0,1147044330.0
2018-08-24,53.19,53.19,52.03,52.41,18476928.0,1163742383.0
2018-08-27,52.53,54.37,52.53,54.37,34040126.0,2198875203.0
2018-08-28,54.96,55.09,53.25,53.52,39097678.0,2527105908.0
2018-08-29,53.52,53.7,52.73,53.01,24228564.0,1543978649.0
2018-08-30,53.03,53.69,52.54,52.78,18969237.0,1209290718.0
2018-08-31,52.43,52.43,51.3,51.53,24456055.0,1517434104.0
2018-09-03,50.86,51.75,50.85,51.58,20832453.0,1283847415.0
2018-09-04,51.83,52.41,51.28,52.25,19483865.0,1215148334.0
2018-09-05,52.23,52.23,50.61,50.69,21713048.0,1342662987.0
2018-09-06,50.36,51.31,49.26,49.7,31922195.0,1924316866.0
2018-09-07,50.19,50.9,49.78,50.59,22272604.0,1347995371.0
2018-09-10,50.71,50.74,49.35,50.26,19591916.0,1179507360.0
2018-09-11,50.26,51.07,50.11,50.78,20291936.0,1235001570.0
2018-09-12,50.78,50.78,49.6,49.65,19160779.0,1150744732.0
2018-09-13,50.27,50.49,48.76,49.93,20686536.0,1232442100.0
2018-09-14,50.32,51.74,49.7,51.22,29496029.0,1800648313.0
2018-09-17,51.11,52.08,50.8,51.49,23550859.0,1458775764.0
2018-09-18,51.29,52.94,50.79,52.62,26386124.0,1647393657.0
2018-09-19,52.43,54.55,52.36,53.64,41136431.0,2653606010.0
2018-09-20,53.61,53.98,53.3,53.6,16416571.0,1056728297.0
2018-09-21,53.77,55.61,53.75,55.29,33103004.0,2175628240.0
2018-09-25,54.79,55.26,54.01,54.36,19515014.0,1279057649.0
2018-09-26,54.69,56.85,54.59,55.94,43804128.0,2938975085.0
2018-09-27,55.76,56.27,55.3,56.08,21631563.0,1449181805.0
2018-09-28,56.16,56.85,55.61,56.56,23382849.0,1580316135.0
2018-10-08,54.84,55.17,52.84,52.84,37057018.0,2385119274.0
2018-10-09,52.91,53.62,52.28,52.74,21420464.0,1360554849.0
2018-10-10,52.86,53.03,50.36,50.62,41960588.0,2588361097.0
2018-10-11,48.67,50.09,48.3,48.88,45745039.0,2689059912.0
2018-10-12,48.95,50.37,48.78,50.12,37152679.0,2208288026.0
2018-10-15,50.13,50.32,48.76,48.91,25620023.0,1522091214.0
2018-10-16,48.95,49.9,48.53,49.09,15252793.0,900184446.0
2018-10-17,49.86,49.93,48.03,49.45,26241678.0,1546537895.0
2018-10-18,48.95,49.25,48.08,48.28,17730318.0,1035333837.0
2018-10-19,48.11,49.73,47.09,49.52,36896532.0,2151505920.0
2018-10-22,50.13,52.44,50.12,52.01,44553185.0,2750470638.0
2018-10-23,51.73,51.73,47.6,48.28,54243318.0,3220258362.0
2018-10-24,47.11,47.86,45.62,46.86,44049534.0,2476913916.0
2018-10-25,45.74,46.1,44.97,45.62,29030242.0,1583783393.0
2018-10-26,45.7,46.17,44.95,45.2,23160445.0,1261671861.0
2018-10-29,42.41,42.45,40.68,40.68,37955851.0,1867188642.0
2018-10-30,38.96,40.66,38.34,39.53,55024193.0,2611486808.0
2018-10-31,39.96,40.58,39.53,40.08,46199489.0,2224915887.0
2018-11-01,40.87,42.41,40.55,41.33,63904550.0,3185378780.0
2018-11-02,43.1,44.69,42.33,44.69,59391564.0,3096208025.0
2018-11-05,43.84,44.03,42.54,43.08,45764085.0,2369001863.0
2018-11-06,43.06,43.06,41.64,42.29,28332405.0,1431547618.0
2018-11-07,42.38,42.87,41.8,42.04,24085654.0,1226555650.0
2018-11-08,42.57,42.86,42.04,42.2,18200962.0,928122740.0
2018-11-09,41.63,41.99,41.53,41.63,14637808.0,733423985.0
2018-11-12,41.49,41.78,40.79,41.66,26182166.0,1301791732.0
2018-11-13,41.12,43.03,41.01,42.66,32615089.0,1651313768.0
2018-11-14,42.66,42.67,41.67,41.76,20628963.0,1040308055.0
2018-11-15,41.92,42.32,41.8,42.11,15193511.0,768330767.0
2018-11-16,42.29,42.6,41.96,42.2,19654868.0,998312550.0
2018-11-19,42.32,43.27,42.12,43.03,24718444.0,1271045174.0
2018-11-20,42.85,42.87,42.12,42.13,18098637.0,921741031.0
2018-11-21,41.63,42.82,41.54,42.56,18284843.0,931815891.0
2018-11-22,42.7,42.85,41.92,42.45,12411632.0,631537108.0
2018-11-23,42.44,42.62,41.62,41.64,13797926.0,693820134.0
2018-11-26,41.95,42.15,41.62,41.7,9509880.0,477612278.0
2018-11-27,41.93,41.93,41.24,41.44,10074605.0,502445554.0
2018-11-28,41.6,42.15,41.34,41.82,13733770.0,688851437.0
2018-11-29,42.56,42.85,41.95,41.98,24341460.0,1242372770.0
2018-11-30,42.2,43.61,42.04,43.61,39886604.0,2068637921.0
2018-12-03,45.01,45.95,44.45,45.86,46020824.0,2511545475.0
2018-12-04,45.78,46.12,45.29,45.74,21503516.0,1178732543.0
2018-12-05,45.11,46.29,44.91,45.71,28071491.0,1542561986.0
2018-12-06,44.99,45.33,43.89,44.12,29960836.0,1601536565.0
2018-12-07,44.54,44.68,43.95,44.28,14689412.0,782201158.0
2018-12-10,43.69,44.24,43.19,43.56,15876096.0,832455351.0
2018-12-11,43.58,44.11,43.39,43.97,11012014.0,578637436.0
2018-12-12,44.53,44.53,43.86,44.26,12163417.0,645047991.0
2018-12-13,44.24,45.33,44.03,44.96,23011367.0,1241031288.0
2018-12-14,44.81,44.87,44.05,44.11,17318616.0,922137673.0
2018-12-17,43.9,44.12,43.46,43.97,10384389.0,546825431.0
2018-12-18,43.63,44.15,43.54,44.07,10670645.0,561857538.0
2018-12-19,43.95,44.99,43.71,43.75,19096504.0,1019671420.0
2018-12-20,43.74,43.9,42.38,43.17,18203973.0,941847195.0
2018-12-21,42.79,42.87,41.66,42.12,19493928.0,988024605.0
2018-12-24,41.79,42.66,41.67,42.42,10492946.0,532943452.0
2018-12-25,41.85,42.54,41.5,42.34,12080036.0,608934764.0
2018-12-26,42.32,42.6,41.79,41.96,9119744.0,461720963.0
2018-12-27,42.62,42.85,41.75,41.75,13435416.0,683348924.0
2018-12-28,41.89,42.66,41.47,42.35,19068489.0,967588987.0
2019-01-02,42.95,43.12,41.48,41.57,23226724.0,1174716786.0
2019-01-03,41.65,41.65,40.18,40.76,27802962.0,1356928389.0
2019-01-04,40.15,41.44,39.96,41.24,24149801.0,1185479550.0
2019-01-07,41.54,41.75,40.81,41.05,23379693.0,1155244861.0
2019-01-08,41.19,41.29,40.69,40.81,16784439.0,824599216.0
2019-01-09,41.13,42.18,40.91,41.65,33078486.0,1658874318.0
2019-01-10,41.52,41.75,40.98,41.5,18637444.0,925758406.0
2019-01-11,41.66,42.26,41.39,42.2,24766779.0,1247223823.0
2019-01-14,42.04,42.11,41.19,41.28,21780059.0,1083865427.0
2019-01-15,41.41,44.2,41.21,44.09,50041349.0,2572947450.0
2019-01-16,43.95,43.95,43.31,43.45,33007796.0,1727407213.0
2019-01-17,43.62,43.94,42.92,43.22,23390986.0,1221557212.0
2019-01-18,43.45,45.37,43.45,44.85,52123534.0,2803566847.0
2019-01-21,45.49,46.92,45.47,46.62,54911173.0,3061837196.0
2019-01-22,46.62,46.62,45.49,45.96,33569156.0,1848120936.0
2019-01-23,45.68,46.24,45.45,45.84,20224228.0,1112986460.0
2019-01-24,46.03,46.41,45.37,45.95,19359761.0,1067519360.0
2019-01-25,46.24,46.49,45.55,45.99,24174003.0,1341239754.0
2019-01-28,46.62,48.74,46.2,47.84,59237546.0,3412999037.0
2019-01-29,47.95,48.76,47.2,48.76,31713216.0,1837922041.0
2019-01-30,48.6,49.25,47.61,47.68,28680178.0,1664437446.0
2019-01-31,48.04,50.49,47.12,50.19,52732368.0,3103402259.0
2019-02-01,50.61,51.08,50.13,50.93,39035408.0,2375429264.0
2019-02-11,51.5,54.3,50.44,53.86,43398199.0,2753822286.0
2019-02-12,53.98,55.58,53.52,53.9,43764170.0,2856721810.0
2019-02-13,54.51,55.14,53.67,55.0,37435649.0,2448957573.0
2019-02-14,54.9,56.85,54.6,56.57,44614646.0,3004589301.0
2019-02-15,56.6,56.77,55.0,55.27,31127211.0,2082676229.0
2019-02-18,55.86,58.19,55.86,58.16,43977028.0,3023099195.0
2019-02-19,58.0,58.66,57.11,57.99,33964852.0,2359916162.0
2019-02-20,57.85,58.67,56.44,57.45,29628140.0,2047537231.0
2019-02-21,57.4,57.64,56.24,56.65,28349805.0,1939785170.0
2019-02-22,56.1,57.02,55.61,57.02,23804524.0,1612149500.0
2019-02-25,57.15,59.81,56.18,59.32,59350605.0,4126012683.0
2019-02-26,59.07,59.1,57.27,57.37,45065352.0,3137917046.0
2019-02-27,57.89,60.33,57.56,58.32,48830743.0,3448272493.0
2019-02-28,58.1,60.43,57.03,59.52,39447795.0,2804495424.0
2019-03-01,60.02,63.36,59.68,63.18,49318998.0,3648644759.0
2019-03-04,63.75,66.18,62.86,64.3,61247124.0,4731317565.0
2019-03-05,64.3,65.39,63.9,64.74,33285888.0,2577911821.0
2019-03-06,64.3,64.43,63.26,64.09,34185096.0,2619984243.0
2019-03-07,63.33,63.33,60.93,61.57,46417664.0,3452843503.0
2019-03-08,59.72,61.92,59.11,59.47,42140085.0,3053064892.0
2019-03-11,59.6,63.69,59.6,63.26,45333022.0,3365404171.0
2019-03-12,63.16,64.22,62.24,62.68,34597522.0,2617867826.0
2019-03-13,62.43,64.23,62.14,63.68,32098342.0,2441832251.0
2019-03-14,64.01,65.75,63.03,64.22,43831252.0,3412067635.0
2019-03-15,63.99,66.25,62.44,65.58,40766689.0,3195204171.0
2019-03-18,65.49,72.14,65.34,72.14,78502853.0,6597656098.0
2019-03-19,70.7,73.76,70.17,71.59,61471264.0,5293626419.0
2019-03-20,70.76,73.4,70.26,71.34,40412261.0,3473591304.0
2019-03-21,71.35,71.59,70.36,70.67,21863519.0,1857556466.0
2019-03-22,70.38,72.1,69.93,71.63,28722831.0,2459037963.0
2019-03-25,70.34,71.17,68.51,68.93,33348523.0,2793616226.0
2019-03-26,69.26,71.31,69.23,70.31,32321293.0,2724755664.0
2019-03-27,71.07,74.88,70.38,73.24,49444264.0,4308324502.0
2019-03-28,74.75,76.49,73.26,75.17,60734571.0,5493378455.0
2019-03-29,76.17,81.64,75.87,79.08,57499553.0,5426052480.0
2019-04-01,79.08,81.13,78.25,80.39,54871096.0,5244031795.0
2019-04-02,79.91,80.31,78.48,79.96,35698969.0,3399871595.0
2019-04-03,78.76,80.75,78.76,79.41,24743843.0,2369519372.0
2019-04-04,78.8,84.52,78.41,83.43,51629797.0,5094805405.0
2019-04-08,87.11,87.73,83.25,84.91,53574123.0,5478418894.0
2019-04-09,83.38,91.67,83.33,91.58,47313725.0,4884426196.0
2019-04-10,88.24,91.59,85.74,89.07,67314447.0,7185973863.0
2019-04-11,88.15,88.99,81.22,83.08,67620791.0,6875381508.0
2019-04-12,81.49,83.49,80.74,82.93,41082462.0,4052939503.0
2019-04-15,84.91,87.35,83.24,83.74,46450328.0,4759979025.0
2019-04-16,82.08,85.1,80.79,85.08,47471447.0,4751005774.0
2019-04-17,84.06,87.8,83.49,86.26,42313686.0,4356259332.0
2019-04-18,86.01,86.99,84.74,85.19,27866312.0,2862113037.0
2019-04-19,85.19,85.26,83.13,84.62,30235053.0,3052000832.0
2019-04-22,84.07,86.49,83.66,84.18,35074375.0,3571766314.0
2019-04-23,83.74,88.65,83.66,86.83,52179397.0,5401052567.0
2019-04-24,87.4,88.65,84.07,86.16,36260720.0,3738473482.0
2019-04-25,85.57,86.57,83.74,83.74,32452314.0,3310704570.0
2019-04-26,83.16,86.16,83.16,85.13,41070659.0,4170490845.0
2019-04-29,84.07,87.5,82.24,85.15,57844278.0,5918159012.0
2019-04-30,84.91,86.99,84.07,85.21,29919652.0,3066006981.0
2019-05-06,81.86,82.1,76.68,76.68,71699288.0,6811943472.0
2019-05-07,77.66,80.72,77.66,79.88,51724250.0,4939402434.0
2019-05-08,77.56,81.29,77.43,79.81,33331643.0,3192877614.0
2019-05-09,79.0,79.81,74.93,76.42,52505788.0,4852605179.0
2019-05-10,78.74,82.81,77.92,82.58,59712662.0,5777245727.0
2019-05-13,82.41,86.82,80.74,86.24,52161819.0,5335656537.0
2019-05-14,84.07,87.4,84.07,85.31,43103407.0,4441800281.0
2019-05-15,86.74,91.98,85.87,91.48,64752067.0,6923929594.0
2019-05-16,90.53,93.22,89.73,91.55,42650271.0,4675545683.0
2019-05-17,90.75,92.38,87.4,88.62,50119516.0,5378725801.0
2019-05-20,88.07,88.18,84.57,86.57,39848030.0,4127376689.0
2019-05-21,86.58,88.39,84.82,86.74,41802959.0,4339949493.0
2019-05-22,85.99,87.51,84.07,86.0,28154190.0,2903441869.0
2019-05-23,85.09,85.74,82.68,83.1,42803482.0,4314285881.0
2019-05-24,83.33,85.64,83.08,84.09,32483843.0,3284967739.0
2019-05-27,84.49,85.45,81.99,84.91,35118546.0,3534292353.0
2019-05-28,84.57,86.74,84.32,85.82,42784082.0,4399951007.0
2019-05-29,84.89,87.59,84.57,87.03,43169848.0,4487115414.0
2019-05-30,86.41,87.57,84.9,85.85,24927582.0,2571306203.0
2019-05-31,86.07,86.07,84.1,84.28,28848416.0,2938475709.0
2019-06-03,84.32,86.2,83.29,84.46,26133637.0,2653955613.0
2019-06-04,85.22,85.32,82.1,82.57,32098094.0,3192822294.0
2019-06-05,83.7,83.75,82.31,82.45,23542007.0,2346988264.0
2019-06-06,82.98,83.65,81.87,82.4,21720447.0,2118748151.0
2019-06-10,82.41,85.65,81.31,85.07,34585705.0,3428090378.0
2019-06-11,85.68,92.76,85.27,92.28,64152654.0,6792227837.0
2019-06-12,92.41,93.0,90.12,91.14,38459328.0,4155736709.0
2019-06-13,91.49,91.6,89.06,90.45,27469333.0,2924978251.0
2019-06-14,90.44,92.06,88.67,88.9,34824273.0,3709509512.0
2019-06-17,88.9,89.98,86.48,87.83,30060892.0,3129573468.0
2019-06-18,87.63,89.04,86.56,88.15,23270902.0,2416587881.0
2019-06-19,91.28,91.64,89.66,89.69,37826025.0,4049045244.0
2019-06-20,89.32,95.79,89.21,95.68,63113288.0,6984596750.0
2019-06-21,94.91,96.45,94.18,95.69,42898624.0,4826930124.0
2019-06-24,95.69,99.43,94.87,97.45,42801426.0,4920809659.0
2019-06-25,97.45,98.73,94.86,97.32,38759654.0,4414668439.0
2019-06-26,96.76,97.26,95.87,96.4,20314890.0,2313679180.0
2019-06-27,96.98,100.34,96.98,99.35,44692926.0,5219625988.0
2019-06-28,99.58,100.23,98.15,99.9,27036146.0,3173238392.0
2019-07-01,102.63,106.72,102.52,106.72,47980942.0,5957481820.0
2019-07-02,105.62,108.41,105.54,108.41,38293861.0,4819052184.0
2019-07-03,107.56,110.35,103.45,104.95,71443386.0,9012422827.0
2019-07-04,104.93,105.75,101.87,104.25,48313464.0,5912603655.0
2019-07-05,104.6,110.26,104.18,109.94,56284313.0,7145349871.0
2019-07-08,109.92,109.93,105.45,107.59,46616192.0,5915433713.0
2019-07-09,107.33,109.09,105.45,106.72,36763638.0,4648787015.0
2019-07-10,107.46,107.94,106.21,107.08,24640005.0,3115224798.0
2019-07-11,107.94,108.34,104.03,104.6,42100356.0,5284580704.0
2019-07-12,104.79,107.17,104.09,106.36,33453302.0,4185378161.0
2019-07-15,105.04,106.26,102.9,105.95,29438667.0,3649762390.0
2019-07-16,105.95,106.72,104.34,104.67,22980004.0,2852294240.0
2019-07-17,104.6,105.65,103.75,104.68,19844862.0,2452457674.0
2019-07-18,104.61,105.23,102.48,102.48,27961769.0,3420457852.0
2019-07-19,103.33,104.92,102.57,103.45,23843334.0,2923077635.0
2019-07-22,103.58,104.84,102.76,104.56,22928970.0,2814700738.0
2019-07-23,104.77,104.84,100.52,101.68,42676139.0,5141805061.0
2019-07-24,101.82,102.59,100.79,101.21,28278572.0,3392025183.0
2019-07-25,101.04,103.13,98.42,103.06,43975274.0,5225971396.0
2019-07-26,102.32,103.75,102.06,102.69,23523112.0,2859765034.0
2019-07-29,102.9,105.17,102.42,104.81,35604106.0,4382731014.0
2019-07-30,105.11,105.6,103.75,104.09,23894477.0,2948652614.0
2019-07-31,103.5,104.26,101.87,102.24,24268263.0,2940184907.0
2019-08-01,101.66,102.75,100.05,100.81,26073594.0,3109917796.0
2019-08-02,98.51,100.49,98.26,100.04,27001114.0,3167999085.0
2019-08-05,98.7,101.12,98.43,99.05,26994647.0,3169877897.0
2019-08-06,98.92,103.16,96.81,102.72,53310230.0,6331332805.0
2019-08-07,103.16,103.2,100.67,100.69,25685751.0,3082279497.0
2019-08-08,101.2,103.0,101.01,102.07,25217971.0,3043542052.0
2019-08-09,102.9,103.31,99.52,99.96,27818507.0,3321550417.0
2019-08-12,102.47,104.34,100.8,104.04,39537008.0,4797396605.0
2019-08-13,103.33,104.18,102.8,103.58,19187436.0,2342683338.0
2019-08-14,105.19,107.56,104.61,106.59,41626948.0,5232740560.0
2019-08-15,104.94,107.09,104.61,106.7,24699937.0,3086946678.0
2019-08-16,107.14,109.26,106.21,106.97,31217017.0,3974054169.0
2019-08-19,107.82,109.1,106.49,108.33,31274691.0,3982435340.0
2019-08-20,108.41,110.29,108.16,109.76,30661661.0,3970361320.0
2019-08-21,109.67,110.0,108.07,108.28,23290010.0,2992919479.0
2019-08-22,108.7,110.95,108.29,110.53,30208688.0,3912514037.0
2019-08-23,110.56,111.53,109.41,110.19,32066729.0,4184735271.0
2019-08-26,108.33,109.26,107.22,107.92,28321987.0,3616949036.0
2019-08-27,109.06,112.88,108.79,112.12,37967088.0,4996837362.0
2019-08-28,112.81,115.65,111.54,113.42,34376375.0,4610003447.0
2019-08-29,113.83,116.66,113.25,116.03,31629032.0,4294986773.0
2019-08-30,116.92,121.2,116.91,119.84,44079767.0,6195944730.0
2019-09-02,119.84,120.73,116.96,120.17,32990052.0,4649797984.0
2019-09-03,120.27,120.94,118.07,119.84,27475366.0,3872907647.0
2019-09-04,118.62,119.42,116.46,117.14,38055567.0,5269300148.0
2019-09-05,117.12,118.78,116.71,117.64,30024701.0,4172563456.0
2019-09-06,118.28,118.66,116.22,118.58,27932773.0,3879562633.0
2019-09-09,118.62,119.19,117.39,117.9,22490260.0,3131952949.0
2019-09-10,117.05,117.3,115.36,116.24,24783638.0,3401992979.0
2019-09-11,114.34,114.85,108.99,109.48,70230982.0,9220352270.0
2019-09-12,107.99,111.92,107.99,111.42,41275448.0,5390859933.0
2019-09-16,110.5,111.63,109.34,110.88,23810803.0,3107715799.0
2019-09-17,110.19,113.27,109.75,111.41,25786137.0,3398413397.0
2019-09-18,111.88,115.12,111.81,114.81,36393551.0,4907950566.0
2019-09-19,115.19,115.4,113.25,114.27,18204494.0,2452341153.0
2019-09-20,114.76,116.47,114.76,115.9,25790534.0,3523702835.0
2019-09-23,115.8,115.8,111.8,114.21,20957318.0,2814843038.0
2019-09-24,113.7,116.64,113.7,115.62,26869373.0,3672327398.0
2019-09-25,115.19,116.78,114.05,115.64,18963438.0,2588651275.0
2019-09-26,116.01,116.56,112.94,113.58,21939303.0,2964217247.0
2019-09-27,112.74,114.59,111.97,113.32,16671138.0,2233718324.0
2019-09-30,112.64,113.45,109.68,109.93,26543399.0,3473617323.0
2019-10-08,109.93,113.97,109.93,112.44,22689638.0,3022296806.0
2019-10-09,112.64,112.72,110.7,111.64,16882911.0,2221320313.0
2019-10-10,108.93,111.5,106.78,110.94,29345896.0,3786598649.0
2019-10-11,111.37,112.35,109.26,111.16,22670709.0,2967723910.0
2019-10-14,112.64,113.07,110.36,110.83,21041065.0,2764340143.0
2019-10-15,110.95,113.09,110.1,112.38,27487661.0,3641762778.0
2019-10-16,110.02,111.16,109.04,110.21,27437116.0,3569058486.0
2019-10-17,110.95,111.06,109.89,110.36,14755560.0,1923019606.0
2019-10-18,110.09,110.09,107.28,107.82,32536856.0,4170460177.0
2019-10-21,107.82,108.83,106.83,108.51,16563683.0,2116275972.0
2019-10-22,109.26,109.58,108.41,109.26,14442132.0,1859987014.0
2019-10-23,109.26,110.17,107.58,107.83,19181167.0,2462727681.0
2019-10-24,108.03,108.58,105.23,105.47,27060582.0,3395329987.0
2019-10-25,106.0,108.83,105.38,108.58,25785280.0,3268792453.0
2019-10-28,108.6,110.78,107.8,110.15,23636430.0,3064652343.0
2019-10-29,110.95,112.35,110.32,111.37,21468578.0,2830140055.0
2019-10-30,111.37,111.69,109.75,110.91,13281604.0,1733800238.0
2019-10-31,114.9,115.19,111.55,111.87,33327198.0,4458545241.0
2019-11-01,112.39,113.64,111.67,113.24,22376828.0,2975884622.0
2019-11-04,113.41,115.06,113.36,113.48,22047279.0,2968606688.0
2019-11-05,113.92,114.58,113.11,113.73,16396464.0,2205196710.0
2019-11-06,114.32,114.32,112.23,112.33,19092258.0,2540229477.0
2019-11-07,112.34,113.06,111.9,112.79,10399280.0,1383132377.0
2019-11-08,113.75,115.72,113.49,113.99,28921955.0,3912720224.0
2019-11-11,113.49,114.24,111.8,112.41,21772694.0,2894022133.0
2019-11-12,112.73,113.36,111.96,112.96,16013871.0,2130045592.0
2019-11-13,113.32,114.58,112.37,114.02,18158898.0,2438350701.0
2019-11-14,114.04,114.76,113.22,113.96,18723881.0,2524776840.0
2019-11-15,114.32,114.32,112.64,112.92,13065315.0,1746120607.0
2019-11-18,113.0,113.57,112.22,112.64,13464186.0,1788831705.0
2019-11-19,112.64,113.24,112.28,113.07,15571662.0,2071712323.0
2019-11-20,112.64,114.81,112.48,113.49,21008904.0,2823391066.0
2019-11-21,113.2,113.7,112.57,113.2,12816526.0,1708768225.0
2019-11-22,112.96,113.55,108.45,109.23,28311900.0,3702375517.0
2019-11-25,108.66,109.75,106.48,109.0,23431277.0,2991410071.0
2019-11-26,109.01,110.71,109.01,110.71,17290856.0,2247438028.0
2019-11-27,110.52,112.05,109.88,111.37,15469072.0,2030274023.0
2019-11-28,111.81,112.48,110.02,110.79,11386396.0,1494448474.0
2019-11-29,110.61,110.61,106.72,108.03,25875927.0,3301606332.0
2019-12-02,107.94,109.21,106.04,107.56,14121785.0,1797000338.0
2019-12-03,107.02,107.39,105.77,106.75,13950866.0,1751894507.0
2019-12-04,108.38,108.89,107.46,108.79,19221202.0,2460398235.0
2019-12-05,108.83,109.0,107.99,108.55,11277894.0,1444566391.0
2019-12-06,108.54,111.12,108.42,110.93,20298314.0,2646395632.0
2019-12-09,111.6,112.63,110.27,110.52,13149531.0,1729362052.0
2019-12-10,110.0,111.02,109.68,110.83,9711599.0,1265677536.0
2019-12-11,110.44,110.82,108.41,109.1,14718510.0,1895323879.0
2019-12-12,109.26,109.44,107.82,108.22,12977588.0,1660017933.0
2019-12-13,108.9,110.29,108.58,109.7,16466625.0,2129229227.0
2019-12-16,110.29,110.36,108.07,109.11,20212079.0,2593321998.0
2019-12-17,109.25,110.38,109.13,110.32,25266098.0,3279889508.0
2019-12-18,110.53,112.58,110.32,110.9,23557396.0,3096584395.0
2019-12-19,110.95,111.5,109.41,109.99,13036263.0,1694680211.0
2019-12-20,110.1,110.34,109.17,109.34,13045860.0,1685840239.0
2019-12-23,107.99,109.68,107.55,108.53,15676477.0,2013854463.0
2019-12-24,108.78,109.78,108.75,109.0,8308120.0,1071252225.0
2019-12-25,109.39,109.42,108.15,108.49,10982186.0,1405926673.0
2019-12-26,108.49,108.68,107.8,108.54,10114355.0,1293330428.0
2019-12-27,109.24,110.32,109.1,109.26,19653000.0,2547996968.0
2019-12-30,109.43,112.86,108.9,112.49,34011693.0,4485255974.0
2019-12-31,112.64,113.59,111.97,112.65,19507442.0,2597567644.0
2020-01-02,111.8,113.07,109.76,111.87,30667439.0,4038536855.0
2020-01-03,111.46,111.86,109.77,110.57,20469248.0,2672531470.0
2020-01-06,110.1,110.32,108.85,109.43,25936979.0,3353682073.0
2020-01-07,109.68,111.01,109.26,109.57,22327793.0,2901574233.0
2020-01-08,109.25,109.9,108.45,109.16,16180218.0,2083242871.0
2020-01-09,109.26,111.12,108.62,110.76,25549057.0,3317934212.0
2020-01-10,110.53,113.53,110.53,113.17,42969542.0,5712380856.0
2020-01-13,113.71,118.57,113.7,118.29,49604194.0,6847185988.0
2020-01-14,118.66,119.15,117.05,117.35,19907317.0,2767444879.0
2020-01-15,117.35,120.95,117.35,119.25,23478904.0,3309331110.0
2020-01-16,119.25,120.27,117.98,119.13,14535988.0,2046672621.0
2020-01-17,119.64,120.1,117.13,117.35,14847814.0,2068064060.0
2020-01-20,119.04,119.13,115.86,116.51,16753769.0,2308928099.0
2020-01-21,115.61,115.61,111.81,112.32,29307308.0,3903226855.0
2020-01-22,110.94,112.37,109.9,111.54,25753051.0,3375415202.0
2020-01-23,111.6,111.6,105.87,106.85,41593668.0,5294268764.0
2020-02-03,96.16,96.16,96.16,96.16,16763900.0,1903373206.0
2020-02-04,92.32,101.63,92.32,96.98,71021426.0,8017646169.0
2020-02-05,98.16,101.47,96.64,99.53,38878339.0,4546389351.0
2020-02-06,100.79,101.58,98.75,100.91,30655105.0,3619248779.0
2020-02-07,101.0,102.42,99.61,102.13,28011695.0,3346691769.0
2020-02-10,101.21,103.61,100.43,102.59,22187650.0,2682789606.0
2020-02-11,102.61,106.29,102.61,105.69,24577382.0,3049430908.0
2020-02-12,105.45,106.08,103.98,105.44,17511362.0,2168783486.0
2020-02-13,105.77,107.28,104.49,105.14,17862884.0,2230165010.0
2020-02-14,105.19,106.61,103.71,104.54,16971973.0,2094049252.0
2020-02-17,104.33,105.28,103.82,105.28,23816908.0,2941280510.0
2020-02-18,104.85,105.28,104.18,104.51,12872775.0,1590249169.0
2020-02-19,104.84,107.72,103.9,106.72,31662776.0,3976674952.0
2020-02-20,107.56,110.6,107.47,110.23,33466160.0,4332207306.0
2020-02-21,110.1,111.12,109.27,110.1,20743751.0,2695003477.0
2020-02-24,109.6,109.6,107.31,107.65,23560124.0,3005249413.0
2020-02-25,105.7,107.56,104.9,106.12,24063330.0,3014293143.0
2020-02-26,104.88,107.07,104.18,105.11,21417866.0,2662201891.0
2020-02-27,105.7,108.2,105.45,106.97,23573167.0,2986686525.0
2020-02-28,105.02,105.05,100.79,102.14,36601211.0,4445668089.0
2020-03-02,101.72,104.68,101.3,103.88,26982238.0,3287615181.0
2020-03-03,104.77,106.61,104.77,105.34,23092324.0,2878896361.0
2020-03-04,105.02,106.66,105.02,106.1,19757510.0,2471690890.0
2020-03-05,107.18,114.24,106.72,112.81,56561987.0,7399037627.0
2020-03-06,111.8,114.24,110.1,110.16,29165822.0,3845033468.0
2020-03-09,108.41,108.62,106.75,106.97,24454158.0,3106158207.0
2020-03-10,106.97,111.48,106.89,110.71,31077221.0,4017374186.0
2020-03-11,112.22,112.48,109.68,110.02,18763487.0,2452609915.0
2020-03-12,107.46,108.5,106.6,106.75,25266000.0,3199005136.0
2020-03-13,101.63,106.06,100.69,103.84,35088698.0,4280415923.0
2020-03-16,102.82,103.67,96.9,97.82,37024247.0,4379489485.0
2020-03-17,96.98,99.58,91.96,95.16,35297954.0,3975112228.0
2020-03-18,95.88,98.22,90.36,91.12,40442259.0,4528147000.0
2020-03-19,89.61,90.62,83.54,86.48,60169789.0,6133825333.0
2020-03-20,88.35,92.88,88.26,91.9,42206390.0,4484741875.0
2020-03-23,88.08,90.2,87.27,88.52,32826540.0,3443583082.0
2020-03-24,90.69,93.07,89.81,92.36,35636342.0,3859693789.0
2020-03-25,95.79,97.37,94.72,96.55,30947333.0,3508691591.0
2020-03-26,95.69,98.5,94.77,96.46,20880123.0,2397709906.0
2020-03-27,97.91,99.77,97.91,98.09,23543496.0,2745616756.0
2020-03-30,95.55,96.57,94.6,95.9,20580583.0,2321514404.0
2020-03-31,97.4,98.75,96.6,97.57,18849621.0,2179898621.0
2020-04-01,98.25,99.09,96.93,97.4,17596852.0,2033698724.0
2020-04-02,96.55,99.25,96.15,99.25,19153739.0,2218330786.0
2020-04-03,99.69,101.19,98.92,99.53,17580586.0,2076905527.0
2020-04-07,102.14,105.51,102.14,105.14,29451150.0,3627761365.0
2020-04-08,105.14,106.71,104.54,106.11,20113362.0,2515223466.0
2020-04-09,107.27,108.07,104.18,105.85,15879620.0,1985606241.0
2020-04-10,105.85,109.09,105.19,107.16,19896089.0,2526071158.0
2020-04-13,106.0,107.58,105.19,105.87,14606018.0,1831925095.0
2020-04-14,107.23,109.16,106.04,108.79,19461888.0,2481573353.0
2020-04-15,108.81,110.34,107.74,108.33,16296718.0,2095661174.0
2020-04-16,107.57,108.24,106.31,106.8,18825435.0,2379554856.0
2020-04-17,107.71,109.85,107.34,109.1,23471089.0,3022344869.0
2020-04-20,110.04,110.51,109.16,109.52,13218834.0,1710863423.0
2020-04-21,108.48,109.21,105.94,107.11,20552372.0,2596092234.0
2020-04-22,107.17,110.94,106.23,110.36,26598477.0,3436601400.0
2020-04-23,111.12,113.75,110.78,111.03,21331870.0,2822832124.0
2020-04-24,111.15,112.89,109.57,111.29,16773324.0,2215246722.0
2020-04-27,112.23,113.17,110.43,112.39,15934244.0,2110526724.0
2020-04-28,115.19,119.61,113.92,117.73,42077345.0,5811722420.0
2020-04-29,117.73,118.7,113.49,114.76,29183204.0,3980521441.0
2020-04-30,114.76,117.9,113.51,114.99,22864055.0,3121490869.0
2020-05-06,113.92,117.77,113.47,117.06,25104481.0,3442757066.0
2020-05-07,117.2,120.27,116.35,120.19,27796178.0,3911603340.0
2020-05-08,120.82,123.23,119.36,121.03,24326698.0,3478295311.0
2020-05-11,121.3,122.89,119.42,120.14,23681991.0,3384838039.0
2020-05-12,119.42,121.78,119.33,121.03,15184489.0,2167669766.0
2020-05-13,121.03,123.83,120.52,123.66,19635029.0,2845747547.0
2020-05-14,123.57,124.5,122.3,123.91,15361261.0,2244204772.0
2020-05-15,124.93,125.34,122.03,122.99,16064447.0,2338474671.0
2020-05-18,122.81,129.13,122.47,128.05,24881015.0,3718097609.0
2020-05-19,129.86,130.0,127.36,128.25,17650556.0,2669709610.0
2020-05-20,129.16,129.57,127.48,127.76,17041214.0,2580358166.0
2020-05-21,128.62,130.03,127.92,128.47,17092150.0,2602103043.0
2020-05-22,127.69,127.7,121.67,122.17,38352639.0,5597327855.0
2020-05-25,121.97,124.84,119.51,124.53,24355991.0,3540747465.0
2020-05-26,124.53,126.3,123.78,125.19,16511925.0,2436906020.0
2020-05-27,125.2,125.69,123.38,123.79,14596302.0,2143082940.0
2020-05-28,123.78,125.37,122.38,123.79,14818404.0,2166223144.0
2020-05-29,122.81,125.85,122.66,125.52,16321720.0,2408655796.0
2020-06-01,127.09,135.67,127.09,134.32,35784358.0,5624344618.0
2020-06-02,134.15,138.6,133.84,134.47,29158586.0,4669324668.0
2020-06-03,136.24,137.0,132.7,134.02,25275933.0,4004118586.0
2020-06-04,133.84,135.5,132.97,134.54,13631755.0,2166142875.0
2020-06-05,134.76,136.09,133.48,135.59,15985906.0,2547709185.0
2020-06-08,135.09,139.71,134.92,136.03,22255110.0,3596734091.0
2020-06-09,136.0,138.05,134.67,137.72,16111888.0,2610701054.0
2020-06-10,137.76,138.71,136.43,137.66,14948146.0,2428166146.0
2020-06-11,137.04,137.83,133.78,135.57,19946097.0,3195703175.0
2020-06-12,132.97,137.11,132.21,136.78,17647613.0,2822869417.0
2020-06-15,134.67,136.26,132.55,132.97,26621961.0,4206860399.0
2020-06-16,133.06,134.89,132.46,133.55,25984652.0,4095546267.0
2020-06-17,133.19,133.4,130.35,132.02,23242329.0,3610097414.0
2020-06-18,132.63,134.31,132.09,134.12,19949002.0,3145346589.0
2020-06-19,134.24,141.02,134.18,140.23,38702809.0,6342808631.0
2020-06-22,140.77,140.77,138.2,139.91,21631228.0,3513415730.0
2020-06-23,139.91,144.55,139.12,144.19,26532477.0,4413501331.0
2020-06-24,144.56,147.04,143.35,144.73,18798602.0,3172425487.0
2020-06-29,143.01,144.63,142.32,143.78,19993555.0,3331811630.0
2020-06-30,144.67,147.35,144.63,146.88,18989762.0,3238678111.0
2020-07-01,146.88,158.88,146.88,156.2,27181836.0,4886748746.0
2020-07-02,154.5,165.1,154.4,162.65,34887021.0,6549218076.0
2020-07-03,163.08,163.52,156.65,161.99,30815941.0,5745184556.0
2020-07-06,161.98,168.24,159.28,165.51,32843107.0,6291466680.0
2020-07-07,165.47,177.15,163.36,173.29,38411125.0,7693352359.0
2020-07-08,172.96,176.65,170.81,174.56,29232255.0,5907018140.0
2020-07-09,174.58,176.27,172.96,174.87,29524349.0,5988999450.0
2020-07-10,174.25,181.8,172.36,177.68,33547581.0,6923294758.0
2020-07-13,177.68,193.13,177.68,187.29,48880722.0,10648696887.0
2020-07-14,187.38,193.41,182.0,189.61,43873308.0,9589876575.0
2020-07-15,187.98,193.99,186.78,192.23,37169954.0,8289624150.0
2020-07-16,189.7,189.74,173.01,173.01,70573669.0,14817949982.0
2020-07-17,167.38,180.0,167.38,176.3,52976677.0,10785868982.0
2020-07-20,176.39,178.97,163.96,173.11,44290656.0,8808311369.0
2020-07-21,172.53,179.31,170.64,176.46,31785876.0,6514435743.0
2020-07-22,175.32,182.72,174.03,179.31,28066323.0,5873887495.0
2020-07-23,177.94,181.89,176.48,180.32,26541311.0,5547862013.0
2020-07-24,178.54,179.35,169.96,172.87,40538626.0,8233915252.0
2020-07-27,174.58,177.51,172.88,175.19,24634688.0,5038945710.0
2020-07-28,176.73,186.21,175.68,183.69,38449712.0,8143034020.0
2020-07-29,183.99,184.96,179.41,184.53,30136414.0,6417584056.0
2020-07-30,183.69,187.17,182.83,185.68,25322564.0,5483434280.0
2020-07-31,185.84,189.71,183.93,186.69,26231782.0,5707639443.0
2020-08-03,187.28,188.78,184.72,186.88,20145355.0,4369803364.0
2020-08-04,186.69,188.67,183.69,185.23,20676941.0,4483369687.0
2020-08-05,185.06,186.92,182.83,186.68,18671238.0,4024536334.0
2020-08-06,186.68,187.59,179.96,181.13,32304359.0,6855967077.0
2020-08-07,180.26,182.83,174.4,177.9,28723584.0,5960012764.0
2020-08-10,177.9,179.29,174.2,176.77,19152100.0,3941811352.0
2020-08-11,177.68,183.13,177.68,179.4,25009077.0,5285963734.0
2020-08-12,178.47,180.15,174.28,177.23,18024993.0,3701984355.0
2020-08-13,178.54,180.26,176.39,177.59,12320969.0,2555092633.0
2020-08-14,177.08,183.09,177.01,182.74,24431491.0,5144549732.0
2020-08-17,184.12,190.56,184.12,188.83,31515599.0,6913069145.0
2020-08-18,188.83,191.41,187.23,189.33,19038249.0,4208955658.0
2020-08-19,189.24,193.96,186.5,190.73,23847268.0,5300628769.0
2020-08-20,188.84,189.63,185.41,185.78,18490663.0,4022580053.0
2020-08-21,188.84,189.68,185.78,187.47,15731861.0,3438178400.0
2020-08-24,188.82,194.25,188.14,193.13,23152218.0,5170962344.0
2020-08-25,193.99,203.22,193.98,202.23,28547871.0,6659413393.0
2020-08-26,202.06,205.89,199.31,203.13,26209992.0,6176301738.0
2020-08-27,205.13,205.13,198.4,204.36,21348858.0,5024119736.0
2020-08-28,202.56,210.18,200.17,206.44,32724152.0,7823482205.0
2020-08-31,207.72,211.76,206.01,206.01,31571514.0,7691010331.0
2020-09-01,203.84,205.83,200.08,202.78,30087024.0,7091377403.0
2020-09-02,201.89,205.82,200.68,201.71,19633125.0,4642766180.0
2020-09-03,202.06,208.58,201.88,204.84,27569574.0,6599198582.0
2020-09-04,200.86,200.86,194.22,197.61,37092062.0,8495154315.0
2020-09-07,196.86,200.38,193.22,194.75,23622659.0,5428172452.0
2020-09-08,194.97,196.86,186.78,190.5,35708526.0,7906064619.0
2020-09-09,187.82,189.41,185.41,186.26,22706135.0,4950173118.0
2020-09-10,188.84,193.78,188.8,191.59,23154133.0,5168118228.0
2020-09-11,190.08,195.6,188.99,195.6,20470064.0,4597798171.0
2020-09-14,196.63,198.66,192.43,197.49,20749216.0,4747190669.0
2020-09-15,197.42,198.62,195.71,197.71,12036547.0,2765306526.0
2020-09-16,198.06,199.3,193.13,194.01,18453747.0,4206118388.0
2020-09-17,190.61,193.99,187.9,191.11,22801632.0,5066620920.0
2020-09-18,191.11,197.01,189.54,197.01,19015650.0,4291299128.0
2020-09-21,195.71,197.04,192.68,193.05,13028469.0,2942680885.0
2020-09-22,190.95,194.65,190.56,191.33,12091370.0,2711926528.0
2020-09-23,185.92,190.12,182.37,188.26,25179488.0,5469429699.0
2020-09-24,187.19,190.02,185.3,185.66,16365237.0,3569684236.0
2020-09-25,186.27,188.36,185.72,186.44,11251653.0,2449369665.0
2020-09-28,187.41,191.29,187.12,188.95,15264425.0,3363291339.0
2020-09-29,190.56,191.24,187.78,188.61,9972097.0,2199769865.0
2020-09-30,189.7,193.13,188.93,189.7,16234185.0,3608733492.0
2020-10-09,193.13,197.04,191.66,195.34,20893388.0,4736861701.0
2020-10-12,196.56,207.73,196.56,207.51,32455704.0,7713734278.0
2020-10-13,207.51,209.95,205.01,207.95,17191051.0,4169972230.0
2020-10-14,207.54,209.72,204.44,205.49,18319372.0,4414453298.0
2020-10-15,205.59,206.44,204.58,205.07,11176087.0,2673550250.0
2020-10-16,205.06,206.71,201.92,203.33,11835750.0,2812810616.0
2020-10-19,206.01,207.38,201.37,202.73,12290083.0,2920521351.0
2020-10-20,202.57,206.86,201.71,206.85,17996331.0,4313854389.0
2020-10-21,206.85,209.18,205.74,207.53,13707691.0,3309649772.0
2020-10-22,207.72,208.57,203.16,207.5,15041607.0,3620503900.0
2020-10-23,206.68,207.93,202.83,203.11,13452273.0,3217550682.0
2020-10-26,197.42,201.36,191.41,199.66,16000039.0,3696971910.0
2020-10-27,200.01,202.02,198.02,200.43,14302682.0,3339001552.0
2020-10-28,201.71,207.72,200.36,205.99,17076230.0,4079939456.0
2020-10-29,204.98,217.83,204.71,214.59,34962748.0,8707106516.0
2020-10-30,211.97,214.59,208.81,209.74,23948951.0,5883433066.0
2020-11-02,212.08,215.49,209.87,210.9,15733705.0,3880439538.0
2020-11-03,212.96,214.93,210.73,214.93,16535083.0,4112229156.0
2020-11-04,214.8,217.17,213.13,217.17,12992837.0,3267104849.0
2020-11-05,219.73,223.04,218.07,222.67,18968980.0,4898017532.0
2020-11-06,223.22,224.2,218.92,222.57,15116483.0,3901814024.0
2020-11-09,224.03,231.76,223.69,231.76,20628388.0,5513207008.0
2020-11-10,232.39,239.18,229.4,234.16,22308070.0,6085547698.0
2020-11-11,232.36,239.48,230.34,230.81,22787338.0,6218718171.0
2020-11-12,230.81,233.04,227.47,229.74,17623158.0,4716978361.0
2020-11-13,227.47,229.5,221.46,227.47,18843071.0,4950551088.0
2020-11-16,230.04,234.46,226.19,234.33,19577792.0,5269426372.0
2020-11-17,234.32,235.66,228.32,230.98,17947672.0,4847011187.0
2020-11-18,230.03,231.35,222.32,226.37,19456273.0,5134604862.0
2020-11-19,225.18,228.58,223.17,227.21,12448246.0,3287372159.0
2020-11-20,228.79,232.19,227.29,230.44,11122604.0,2984187158.0
2020-11-23,233.04,238.43,233.04,233.97,15634214.0,4282239109.0
2020-11-24,233.97,233.99,229.18,233.29,12503527.0,3370155284.0
2020-11-25,233.3,233.81,225.59,225.72,16559440.0,4404834698.0
2020-11-26,225.04,227.62,216.91,223.67,19905229.0,5158676273.0
2020-11-27,223.67,225.16,221.54,225.15,11259290.0,2933632286.0
2020-11-30,223.73,224.88,217.72,218.02,21174104.0,5419775806.0
2020-12-01,218.88,222.21,218.88,221.45,13648057.0,3509920228.0
2020-12-02,223.17,224.88,220.68,223.65,11637763.0,3028626146.0
2020-12-03,223.23,224.89,222.29,224.57,9208685.0,2403046139.0
2020-12-04,223.6,230.04,223.3,229.35,17051140.0,4536004928.0
2020-12-07,229.36,236.22,229.36,231.96,19621618.0,5339342748.0
2020-12-08,233.09,235.23,230.51,233.47,14777562.0,4019960930.0
2020-12-09,234.33,235.19,231.33,231.52,11677649.0,3166929095.0
2020-12-10,230.9,233.47,229.44,229.76,13410208.0,3611981640.0
2020-12-11,230.77,231.75,226.09,229.63,15005255.0,3995342179.0
2020-12-14,230.47,234.76,228.39,234.46,18174424.0,4937790460.0
2020-12-15,234.46,234.59,229.45,232.44,14611814.0,3949335198.0
2020-12-16,234.33,236.05,233.47,235.47,16025487.0,4392611714.0
2020-12-17,235.65,240.34,235.37,238.46,19976098.0,5547260941.0
2020-12-18,237.68,240.07,235.26,237.65,15082525.0,4179755004.0
2020-12-21,236.32,242.04,236.32,241.98,16188978.0,4537599926.0
2020-12-22,242.9,247.21,242.03,242.38,18706371.0,5338602867.0
2020-12-23,242.92,247.64,236.05,238.87,25221586.0,7103972924.0
2020-12-24,236.91,239.4,233.78,236.32,15616076.0,4293939904.0
2020-12-25,233.99,238.13,233.04,236.84,11111390.0,3051169983.0
2020-12-28,236.91,245.63,236.89,245.45,19381209.0,5490499481.0
2020-12-29,245.56,246.06,239.64,241.2,14658930.0,4136060906.0
2020-12-30,242.82,246.86,241.42,246.25,16882539.0,4826857468.0
2020-12-31,247.22,252.76,247.21,250.51,16003830.0,4661694422.0
2021-01-04,250.64,257.51,250.63,255.83,23427822.0,6977115208.0
2021-01-05,255.1,274.66,252.79,274.66,31460633.0,9802665756.0
2021-01-06,274.8,288.12,272.78,281.8,31343033.0,10211616774.0
2021-01-07,281.81,283.84,272.17,283.26,24255948.0,7882443069.0
2021-01-08,283.31,284.63,265.18,272.1,37870249.0,12096818570.0
2021-01-11,271.61,271.67,257.08,258.54,38195291.0,11637052716.0
2021-01-12,256.61,267.21,255.79,266.09,23025505.0,7067492692.0
2021-01-13,267.4,269.08,259.33,262.08,23365302.0,7164303594.0
2021-01-14,260.94,261.7,248.07,248.41,35489554.0,10426526439.0
2021-01-15,247.21,250.89,238.68,246.95,41713251.0,11843762787.0
2021-01-18,244.63,246.47,239.77,244.25,27255864.0,7724438137.0
2021-01-19,246.35,248.92,240.34,241.63,29388857.0,8340023175.0
2021-01-20,240.34,245.16,236.0,244.5,26404034.0,7448387725.0
2021-01-21,245.32,256.64,245.06,254.89,29402390.0,8608576888.0
2021-01-22,253.28,257.43,251.14,253.7,24946675.0,7369528934.0
2021-01-25,253.71,271.53,251.67,270.98,41290940.0,12821666909.0
2021-01-26,270.98,270.99,261.89,262.47,24143501.0,7458358974.0
2021-01-27,260.0,260.0,246.35,251.14,30793847.0,9033475507.0
2021-01-28,247.41,250.64,242.92,245.49,27607757.0,7911157527.0
2021-01-29,248.92,253.34,247.88,249.9,22010914.0,6431745130.0
2021-02-01,251.51,257.4,250.89,250.89,19575992.0,5790219683.0
2021-02-02,250.64,261.22,250.56,261.04,29749240.0,8931329219.0
2021-02-03,260.77,265.23,258.47,265.02,22454665.0,6862660164.0
2021-02-04,262.66,271.93,261.81,269.18,28057460.0,8823190962.0
2021-02-05,269.53,283.26,269.53,274.47,32891319.0,10624157468.0
2021-02-08,278.11,283.69,269.35,274.68,26652998.0,8556525645.0
2021-02-09,276.39,283.26,272.84,282.83,22477980.0,7323491251.0
2021-02-10,285.83,296.72,285.4,294.12,33193163.0,11318193474.0
2021-02-18,304.28,306.6,284.02,286.26,34381508.0,11828646632.0
2021-02-19,286.35,297.16,279.78,295.62,27475002.0,9295089532.0
2021-02-22,293.56,293.82,266.93,268.72,41458220.0,13367286789.0
2021-02-23,262.66,277.13,261.09,270.38,27866832.0,8795804296.0
2021-02-24,270.38,270.39,247.77,251.57,41724817.0,12424962072.0
2021-02-25,254.5,257.49,245.13,247.98,24904649.0,7274333598.0
2021-02-26,240.82,246.67,232.62,240.34,28897086.0,8100247691.0
2021-03-01,245.49,252.36,241.21,248.08,25506327.0,7352003877.0
2021-03-02,251.67,253.97,236.31,240.94,24412465.0,6955462355.0
2021-03-03,236.91,246.18,233.14,244.89,21171711.0,5951313500.0
2021-03-04,240.34,240.34,227.47,228.59,32935886.0,8896042111.0
2021-03-05,221.46,233.64,218.02,228.75,29165040.0,7727068296.0
2021-03-08,230.04,231.78,209.82,209.87,38365377.0,9779570335.0
2021-03-09,207.72,213.9,197.42,208.15,43874577.0,10599045848.0
2021-03-10,212.87,218.88,212.1,216.82,30958230.0,7776577822.0
2021-03-11,218.89,231.33,214.66,227.5,30153094.0,7909417124.0
2021-03-12,230.98,231.32,219.54,226.99,25143785.0,6596290241.0
2021-03-15,225.28,228.75,211.16,215.46,24899734.0,6320778553.0
2021-03-16,215.96,225.36,215.06,225.24,23165605.0,5953026225.0
2021-03-17,224.46,230.07,218.88,226.87,19887801.0,5234840657.0
2021-03-18,227.47,236.05,227.47,232.09,20130334.0,5462748512.0
2021-03-19,225.75,227.47,221.17,223.85,19784981.0,5158274509.0
2021-03-22,223.99,226.26,218.63,222.74,14278219.0,3700614995.0
2021-03-23,222.74,226.59,220.58,225.1,12695157.0,3309793204.0
2021-03-24,222.39,230.9,221.99,223.86,17942151.0,4728182217.0
2021-03-25,220.55,221.36,216.31,219.72,18625855.0,4750886354.0
2021-03-26,221.46,229.34,219.59,228.28,23020269.0,6054732218.0
2021-03-29,229.18,240.3,228.32,233.55,28199481.0,7712653716.0
2021-03-30,232.19,239.07,232.19,234.73,16870779.0,4624076064.0
2021-03-31,232.36,232.36,227.47,230.02,13411104.0,3583946108.0
2021-04-01,231.76,235.1,229.19,234.4,12114212.0,3280567358.0
2021-04-02,237.77,244.63,236.05,244.25,22962623.0,6443304988.0
2021-04-06,245.45,247.21,242.06,244.43,15550845.0,4431624296.0
2021-04-07,242.92,243.47,230.73,232.49,24493627.0,6674234724.0
2021-04-08,227.47,235.92,226.66,234.4,16211426.0,4396674335.0
2021-04-09,232.62,233.9,227.47,227.72,14611556.0,3895892302.0
2021-04-12,227.64,229.49,223.17,224.02,13323255.0,3495254788.0
2021-04-13,224.26,230.23,224.26,225.66,13875729.0,3670699723.0
2021-04-14,225.67,229.71,224.25,226.42,14817752.0,3916715200.0
2021-04-15,224.3,225.74,214.01,219.57,28595938.0,7267459255.0
2021-04-16,219.57,226.29,219.57,224.72,18754302.0,4877110716.0
2021-04-19,223.17,230.22,217.59,228.04,18815579.0,4960854542.0
2021-04-20,227.47,235.01,225.76,229.83,19914658.0,5367602760.0
2021-04-21,227.47,234.31,226.25,232.49,15923160.0,4295280589.0
2021-04-22,232.53,235.19,230.9,232.78,11627423.0,3157592142.0
2021-04-23,233.69,241.2,233.69,240.34,20783326.0,5769545850.0
2021-04-26,242.92,245.4,235.93,236.05,20390370.0,5710005243.0
2021-04-27,237.77,241.9,233.77,241.9,14231452.0,3950995457.0
2021-04-28,236.05,245.15,235.02,245.15,22027859.0,6211307911.0
2021-04-29,246.4,249.78,241.47,248.5,20693602.0,5941444369.0
2021-04-30,246.35,248.32,243.5,244.63,15803059.0,4521364969.0
2021-05-06,242.06,245.32,236.74,237.29,16866057.0,4713100400.0
2021-05-07,240.35,240.54,232.86,233.56,12500753.0,3441009132.0
2021-05-10,232.26,235.19,224.38,226.61,19524824.0,5183389746.0
2021-05-11,225.08,236.44,224.88,236.44,19232636.0,5208651090.0
2021-05-12,235.36,239.98,235.19,238.2,12106344.0,3356761371.0
2021-05-13,235.35,239.1,233.9,236.91,9707922.0,2670400820.0
2021-05-14,238.59,247.55,236.2,246.35,21808451.0,6208023603.0
2021-05-17,247.4,261.52,247.4,255.1,28061495.0,8373250452.0
2021-05-18,255.8,257.51,252.62,257.08,14728692.0,4370179796.0
2021-05-19,255.79,265.32,254.1,259.9,16700066.0,5082549122.0
2021-05-20,261.54,264.36,258.85,260.52,14023985.0,4268328787.0
2021-05-21,261.8,262.39,253.27,254.59,17262089.0,5161569643.0
2021-05-24,257.51,261.97,253.52,261.81,15708894.0,4729942081.0
2021-05-25,262.66,277.3,261.73,277.28,32305889.0,10261281424.0
2021-05-26,275.1,278.12,271.24,273.82,19075117.0,6100319124.0
2021-05-27,273.1,280.02,269.71,273.11,16436312.0,5251052173.0
2021-05-28,274.78,275.6,269.86,272.01,13024503.0,4116488946.0
2021-05-31,270.64,270.92,265.51,270.49,17768388.0,5542253080.0
2021-06-01,271.5,272.36,266.42,270.98,16387574.0,5152812416.0
2021-06-02,270.98,273.28,264.8,267.67,15653208.0,4890684590.0
2021-06-03,267.67,274.68,266.25,269.19,17917736.0,5652744412.0
2021-06-04,267.81,273.39,265.67,270.64,17528770.0,5497026750.0
2021-06-07,271.55,272.47,265.12,268.59,18737019.0,5843427389.0
2021-06-08,268.67,269.1,250.63,255.75,31165284.0,9408595822.0
2021-06-09,254.93,257.51,250.25,254.5,17157668.0,5075838988.0
2021-06-10,254.94,262.23,253.65,260.13,15077251.0,4565221138.0
2021-06-11,260.13,260.94,254.07,258.86,15912782.0,4783871683.0
2021-06-15,258.81,260.98,251.3,256.87,14516108.0,4323376155.0
2021-06-16,256.87,256.87,248.25,250.92,14062999.0,4120477427.0
2021-06-17,249.88,255.79,249.88,252.55,10904554.0,3213936359.0
2021-06-18,253.48,254.93,245.49,249.78,19071578.0,5539524450.0
2021-06-21,251.5,255.19,249.78,254.82,20602803.0,6063841833.0
2021-06-22,255.79,259.65,255.19,257.41,16166358.0,4846385285.0
2021-06-23,256.91,257.08,248.92,249.73,23056410.0,6749757121.0
2021-06-24,247.64,253.22,243.93,251.24,16551834.0,4788276582.0
2021-06-25,249.83,258.69,249.68,257.44,20522327.0,6107081700.0
2021-06-28,257.52,263.11,257.52,262.92,16125387.0,4908850411.0
2021-06-29,263.07,263.21,254.66,256.26,15672026.0,4707055412.0
2021-06-30,254.07,259.57,253.64,255.7,10339509.0,3090106555.0
2021-07-01,254.72,256.65,250.64,255.96,13631042.0,4012429334.0
2021-07-02,252.36,252.95,244.8,245.52,21169160.0,6104707042.0
2021-07-05,243.92,247.64,240.36,241.29,18054256.0,5106360245.0
2021-07-06,240.21,241.22,231.95,237.98,23895451.0,6571285948.0
2021-07-07,240.34,244.63,239.38,244.28,17454367.0,4936536497.0
2021-07-08,244.63,245.31,229.71,231.62,43957567.0,12010041261.0
2021-07-09,233.52,234.5,227.06,231.64,21367447.0,5702882116.0
2021-07-12,233.99,236.56,227.66,234.82,26424669.0,7111433622.0
2021-07-13,234.84,242.09,234.84,239.19,21899748.0,6044746555.0
2021-07-14,237.37,240.06,232.26,238.59,20921830.0,5710321393.0
2021-07-15,238.33,243.7,236.34,243.38,19549471.0,5443652588.0
2021-07-16,243.4,245.57,240.06,240.51,15151398.0,4230603079.0
2021-07-19,239.02,244.83,237.89,243.43,14331986.0,3994088405.0
2021-07-20,241.79,246.31,240.73,244.65,13009223.0,3669251201.0
2021-07-21,244.65,247.83,242.67,243.72,14960510.0,4226787177.0
2021-07-22,244.84,246.7,241.49,242.75,14310378.0,4028250662.0
2021-07-23,241.67,241.79,232.37,235.04,21230352.0,5760869080.0
2021-07-26,232.83,232.83,211.54,216.26,46213123.0,11693393538.0
2021-07-27,214.06,215.62,200.2,200.33,42331305.0,10158683399.0
2021-07-28,200.35,206.18,194.9,205.12,36114290.0,8397862029.0
2021-07-29,212.71,213.01,202.52,203.71,31322153.0,7483908399.0
2021-07-30,203.71,203.71,187.92,191.31,42797929.0,9495555500.0
2021-08-02,186.65,203.58,183.86,203.19,46844440.0,10454507733.0
2021-08-03,198.55,208.57,197.34,208.04,34171933.0,8061076933.0
2021-08-04,205.4,207.03,201.93,203.23,23028951.0,5412225849.0
2021-08-05,198.46,204.53,195.43,196.88,28551069.0,6538505734.0
2021-08-06,195.0,197.51,191.75,195.86,19152922.0,4306125513.0
2021-08-09,194.13,205.12,192.4,199.34,26492924.0,6099681511.0
2021-08-10,200.42,216.66,197.06,215.71,46083746.0,11083250875.0
2021-08-11,213.17,217.63,209.7,213.37,25307547.0,6234986634.0
2021-08-12,212.33,215.45,205.53,206.19,23714946.0,5718032984.0
2021-08-13,205.4,210.6,204.53,208.69,16003140.0,3832138024.0
2021-08-16,208.0,211.78,206.61,208.6,13317313.0,3210893056.0
2021-08-17,207.48,209.73,199.14,199.29,21873039.0,5137552315.0
2021-08-18,197.6,201.5,194.04,198.46,21264488.0,4858678333.0
2021-08-19,198.38,200.45,192.4,192.96,28968942.0,6520859198.0
2021-08-20,183.31,187.78,178.0,178.86,53400435.0,11218172732.0
2021-08-23,178.87,183.53,177.58,178.56,41836373.0,8684039375.0
2021-08-24,180.26,184.29,176.8,182.0,41190375.0,8606900863.0
2021-08-25,182.76,189.73,182.57,188.5,38179885.0,8242448408.0
2021-08-26,188.38,188.38,178.53,179.54,33228274.0,6953022888.0
2021-08-27,179.53,182.0,177.23,178.25,27190967.0,5618956602.0
2021-08-30,180.7,181.99,172.86,179.4,34732935.0,7094644686.0
2021-08-31,178.96,180.26,172.81,174.79,31855168.0,6427633947.0
2021-09-01,174.8,182.91,170.73,180.01,50364302.0,10338242748.0
2021-09-02,180.21,180.35,173.5,174.4,37460164.0,7590159049.0
2021-09-03,173.16,179.01,170.53,178.43,34479528.0,6994069662.0
2021-09-06,177.23,186.59,175.54,183.26,44070983.0,9315590568.0
2021-09-07,182.43,185.57,181.18,183.7,25937444.0,5483883908.0
2021-09-08,183.73,184.34,178.53,180.02,21553677.0,4498947534.0
2021-09-09,180.03,181.31,177.66,179.68,17757531.0,3672149965.0
2021-09-10,179.68,185.81,178.96,185.2,31883473.0,6744385342.0
2021-09-13,183.73,186.07,179.39,180.08,26342826.0,5526541971.0
2021-09-14,180.02,181.83,177.87,178.3,23596742.0,4881373812.0
2021-09-15,175.93,177.27,170.47,172.03,38203577.0,7625717390.0
2021-09-16,169.86,172.97,166.77,170.73,33538704.0,6590288015.0
2021-09-17,169.86,177.66,168.19,175.02,29439702.0,5901688646.0
2021-09-22,170.73,172.03,167.65,168.07,24908981.0,4852441664.0
2021-09-23,168.84,170.63,166.95,168.49,18811296.0,3661752984.0
2021-09-24,168.04,176.8,167.31,173.78,35053997.0,7023121319.0
2021-09-27,179.93,191.16,179.93,191.16,76006557.0,16521941311.0
2021-09-28,190.94,192.92,185.46,188.01,41145863.0,8943981562.0
2021-09-29,187.97,191.73,184.34,189.52,31136680.0,6769523773.0
2021-09-30,188.06,193.51,188.06,190.13,33190568.0,7321693531.0
2021-10-08,191.18,204.51,188.58,197.79,41627865.0,9498183647.0
2021-10-11,198.84,203.86,195.42,197.42,26146575.0,5990773979.0
2021-10-12,196.73,199.33,193.27,198.76,20342373.0,4632611153.0
2021-10-13,197.92,211.98,196.9,207.55,34777422.0,8246438709.0
2021-10-14,206.26,212.05,204.67,208.0,24058960.0,5770465386.0
2021-10-15,204.36,206.16,199.34,203.07,30215786.0,7060878521.0
2021-10-18,194.95,194.95,184.16,186.61,52228655.0,11335046053.0
2021-10-19,184.6,191.42,184.6,189.77,27151971.0,5912575917.0
2021-10-20,191.1,192.57,187.96,190.61,17171231.0,3767655125.0
2021-10-21,191.53,193.22,189.8,191.52,15781385.0,3483824011.0
2021-10-22,193.0,198.39,191.54,195.02,22614868.0,5094183380.0
2021-10-25,193.26,194.9,188.93,190.97,24815964.0,5460700049.0
2021-10-26,190.97,193.26,188.93,191.23,17197532.0,3792558316.0
2021-10-27,189.8,191.23,185.46,187.2,20048493.0,4335703423.0
2021-10-28,188.06,190.64,185.27,186.58,21925324.0,4755135735.0
2021-10-29,186.56,191.99,186.4,187.64,23633532.0,5148687290.0
2021-11-01,173.33,181.58,170.64,177.61,58003653.0,11775758003.0
2021-11-02,176.78,178.44,173.03,174.47,34933447.0,7067034632.0
2021-11-03,174.65,175.5,172.19,172.58,21891968.0,4378799393.0
2021-11-04,174.27,180.14,173.59,179.24,29864162.0,6104737433.0
2021-11-05,179.24,186.07,179.23,182.26,30142997.0,6372245156.0
2021-11-08,182.0,184.08,180.05,182.85,15637386.0,3290544446.0
2021-11-09,181.72,184.32,179.87,180.93,15503934.0,3250092171.0
2021-11-10,180.93,181.89,176.1,178.27,17200267.0,3532443273.0
2021-11-11,178.23,179.4,176.43,178.97,16652085.0,3416388386.0
2021-11-12,179.72,179.98,176.02,176.67,15788512.0,3227721076.0
2021-11-15,177.65,179.83,176.02,177.4,20724480.0,4251527056.0
2021-11-16,178.43,184.99,177.76,183.73,31435675.0,6618521492.0
2021-11-17,182.91,184.6,181.13,183.3,17421460.0,3668952608.0
2021-11-18,181.99,182.85,179.87,180.8,13220262.0,2759820062.0
2021-11-19,180.16,187.63,179.74,184.25,24292959.0,5188161635.0
2021-11-22,185.46,192.4,184.6,187.17,31978276.0,6972004751.0
2021-11-23,186.32,189.36,184.91,186.16,19386637.0,4190535757.0
2021-11-24,188.93,197.58,188.93,194.49,47627847.0,10627879572.0
2021-11-25,197.6,198.59,192.54,193.22,28462827.0,6397889417.0
2021-11-26,193.14,193.76,189.86,193.14,16247295.0,3602490661.0
2021-11-29,191.1,195.0,190.88,194.76,19236411.0,4292901367.0
2021-11-30,194.98,195.43,188.93,188.93,23014598.0,5063790459.0
2021-12-01,193.28,194.86,189.02,191.15,19248621.0,4256218970.0
2021-12-02,191.18,194.04,190.06,193.05,17530974.0,3898019542.0
2021-12-03,193.7,201.76,193.52,198.85,34030029.0,7800955260.0
2021-12-06,200.2,203.66,198.46,201.32,28878669.0,6720204454.0
2021-12-07,203.66,207.69,202.06,202.8,30890437.0,7293861940.0
2021-12-08,202.8,211.9,200.44,211.46,39786891.0,9593919616.0
2021-12-09,212.33,220.96,210.32,217.53,47297011.0,11826016126.0
2021-12-10,215.55,217.44,211.9,214.06,33227496.0,8208024536.0
2021-12-13,218.39,222.91,215.79,216.64,35535037.0,9000318796.0
2021-12-14,215.79,219.26,213.38,216.66,22557352.0,5643907698.0
2021-12-15,215.01,215.72,210.6,211.29,26356782.0,6461313842.0
2021-12-16,211.72,212.42,205.44,211.03,28971230.0,6971022372.0
2021-12-17,209.73,209.73,203.54,203.8,25483452.0,6040427057.0
2021-12-20,203.8,207.54,203.8,204.53,18882740.0,4471963228.0
2021-12-21,204.53,205.83,198.46,200.76,23454247.0,5446651925.0
2021-12-22,201.5,202.36,199.75,201.17,15199808.0,3524368527.0
2021-12-23,202.21,207.53,198.46,205.4,28205116.0,6610688704.0
2021-12-24,205.49,212.6,205.49,209.68,28942925.0,7012988263.0
2021-12-27,207.04,207.56,201.93,204.71,18405368.0,4343284679.0
2021-12-28,204.79,207.63,204.1,205.9,14368216.0,3406736940.0
2021-12-29,205.9,205.9,194.22,195.6,34975896.0,7998864967.0
2021-12-30,195.06,197.16,193.7,195.43,26476873.0,5963128773.0
2021-12-31,195.44,195.69,191.19,192.97,24043667.0,5340438229.0
2022-01-04,192.97,194.02,189.0,193.75,20178673.0,4460248125.0
2022-01-05,193.11,196.97,191.55,193.91,20562209.0,4608528413.0
2022-01-06,193.54,195.86,189.05,190.21,19764347.0,4366330606.0
2022-01-07,190.2,191.1,187.65,188.63,16868239.0,3671458254.0
2022-01-10,186.97,188.61,182.1,186.29,20842313.0,4477043193.0
2022-01-11,185.9,187.5,184.64,184.91,13162334.0,2819944193.0
2022-01-12,186.34,189.01,185.65,188.86,17894272.0,3865370482.0
2022-01-13,189.8,189.83,180.26,181.04,26762334.0,5678771184.0
2022-01-14,179.4,182.29,178.96,179.57,13646759.0,2844403652.0
2022-01-17,179.21,181.13,176.36,180.99,16936224.0,3497443782.0
2022-01-18,180.96,185.44,178.8,183.29,18474875.0,3904185742.0
2022-01-19,185.75,185.75,180.51,182.69,14401864.0,3039014333.0
2022-01-20,182.69,185.46,180.57,184.79,19468561.0,4146262234.0
2022-01-21,184.6,189.55,183.05,188.29,23974661.0,5195067275.0
2022-01-24,187.2,188.87,184.77,186.39,13800857.0,2968569093.0
2022-01-25,185.07,186.33,180.26,180.57,15558209.0,3284058720.0
2022-01-26,180.35,183.52,175.26,178.57,21509539.0,4439752204.0
2022-01-27,179.4,183.09,176.08,176.28,20992325.0,4339832717.0
2022-01-28,176.79,177.92,171.6,171.93,25781484.0,5160817186.0
2022-02-07,173.33,175.81,168.72,169.53,24808023.0,4899710426.0
2022-02-08,169.56,170.15,160.24,164.66,30451687.0,5740104552.0
2022-02-09,163.8,170.12,163.8,169.85,23742057.0,4585366337.0
2022-02-10,169.85,170.3,165.62,167.3,16874256.0,3254038393.0
2022-02-11,166.83,172.14,165.83,168.36,27374928.0,5365712652.0
2022-02-14,166.4,172.64,165.96,171.6,19031649.0,3747901335.0
2022-02-15,172.29,173.64,170.56,173.16,17739048.0,3537513876.0
2022-02-16,173.17,173.88,171.56,172.82,11908541.0,2375601897.0
2022-02-17,173.23,173.47,170.57,171.11,13054643.0,2583633352.0
2022-02-18,170.73,172.79,169.39,172.46,11614365.0,2297554259.0
2022-02-21,173.08,176.76,171.42,172.64,15192567.0,3044972483.0
2022-02-22,171.43,171.54,166.27,167.61,19367733.0,3749346934.0
2022-02-23,167.5,170.37,166.42,170.04,14797343.0,2875772247.0
2022-02-24,168.13,169.0,162.32,163.53,25960987.0,4940978924.0
2022-02-25,164.65,167.24,164.65,165.08,13666374.0,2611874595.0
2022-02-28,165.53,165.96,162.06,164.66,14309281.0,2700046289.0
2022-03-01,164.75,168.03,164.71,167.43,20028521.0,3853590511.0
2022-03-02,165.79,165.88,163.28,163.97,15016488.0,2841554762.0
2022-03-03,164.46,164.84,157.73,157.79,31288930.0,5775912552.0
2022-03-04,155.98,157.2,152.43,152.85,31292974.0,5577557114.0
2022-03-07,151.01,151.01,143.21,143.86,47738912.0,8036888481.0
2022-03-08,147.32,148.63,143.23,144.08,33350717.0,5611790680.0
2022-03-09,144.73,145.36,135.89,141.16,39921892.0,6488949487.0
2022-03-10,145.59,149.27,143.85,149.19,41773972.0,7087219598.0
2022-03-11,146.46,149.54,144.93,148.86,25797110.0,4378229004.0
2022-03-14,146.45,146.97,144.1,144.1,18140303.0,3043660701.0
2022-03-15,141.26,142.81,135.8,136.19,31294532.0,5020399486.0
2022-03-16,141.26,143.47,134.45,142.82,34899969.0,5622615397.0
2022-03-17,146.03,148.94,143.86,145.8,34829153.0,5869489576.0
2022-03-18,144.73,146.53,143.0,145.51,18585704.0,3107945065.0
2022-03-21,147.11,147.14,143.01,143.61,17105436.0,2842223351.0
2022-03-22,143.6,144.99,142.13,142.39,12290508.0,2029492693.0
2022-03-23,142.41,144.98,141.04,143.81,18463877.0,3049956331.0
2022-03-24,142.48,142.48,139.25,139.84,19808605.0,3207819881.0
2022-03-25,141.74,141.77,135.79,136.23,21364110.0,3393360050.0
2022-03-28,133.72,133.72,130.43,131.04,27446634.0,4167231496.0
2022-03-29,130.85,133.26,129.23,129.29,23521130.0,3552871390.0
2022-03-30,132.57,136.02,131.0,136.02,32367269.0,4993851923.0
2022-03-31,135.2,135.72,133.9,134.38,20136648.0,3126382334.0
2022-04-01,134.33,140.6,133.85,138.58,28749478.0,4581621784.0
2022-04-06,136.93,140.62,136.5,138.67,17944305.0,2866077986.0
2022-04-07,137.8,142.03,137.39,139.05,18557169.0,2996915190.0
2022-04-08,139.53,141.06,138.23,139.17,16544628.0,2661592737.0
2022-04-11,136.94,137.52,132.47,133.17,24257721.0,3752027960.0
2022-04-12,133.69,142.73,133.69,142.03,33416391.0,5333900919.0
2022-04-13,141.09,143.0,139.21,140.67,23885459.0,3897075048.0
2022-04-14,142.04,149.93,141.2,148.69,43119146.0,7300575091.0
2022-04-15,147.33,150.8,146.12,147.24,22643958.0,3871918113.0
2022-04-18,146.38,146.38,142.31,144.89,18411135.0,3062759960.0
2022-04-19,145.6,147.33,142.16,143.0,16499269.0,2740121570.0
2022-04-20,143.42,146.46,140.08,143.78,20634107.0,3422120976.0
2022-04-21,142.13,144.32,140.12,140.9,17122910.0,2807078120.0
2022-04-22,140.89,144.02,137.78,143.37,20014422.0,3268498122.0
2022-04-25,140.4,140.93,133.9,134.33,28635086.0,4556272568.0
2022-04-26,134.33,140.23,133.93,137.36,25453892.0,4045539333.0
2022-04-27,137.36,141.62,137.36,139.87,23927789.0,3849331178.0
2022-04-28,139.88,144.44,139.14,143.73,25711994.0,4235742307.0
2022-04-29,144.12,144.99,137.68,140.51,44874280.0,7241581133.0
2022-05-05,138.66,142.53,137.93,140.0,24480158.0,3973322638.0
2022-05-06,136.96,138.37,135.64,136.12,19086139.0,3007833167.0
2022-05-09,134.34,135.63,132.02,134.14,18623627.0,2874663797.0
2022-05-10,130.86,135.63,129.65,134.62,20108042.0,3092729204.0
2022-05-11,134.62,138.36,134.33,136.51,24390245.0,3846228734.0
2022-05-12,135.37,138.39,135.28,137.0,17068607.0,2699983161.0
2022-05-13,138.32,138.55,135.24,136.01,15255576.0,2401106195.0
2022-05-16,137.77,137.78,133.64,134.49,17765146.0,2767778351.0
2022-05-17,134.48,135.62,134.02,135.33,13341235.0,2078095646.0
2022-05-18,135.5,135.62,132.99,133.97,16560504.0,2560375192.0
2022-05-19,132.48,133.12,131.92,133.05,14878282.0,2273068154.0
2022-05-20,133.72,141.25,133.19,140.8,45229675.0,7222107585.0
2022-05-23,140.06,140.55,136.93,138.17,27645321.0,4410754725.0
2022-05-24,139.04,139.53,135.44,135.69,18855234.0,2974172509.0
2022-05-25,135.59,137.42,134.33,136.45,16395707.0,2565767960.0
2022-05-26,136.06,138.4,134.33,136.25,19431756.0,3043721248.0
2022-05-27,138.36,139.96,136.31,136.89,21068308.0,3356383642.0
2022-05-30,138.67,145.38,138.66,144.02,51093206.0,8416468104.0
2022-05-31,143.86,149.77,143.01,148.54,48654483.0,8293724659.0
2022-06-01,149.92,150.19,146.49,147.69,21930245.0,3739434438.0
2022-06-02,146.49,148.2,146.19,147.11,16522354.0,2801365549.0
2022-06-06,147.76,150.35,144.37,149.88,27814175.0,4762415124.0
2022-06-07,150.02,154.61,149.06,150.9,29507703.0,5177758449.0
2022-06-08,151.06,155.99,149.95,154.38,32527871.0,5770812837.0
2022-06-09,154.58,155.91,152.35,152.54,20783889.0,3688662162.0
2022-06-10,151.69,154.7,150.36,153.76,21563045.0,3804237561.0
2022-06-13,151.83,152.88,148.28,149.51,26434591.0,4580799636.0
2022-06-14,147.5,150.8,147.03,150.62,19733328.0,3385240808.0
2022-06-15,150.64,155.91,148.88,153.64,32544108.0,5743255077.0
2022-06-16,154.26,156.86,153.4,153.92,20500586.0,3668452194.0
2022-06-17,152.96,157.02,152.96,157.02,28620361.0,5145018832.0
2022-06-20,158.39,162.06,155.13,159.02,31195435.0,5705313089.0
2022-06-21,158.3,160.76,156.39,157.43,21811575.0,3990195909.0
2022-06-22,157.73,158.49,154.05,154.32,22352764.0,4006768455.0
2022-06-23,154.35,156.78,154.08,156.34,15972518.0,2867621353.0
2022-06-24,157.3,160.77,155.92,160.33,24518674.0,4504178661.0
2022-06-27,162.06,169.59,162.06,167.26,36637471.0,7058190240.0
2022-06-28,167.26,173.22,165.7,173.03,31678590.0,6232395066.0
2022-06-29,173.35,173.48,167.63,168.95,28997090.0,5625269619.0
2022-06-30,169.11,180.39,169.11,177.69,42521450.0,8521483468.0
2022-07-01,177.82,180.39,174.23,178.63,21936590.0,4418343886.0
2022-07-04,176.87,178.46,174.41,176.91,22587623.0,4525333761.0
2022-07-05,177.45,178.33,172.7,174.77,26296492.0,5224558250.0
2022-07-06,174.34,175.66,170.14,171.37,22763312.0,4459016820.0
2022-07-07,171.37,171.37,165.85,168.59,26677066.0,5095578644.0
2022-07-08,170.14,171.42,168.04,169.57,16409671.0,3167643747.0
2022-07-11,167.21,167.9,163.67,166.65,19257469.0,3621672903.0
2022-07-12,166.12,169.61,165.03,167.19,16993479.0,3229606651.0
2022-07-13,166.82,171.4,165.09,169.92,18991870.0,3656106377.0
2022-07-14,168.22,170.33,166.36,167.31,15107930.0,2880607578.0
2022-07-15,167.33,172.04,165.43,167.11,20720892.0,3979169055.0
2022-07-18,166.87,167.02,162.09,164.84,17803426.0,3320023855.0
2022-07-19,164.55,166.89,164.11,166.23,12021415.0,2259044880.0
2022-07-20,167.9,168.51,165.43,166.41,11249772.0,2134516123.0
2022-07-21,166.31,167.11,164.18,164.29,11072844.0,2082697378.0
2022-07-22,164.99,165.87,162.79,163.6,11698563.0,2180797972.0
2022-07-25,164.42,165.87,162.57,165.5,12479902.0,2336297100.0
2022-07-26,166.19,168.95,166.03,168.07,13747445.0,2627310531.0
2022-07-27,167.24,168.08,165.05,165.52,9749124.0,1844277553.0
2022-07-28,165.83,167.63,164.42,164.66,9260926.0,1744687639.0
2022-07-29,164.11,164.11,156.46,156.99,34031091.0,6166191233.0
2022-08-01,157.07,158.39,155.6,157.15,15608201.0,2791638728.0
2022-08-02,155.67,157.22,152.31,154.58,17673794.0,3114640799.0
2022-08-03,154.77,157.95,153.38,153.63,15403054.0,2710918104.0
2022-08-04,153.64,156.19,153.51,155.56,13368553.0,2350151180.0
2022-08-05,156.15,157.95,155.06,157.67,12701711.0,2260873414.0
2022-08-08,156.9,159.74,156.19,156.56,13025113.0,2331931588.0
2022-08-09,155.8,156.63,155.07,155.74,8538631.0,1511033063.0
2022-08-10,154.51,156.19,152.23,153.11,14354932.0,2503385133.0
2022-08-11,153.99,156.56,153.6,156.56,13967051.0,2468539674.0
2022-08-12,156.9,158.1,155.5,157.25,10861895.0,1936659422.0
2022-08-15,156.31,158.04,154.61,154.87,13844011.0,2446911673.0
2022-08-16,154.85,156.02,153.73,154.2,10997543.0,1929236389.0
2022-08-17,154.27,155.73,153.13,155.05,12211628.0,2144649842.0
2022-08-18,153.99,154.17,151.36,152.61,17955216.0,3110937648.0
2022-08-19,151.79,154.13,151.35,152.82,12603780.0,2189742325.0
2022-08-22,151.62,152.63,149.82,150.91,15513018.0,2663565072.0
2022-08-23,151.09,151.61,147.4,147.84,22924845.0,3868689013.0
2022-08-24,147.8,149.15,146.08,147.17,18025460.0,3021329673.0
2022-08-25,147.74,149.58,147.16,149.08,17485390.0,2949656306.0
2022-08-26,151.25,152.94,149.21,149.68,24378683.0,4181288062.0
2022-08-29,147.34,149.2,145.2,145.5,25430564.0,4218793350.0
2022-08-30,144.32,144.98,142.72,144.34,18643252.0,3046737234.0
2022-08-31,143.35,147.82,143.0,147.12,26733348.0,4444754516.0
2022-09-01,146.08,146.08,143.7,143.93,15844189.0,2607493588.0
2022-09-02,144.75,144.75,141.68,142.41,15592424.0,2524463032.0
2022-09-05,140.8,141.1,138.22,139.93,22432012.0,3551118312.0
2022-09-06,139.93,141.98,139.27,141.26,14693767.0,2346001119.0
2022-09-07,140.8,140.8,139.04,139.86,14150787.0,2245681618.0
2022-09-08,140.8,141.98,139.81,139.98,14867178.0,2377952564.0
2022-09-09,140.01,142.25,139.35,142.08,20318847.0,3269738015.0
2022-09-13,144.21,145.17,142.29,143.99,22455447.0,3676000837.0
2022-09-14,142.56,143.64,141.66,142.91,14343803.0,2325532850.0
2022-09-15,143.14,146.52,142.64,144.67,24493222.0,4041538789.0
2022-09-16,144.32,145.01,141.48,141.75,17805222.0,2882822678.0
2022-09-19,141.46,145.31,140.37,143.45,17237096.0,2810086975.0
2022-09-20,144.32,146.04,142.7,145.89,18488126.0,3048376406.0
2022-09-21,145.36,145.87,143.7,143.83,12764774.0,2093973068.0
2022-09-22,142.56,142.81,139.52,139.83,18211404.0,2916788948.0
2022-09-23,139.04,141.34,138.95,140.03,12025892.0,1916778416.0
2022-09-26,139.04,144.31,138.83,142.65,21041611.0,3411760443.0
2022-09-27,144.25,150.83,142.55,150.33,35443991.0,5929460447.0
2022-09-28,150.08,151.83,149.15,149.24,24431050.0,4176068020.0
2022-09-29,151.79,151.81,147.44,148.28,17564712.0,2971843109.0
2022-09-30,149.5,151.35,148.59,148.92,16701001.0,2843915545.0
2022-10-10,149.15,149.68,139.64,139.83,25650912.0,4179453268.0
2022-10-11,139.84,140.8,136.31,139.55,16389813.0,2587296299.0
2022-10-12,139.3,139.3,133.76,137.8,24238545.0,3740666460.0
2022-10-13,136.39,136.99,134.2,135.14,19140141.0,2950015936.0
2022-10-14,136.03,141.06,136.02,140.02,22872293.0,3619001261.0
2022-10-17,138.75,139.48,136.65,138.73,14670055.0,2301214745.0
2022-10-18,139.63,141.66,139.05,139.65,13968916.0,2225727909.0
2022-10-19,139.48,139.48,135.52,135.96,17392932.0,2703461176.0
2022-10-20,134.2,137.98,133.76,135.65,16120045.0,2484510764.0
2022-10-21,135.52,135.63,133.32,133.89,16321002.0,2488390106.0
2022-10-24,132.0,132.36,125.18,126.04,34403887.0,5003671163.0
2022-10-25,123.86,127.83,123.64,125.06,20962963.0,2986369243.0
2022-10-26,125.75,128.39,124.96,126.19,17959323.0,2580590731.0
2022-10-27,127.58,127.66,120.19,120.64,36965491.0,5154612980.0
2022-10-28,121.05,123.17,119.83,121.0,25586220.0,3534562740.0
2022-10-31,118.97,120.03,116.45,117.48,22591665.0,3030064410.0
2022-11-01,119.28,125.47,117.4,125.47,39155069.0,5440179980.0
2022-11-02,124.96,128.81,123.25,126.38,31867439.0,4565035334.0
2022-11-03,124.08,124.52,122.94,124.01,19281931.0,2710951378.0
2022-11-04,123.64,133.76,123.5,132.0,47898344.0,7099560990.0
2022-11-07,131.12,134.37,129.95,133.0,22869078.0,3435765568.0
2022-11-08,132.88,133.99,128.57,129.79,23567786.0,3491479586.0
2022-11-09,129.53,131.16,127.67,127.95,15124223.0,2208052554.0
2022-11-10,127.15,128.97,126.46,128.26,17674813.0,2568169859.0
2022-11-11,133.31,133.32,128.95,132.01,36853384.0,5514689559.0
2022-11-14,132.88,136.76,131.91,132.26,28195258.0,4287401009.0
2022-11-15,132.26,136.4,130.61,135.65,27656711.0,4223081945.0
2022-11-16,135.65,137.72,134.71,135.7,18259366.0,2827414143.0
2022-11-17,135.08,137.09,132.88,134.28,16558118.0,2529048877.0
2022-11-18,134.64,136.66,134.38,135.17,14585598.0,2246335618.0
2022-11-21,132.44,132.85,130.24,131.05,21762482.0,3243860975.0
2022-11-22,131.05,134.55,130.95,132.2,14376998.0,2162414726.0
2022-11-23,132.2,133.32,131.03,131.79,11346208.0,1702094213.0
2022-11-24,132.88,133.31,129.36,130.07,15085804.0,2238041526.0
2022-11-25,130.17,131.05,128.83,129.69,10676624.0,1575517167.0
2022-11-28,127.45,130.24,125.0,129.93,19013147.0,2750115838.0
2022-11-29,131.93,136.53,131.91,136.44,41040650.0,6284033998.0
2022-11-30,136.22,140.77,135.52,138.03,25228605.0,3961994532.0
2022-12-01,145.2,149.59,144.19,144.83,44092117.0,7325021108.0
2022-12-02,145.02,146.85,142.78,143.49,21047820.0,3461949872.0
2022-12-05,148.61,149.58,145.79,148.28,29795799.0,5007534615.0
2022-12-06,147.81,156.83,147.04,154.35,43369522.0,7576837371.0
2022-12-07,154.36,156.46,152.24,152.83,31128834.0,5443269231.0
2022-12-08,152.23,154.48,151.36,153.78,15644818.0,2723693946.0
2022-12-09,153.67,161.45,153.22,161.27,41957765.0,7550074236.0
2022-12-12,160.15,161.37,156.56,156.94,29905954.0,5387580973.0
2022-12-13,156.63,159.19,154.89,157.93,19276219.0,3447321253.0
2022-12-14,157.91,163.03,156.95,161.98,28698912.0,5255273237.0
2022-12-15,162.09,163.5,159.07,160.12,19934421.0,3643457579.0
2022-12-16,158.59,161.1,157.22,160.61,18642633.0,3377432022.0
2022-12-19,161.47,162.54,157.51,158.35,19418435.0,3512784488.0
2022-12-20,158.34,158.83,149.49,151.8,34345756.0,5965655880.0
2022-12-21,153.99,154.58,152.72,153.55,15385319.0,2687724560.0
2022-12-22,154.9,159.76,153.7,157.95,24442393.0,4381920906.0
2022-12-23,155.75,161.03,155.23,158.65,19861964.0,3587724307.0
2022-12-26,158.65,159.45,156.25,157.16,17829834.0,3198529055.0
2022-12-27,158.39,160.59,157.65,159.32,15227535.0,2758777142.0
2022-12-28,159.27,159.27,156.53,158.55,13937786.0,2503523214.0
2022-12-29,157.51,158.39,155.53,157.29,16850491.0,3003533017.0
2022-12-30,158.2,159.44,157.51,159.0,14976495.0,2702577295.0
2023-01-03,159.27,159.99,155.32,156.81,18206204.0,3240728572.0
2023-01-04,156.63,158.83,155.14,157.18,12883584.0,2299619966.0
2023-01-05,159.71,166.76,158.75,166.31,40279056.0,7535626606.0
2023-01-06,168.17,168.17,165.24,167.6,23338295.0,4428033739.0
2023-01-09,169.35,173.26,167.34,172.37,27557314.0,5362756421.0
2023-01-10,172.3,173.1,171.25,171.81,20275236.0,3965377701.0
2023-01-11,171.63,172.47,169.48,170.8,16999458.0,3304975110.0
2023-01-12,171.59,172.27,168.96,170.18,13822699.0,2675310869.0
2023-01-13,170.18,175.47,170.13,174.74,24506446.0,4833945958.0
2023-01-16,175.99,184.15,175.99,181.73,36352479.0,7493040737.0
2023-01-17,182.15,182.84,177.41,178.51,21507890.0,4383014177.0
2023-01-18,180.33,186.37,179.8,181.1,27241217.0,5639270862.0
2023-01-19,181.67,181.71,178.06,180.66,18119892.0,3710296048.0
2023-01-20,182.94,186.55,182.24,183.67,27348025.0,5738958670.0
2023-01-30,192.35,193.5,188.56,191.48,32180876.0,7001555735.0
2023-01-31,190.94,191.63,183.83,183.91,25724708.0,5456751654.0
2023-02-01,183.47,185.32,179.3,184.85,25655223.0,5334911717.0
2023-02-02,186.28,188.75,184.93,187.0,18327161.0,3899833436.0
2023-02-03,184.79,186.55,181.27,184.79,19935209.0,4156921814.0
2023-02-06,175.58,179.98,173.6,177.49,33407544.0,6710340318.0
2023-02-07,177.49,180.66,177.31,178.78,15811588.0,3216023678.0
2023-02-08,178.78,179.51,174.43,175.6,16905733.0,3384827004.0
2023-02-09,175.69,182.81,175.6,182.5,24493992.0,5026717804.0
2023-02-10,182.5,182.58,178.74,180.13,14032129.0,2872338309.0
2023-02-13,178.63,189.11,178.63,186.91,28908783.0,6110099289.0
2023-02-14,186.91,188.09,183.56,184.13,18490190.0,3886700986.0
2023-02-15,186.19,188.22,184.35,185.67,16925791.0,3584495859.0
2023-02-16,184.22,188.91,182.86,185.49,21337960.0,4522470620.0
2023-02-17,184.31,188.71,183.03,183.17,18446776.0,3901124993.0
2023-02-20,183.21,188.14,180.83,187.39,19166754.0,4024080432.0
2023-02-21,186.99,187.1,183.47,184.86,13939573.0,2922693859.0
2023-02-22,183.43,185.27,181.71,182.59,14100545.0,2931801636.0
2023-02-23,181.71,183.23,179.25,180.48,14580801.0,2993988118.0
2023-02-24,180.46,180.46,175.84,176.96,20395718.0,4104764614.0
2023-02-27,175.17,181.48,174.97,180.23,17299557.0,3517673755.0
2023-02-28,182.15,183.09,177.82,179.88,11480142.0,2342737529.0
2023-03-01,179.66,183.78,178.55,182.49,15446575.0,3196937763.0
2023-03-02,181.36,182.69,180.71,181.49,7447671.0,1537653714.0
2023-03-03,183.03,184.32,179.07,181.06,9283668.0,1912804916.0
2023-03-06,180.4,181.71,178.26,180.02,11140226.0,2277420061.0
2023-03-07,179.82,179.82,176.09,176.39,12527207.0,2532351683.0
2023-03-08,175.11,177.31,174.23,175.38,10219130.0,2035672770.0
2023-03-09,175.11,175.73,170.63,174.23,16850486.0,3323035487.0
2023-03-10,172.66,175.62,171.74,171.81,11095657.0,2181297329.0
2023-03-13,171.59,176.24,171.59,174.76,12647223.0,2510450830.0
2023-03-14,174.85,174.87,170.45,171.84,10284259.0,2013558949.0
2023-03-15,174.23,175.4,169.22,169.24,12988009.0,2527648821.0
2023-03-16,168.07,170.89,166.6,168.25,12054371.0,2309099790.0
2023-03-17,170.58,170.93,165.43,165.87,15607045.0,2970579105.0
2023-03-20,167.19,167.71,162.79,163.59,15464264.0,2889012995.0
2023-03-21,164.91,169.93,162.99,169.17,18789280.0,3583069187.0
2023-03-22,169.17,172.54,168.44,168.75,10853212.0,2097093753.0
2023-03-23,167.99,172.47,167.25,171.22,13284214.0,2578838699.0
2023-03-24,170.71,172.43,168.51,169.85,10253022.0,1984030938.0
2023-03-27,169.67,169.69,166.31,167.56,11879852.0,2258153855.0
2023-03-28,167.54,170.64,167.38,169.39,10918609.0,2099319286.0
2023-03-29,170.71,172.47,168.6,171.84,15953932.0,3103306614.0
2023-03-30,171.84,175.08,170.87,174.58,15148689.0,2983220918.0
2023-03-31,176.87,177.75,173.35,173.35,12758987.0,2541477089.0
2023-04-03,173.34,173.35,169.9,171.76,13366024.0,2604697434.0
2023-04-04,172.03,173.05,169.79,172.61,14247340.0,2772976031.0
2023-04-06,171.59,171.59,166.38,167.67,15107492.0,2889971045.0
2023-04-07,167.02,168.8,165.03,166.37,11303817.0,2139054072.0
2023-04-10,162.79,162.81,156.81,162.49,33973209.0,6169351676.0
2023-04-11,161.89,162.05,158.4,158.86,19119446.0,3472021583.0
2023-04-12,159.27,159.37,154.48,154.72,27283391.0,4827573322.0
2023-04-13,154.87,158.31,154.48,156.53,21080214.0,3748131434.0
2023-04-14,156.83,157.07,154.02,154.51,14465308.0,2549260307.0
2023-04-17,155.57,158.32,155.31,156.79,18555289.0,3301205327.0
2023-04-18,157.51,158.54,156.27,156.92,14406696.0,2574306113.0
2023-04-19,157.22,157.48,154.43,155.13,12617246.0,2225609751.0
2023-04-20,155.17,155.74,151.79,152.67,14800856.0,2578285584.0
2023-04-21,153.11,154.26,151.18,151.35,12091951.0,2096658342.0
2023-04-24,151.44,152.15,147.4,147.84,17609069.0,2970098989.0
2023-04-25,147.84,149.49,145.77,149.42,15489726.0,2602607466.0
2023-04-26,148.8,150.63,147.47,148.37,14812682.0,2500348755.0
2023-04-27,148.36,149.86,146.43,148.86,15039314.0,2530897181.0
2023-04-28,150.7,151.31,147.73,148.71,17938564.0,3038219040.0
2023-05-04,151.79,152.19,147.35,148.67,26587793.0,4516684022.0
2023-05-05,148.67,153.2,148.06,152.86,25172690.0,4324694285.0
2023-05-08,153.55,154.43,150.29,150.83,17753373.0,3055844963.0
2023-05-09,150.33,156.19,149.59,153.79,22292312.0,3891367974.0
2023-05-10,152.06,153.55,150.99,152.52,11890994.0,2057577183.0
2023-05-11,153.1,155.31,151.54,151.86,12289631.0,2138045981.0
2023-05-12,151.53,153.55,149.03,149.04,12959157.0,2218100021.0
2023-05-15,148.06,151.79,147.86,151.74,13079986.0,2232478635.0
2023-05-16,151.62,151.67,149.42,150.03,9936468.0,1694257812.0
2023-05-17,149.59,150.39,148.5,149.01,8602150.0,1458848098.0
2023-05-18,149.15,150.22,147.84,148.42,8780386.0,1484050324.0
2023-05-19,147.91,150.7,146.74,150.3,12074586.0,2048104075.0
2023-05-22,150.38,157.57,148.79,156.29,30244522.0,5326580958.0
2023-05-23,156.46,157.07,153.11,153.11,13672431.0,2402618291.0
2023-05-24,152.69,153.1,149.9,149.9,13355066.0,2297763605.0
2023-05-25,149.08,149.31,147.35,148.01,14392525.0,2421836659.0
2023-05-26,148.01,151.26,147.84,149.68,12287480.0,2088300565.0
2023-05-29,150.42,151.22,147.47,148.06,12976880.0,2191774954.0
2023-05-30,147.84,149.11,143.88,145.34,18360334.0,3039522846.0
2023-05-31,145.2,145.31,140.81,141.83,21344841.0,3448000885.0
2023-06-01,142.99,146.6,141.85,143.72,16901644.0,2774057591.0
2023-06-02,145.2,148.19,143.73,147.75,19208397.0,3199284099.0
2023-06-05,147.2,147.55,144.87,145.37,11344697.0,1879812886.0
2023-06-06,146.34,148.21,144.78,145.74,13536764.0,2256103842.0
2023-06-07,146.21,147.0,144.32,144.32,9532561.0,1574392183.0
2023-06-08,144.5,146.14,143.45,145.04,9157282.0,1504742545.0
2023-06-09,145.14,146.06,144.14,144.83,11963517.0,1970427702.0
2023-06-12,144.33,151.35,143.38,149.96,24183801.0,4073838204.0
2023-06-13,149.59,153.03,149.08,152.31,18293646.0,3156768739.0
2023-06-14,153.82,157.82,151.94,156.35,24101542.0,4279986457.0
2023-06-15,157.7,160.88,156.63,160.15,24045009.0,4346343723.0
2023-06-16,160.68,163.32,159.71,161.98,21631380.0,3975777954.0
2023-06-19,161.03,161.66,155.31,156.23,24234172.0,4330534593.0
2023-06-20,155.75,156.99,152.76,153.12,17868934.0,3129124755.0
2023-06-21,153.11,153.9,150.65,150.83,13948450.0,2409049470.0
2023-06-26,149.15,149.5,145.2,146.66,21934031.0,3652673794.0
2023-06-27,147.82,149.92,146.05,149.57,20067906.0,3307807251.0
2023-06-28,148.77,151.81,148.01,150.07,11942640.0,1990481708.0
2023-06-29,149.47,149.92,147.01,147.5,11772352.0,1934965472.0
2023-06-30,148.3,148.66,146.59,147.28,10337054.0,1695951752.0
2023-07-03,147.01,150.81,146.63,150.69,17337306.0,2875749982.0
2023-07-04,150.37,151.72,149.06,151.47,12595742.0,2107039768.0
2023-07-05,150.84,150.91,148.57,148.91,11541608.0,1911856439.0
2023-07-06,148.84,150.2,147.53,147.94,10144977.0,1672166188.0
2023-07-07,147.84,148.57,147.05,147.36,7896985.0,1294178678.0
2023-07-10,148.55,149.92,147.86,148.21,9671525.0,1597774605.0
2023-07-11,148.97,149.25,147.56,148.69,7020562.0,1156564822.0
2023-07-12,148.75,150.06,148.57,148.98,11884029.0,1970009880.0
2023-07-13,151.16,155.77,150.05,155.45,32351360.0,5531880616.0
2023-07-14,156.31,156.97,153.78,154.86,15072288.0,2594877559.0
2023-07-17,153.52,153.95,151.41,152.76,9325675.0,1575729874.0
2023-07-18,152.8,153.28,151.27,151.63,8195902.0,1381227321.0
2023-07-19,151.11,151.95,150.2,151.56,7685551.0,1288284983.0
2023-07-20,152.17,154.22,151.34,151.77,12750198.0,2163844782.0
2023-07-21,152.96,156.67,151.16,154.21,19538688.0,3356305157.0
2023-07-24,152.29,153.07,151.18,152.49,13171639.0,2222174196.0
2023-07-25,158.47,162.68,157.72,161.62,44063194.0,7867658288.0
2023-07-26,161.62,162.68,159.24,160.09,17402543.0,3104017698.0
2023-07-27,161.15,162.84,159.24,160.69,18798706.0,3367125650.0
2023-07-28,159.64,164.02,159.04,163.14,31969316.0,5753479230.0
2023-07-31,168.02,169.79,162.95,162.97,31559353.0,5816020903.0
2023-08-01,163.59,165.81,160.72,161.96,19571803.0,3543719056.0
2023-08-02,161.17,162.96,159.55,160.25,15508019.0,2770075424.0
2023-08-03,159.41,162.04,157.69,160.81,15264598.0,2712382851.0
2023-08-04,163.32,164.32,160.9,161.42,14347761.0,2585669217.0
2023-08-07,160.54,161.42,158.83,159.65,15692962.0,2784302714.0
2023-08-08,158.63,160.33,157.73,159.26,11614322.0,2050696313.0
2023-08-09,159.79,160.16,158.56,159.53,8679551.0,1536212479.0
2023-08-10,159.26,159.37,157.26,158.75,10423785.0,1833070604.0
2023-08-11,159.79,159.87,155.11,155.19,14888627.0,2590746331.0
2023-08-14,153.07,153.37,149.47,151.83,21094514.0,3548868735.0
2023-08-15,151.82,152.08,149.19,149.92,16814467.0,2803400143.0
2023-08-16,149.72,150.73,148.75,150.1,11627666.0,1937166439.0
2023-08-17,149.38,151.82,148.12,151.66,16693182.0,2790070935.0
2023-08-18,151.65,151.88,147.22,147.24,27947953.0,4605753431.0
2023-08-21,146.03,147.99,145.31,145.84,16450664.0,2676283338.0
2023-08-22,146.42,147.22,144.5,146.0,15692086.0,2538910286.0
2023-08-23,145.91,145.99,144.06,144.07,14683900.0,2360128006.0
2023-08-24,144.14,147.22,143.35,146.1,17589545.0,2842412944.0
2023-08-25,144.98,146.56,144.56,145.46,11630171.0,1877818205.0
2023-08-28,151.28,152.16,141.37,141.8,54577070.0,8739965733.0
2023-08-29,140.46,144.15,139.86,143.52,23873176.0,3780207169.0
2023-08-30,143.52,144.17,141.9,142.1,22598663.0,3580879500.0
2023-08-31,142.1,142.11,140.31,140.38,22001837.0,3443917303.0
2023-09-01,141.36,144.03,141.36,143.83,23238672.0,3701951294.0
2023-09-04,145.51,151.27,145.51,151.2,46496459.0,7710567732.0
2023-09-05,151.09,151.47,148.78,149.21,19055024.0,3170571173.0
2023-09-06,148.62,149.87,147.67,149.19,13049265.0,2155900998.0
2023-09-07,148.57,148.72,146.68,146.86,11886106.0,1947052986.0
2023-09-08,146.1,146.5,144.51,145.79,10497211.0,1695834401.0
2023-09-11,144.96,148.85,144.2,147.98,16068274.0,2625927003.0
2023-09-12,147.13,147.72,146.41,146.75,8942828.0,1459902261.0
2023-09-13,147.67,148.92,146.27,147.35,13114721.0,2150208870.0
2023-09-14,147.35,147.87,144.99,145.87,13047323.0,2115828262.0
2023-09-15,145.93,146.8,143.43,143.8,17755546.0,2846912333.0
2023-09-18,143.16,146.77,142.27,146.59,16298317.0,2634257628.0
2023-09-19,145.87,146.05,143.61,144.88,11367416.0,1824120706.0
2023-09-20,144.24,144.96,143.79,143.92,8712360.0,1394723511.0
2023-09-21,143.16,143.61,141.83,141.96,12945475.0,2046008259.0
2023-09-22,141.36,144.34,141.09,143.99,15431992.0,2451918127.0
2023-09-25,143.85,143.96,142.8,143.07,10536495.0,1676603466.0
2023-09-26,143.06,143.59,141.05,141.05,12501574.0,1969171205.0
2023-09-27,141.06,142.85,140.46,140.99,13281201.0,2083949327.0
2023-09-28,140.99,141.71,140.17,140.55,12385723.0,1933102453.0
2023-10-09,140.54,140.54,136.68,138.91,15357335.0,2365643872.0
2023-10-10,140.0,140.99,137.82,138.13,12717530.0,1965311404.0
2023-10-11,139.18,139.77,138.09,138.39,9912197.0,1526531427.0
2023-10-12,139.79,140.46,138.85,140.22,13797215.0,2144168262.0
2023-10-13,139.11,139.11,136.87,138.33,14293386.0,2189951711.0
2023-10-16,137.83,138.12,134.8,135.19,15236613.0,2299307440.0
2023-10-17,135.19,136.18,133.76,135.43,10720176.0,1610282340.0
2023-10-18,135.04,136.25,134.32,134.38,10110520.0,1516335019.0
2023-10-19,133.26,133.26,129.62,129.88,21738492.0,3161472147.0
2023-10-20,128.76,131.4,128.37,129.39,13316438.0,1920618082.0
2023-10-23,129.33,131.29,128.22,129.43,12029229.0,1727517066.0
2023-10-24,129.44,130.55,127.59,129.7,16707389.0,2395874813.0
2023-10-25,132.31,135.96,132.31,134.47,25442154.0,3792234580.0
2023-10-26,133.26,136.14,133.08,136.01,14617728.0,2187779863.0
2023-10-27,135.57,138.26,135.2,137.75,17065390.0,2603681374.0
2023-10-30,140.42,142.59,139.56,141.0,27403019.0,4289723343.0
2023-10-31,141.81,141.95,139.58,140.46,14497863.0,2261223857.0
2023-11-01,149.47,150.62,144.06,144.06,46934602.0,7622902568.0
2023-11-02,144.14,144.93,142.02,142.17,16513168.0,2623333602.0
2023-11-03,142.17,144.06,141.96,143.77,13814386.0,2200311516.0
2023-11-06,144.67,144.85,142.71,143.92,13751203.0,2192590029.0
2023-11-07,143.43,143.97,142.26,143.44,10730364.0,1705482356.0
2023-11-08,142.71,143.87,141.88,142.83,12646303.0,2003995988.0
2023-11-09,142.26,143.61,142.26,142.76,9198879.0,1458982552.0
2023-11-10,141.81,142.52,140.91,141.27,8963080.0,1407108917.0
2023-11-13,141.26,141.52,138.72,139.45,12557539.0,1948615157.0
2023-11-14,140.35,142.16,139.56,140.37,11299159.0,1764357473.0
2023-11-15,142.09,142.39,141.09,141.59,10175715.0,1601063926.0
2023-11-16,141.36,141.99,140.58,140.8,7036398.0,1102563043.0
2023-11-17,140.01,140.9,138.99,139.56,8452069.0,1309342331.0
2023-11-20,139.55,140.41,138.3,139.02,11485928.0,1773729316.0
2023-11-21,139.56,141.04,137.99,139.83,16697698.0,2595787144.0
2023-11-22,138.84,139.49,138.22,138.22,8691277.0,1338320986.0
2023-11-23,137.76,138.17,136.73,137.82,9457601.0,1442390954.0
2023-11-24,137.67,138.55,137.14,137.97,9309548.0,1425448392.0
2023-11-27,137.57,137.58,134.06,134.39,18526959.0,2774364092.0
2023-11-28,134.42,135.13,132.94,133.93,13910316.0,2066506936.0
2023-11-29,133.78,133.8,132.27,133.53,8648476.0,1279519709.0
2023-11-30,133.41,134.51,133.27,134.3,10683306.0,1591108412.0
2023-12-01,134.16,134.16,131.47,132.55,13430375.0,1977001207.0
2023-12-04,131.9,132.96,131.09,131.32,10695582.0,1565168595.0
2023-12-05,131.01,131.31,128.07,128.46,15041103.0,2167619335.0
2023-12-06,128.4,130.74,127.55,129.75,14474212.0,2081995217.0
2023-12-07,129.75,129.9,127.41,128.33,15107094.0,2152755582.0
2023-12-08,128.33,129.93,128.06,128.69,14475928.0,2075536415.0
2023-12-11,125.7,126.06,122.96,125.34,32312072.0,4465383123.0
2023-12-12,124.26,125.77,124.01,125.43,14402267.0,2002700042.0
2023-12-13,124.8,124.87,120.28,120.46,31864580.0,4313281476.0
2023-12-14,121.55,122.44,119.44,119.44,21441794.0,2872608826.0
2023-12-15,120.36,122.27,119.57,120.38,20013278.0,2685090416.0
2023-12-18,118.9,121.37,118.74,120.65,12930013.0,1727901875.0
2023-12-19,120.65,120.65,119.36,120.05,13016041.0,1732968200.0
2023-12-20,120.52,120.59,118.94,118.97,10629969.0,1411911255.0
2023-12-21,118.75,121.06,118.39,120.74,17664844.0,2355445616.0
2023-12-22,120.71,121.37,119.37,120.13,16402338.0,2191023169.0
2023-12-25,120.04,121.17,119.71,121.15,9862125.0,1322860817.0
2023-12-26,121.15,121.15,120.3,120.94,7367832.0,986855945.0
2023-12-27,120.94,121.36,119.78,120.5,10430850.0,1395667157.0
2023-12-28,120.5,127.08,120.25,126.15,33610901.0,4647651265.0
2023-12-29,126.06,127.53,125.42,126.34,19454076.0,2730826835.0
2024-01-02,126.33,126.33,122.27,122.45,21526999.0,2947170557.0
2024-01-03,122.44,123.06,120.43,121.45,16417109.0,2211980500.0
2024-01-04,121.45,121.46,118.86,119.14,17876323.0,2371204452.0
2024-01-05,118.85,120.02,117.75,118.17,15630369.0,2062827516.0
2024-01-08,117.96,118.08,115.25,115.34,21020047.0,2706248456.0
2024-01-09,115.34,116.49,114.72,115.08,17483816.0,2241449420.0
2024-01-10,115.08,116.67,113.46,115.97,16530411.0,2118536476.0
2024-01-11,115.88,117.5,114.55,116.71,15646396.0,2021717964.0
2024-01-12,116.04,117.16,115.34,115.93,11920766.0,1539729131.0
2024-01-15,115.25,116.5,114.42,115.86,11582558.0,1485609939.0
2024-01-16,115.18,116.4,114.29,115.62,12528653.0,1604334708.0
2024-01-17,114.89,115.07,112.68,112.68,17675746.0,2232551975.0
2024-01-18,112.37,115.37,110.92,115.16,23594821.0,2961463082.0
2024-01-19,114.35,116.61,113.56,116.05,22502046.0,2891090564.0
2024-01-22,115.61,116.29,113.27,114.35,21340958.0,2733754456.0
2024-01-23,114.17,115.36,112.98,114.69,16198659.0,2053575260.0
2024-01-24,115.41,115.68,112.78,115.3,16682387.0,2118643963.0
2024-01-25,115.25,118.05,114.86,118.05,27342127.0,3546308960.0
2024-01-26,117.15,118.84,116.6,117.95,19317416.0,2522565252.0
2024-01-29,118.03,120.36,118.03,118.66,21614965.0,2860907562.0
2024-01-30,117.77,117.86,114.87,114.99,17071977.0,2196117733.0
2024-01-31,114.8,115.86,113.71,113.72,13521837.0,1717132839.0
2024-02-01,113.22,115.0,112.68,113.9,13787549.0,1745356476.0
2024-02-02,113.9,115.84,110.35,111.49,21086217.0,2658388905.0
2024-02-05,111.49,115.14,110.67,113.96,30804209.0,3864410349.0
2024-02-06,113.45,119.75,113.18,119.74,32384190.0,4239033653.0
2024-02-07,119.85,121.28,118.94,120.54,29067328.0,3882655957.0
2024-02-08,121.37,122.56,119.48,120.28,24374798.0,3267001019.0
2024-02-19,125.07,125.11,121.36,122.59,28857883.0,3951748630.0
2024-02-20,122.45,123.36,119.75,121.0,21181874.0,2841706724.0
2024-02-21,120.11,128.47,119.61,126.97,46656281.0,6492866977.0
2024-02-22,126.16,127.55,125.54,127.05,18840109.0,2646660001.0
2024-02-23,126.99,129.1,126.1,127.6,18439323.0,2613714172.0
2024-02-26,127.41,128.11,125.2,125.84,13994707.0,1961062780.0
2024-02-27,125.17,125.88,124.3,125.84,15061741.0,2092382021.0
2024-02-28,125.84,127.32,124.95,125.63,19619411.0,2753522611.0
2024-02-29,125.16,128.15,124.89,128.08,17660377.0,2496984973.0
2024-03-01,127.9,129.46,126.85,128.39,15881306.0,2261267887.0
2024-03-04,127.42,128.04,126.09,126.35,15430682.0,2170817658.0
2024-03-05,126.04,127.75,125.45,127.49,16001586.0,2251931873.0
2024-03-06,126.96,127.23,124.71,125.21,17652769.0,2459134906.0
2024-03-07,125.21,126.04,124.48,124.48,11219842.0,1559868152.0
2024-03-08,124.31,125.27,123.05,124.63,12245203.0,1687886719.0
2024-03-11,124.57,127.22,124.27,127.1,19356925.0,2713055197.0
2024-03-12,127.11,134.43,127.11,133.54,45079147.0,6608708733.0
2024-03-13,132.81,134.32,132.49,133.04,17912970.0,2649479635.0
2024-03-14,132.54,135.96,132.41,134.66,22227356.0,3320434207.0
2024-03-15,134.16,139.36,133.98,137.3,23887367.0,3639737823.0
2024-03-18,137.22,139.26,135.7,138.21,18987361.0,2908432466.0
2024-03-19,138.55,143.14,138.25,141.7,33882634.0,5328394237.0
2024-03-20,141.26,142.5,140.0,141.32,16160021.0,2535854998.0
2024-03-21,141.27,142.75,140.15,141.01,13643008.0,2139591363.0
2024-03-22,140.82,141.15,137.19,138.15,20156403.0,3098381511.0
2024-03-25,137.32,137.67,135.06,136.61,16167547.0,2447539788.0
2024-03-26,136.65,139.9,136.65,139.76,18088963.0,2787590494.0
2024-03-27,139.56,139.83,137.4,137.46,12363048.0,1899180647.0
2024-03-28,137.46,139.87,136.91,137.85,14419203.0,2217801275.0
2024-03-29,137.85,139.58,137.37,138.22,8834848.0,1358438657.0
2024-04-01,139.11,142.77,139.11,141.62,17726202.0,2788229516.0
2024-04-02,141.36,141.53,139.44,140.01,11410098.0,1779060167.0
2024-04-03,140.37,141.34,138.03,139.2,9826116.0,1522506390.0
2024-04-08,136.86,136.86,132.4,132.62,27000663.0,4002147876.0
2024-04-09,131.91,133.45,131.17,131.89,13039729.0,1909631397.0
2024-04-10,131.64,131.91,127.98,128.87,17167574.0,2464329867.0
2024-04-11,128.4,128.45,126.6,128.16,15994283.0,2264027609.0
2024-04-12,127.86,129.16,126.15,126.5,13407310.0,1895837989.0
2024-04-15,126.6,133.24,126.11,132.65,25429182.0,3701903875.0
2024-04-16,132.0,132.5,129.94,130.53,13567789.0,1976125483.0
2024-04-17,130.14,131.04,129.48,130.83,13702335.0,1982007044.0
2024-04-18,129.72,132.16,129.03,130.54,15245280.0,2213439017.0
2024-04-19,129.64,130.11,127.85,128.67,12726175.0,1818608488.0
2024-04-22,128.67,131.89,128.67,130.16,14036604.0,2035476601.0
2024-04-23,129.66,132.8,129.63,132.39,17171181.0,2507417591.0
2024-04-24,133.2,134.34,131.46,134.14,14225100.0,2103883224.0
2024-04-25,133.71,134.48,132.38,134.14,10077553.0,1496358808.0
2024-04-26,134.34,137.49,134.34,137.09,17946172.0,2719514006.0
2024-04-29,135.96,140.97,135.07,136.64,27538469.0,4217464059.0
2024-04-30,137.13,138.2,135.45,135.45,15529607.0,2359135140.0
2024-05-06,138.16,142.56,138.12,139.57,31679595.0,4940155161.0
2024-05-07,139.56,140.84,138.26,140.41,14549977.0,2265634112.0
2024-05-08,140.44,140.75,138.98,139.56,10107370.0,1567926317.0
2024-05-09,138.96,140.18,138.42,139.42,11327468.0,1750315447.0
2024-05-10,139.56,140.36,137.58,139.05,10251379.0,1579216046.0
2024-05-13,137.58,137.74,135.3,136.05,17262826.0,2608851173.0
2024-05-14,136.05,136.73,135.09,136.27,11345529.0,1713073765.0
2024-05-15,136.26,136.71,135.51,136.29,7842841.0,1186554217.0
2024-05-16,136.59,139.63,135.7,138.71,14937612.0,2289335629.0
2024-05-17,138.66,140.85,137.95,140.83,16184342.0,2509981114.0
2024-05-20,140.82,143.88,140.82,141.63,19373643.0,3066112976.0
2024-05-21,141.18,141.53,139.64,140.95,8803686.0,1374785553.0
2024-05-22,140.47,140.83,138.91,139.67,10847769.0,1682580309.0
2024-05-23,139.56,140.44,138.05,138.3,8988893.0,1383814570.0
2024-05-24,137.64,137.88,135.96,136.1,11203941.0,1700150955.0
2024-05-27,136.09,137.13,135.58,136.48,10156716.0,1535721670.0
2024-05-28,136.5,136.81,135.06,135.09,10387436.0,1566391578.0
2024-05-29,135.11,135.95,134.03,134.35,9102373.0,1363621240.0
2024-05-30,134.12,134.12,131.38,131.69,16111129.0,2363289778.0
2024-05-31,132.27,133.25,132.0,132.09,13141188.0,1934209403.0
2024-06-03,132.26,132.58,130.24,131.44,14092998.0,2051213338.0
2024-06-04,131.44,133.35,131.01,133.06,10302099.0,1514138601.0
2024-06-05,133.01,133.26,131.14,131.24,11114765.0,1629419454.0
2024-06-06,131.47,132.02,129.71,130.47,12730851.0,1844855886.0
2024-06-07,131.01,131.05,127.77,128.16,15869270.0,2266797198.0
2024-06-11,127.32,127.32,124.26,124.69,20665469.0,2873140132.0
2024-06-12,124.35,125.9,123.85,124.17,15452411.0,2136862849.0
2024-06-13,124.16,124.35,121.05,121.16,24362284.0,3301287598.0
2024-06-14,120.83,122.18,118.93,122.17,28721911.0,3851661909.0
2024-06-17,121.01,122.6,118.22,122.21,24627240.0,3299559711.0
2024-06-18,121.55,123.66,120.13,120.55,20298120.0,2740736863.0
2024-06-19,120.82,121.82,119.6,120.85,13704527.0,1839596880.0
2024-06-20,120.74,121.62,119.02,119.03,12619163.0,1679993029.0
2024-06-21,118.86,119.63,115.97,117.23,21388642.0,2781028409.0
2024-06-24,113.47,119.46,113.09,117.98,23923514.0,3102546743.0
2024-06-25,118.67,120.01,117.59,118.41,17715159.0,2341480948.0
2024-06-26,117.41,119.02,117.37,118.22,10221249.0,1341298503.0
2024-06-27,118.25,118.29,115.9,116.74,12264610.0,1587676455.0
2024-06-28,116.14,117.49,114.86,115.29,15689886.0,2019328026.0
2024-07-01,115.43,116.3,113.45,115.52,15433459.0,1964232829.0
2024-07-02,114.98,119.47,114.8,118.46,24747909.0,3244049457.0
2024-07-03,118.46,119.48,117.14,117.95,12427733.0,1631928152.0
2024-07-04,117.95,119.21,117.08,117.58,10049528.0,1315554604.0
2024-07-05,117.58,118.83,115.38,116.11,13941250.0,1803448225.0
2024-07-08,116.13,116.33,112.75,113.37,20745544.0,2630909852.0
2024-07-09,113.37,115.43,112.71,114.41,19540437.0,2475816884.0
2024-07-10,113.9,115.67,113.61,113.94,15457159.0,1964272870.0
2024-07-11,114.8,118.4,114.5,117.48,25779636.0,3349449291.0
2024-07-12,118.3,119.33,117.34,118.97,18938660.0,2401467289.0
2024-07-15,118.6,120.8,118.2,119.06,11973781.0,1532479885.0
2024-07-16,118.34,119.62,117.48,119.04,15468916.0,1967032428.0
2024-07-17,118.6,122.32,118.01,122.11,22884217.0,2960415564.0
2024-07-18,121.43,124.2,121.43,122.42,18591713.0,2444968667.0
2024-07-19,122.03,124.66,121.19,124.59,19024378.0,2517623683.0
2024-07-22,124.57,125.09,122.33,122.54,15642939.0,2065619592.0
2024-07-23,122.34,122.81,118.41,118.41,19756404.0,2540829813.0
2024-07-24,118.2,119.25,117.2,117.72,14364962.0,1813586525.0
2024-07-25,116.82,118.28,116.82,117.46,11814145.0,1485089890.0
2024-07-26,117.66,118.95,116.82,117.85,11421502.0,1439101532.0
2024-07-29,117.66,118.32,115.89,115.89,13936430.0,1745197564.0
2024-07-30,114.86,116.07,113.44,115.13,20725348.0,2538151161.0
2024-07-31,114.56,119.7,114.54,118.47,26057917.0,3286415867.0
2024-08-01,118.47,118.55,115.68,115.79,17473861.0,2180765965.0
2024-08-02,114.86,116.28,114.75,115.51,9950169.0,1231884912.0
2024-08-05,115.51,119.53,115.42,117.66,24189241.0,3060405977.0
2024-08-06,118.15,119.53,117.08,117.57,15347283.0,1940983189.0
2024-08-07,117.66,119.14,117.01,118.6,13259071.0,1678186223.0
2024-08-08,118.11,121.09,117.62,119.86,20013087.0,2559755534.0
2024-08-09,120.93,121.4,119.29,119.6,15846790.0,2041741166.0
2024-08-12,119.06,119.99,118.71,119.26,7310797.0,934639851.0
2024-08-13,119.15,119.49,116.84,117.29,12451739.0,1567828597.0
2024-08-14,117.2,117.28,115.69,116.1,9494697.0,1181885782.0
2024-08-15,115.81,117.8,115.66,116.68,11162349.0,1395432332.0
2024-08-16,116.26,117.07,115.4,116.74,9726670.0,1211693479.0
2024-08-19,116.73,118.6,115.7,115.75,13875921.0,1732841551.0
2024-08-20,115.75,115.79,114.54,115.0,10985221.0,1352259415.0
2024-08-21,114.67,114.99,114.02,114.11,9710809.0,1189648677.0
2024-08-22,114.12,114.29,112.02,112.98,18528513.0,2234186008.0
2024-08-23,112.62,114.02,112.54,113.1,8898800.0,1078393647.0
2024-08-26,112.97,113.81,110.23,110.3,20401007.0,2429417311.0
2024-08-27,109.91,110.38,107.9,109.91,15660884.0,1831272407.0
2024-08-28,109.26,109.26,105.45,106.46,24729242.0,2821002956.0
2024-08-29,107.86,112.33,107.51,110.92,30025609.0,3546177236.0
2024-08-30,110.19,116.41,109.05,114.89,33779842.0,4114623948.0
2024-09-02,113.93,114.22,111.13,111.13,17755490.0,2134586804.0
2024-09-03,111.2,113.43,111.13,112.36,12798410.0,1538909786.0
2024-09-04,111.43,112.81,111.15,111.23,8469238.0,1011886744.0
2024-09-05,111.22,111.95,110.66,111.64,8279466.0,987295999.0
2024-09-06,111.59,111.59,109.72,109.75,7772198.0,920196138.0
2024-09-09,109.16,109.72,107.88,108.53,11158667.0,1296332675.0
2024-09-10,108.53,110.43,108.23,108.73,10605023.0,1237792376.0
2024-09-11,108.14,109.32,107.39,108.33,7659099.0,888345207.0
2024-09-12,108.32,108.68,105.86,105.86,16984847.0,1945710694.0
2024-09-13,105.8,105.8,101.97,101.97,31153086.0,3444726618.0
2024-09-18,101.09,102.32,100.12,100.56,17763923.0,1916365125.0
2024-09-19,100.6,105.39,99.29,103.56,31818095.0,3511889908.0
2024-09-20,102.84,103.51,101.41,102.98,19668110.0,2158043125.0
2024-09-23,103.57,106.26,103.09,104.86,20371180.0,2298355085.0
2024-09-24,107.3,112.43,106.0,112.4,47346927.0,5559354901.0
2024-09-25,115.42,117.31,113.81,114.02,41718945.0,5168860913.0
2024-09-26,114.02,125.42,113.84,125.42,66453364.0,8594482228.0
2024-09-27,132.42,137.96,129.36,137.96,86457718.0,12438562567.0
2024-09-30,145.7,151.76,142.6,151.76,98620119.0,15752197756.0
2024-10-08,166.93,166.93,145.26,153.19,130680565.0,22218231045.0
2024-10-09,149.41,149.41,137.89,137.91,81546859.0,12409184179.0
2024-10-10,137.9,145.24,137.9,141.92,60060115.0,9164464307.0
2024-10-11,140.07,143.17,138.21,139.75,28515763.0,4283807928.0
2024-10-14,141.01,141.01,136.35,139.85,33496575.0,4986283993.0
2024-10-15,140.07,140.17,134.47,134.47,32970192.0,4840842560.0
2024-10-16,132.6,134.74,130.81,132.28,31227224.0,4430542144.0
2024-10-17,133.07,133.46,128.77,128.82,28250755.0,3957974226.0
2024-10-18,127.94,135.93,127.34,133.54,44144323.0,6206988496.0
2024-10-21,134.46,135.87,131.76,133.55,29576515.0,4223086215.0
2024-10-22,133.35,136.76,132.8,135.82,30466330.0,4419839158.0
2024-10-23,135.84,139.63,134.47,138.7,35813825.0,5277833036.0
2024-10-24,137.09,138.67,136.44,136.77,18642006.0,2743177644.0
2024-10-25,135.83,139.95,135.83,138.31,19805485.0,2926843949.0
2024-10-28,139.15,143.81,136.96,143.78,43810985.0,6649586215.0
2024-10-29,143.78,146.5,140.45,140.82,30315753.0,4641639292.0
2024-10-30,139.14,141.3,137.55,138.95,21187042.0,3158474275.0
2024-10-31,137.27,139.33,135.79,137.11,26944088.0,3957475707.0
2024-11-01,136.08,140.82,136.08,138.13,22719198.0,3379402018.0
2024-11-04,138.67,139.34,136.41,138.77,20505185.0,3030626417.0
2024-11-05,138.21,142.87,137.09,142.69,32031809.0,4839032609.0
2024-11-06,142.65,142.88,139.28,141.24,30206560.0,4568777903.0
2024-11-07,140.11,152.23,139.92,151.5,67187150.0,10602928042.0
2024-11-08,153.15,153.71,145.68,146.12,56747365.0,9025428028.0
2024-11-11,143.2,144.6,141.19,144.57,36601207.0,5603393228.0
2024-11-12,144.57,148.48,143.48,144.09,35134682.0,5496005682.0
2024-11-13,142.88,145.05,142.56,143.75,19433400.0,2990077535.0
2024-11-14,142.98,145.56,142.08,143.33,21792782.0,3357496178.0
2024-11-15,143.32,143.93,140.59,141.28,25544269.0,3894476943.0
2024-11-18,141.27,143.21,139.14,139.45,20986101.0,3164795003.0
2024-11-19,139.66,140.67,135.68,138.63,23341346.0,3447738671.0
2024-11-20,138.63,140.44,137.46,139.7,14981538.0,2233265261.0
2024-11-21,139.14,140.17,138.36,139.61,11446054.0,1706377342.0
2024-11-22,139.51,140.08,135.08,135.3,18942474.0,2785311385.0
2024-11-25,136.24,137.44,133.26,134.28,19168995.0,2771219117.0
2024-11-26,134.0,136.9,133.07,135.22,17535782.0,2539251070.0
2024-11-27,135.19,138.1,134.08,137.32,20024978.0,2921829640.0
2024-11-28,135.4,137.23,134.28,134.47,19045387.0,2760020464.0
2024-11-29,135.42,139.78,134.84,137.06,28727796.0,4234632626.0
2024-12-02,137.39,138.61,135.93,137.65,17976352.0,2645657931.0
2024-12-03,137.93,137.99,136.53,137.26,14014314.0,2059980757.0
2024-12-04,137.18,137.22,135.19,136.09,14843403.0,2161996959.0
2024-12-05,135.4,136.02,134.95,135.43,10321021.0,1496758491.0
2024-12-06,135.09,138.21,135.09,136.75,18754575.0,2745488834.0
2024-12-09,136.76,137.66,135.54,136.11,14542425.0,2124782351.0
2024-12-10,142.88,144.63,139.05,139.23,46326278.0,7021977460.0
2024-12-11,138.22,141.47,138.22,139.51,19999335.0,2993662413.0
2024-12-12,139.55,141.94,138.65,141.77,25365291.0,3819524049.0
2024-12-13,140.4,140.71,138.21,138.24,28422742.0,4230330396.0
2024-12-16,138.23,138.24,134.49,135.02,26477262.0,3846200008.0
2024-12-17,135.01,137.04,134.1,135.3,15949283.0,2318651654.0
2024-12-18,135.4,136.6,134.99,135.59,12067558.0,1755251345.0
2024-12-19,134.56,134.85,133.83,134.05,15198227.0,2184469848.0
2024-12-20,134.19,134.91,133.28,133.73,17283558.0,2479372352.0
2024-12-23,132.9,134.41,132.84,133.02,14260102.0,2039345026.0
2024-12-24,132.93,134.0,132.33,133.99,14333019.0,2045707408.0
2024-12-25,133.99,134.36,133.14,133.61,9613952.0,1376290843.0
2024-12-26,133.65,133.75,132.46,133.06,10476825.0,1493951272.0
2024-12-27,133.16,133.49,132.2,133.09,13445059.0,1912027993.0
2024-12-30,132.62,133.7,131.67,131.87,16367180.0,2320655237.0
2024-12-31,131.87,134.1,130.74,130.77,24521867.0,3472955734.0
2025-01-02,130.74,130.74,127.28,127.92,25564735.0,3517884976.0
2025-01-03,128.01,128.83,125.83,126.44,16823014.0,2295817772.0
2025-01-06,123.17,125.1,121.75,122.17,27943013.0,3679523520.0
2025-01-07,122.52,122.95,121.02,122.19,19018740.0,2478571210.0
2025-01-08,122.2,123.02,119.55,121.12,19287619.0,2504007320.0
2025-01-09,121.31,123.59,119.67,121.94,15918343.0,2080588918.0
2025-01-10,121.86,122.17,120.09,120.09,13537786.0,1753729759.0
2025-01-13,118.89,120.93,118.56,120.65,12149103.0,1562285331.0
2025-01-14,120.74,124.48,120.37,124.22,22862469.0,3014664381.0
2025-01-15,124.48,124.83,123.47,123.98,12812277.0,1701391090.0
2025-01-16,124.57,125.41,122.39,122.78,16309620.0,2160311225.0
2025-01-17,123.26,125.02,122.84,123.55,15245016.0,2021963287.0
2025-01-20,124.09,126.52,123.95,125.41,19417359.0,2611169665.0
2025-01-21,125.93,126.07,124.01,124.56,13279686.0,1774069695.0
2025-01-22,124.15,124.2,121.52,121.72,17418217.0,2277963646.0
2025-01-23,122.89,124.79,122.39,122.56,18448933.0,2387735894.0
2025-01-24,121.75,122.49,120.5,121.67,18943572.0,2418169298.0
2025-01-27,121.94,122.46,121.08,121.18,12653510.0,1616070923.0
2025-02-05,121.51,121.83,118.61,119.09,18691574.0,2343981886.0
2025-02-06,118.89,120.41,118.79,119.94,13819081.0,1734038682.0
2025-02-07,120.03,122.78,119.2,121.59,23247330.0,2960433850.0
2025-02-10,121.63,122.13,120.89,121.49,13654558.0,1740615096.0
2025-02-11,121.56,122.01,119.77,120.28,17600170.0,2221320156.0
2025-02-12,120.28,121.66,119.65,121.65,17735327.0,2240677199.0
2025-02-13,121.67,125.75,121.22,125.28,46762606.0,6110655129.0
2025-02-14,124.37,125.94,123.94,125.02,21810735.0,2857398901.0
2025-02-17,125.65,127.21,124.88,125.32,20507840.0,2710093082.0
2025-02-18,125.25,126.12,123.24,124.04,18596134.0,2435399273.0
2025-02-19,124.04,125.27,123.22,124.9,15364181.0,2003027066.0
2025-02-20,124.22,126.5,124.13,124.32,13253049.0,1737767288.0
2025-02-21,124.42,126.38,123.78,124.91,21001653.0,2756687286.0
2025-02-24,124.7,127.17,124.19,125.65,24439219.0,3229422469.0
2025-02-25,124.68,124.72,122.49,122.65,22190136.0,2872796622.0
2025-02-26,122.62,123.65,122.03,123.65,17924348.0,2311292300.0
2025-02-27,123.84,126.79,123.65,126.46,37079506.0,4909364775.0
2025-02-28,126.32,129.27,125.27,125.35,33720213.0,4510232386.0
2025-03-03,125.35,129.18,124.18,124.65,21035512.0,2780161096.0
2025-03-04,123.9,124.19,122.62,123.61,14934839.0,1933207044.0
2025-03-05,123.61,123.84,121.58,122.52,19936646.0,2558423708.0
2025-03-06,123.21,125.56,122.56,125.45,23585718.0,3075149470.0
2025-03-07,124.99,128.42,124.71,128.42,34007291.0,4536723523.0
2025-03-10,128.13,128.13,125.43,126.41,20635305.0,2735377366.0
2025-03-11,125.28,128.81,125.24,128.8,32103562.0,4304327283.0
2025-03-12,128.89,129.76,126.34,126.67,28801774.0,3844719012.0
2025-03-13,126.67,127.96,125.99,126.12,16792264.0,2233018515.0
2025-03-14,126.7,135.26,126.7,134.13,76551575.0,10604804482.0
2025-03-17,135.66,136.19,132.78,133.22,38773048.0,5457575155.0
2025-03-18,133.58,133.9,132.15,132.94,18673497.0,2608207825.0
2025-03-19,132.94,134.12,131.81,132.34,16815724.0,2339543020.0
2025-03-20,132.3,132.42,129.43,129.55,22872209.0,3130766821.0
2025-03-21,129.27,130.99,127.84,128.23,19713023.0,2669031188.0
2025-03-24,127.71,128.54,126.73,127.95,18048886.0,2417592736.0
2025-03-25,128.23,128.32,126.32,127.24,17567115.0,2342967013.0
2025-03-26,127.22,127.54,126.6,127.04,10882580.0,1452491544.0
2025-03-27,126.78,128.39,126.23,127.56,14086564.0,1882916851.0
2025-03-28,127.73,127.89,126.13,126.92,12099601.0,1610808297.0
2025-03-31,126.9,127.06,125.13,125.13,14485487.0,1912983577.0
2025-04-01,125.21,125.99,124.93,125.55,12170463.0,1602816957.0
2025-04-02,125.63,126.27,124.85,124.94,10102473.0,1328718377.0
2025-04-03,123.42,127.16,123.26,125.75,16562264.0,2187566525.0
2025-04-07,122.42,124.27,117.94,120.78,46309272.0,5889478918.0
2025-04-08,120.78,125.03,120.78,124.57,33185668.0,4295611990.0
2025-04-09,123.37,126.55,123.23,125.99,29699887.0,3910869675.0
2025-04-10,126.04,127.17,124.32,126.85,23310636.0,3091985055.0
2025-04-11,125.94,127.15,124.4,125.37,17429334.0,2296050286.0
2025-04-14,125.27,126.39,124.81,124.84,12578106.0,1655429086.0
2025-04-15,124.8,125.23,123.92,125.13,11482502.0,1502439501.0
2025-04-16,124.61,126.27,123.54,126.04,16668022.0,2177739510.0
2025-04-17,125.11,126.69,124.8,126.25,15292281.0,2022126158.0
2025-04-18,125.76,126.29,125.0,125.51,8947834.0,1179998316.0
2025-04-21,125.36,125.75,123.98,124.17,14436366.0,1887006445.0
2025-04-22,124.04,124.55,123.37,123.94,11585468.0,1507639704.0
2025-04-23,124.3,124.51,123.42,123.82,9594427.0,1246940579.0
2025-04-24,123.65,124.04,122.9,122.95,13152369.0,1703623364.0
2025-04-25,123.08,124.05,122.85,122.94,10718307.0,1388082600.0
2025-04-28,123.95,125.43,123.75,124.65,18504541.0,2422404105.0
2025-04-29,123.99,124.42,123.17,123.42,12479570.0,1619377345.0
2025-04-30,123.47,124.13,122.58,122.61,14662657.0,1893634511.0
2025-05-06,122.89,123.42,122.01,123.36,14634943.0,1889145118.0
2025-05-07,124.7,125.57,123.65,123.84,15247040.0,1990960978.0
2025-05-08,123.57,126.7,123.16,125.56,20802315.0,2735442055.0
2025-05-09,125.56,125.85,124.81,125.35,11054836.0,1454604448.0
2025-05-12,125.75,126.94,125.27,126.67,16456000.0,2182417151.0
2025-05-13,127.33,127.33,126.16,126.69,12039542.0,1599600056.0
2025-05-14,126.43,130.68,125.91,128.86,29148950.0,3932377808.0
2025-05-15,128.62,129.17,127.28,127.34,14494424.0,1947912221.0
2025-05-16,127.06,127.26,124.85,124.87,17354288.0,2288769532.0
2025-05-19,123.08,123.94,122.78,123.18,23700824.0,3062514441.0
2025-05-20,122.89,123.49,122.77,123.02,15936916.0,2058475919.0
2025-05-21,123.02,123.73,122.89,123.14,14169298.0,1832618627.0
2025-05-22,123.15,123.34,122.74,122.98,9605451.0,1239750922.0
2025-05-23,122.94,123.52,122.08,122.08,15037984.0,1937195760.0
2025-05-26,121.91,122.08,119.93,120.42,27361547.0,3460707609.0
2025-05-27,120.3,120.94,119.93,120.19,15126840.0,1908812014.0
2025-05-28,120.32,121.11,119.56,120.91,18138470.0,2291200545.0
2025-05-29,120.61,121.46,119.94,121.29,16034701.0,2036182268.0
2025-05-30,120.99,121.51,120.03,120.45,14682788.0,1858195533.0
2025-06-03,119.25,119.61,118.67,118.78,23748287.0,2965933456.0
2025-06-04,118.78,119.29,118.22,118.65,19350308.0,2410315627.0
2025-06-05,118.65,119.56,118.31,119.11,20231200.0,2525601313.0
2025-06-06,119.05,119.89,118.8,119.17,11888498.0,1488927363.0
2025-06-09,119.17,119.27,118.71,119.04,19842902.0,2477799331.0
2025-06-10,118.89,119.18,118.4,118.5,17105298.0,2132365672.0
2025-06-11,118.51,119.27,118.32,118.8,14547273.0,1816144262.0
2025-06-12,118.61,118.65,116.59,116.7,38065992.0,4680660152.0
2025-06-13,116.12,116.13,113.38,113.48,36696171.0,4395342694.0
2025-06-16,112.25,112.83,111.46,112.67,27148875.0,3192006585.0
2025-06-17,112.61,113.21,111.87,112.14,19650205.0,2316678380.0
2025-06-18,113.07,113.78,112.29,112.73,20049069.0,2378709214.0
2025-06-19,111.98,112.84,111.56,111.73,16357242.0,1926506404.0
2025-06-20,111.94,114.32,111.82,113.9,29681382.0,3536127315.0
2025-06-23,113.27,113.45,112.21,112.68,17338663.0,2053039386.0
2025-06-24,112.96,114.31,112.79,114.08,17895787.0,2138966777.0
2025-06-25,114.32,114.53,113.25,114.49,17864721.0,2135738739.0
2025-06-26,114.42,114.93,113.97,114.06,16637264.0,1997480065.0
2025-06-27,114.04,114.25,113.4,113.54,16021567.0,1913691952.0
2025-06-30,113.54,113.92,112.68,113.27,22368008.0,2660701232.0
2025-07-01,113.36,113.36,112.68,113.01,12218321.0,1449250746.0
2025-07-02,113.01,114.22,112.9,113.54,15447681.0,1840968960.0
2025-07-03,113.54,114.16,113.27,113.96,12243011.0,1463537870.0
2025-07-04,113.64,115.03,113.55,114.69,17067930.0,2049279008.0
2025-07-07,114.52,114.81,114.14,114.23,8581080.0,1030097661.0
2025-07-08,114.18,115.15,114.16,115.06,11663123.0,1404970363.0
2025-07-09,115.11,117.03,114.79,115.84,20349574.0,2482658941.0
2025-07-10,115.3,117.06,115.18,116.78,16271646.0,1983620004.0
2025-07-11,116.77,119.06,116.43,118.41,28718907.0,3562808114.0
2025-07-14,118.47,119.6,117.56,119.47,21913998.0,2734366851.0
2025-07-15,118.91,119.58,118.43,119.08,19332839.0,2415360200.0
2025-07-16,118.7,119.92,118.7,119.35,17869945.0,2237883046.0
2025-07-17,119.35,120.14,118.96,119.86,17299880.0,2171582212.0
2025-07-18,120.09,121.82,119.09,120.97,21020856.0,2597764485.0
2025-07-21,120.97,120.98,119.47,119.77,18778433.0,2304021397.0
2025-07-22,119.77,123.03,119.77,122.68,30377165.0,3784887030.0
2025-07-23,122.84,124.0,122.29,122.35,22906716.0,2887980079.0
2025-07-24,122.3,122.9,121.67,122.7,15601222.0,1955643592.0
2025-07-25,122.7,122.74,120.66,120.73,18400674.0,2284994445.0
2025-07-28,120.71,121.35,119.23,121.24,17851106.0,2196293738.0
2025-07-29,120.69,121.17,119.42,120.71,18515092.0,2276717869.0
2025-07-30,120.75,122.3,120.48,121.69,22412427.0,2789922636.0
2025-07-31,121.2,121.28,118.1,118.4,30468735.0,3717607979.0
2025-08-01,118.39,118.86,117.65,118.25,12322595.0,1491109255.0
2025-08-04,117.89,118.47,117.71,118.17,8593314.0,1038364798.0
2025-08-05,118.2,119.44,118.2,119.18,13944554.0,1698256512.0
2025-08-06,119.2,119.72,118.73,119.38,11968359.0,1460865583.0
2025-08-07,119.35,120.34,119.18,119.76,11570286.0,1419842885.0
2025-08-08,119.76,120.09,119.19,119.44,8242559.0,1008572356.0
2025-08-11,119.37,121.52,119.33,121.12,18266039.0,2257903784.0
2025-08-12,121.08,122.48,120.21,120.39,21137375.0,2625229654.0
2025-08-13,120.21,120.66,119.73,120.39,15582285.0,1916294686.0
2025-08-14,120.38,122.01,119.98,120.05,19906336.0,2461442362.0
2025-08-15,119.75,120.5,119.13,120.3,19394317.0,2376497642.0
2025-08-18,120.3,121.83,120.02,120.94,25530142.0,3163846038.0
2025-08-19,120.96,122.89,120.96,121.58,32724162.0,4087820978.0
2025-08-20,121.59,123.62,120.55,122.92,40431044.0,5083056591.0
2025-08-21,122.94,123.26,122.02,122.6,23189477.0,2908492491.0
2025-08-22,122.6,122.96,122.11,122.93,20484997.0,2567683361.0
2025-08-25,123.31,127.13,123.31,126.98,47980003.0,6165955081.0
2025-08-26,126.98,128.85,125.73,126.79,34979445.0,4552425053.0
2025-08-27,126.56,126.56,123.72,123.74,34684706.0,4441325744.0
2025-08-28,123.73,124.31,121.18,122.62,34583488.0,4340085829.0
2025-08-29,123.31,126.85,123.25,126.59,43525090.0,5610236643.0
2025-09-01,127.04,127.14,124.62,125.94,31694195.0,4074402941.0
2025-09-02,125.49,128.14,125.2,125.64,34916169.0,4522779365.0
2025-09-03,126.07,128.51,123.52,123.74,30286319.0,3883434402.0
2025-09-04,123.43,123.62,121.89,122.66,26187312.0,3286629625.0
2025-09-05,122.55,124.13,121.96,123.93,20173355.0,2537085185.0
2025-09-08,123.82,126.21,123.39,126.16,30536352.0,3923785754.0
2025-09-09,126.15,126.44,124.68,125.87,18440608.0,2368186108.0
2025-09-10,125.87,126.54,124.76,125.15,19964491.0,2565580225.0
2025-09-11,124.52,125.62,123.92,125.6,22997326.0,2932816233.0
2025-09-12,125.58,126.72,124.23,124.3,26270390.0,3359522974.0
2025-09-15,123.72,124.21,123.18,123.77,16656948.0,2109473460.0
2025-09-16,123.77,123.97,122.55,122.94,19108652.0,2405374663.0
2025-09-17,122.95,123.46,121.98,123.1,18133640.0,2276167360.0
2025-09-18,123.09,123.1,120.72,121.12,27547752.0,3434002463.0
2025-09-19,121.11,121.77,120.01,121.26,19668801.0,2431126956.0
2025-09-22,120.79,120.89,119.4,119.72,19643327.0,2412049779.0
2025-09-23,119.24,120.46,118.8,119.41,17207909.0,2101237749.0
2025-09-24,119.41,120.06,119.03,119.59,13056429.0,1597546879.0
2025-09-25,119.62,119.87,118.75,118.76,19455497.0,2371492767.0
2025-09-26,118.76,118.9,117.29,117.44,26192542.0,3154953964.0
2025-09-29,117.53,119.78,117.07,119.15,25635752.0,3105049104.0
2025-09-30,118.68,119.06,118.12,118.72,15457057.0,1875945187.0
2025-10-09,118.68,118.68,117.16,118.41,20375652.0,2455273213.0
2025-10-10,118.39,119.34,117.91,117.99,17535995.0,2126979085.0
2025-10-13,116.93,117.66,116.53,117.13,19583470.0,2345294276.0
2025-10-14,117.83,119.78,117.29,119.29,29165582.0,3543893434.0
2025-10-15,118.58,119.86,118.31,119.29,19459557.0,2371853783.0
2025-10-16,118.98,119.96,118.74,119.95,19847810.0,2427170002.0
2025-10-17,119.23,120.16,118.31,118.32,18040798.0,2197211376.0
2025-10-20,118.59,118.79,117.37,117.72,13164496.0,1589202775.0
2025-10-21,118.03,118.74,117.61,117.78,14729356.0,1780274211.0
2025-10-22,117.27,118.02,117.17,117.37,12782668.0,1536553800.0
2025-10-23,117.27,118.69,117.23,118.57,15571808.0,1879432996.0
2025-10-24,118.22,118.52,117.37,117.56,17432200.0,2099912711.0
2025-10-27,117.32,117.81,117.15,117.56,14394337.0,1729967257.0
2025-10-28,117.56,117.95,117.28,117.37,14019459.0,1686492048.0
2025-10-29,117.14,117.22,115.52,116.13,24508270.0,2910549080.0
2025-10-30,115.33,116.83,115.32,115.78,20432985.0,2423170734.0
2025-10-31,112.78,116.92,112.78,116.28,42107702.0,4986642237.0
2025-11-03,115.81,116.88,114.83,116.28,22327034.0,2646147018.0
2025-11-04,116.08,116.28,114.35,114.5,17273363.0,2034069113.0
2025-11-05,113.7,114.34,113.36,113.54,16463035.0,1915561293.0
2025-11-06,113.86,114.63,113.42,113.53,15467307.0,1803321902.0
2025-11-07,113.53,114.33,113.31,114.1,14543557.0,1694831993.0
2025-11-10,114.1,118.82,113.89,118.05,42906459.0,5132402569.0
2025-11-11,117.52,118.22,116.49,118.03,22926794.0,2754670110.0
2025-11-12,118.04,119.72,117.61,117.64,22254439.0,2700551157.0
2025-11-13,117.27,118.51,116.91,118.44,16002293.0,1928439961.0
2025-11-14,117.94,119.22,117.46,117.48,13924365.0,1683294872.0
2025-11-17,117.29,117.79,116.3,117.42,11738778.0,1406740312.0
2025-11-18,117.27,118.98,117.04,117.62,14766867.0,1784778982.0
2025-11-19,117.58,117.75,116.98,117.16,9514962.0,1142098879.0
2025-11-20,117.15,118.87,116.88,117.52,15825845.0,1909518433.0
2025-11-21,117.38,118.65,116.7,116.96,20507164.0,2468277644.0
2025-11-24,117.03,117.72,115.81,115.83,17301096.0,2066246186.0
2025-11-25,115.83,116.21,115.15,115.82,14660888.0,1735233690.0
2025-11-26,115.83,116.58,115.32,115.57,9169759.0,1085069921.0
2025-11-27,115.61,115.8,115.02,115.26,9215651.0,1087246956.0
2025-11-28,115.22,115.26,114.68,115.17,8029619.0,945107391.0
2025-12-01,115.12,115.92,114.44,114.98,12091201.0,1422932700.0
2025-12-02,114.93,115.09,113.85,113.92,12492841.0,1461213467.0
2025-12-03,114.07,114.39,112.87,112.97,16587100.0,1923087546.0
2025-12-04,112.98,113.12,111.53,111.85,16929153.0,1940544885.0
2025-12-05,111.87,112.75,111.61,112.35,11768183.0,1351054927.0
2025-12-08,112.24,112.51,110.53,110.69,27697874.0,3157374147.0
2025-12-09,110.43,110.51,107.99,108.36,30431037.0,3390789037.0
2025-12-10,107.99,109.21,107.02,109.08,17869587.0,1984146058.0
2025-12-11,109.45,110.17,109.24,109.36,15788422.0,1772255902.0
2025-12-12,109.75,111.12,109.06,109.06,25702210.0,2889348467.0
2025-12-15,109.75,110.69,109.5,109.89,21568629.0,2429077630.0
2025-12-16,109.45,110.52,109.12,110.43,14506767.0,1631458612.0
2025-12-17,110.43,111.16,109.55,110.82,15314001.0,1732389486.0
2025-12-18,110.82,111.16,110.33,110.43,12462850.0,1379153250.0
2025-12-19,110.65,110.88,110.04,110.53,13818718.0,1526045351.0
2025-12-22,110.51,110.8,110.12,110.33,10846497.0,1197376767.0
2025-12-23,110.13,110.43,109.33,109.72,11354023.0,1248444948.0
2025-12-24,109.5,109.59,108.78,109.28,11790469.0,1286401444.0
2025-12-25,109.28,110.7,109.2,110.6,12570809.0,1385101983.0
2025-12-26,110.1,110.49,109.44,109.78,11475889.0,1261539560.0
2025-12-29,109.44,109.6,108.0,108.06,19545251.0,2119598416.0
2025-12-30,107.9,107.99,107.02,107.36,15847027.0,1700875914.0
2025-12-31,107.19,107.25,105.61,105.94,20867682.0,2214652658.0
2026-01-05,105.9,108.19,105.7,107.9,22266864.0,2390973424.0
2026-01-06,107.92,108.43,106.92,108.17,18623239.0,2006335250.0
2026-01-07,108.18,108.34,107.4,107.52,12309189.0,1326159416.0
2026-01-08,107.38,107.38,106.66,106.9,12912133.0,1379204589.0
2026-01-09,107.05,108.55,106.88,107.14,16074962.0,1727812911.0
2026-01-12,107.15,108.85,107.13,108.55,23335607.0,2526732764.0
2026-01-13,108.99,109.22,107.82,108.0,19737379.0,2140822643.0
2026-01-14,107.88,108.84,106.68,107.04,22560863.0,2430589610.0
2026-01-15,106.7,107.22,106.02,106.09,16292886.0,1733698629.0
2026-01-16,106.25,106.41,105.05,105.16,19870993.0,2096582184.0
2026-01-19,104.99,105.38,104.34,104.55,18229885.0,1908481791.0
2026-01-20,104.5,105.47,104.3,104.91,17281662.0,1813980705.0
2026-01-21,104.62,104.7,103.0,103.05,26228280.0,2711884886.0
2026-01-22,103.07,103.72,102.61,102.76,18691474.0,1926511774.0
2026-01-23,102.8,103.71,102.7,102.99,21455918.0,2214166357.0
2026-01-26,102.96,103.5,101.06,102.34,31296115.0,3203042467.0
2026-01-27,102.12,102.33,101.02,101.02,22528720.0,2283721968.0
2026-01-28,101.03,101.85,100.63,100.7,26676739.0,2696600351.0
2026-01-29,100.7,110.77,100.5,110.77,98660393.0,10450873886.0
2026-01-30,110.77,110.78,105.0,105.0,66817118.0,7156298339.0
2026-02-02,105.08,110.76,105.08,107.29,53197704.0,5754087577.0
2026-02-03,107.08,108.78,106.6,107.28,33164323.0,3556634123.0
2026-02-04,106.5,109.41,106.28,108.52,37891682.0,4088740226.0
2026-02-05,107.9,110.55,107.66,108.89,37284641.0,4071834696.0
2026-02-06,108.9,109.73,106.81,107.0,27652192.0,2975510012.0
2026-02-09,106.8,107.69,106.47,107.36,20889162.0,2237802124.0
2026-02-10,107.18,107.18,105.79,106.5,18504047.0,1967153218.0
2026-02-11,106.31,106.65,105.85,106.04,11499591.0,1219688888.0
2026-02-12,105.9,106.11,104.4,104.62,18172982.0,1906604083.0
2026-02-13,104.7,106.88,104.17,106.06,24123984.0,2557578441.0
2026-02-24,108.18,109.19,105.0,105.16,21014361.0,2233159175.0
2026-02-25,105.0,106.11,104.87,105.17,16152900.0,1703140853.0
2026-02-26,105.0,105.33,103.6,103.88,19232479.0,2004360013.0
2026-02-27,103.88,104.55,103.88,104.05,11918816.0,1242973439.0
2026-03-02,103.0,104.6,102.34,103.22,20406363.0,2106133136.0
2026-03-03,103.01,104.38,101.9,102.55,23059451.0,2370559087.0
2026-03-04,102.0,102.01,100.75,101.02,18301822.0,1850959672.0
2026-03-05,101.62,101.97,101.15,101.45,10052078.0,1020367656.0
2026-03-06,101.34,102.49,101.05,102.4,11291640.0,1150357292.0
2026-03-09,101.32,102.6,101.27,101.52,17778084.0,1811068891.0
2026-03-10,101.88,102.39,101.76,102.05,11169430.0,1139370872.0
2026-03-11,102.05,102.35,101.59,102.18,10780126.0,1099529974.0
2026-03-12,102.0,102.73,101.6,102.27,11661418.0,1189182247.0
2026-03-13,102.06,103.66,101.85,102.95,15318710.0,1577733443.0
2026-03-16,102.8,105.31,102.7,104.54,20304875.0,2119088706.0
2026-03-17,104.54,105.82,104.0,104.79,17770249.0,1867733132.0
2026-03-18,104.79,104.99,103.4,103.72,11720905.0,1217253900.0
2026-03-19,103.01,103.41,102.51,102.53,11437347.0,1176973860.0
2026-03-20,102.53,103.18,101.9,102.4,10286504.0,1053023022.0
2026-03-23,101.4,101.78,100.04,100.23,20518979.0,2064661956.0
2026-03-24,100.88,101.46,100.04,101.34,11750754.0,1184095484.0
2026-03-25,101.35,102.58,100.88,102.45,10858964.0,1107451813.0
2026-03-26,102.2,102.89,101.28,101.28,9592448.0,977853749.0
2026-03-27,100.5,102.88,100.41,102.65,10295755.0,1052956368.0
2026-03-30,101.99,103.9,101.8,103.46,12490697.0,1286843153.0
2026-03-31,105.0,105.8,103.27,103.27,17834771.0,1865043694.0
2026-04-01,103.97,105.18,103.39,104.39,12266665.0,1279526789.0
2026-04-02,104.0,105.26,103.88,105.0,15178337.0,1589237202.0
2026-04-03,104.97,104.97,103.29,103.49,8308861.0,864181133.0
2026-04-07,103.4,103.9,102.35,103.11,8154794.0,839975543.0
2026-04-08,103.9,104.2,103.51,104.19,9774007.0,1016515698.0
2026-04-09,103.38,103.69,102.5,102.6,9846158.0,1012935760.0
2026-04-10,102.61,102.95,102.0,102.07,12242404.0,1253630005.0
2026-04-13,101.64,102.45,101.08,102.42,12263434.0,1247104401.0
2026-04-14,102.42,103.4,101.88,103.1,12069637.0,1238173621.0
2026-04-15,102.9,103.99,102.68,103.55,11571256.0,1196292314.0
2026-04-16,103.5,104.0,103.22,103.44,9016632.0,934168918.0
2026-04-17,101.5,102.25,101.2,101.86,16743174.0,1704502562.0
2026-04-20,101.82,101.95,101.05,101.35,11696080.0,1186004538.0
2026-04-21,101.3,101.82,101.0,101.18,10828096.0,1095969167.0
2026-04-22,101.0,101.08,100.46,100.64,14438261.0,1452833705.0
2026-04-23,100.64,102.3,100.56,101.18,17402318.0,1764308585.0
2026-04-24,100.65,101.92,100.3,101.27,13453338.0,1361341945.0
