date,open,high,low,close,volume,amount
2011-06-30,6.98,8.31,6.98,8.08,56292536.0,1349342208.0
2011-07-01,8.18,8.89,7.94,8.89,33561280.0,898679168.0
2011-07-04,9.17,9.78,9.07,9.78,21964592.0,653517888.0
2011-07-05,10.4,10.75,10.12,10.49,38108084.0,1257045632.0
2011-07-06,10.41,11.28,10.19,10.6,31296720.0,1056613888.0
2011-07-07,10.51,10.78,10.34,10.66,22645016.0,753817728.0
2011-07-08,10.6,10.68,10.11,10.5,17506436.0,571756736.0
2011-07-11,10.41,10.67,10.32,10.42,13096733.0,431480992.0
2011-07-12,10.31,10.36,9.9,10.0,18060352.0,573997312.0
2011-07-13,9.78,9.93,9.69,9.9,16781524.0,519016768.0
2011-07-14,9.9,10.02,9.31,9.52,19380476.0,588273984.0
2011-07-15,9.46,9.58,9.25,9.46,13946810.0,413502304.0
2011-07-18,9.46,10.35,9.43,10.17,31365928.0,976900480.0
2011-07-19,9.87,9.98,9.49,9.54,16085710.0,488925120.0
2011-07-20,9.68,9.92,9.55,9.65,11017285.0,338149344.0
2011-07-21,9.54,9.55,9.21,9.26,10073127.0,295566880.0
2011-07-22,9.27,9.4,9.14,9.33,6143671.0,180016384.0
2011-07-25,9.21,9.25,8.73,8.78,8572878.0,242368976.0
2011-07-26,8.79,8.98,8.67,8.89,5468334.0,152789200.0
2011-07-27,8.86,9.3,8.7,9.27,9917567.0,284095008.0
2011-07-28,9.08,9.11,8.86,9.01,5765946.0,163589280.0
2011-07-29,9.02,9.27,8.89,8.94,5122494.0,146357840.0
2011-08-01,8.91,9.39,8.89,9.24,8312528.0,241332080.0
2011-08-02,9.1,10.14,8.95,9.73,17374920.0,524957824.0
2011-08-03,9.59,10.16,9.53,9.7,13281982.0,411353376.0
2011-08-04,9.62,9.8,9.41,9.5,8657615.0,259924064.0
2011-08-05,9.06,9.32,8.89,9.09,7309318.0,209889856.0
2011-08-08,8.89,8.89,8.19,8.33,9057060.0,243182928.0
2011-08-09,7.94,8.47,7.64,8.4,8998269.0,230757584.0
2011-08-10,8.57,8.7,8.39,8.4,7356631.0,197888416.0
2011-08-11,7.95,8.43,7.95,8.41,5225961.0,136539952.0
2011-08-12,8.49,8.85,8.46,8.53,6832513.0,186010048.0
2011-08-15,8.57,9.25,8.57,9.03,11674421.0,330605632.0
2011-08-16,8.98,8.98,8.73,8.76,6699903.0,186667616.0
2011-08-17,8.73,8.94,8.7,8.82,3789707.0,105697704.0
2011-08-18,8.83,8.88,8.48,8.51,4699424.0,127311200.0
2011-08-19,8.25,8.37,8.15,8.29,3850210.0,100115456.0
2011-08-22,8.29,8.45,8.22,8.35,3451566.0,90872024.0
2011-08-23,8.36,8.5,8.14,8.45,5665202.0,148580320.0
2011-08-24,8.44,8.45,8.14,8.17,7905716.0,205672336.0
2011-08-25,8.11,8.29,7.95,8.24,6024780.0,154614128.0
2011-08-26,8.19,8.4,8.15,8.28,5323654.0,139008112.0
2011-08-29,8.26,8.27,8.13,8.13,3479470.0,89636480.0
2011-08-30,8.17,8.41,8.13,8.16,5454064.0,142259344.0
2011-08-31,8.15,8.15,7.72,7.87,5448295.0,135470416.0
2011-09-01,7.87,7.96,7.62,7.65,4716819.0,114918400.0
2011-09-02,7.62,7.7,7.5,7.64,3115825.0,74780192.0
2011-09-05,7.66,7.66,7.19,7.24,3903166.0,90812424.0
2011-09-06,7.19,7.33,7.1,7.24,3010989.0,68575712.0
2011-09-07,7.27,7.57,7.27,7.45,4515008.0,105666088.0
2011-09-08,7.46,7.46,7.14,7.15,3788917.0,87172280.0
2011-09-13,6.7,6.81,6.51,6.71,4321614.0,90861032.0
2011-09-14,6.67,6.79,6.54,6.78,3372105.0,71230768.0
2011-09-15,6.67,6.87,6.67,6.68,3666890.0,78076320.0
2011-09-16,6.74,6.77,6.59,6.6,3006554.0,62949124.0
2011-09-19,6.57,6.57,6.22,6.24,3987500.0,79635512.0
2011-09-20,6.1,6.47,6.09,6.37,3946642.0,78759992.0
2011-09-21,6.32,6.61,6.31,6.55,4063619.0,82979392.0
2011-09-22,6.5,6.5,6.31,6.32,3351536.0,67388144.0
2011-09-23,6.13,6.24,6.08,6.13,2527543.0,48782244.0
2011-09-26,6.1,6.25,6.05,6.09,2420928.0,46876228.0
2011-09-27,6.11,6.7,6.09,6.65,9901857.0,201724688.0
2011-09-28,6.65,6.77,6.41,6.46,7868788.0,162621760.0
2011-09-29,6.35,6.53,6.19,6.26,4153298.0,82909264.0
2011-09-30,6.09,6.21,6.03,6.13,5402700.0,104445048.0
2011-10-10,6.13,6.19,5.71,5.74,7739420.0,141509104.0
2011-10-11,5.9,6.01,5.64,5.72,5520295.0,101359592.0
2011-10-12,5.71,5.94,5.52,5.9,5769019.0,105478568.0
2011-10-13,5.87,6.43,5.79,6.3,10417550.0,202740320.0
2011-10-14,6.19,6.24,6.1,6.22,6300404.0,122617016.0
2011-10-17,6.22,6.28,6.13,6.24,3925001.0,76818560.0
2011-10-18,6.19,6.19,5.9,5.9,5084510.0,95909680.0
2011-10-19,5.89,6.38,5.86,6.16,6446122.0,124724512.0
2011-10-20,6.06,6.15,5.81,6.01,3320899.0,62801072.0
2011-10-21,6.03,6.34,6.03,6.16,6108542.0,119554776.0
2011-10-24,6.17,6.71,6.17,6.6,11464120.0,234132976.0
2011-10-25,6.58,6.87,6.39,6.73,10721771.0,223752480.0
2011-10-26,6.58,6.76,6.52,6.6,8478788.0,176998272.0
2011-10-27,6.66,7.1,6.61,6.87,12101313.0,261296624.0
2011-10-28,6.98,7.0,6.76,6.9,7981033.0,172896224.0
2011-10-31,6.95,7.36,6.95,7.25,11940245.0,272001152.0
2011-11-01,7.17,7.98,7.11,7.98,19198220.0,468118080.0
2011-11-02,7.95,8.3,7.89,8.2,18102016.0,461834624.0
2011-11-03,8.06,8.12,7.92,8.04,12686898.0,320353120.0
2011-11-04,8.04,8.09,7.89,7.95,7711010.0,193524048.0
2011-11-07,7.87,7.87,7.59,7.73,7411579.0,180182960.0
2011-11-08,7.68,7.93,7.65,7.73,7074395.0,174134784.0
2011-11-09,7.73,7.82,7.43,7.75,6889457.0,165665088.0
2011-11-10,7.56,7.63,7.47,7.55,7151003.0,169817536.0
2011-11-11,7.52,7.61,7.38,7.4,4954263.0,116849288.0
2011-11-14,7.78,8.14,7.72,8.14,10650651.0,268667936.0
2011-11-15,8.73,8.93,8.41,8.73,24077252.0,658952704.0
2011-11-16,8.62,8.62,8.32,8.39,12047849.0,322319328.0
2011-11-17,8.36,8.62,8.36,8.42,8136999.0,217634496.0
2011-11-18,8.25,8.25,7.92,7.97,8704311.0,220947520.0
2011-11-21,7.99,8.33,7.96,8.08,7377908.0,189062400.0
2011-11-22,7.87,8.07,7.72,8.06,6090855.0,152078592.0
2011-11-23,8.06,8.12,7.94,7.94,4745507.0,120153984.0
2011-11-24,7.84,8.2,7.65,8.03,8208105.0,205791024.0
2011-11-25,7.94,8.0,7.73,7.78,4761248.0,117985424.0
2011-11-28,7.78,7.95,7.74,7.81,3104667.0,76715696.0
2011-11-29,7.94,7.98,7.84,7.93,3795975.0,94596184.0
2011-11-30,7.93,7.93,7.35,7.41,5596357.0,134547568.0
2011-12-01,7.71,7.89,7.53,7.59,4973650.0,120475608.0
2011-12-02,7.55,7.65,7.32,7.4,3272265.0,76633888.0
2011-12-05,7.37,7.37,6.98,6.99,2854921.0,63877560.0
2011-12-06,6.98,7.16,6.98,7.07,2264286.0,50403460.0
2011-12-07,7.07,7.17,6.98,7.15,2135284.0,47817080.0
2011-12-08,7.18,7.38,6.82,7.27,4762344.0,106940040.0
2011-12-09,7.16,7.23,7.07,7.17,2734219.0,61648748.0
2011-12-12,7.3,7.74,7.3,7.31,5710872.0,134749616.0
2011-12-13,7.21,7.22,6.82,7.0,3369093.0,74647984.0
2011-12-14,6.98,7.14,6.86,6.87,3025392.0,66729056.0
2011-12-15,6.82,6.82,6.35,6.52,3117144.0,64718436.0
2011-12-16,6.51,6.82,6.41,6.81,3049395.0,63612936.0
2011-12-19,6.79,7.35,6.63,7.26,8068171.0,181381184.0
2011-12-20,7.14,7.36,7.11,7.17,4362203.0,99402720.0
2011-12-21,7.24,7.29,6.72,6.73,3545434.0,78590712.0
2011-12-22,6.67,7.04,6.41,6.97,4618219.0,97561232.0
2011-12-23,6.86,7.17,6.84,6.96,3716263.0,82163176.0
2011-12-26,6.98,7.26,6.93,7.03,4186053.0,93804456.0
2011-12-27,6.98,7.0,6.74,6.89,3119754.0,67408200.0
2011-12-28,6.67,6.96,6.64,6.93,3013429.0,64545884.0
2011-12-29,6.89,7.14,6.83,7.06,3840805.0,85151960.0
2011-12-30,7.11,7.24,7.06,7.24,3989684.0,90019664.0
2012-01-04,7.43,7.43,7.07,7.12,4099659.0,94161296.0
2012-01-05,6.99,7.15,6.82,6.83,2905916.0,63797564.0
2012-01-06,6.76,6.95,6.67,6.94,2251370.0,48216940.0
2012-01-09,6.9,7.27,6.48,7.24,4787523.0,104956816.0
2012-01-10,7.11,7.68,7.07,7.54,6368847.0,149230096.0
2012-01-11,7.46,8.22,7.44,7.73,7604238.0,186988096.0
2012-01-12,7.61,7.99,7.57,7.74,5818429.0,143948384.0
2012-01-13,7.74,7.87,7.46,7.58,4498785.0,108629768.0
2012-01-16,7.53,7.86,7.47,7.47,4984132.0,120408936.0
2012-01-17,7.52,8.08,7.52,8.03,5738473.0,141487120.0
2012-01-18,8.03,8.18,7.72,7.83,4510507.0,112990104.0
2012-01-19,7.8,7.91,7.58,7.69,3310003.0,80692160.0
2012-01-20,7.71,7.84,7.68,7.72,2215021.0,54114392.0
2012-01-30,7.78,7.86,7.65,7.7,2074673.0,50702772.0
2012-01-31,7.72,7.75,7.4,7.54,3048647.0,72071840.0
2012-02-01,7.55,7.61,7.43,7.45,1732586.0,41103840.0
2012-02-02,7.36,7.65,7.36,7.65,2772228.0,65966200.0
2012-02-03,7.65,7.76,7.58,7.71,3082223.0,74590176.0
2012-02-06,7.71,7.78,7.53,7.63,2564449.0,61517772.0
2012-02-07,7.6,8.11,7.49,7.87,7168412.0,177178720.0
2012-02-08,7.88,8.47,7.82,8.44,11655869.0,301837536.0
2012-02-09,8.35,8.51,8.21,8.32,7485118.0,196563136.0
2012-02-10,8.26,8.32,8.19,8.24,4072458.0,105740240.0
2012-02-13,8.19,8.41,8.09,8.25,4227317.0,109958232.0
2012-02-14,8.2,8.37,8.11,8.27,3901099.0,101528896.0
2012-02-15,8.27,8.38,8.2,8.34,4486658.0,117460672.0
2012-02-16,8.28,8.42,8.19,8.24,4439236.0,116198864.0
2012-02-17,8.28,8.61,8.26,8.28,5011202.0,132648024.0
2012-02-20,8.41,8.41,8.12,8.13,4122407.0,107147840.0
2012-02-21,8.04,8.21,8.03,8.18,2699585.0,69059160.0
2012-02-22,8.15,8.6,8.15,8.49,8035899.0,214277552.0
2012-02-23,8.44,8.63,8.32,8.42,4427647.0,117920672.0
2012-02-24,8.45,8.47,8.25,8.42,4698344.0,123487424.0
2012-02-27,8.81,9.01,8.42,8.43,8443842.0,231570720.0
2012-02-28,8.34,8.56,8.25,8.37,4335643.0,114483216.0
2012-02-29,8.31,8.44,8.26,8.3,2995069.0,78530112.0
2012-03-01,8.29,8.33,8.13,8.17,3415167.0,88369088.0
2012-03-02,8.17,8.3,8.17,8.3,3229261.0,83958760.0
2012-03-05,8.34,8.41,8.27,8.38,3659408.0,96046728.0
2012-03-06,8.41,8.69,8.41,8.46,7299094.0,195776800.0
2012-03-07,8.27,8.67,8.17,8.66,8143026.0,216707824.0
2012-03-08,8.74,8.95,8.57,8.61,10493578.0,289337824.0
2012-03-09,8.57,8.78,8.47,8.69,5100273.0,138429280.0
2012-03-12,8.69,8.69,8.54,8.61,3452383.0,93546712.0
2012-03-13,8.61,8.62,8.49,8.61,2949561.0,79474880.0
2012-03-14,8.62,8.66,7.92,8.05,6283474.0,165400160.0
2012-03-15,8.04,8.16,7.7,7.81,5074650.0,125686096.0
2012-03-16,7.8,8.07,7.79,8.05,3623460.0,90642144.0
2012-03-19,8.06,8.38,7.94,8.37,5758902.0,149222480.0
2012-03-20,8.42,8.5,8.2,8.24,4394017.0,115424680.0
2012-03-21,8.26,8.39,8.13,8.36,3424709.0,89134584.0
2012-03-22,8.36,8.62,8.29,8.56,6865815.0,183897264.0
2012-03-23,8.49,8.62,8.14,8.25,3717461.0,98109880.0
2012-03-26,8.01,8.4,7.94,8.4,5192528.0,133654520.0
2012-03-27,8.4,8.6,8.34,8.54,6703194.0,179847328.0
2012-03-28,8.57,8.6,8.27,8.33,6415648.0,171008032.0
2012-03-29,8.25,8.68,8.03,8.63,8082741.0,215625312.0
2012-03-30,8.64,8.98,8.52,8.98,10245919.0,283343136.0
2012-04-05,8.95,9.24,8.77,9.18,8670498.0,245273008.0
2012-04-06,9.14,9.27,8.95,9.0,6711401.0,193116336.0
2012-04-09,8.9,9.08,8.76,9.01,4290278.0,120218312.0
2012-04-10,8.95,9.15,8.73,9.12,4221222.0,118870352.0
2012-04-11,8.98,9.87,8.92,9.71,9895903.0,299891008.0
2012-04-12,9.53,10.13,9.52,9.97,7420490.0,230078576.0
2012-04-13,9.93,10.03,9.75,9.79,4332775.0,134673040.0
2012-04-16,9.74,9.92,9.54,9.73,4314766.0,132559816.0
2012-04-17,9.82,9.99,9.55,9.73,4571290.0,140436176.0
2012-04-18,9.68,10.05,9.62,9.95,7239816.0,225640944.0
2012-04-19,10.1,10.38,9.05,9.14,19824616.0,595122816.0
2012-04-20,8.95,8.98,8.73,8.82,10617839.0,294956704.0
2012-04-23,8.82,8.85,8.57,8.6,5662414.0,155304928.0
2012-04-24,8.52,8.95,8.47,8.87,8278934.0,228743904.0
2012-04-25,8.82,8.82,8.6,8.7,4510254.0,123398872.0
2012-04-26,8.58,8.69,8.37,8.38,5903028.0,157527952.0
2012-04-27,8.32,8.37,8.12,8.18,4955135.0,128070224.0
2012-05-02,8.18,8.46,8.18,8.34,4674095.0,123018472.0
2012-05-03,8.34,8.39,8.25,8.36,2671101.0,69911792.0
2012-05-04,8.38,8.48,8.37,8.45,2879145.0,76562568.0
2012-05-07,8.43,8.74,8.35,8.5,6259507.0,169367216.0
2012-05-08,8.53,8.53,8.35,8.47,4247149.0,112768728.0
2012-05-09,8.44,8.44,8.18,8.2,3932146.0,102409032.0
2012-05-10,8.2,8.28,8.02,8.12,4366592.0,111693184.0
2012-05-11,8.06,8.19,7.99,8.05,2328092.0,59315492.0
2012-05-14,8.06,8.17,7.88,7.89,3906855.0,98166520.0
2012-05-15,7.8,7.8,7.52,7.68,5141007.0,123442456.0
2012-05-16,7.68,7.74,7.6,7.67,2698947.0,65121132.0
2012-05-17,7.69,8.04,7.69,7.97,6548464.0,164091696.0
2012-05-18,7.9,7.97,7.67,7.68,3753917.0,92469632.0
2012-05-21,7.68,7.87,7.62,7.8,2995104.0,73216640.0
2012-05-22,7.8,7.89,7.8,7.89,2699968.0,66868852.0
2012-05-23,7.86,7.96,7.78,7.87,3263260.0,80804120.0
2012-05-24,7.87,7.94,7.64,7.67,3363244.0,82738896.0
2012-05-25,7.7,7.82,7.64,7.74,2054508.0,49904448.0
2012-05-28,7.46,7.6,6.96,7.54,6282323.0,144503744.0
2012-05-29,7.53,7.84,7.24,7.71,8598110.0,204299600.0
2012-05-30,7.71,7.85,7.71,7.76,5593863.0,137188640.0
2012-05-31,7.87,7.87,7.75,7.81,4782266.0,117811384.0
2012-06-01,7.82,7.83,7.62,7.71,3167787.0,76729312.0
2012-06-04,7.55,7.72,7.46,7.51,3269424.0,77772600.0
2012-06-05,7.55,7.59,7.3,7.36,2419099.0,56368164.0
2012-06-06,7.38,7.51,7.3,7.35,1714348.0,39938208.0
2012-06-07,7.43,7.46,7.22,7.24,1746744.0,40352544.0
2012-06-11,7.25,7.35,7.08,7.28,2491482.0,56583692.0
2012-06-12,7.25,7.25,7.09,7.1,2028839.0,45609620.0
2012-06-13,7.09,7.2,7.05,7.16,1942696.0,43627620.0
2012-06-14,7.17,7.67,7.17,7.41,5291206.0,124794592.0
2012-06-15,7.31,7.44,7.24,7.34,2429730.0,56223236.0
2012-06-18,7.41,7.67,7.4,7.48,3662540.0,87152160.0
2012-06-19,7.45,7.52,7.36,7.37,2073095.0,48380364.0
2012-06-20,7.37,7.47,7.31,7.35,1639276.0,38035604.0
2012-06-21,7.35,7.36,7.16,7.21,1889003.0,42904824.0
2012-06-25,7.19,7.19,6.92,6.92,1964795.0,43431620.0
2012-06-26,6.82,6.92,6.71,6.86,1795751.0,38505720.0
2012-06-27,6.74,6.91,6.74,6.8,1321974.0,28514754.0
2012-06-28,6.8,6.88,6.45,6.48,2992535.0,62411820.0
2012-06-29,6.46,6.46,5.92,6.3,3447807.0,67254312.0
2012-07-02,6.25,6.47,6.07,6.43,4487290.0,88292272.0
2012-07-03,6.28,6.32,6.18,6.29,6213109.0,122203000.0
2012-07-04,6.16,6.21,6.05,6.06,5876957.0,113202568.0
2012-07-05,5.94,6.14,5.89,6.07,3214084.0,61046772.0
2012-07-06,6.13,6.25,6.0,6.23,3702779.0,71610144.0
2012-07-09,6.13,6.24,6.01,6.04,4778069.0,91371352.0
2012-07-10,6.06,6.14,6.02,6.05,3381702.0,64719308.0
2012-07-11,6.06,6.2,5.89,6.03,4040452.0,77261808.0
2012-07-12,6.05,6.3,6.05,6.24,4747112.0,91955840.0
2012-07-13,6.17,6.17,5.97,6.05,9791356.0,186213952.0
2012-07-16,5.86,5.86,5.44,5.44,9744871.0,170302960.0
2012-07-17,5.27,5.44,5.24,5.38,3574486.0,60308256.0
2012-07-18,5.38,5.48,5.32,5.45,3358446.0,57447616.0
2012-07-19,5.45,5.56,5.43,5.52,3247967.0,56457416.0
2012-07-20,5.4,5.45,5.26,5.31,5534076.0,93388464.0
2012-07-23,5.28,5.39,5.07,5.28,2987165.0,49593252.0
2012-07-24,5.28,5.39,5.24,5.35,2682207.0,45168300.0
2012-07-25,5.35,5.37,5.15,5.17,4579186.0,75476968.0
2012-07-26,5.05,5.06,4.82,4.86,10994836.0,171077008.0
2012-07-27,4.88,4.91,4.68,4.8,8236170.0,123945296.0
2012-07-30,4.76,4.76,4.42,4.51,13221165.0,190590096.0
2012-07-31,4.51,4.52,4.31,4.51,5547797.0,77928816.0
2012-08-01,4.44,4.6,4.42,4.53,5214923.0,74648664.0
2012-08-02,4.51,4.62,4.48,4.54,5466233.0,78435104.0
2012-08-03,4.56,4.59,4.42,4.57,6619794.0,94384920.0
2012-08-06,4.65,4.95,4.65,4.9,18292612.0,277858240.0
2012-08-07,4.92,4.93,4.82,4.88,9762006.0,149919328.0
2012-08-08,4.88,4.89,4.75,4.77,7048075.0,106520768.0
2012-08-09,4.75,4.97,4.67,4.89,12021229.0,184361376.0
2012-08-10,4.89,4.95,4.84,4.9,7774606.0,119840280.0
2012-08-13,4.89,4.89,4.66,4.68,6528109.0,97784944.0
2012-08-14,4.63,4.72,4.52,4.67,5328758.0,77684208.0
2012-08-15,4.67,4.67,4.58,4.58,3167335.0,45996856.0
2012-08-16,4.57,4.61,4.51,4.53,2915337.0,41951568.0
2012-08-17,4.53,4.65,4.52,4.62,4530584.0,65722772.0
2012-08-20,4.62,4.72,4.55,4.7,5709189.0,83525064.0
2012-08-21,4.72,4.9,4.68,4.82,10441875.0,158036032.0
2012-08-22,4.82,4.85,4.68,4.71,6149976.0,92214928.0
2012-08-23,4.75,4.84,4.73,4.8,6043420.0,91057720.0
2012-08-24,4.79,4.83,4.7,4.73,5514294.0,82510952.0
2012-08-27,4.69,4.9,4.54,4.79,9650155.0,143985792.0
2012-08-28,4.67,4.88,4.6,4.8,8493753.0,128090040.0
2012-08-29,4.73,4.98,4.71,4.98,15439237.0,238633664.0
2012-08-30,4.94,5.01,4.8,4.94,10978417.0,170219264.0
2012-08-31,4.92,5.0,4.9,4.97,8290885.0,129438240.0
2012-09-03,4.97,5.07,4.94,4.96,11584665.0,182750944.0
2012-09-04,4.95,4.96,4.86,4.95,8943178.0,138351536.0
2012-09-05,4.92,5.01,4.86,4.91,6608417.0,102732176.0
2012-09-06,4.89,5.03,4.87,5.01,7696888.0,120622416.0
2012-09-07,5.03,5.25,5.0,5.19,14183747.0,230452304.0
2012-09-10,5.25,5.51,5.25,5.29,13159410.0,221199824.0
2012-09-11,5.26,5.4,5.16,5.33,8669870.0,145167088.0
2012-09-12,5.35,5.45,5.24,5.33,7346161.0,123516552.0
2012-09-13,5.33,5.38,5.18,5.18,6231948.0,104041400.0
2012-09-14,5.23,5.32,5.15,5.29,6793544.0,112335584.0
2012-09-17,5.37,5.45,5.2,5.22,8844893.0,148793440.0
2012-09-18,5.21,5.21,4.99,5.01,5489816.0,87662432.0
2012-09-19,5.0,5.09,4.99,5.05,3004048.0,47747544.0
2012-09-20,5.02,5.03,4.88,4.95,6278248.0,97830432.0
2012-09-21,4.92,4.93,4.7,4.75,5741037.0,86785600.0
2012-09-24,4.72,4.75,4.58,4.71,3845473.0,56472492.0
2012-09-25,4.69,4.79,4.66,4.69,2843697.0,42344436.0
2012-09-26,4.68,4.72,4.41,4.44,6493159.0,92126752.0
2012-09-27,4.52,4.55,4.29,4.48,6891112.0,96101736.0
2012-09-28,4.42,4.55,4.4,4.55,5111299.0,72530120.0
2012-10-08,4.54,4.6,4.51,4.54,3004153.0,43076768.0
2012-10-09,4.54,4.75,4.54,4.71,4548544.0,66935624.0
2012-10-10,4.73,4.95,4.73,4.94,8723663.0,134115560.0
2012-10-11,4.95,4.97,4.76,4.78,4270359.0,65205188.0
2012-10-12,4.77,4.88,4.68,4.8,3565620.0,53825296.0
2012-10-15,4.8,4.85,4.75,4.82,3033555.0,45978496.0
2012-10-16,4.82,4.84,4.74,4.76,2430525.0,36674952.0
2012-10-17,4.76,4.8,4.72,4.77,1726157.0,25893768.0
2012-10-18,4.77,4.89,4.77,4.86,3712041.0,56752016.0
2012-10-19,4.87,5.01,4.85,4.92,5398751.0,83945080.0
2012-10-22,4.9,4.9,4.84,4.88,2337588.0,35862456.0
2012-10-23,4.88,4.92,4.79,4.82,3620861.0,55244788.0
2012-10-24,4.8,4.82,4.73,4.75,3025503.0,45501160.0
2012-10-25,4.74,4.88,4.73,4.76,3174418.0,48008524.0
2012-10-26,4.76,4.81,4.58,4.59,3948584.0,57644772.0
2012-10-29,4.59,4.7,4.53,4.55,2081223.0,30123074.0
2012-10-30,4.48,4.55,4.48,4.5,3496631.0,49611436.0
2012-10-31,4.49,4.6,4.45,4.57,2015911.0,28746924.0
2012-11-01,4.6,4.73,4.58,4.69,2530371.0,37284808.0
2012-11-02,4.7,4.72,4.62,4.67,2394962.0,35157036.0
2012-11-05,4.68,4.85,4.67,4.82,5207432.0,78714880.0
2012-11-06,4.79,4.98,4.76,4.94,7576309.0,117413032.0
2012-11-07,4.94,5.23,4.88,5.17,11128641.0,178165456.0
2012-11-08,5.11,5.14,4.92,4.92,7413933.0,117354840.0
2012-11-09,4.87,5.22,4.86,5.15,8342634.0,133199480.0
2012-11-12,5.19,5.55,5.19,5.41,16819964.0,286375520.0
2012-11-13,5.36,5.42,5.2,5.2,8353913.0,138873632.0
2012-11-14,5.2,5.38,5.11,5.16,7068024.0,116664920.0
2012-11-15,5.16,5.17,5.01,5.08,4883947.0,78081528.0
2012-11-16,5.07,5.17,5.01,5.15,3952773.0,63364396.0
2012-11-19,5.0,5.09,4.91,5.05,5332190.0,83921632.0
2012-11-20,5.05,5.09,4.97,5.0,3789554.0,59931304.0
2012-11-21,4.98,5.15,4.98,5.15,4385615.0,70438680.0
2012-11-22,5.15,5.16,5.05,5.16,2997229.0,48183932.0
2012-11-23,5.17,5.3,5.15,5.23,5971728.0,98639640.0
2012-11-26,5.23,5.23,5.03,5.03,2566073.0,41531752.0
2012-11-27,5.04,5.06,4.92,4.93,2957920.0,46255280.0
2012-11-28,4.9,4.9,4.67,4.77,3876838.0,57991496.0
2012-11-29,4.78,4.87,4.7,4.72,1849590.0,27891410.0
2012-11-30,4.75,4.91,4.75,4.9,2488105.0,38011480.0
2012-12-03,4.88,4.97,4.8,4.91,3497775.0,53883048.0
2012-12-04,4.91,4.93,4.75,4.89,2609403.0,39928292.0
2012-12-05,4.87,5.25,4.86,5.18,7055879.0,113243232.0
2012-12-06,5.18,5.22,5.08,5.08,3179209.0,51449256.0
2012-12-07,5.08,5.24,5.08,5.22,5660822.0,92605320.0
2012-12-10,5.24,5.38,5.22,5.32,6616476.0,110915544.0
2012-12-11,5.36,5.36,5.23,5.25,3578270.0,59475956.0
2012-12-12,5.23,5.27,5.09,5.16,2978465.0,48437080.0
2012-12-13,5.14,5.38,5.11,5.22,5026157.0,83635560.0
2012-12-14,5.21,5.44,5.21,5.39,8037479.0,135627424.0
2012-12-17,5.4,5.51,5.33,5.37,6404168.0,109260160.0
2012-12-18,5.36,5.61,5.29,5.58,10459070.0,180866240.0
2012-12-19,5.57,6.06,5.48,5.93,10969985.0,200553760.0
2012-12-20,5.84,5.96,5.78,5.89,5841715.0,107741792.0
2012-12-21,5.89,6.06,5.81,5.91,6613119.0,123927720.0
2012-12-24,5.88,6.16,5.84,6.14,8307493.0,158463728.0
2012-12-25,6.15,6.27,6.04,6.17,7541072.0,145878896.0
2012-12-26,6.16,6.16,5.97,6.01,6877338.0,131028032.0
2012-12-27,6.0,6.16,5.93,6.02,6103133.0,116781512.0
2012-12-28,6.02,6.21,5.98,6.13,6320657.0,122304384.0
2012-12-31,6.18,6.5,6.18,6.46,9150069.0,183544144.0
2013-01-04,6.46,6.54,6.22,6.35,7721327.0,154636016.0
2013-01-07,6.34,6.51,6.31,6.38,5292805.0,107077584.0
2013-01-08,6.47,6.63,6.37,6.41,5096367.0,103785560.0
2013-01-09,6.43,6.89,6.42,6.75,9212403.0,193045808.0
2013-01-10,6.75,7.16,6.74,6.93,10749746.0,236547024.0
2013-01-11,6.94,7.05,6.79,6.85,6776716.0,146938256.0
2013-01-14,6.8,7.14,6.8,7.14,5468236.0,121378736.0
2013-01-15,7.14,7.83,7.14,7.57,7738479.0,182723744.0
2013-01-16,7.55,7.89,7.17,7.49,9937072.0,236254816.0
2013-01-17,7.42,7.45,7.05,7.07,7552230.0,171869840.0
2013-01-18,7.07,7.7,7.07,7.6,9799289.0,227492320.0
2013-01-21,7.66,7.79,7.5,7.61,6231366.0,149974752.0
2013-01-22,7.6,7.6,7.29,7.36,5527287.0,129069384.0
2013-01-23,7.36,7.45,7.2,7.34,4220512.0,96938008.0
2013-01-24,7.3,7.61,7.02,7.12,7524566.0,174423936.0
2013-01-25,7.15,7.3,7.11,7.13,3894904.0,88147864.0
2013-01-28,7.17,7.35,7.14,7.31,5281270.0,120629416.0
2013-01-29,7.3,7.31,7.05,7.14,7154104.0,160952016.0
2013-01-30,7.14,7.27,7.08,7.23,5226051.0,118490376.0
2013-01-31,7.24,7.45,7.12,7.45,5682925.0,130500736.0
2013-02-01,7.47,7.67,7.37,7.49,5553307.0,131748704.0
2013-02-04,7.65,7.81,7.43,7.47,6041058.0,144970608.0
2013-02-05,7.41,7.57,7.29,7.45,3987435.0,93119160.0
2013-02-06,7.46,7.66,7.41,7.6,5869554.0,140119632.0
2013-02-07,7.62,7.76,7.59,7.76,5285432.0,127902840.0
2013-02-08,7.81,8.13,7.81,8.07,7096605.0,178704480.0
2013-02-18,8.57,8.88,8.44,8.62,11000823.0,300089952.0
2013-02-19,8.57,8.63,8.23,8.3,6706150.0,176302096.0
2013-02-20,8.25,8.57,8.19,8.41,4957368.0,131217192.0
2013-02-21,8.28,8.38,7.97,8.04,6281396.0,161137056.0
2013-02-22,7.99,8.21,7.91,7.98,4778057.0,120897592.0
2013-02-25,8.01,8.14,7.8,8.0,4273072.0,107210016.0
2013-02-26,7.94,8.15,7.87,7.87,4363930.0,109981280.0
2013-02-27,7.94,8.09,7.88,7.9,3633154.0,91004432.0
2013-02-28,7.83,8.09,7.83,8.0,5237115.0,131770808.0
2013-03-01,7.94,8.11,7.81,8.11,6911830.0,174209888.0
2013-03-04,8.09,8.25,7.87,7.94,5967552.0,151656352.0
2013-03-05,7.94,8.13,7.87,8.13,4679067.0,118145616.0
2013-03-06,8.12,8.18,7.96,8.07,5597057.0,142180800.0
2013-03-07,8.02,8.03,7.39,7.55,10514611.0,253934544.0
2013-03-08,7.63,7.73,7.42,7.48,4779438.0,114672912.0
2013-03-11,7.48,7.76,7.44,7.57,3591323.0,86345672.0
2013-03-12,7.61,7.68,7.24,7.37,4639978.0,108519544.0
2013-03-13,7.38,7.49,7.22,7.31,2977116.0,68843896.0
2013-03-14,7.36,7.42,7.25,7.39,3882733.0,89720592.0
2013-03-15,7.38,7.63,7.25,7.42,4601075.0,108430216.0
2013-03-18,7.23,7.34,7.03,7.04,5097207.0,114741256.0
2013-03-19,7.06,7.14,6.95,7.1,3300045.0,73195336.0
2013-03-20,7.13,7.59,7.13,7.54,7441810.0,174292112.0
2013-03-21,7.6,7.61,7.33,7.46,7204881.0,169520608.0
2013-03-22,7.43,7.48,7.34,7.43,3095527.0,72317960.0
2013-03-25,7.62,7.67,7.42,7.46,3844632.0,90952192.0
2013-03-26,7.43,7.43,7.27,7.34,3023198.0,69854520.0
2013-03-27,7.34,7.51,7.33,7.41,2733959.0,63971268.0
2013-03-28,7.36,7.36,6.99,7.21,3451881.0,78140320.0
2013-03-29,7.27,7.3,6.98,7.01,3341342.0,74933464.0
2013-04-01,6.97,6.99,6.8,6.86,3460953.0,74969528.0
2013-04-02,6.94,7.1,6.86,6.89,3520758.0,77364272.0
2013-04-03,6.92,7.02,6.82,6.9,2024918.0,44039284.0
2013-04-08,6.63,6.79,6.52,6.78,5956922.0,124842600.0
2013-04-09,6.78,6.94,6.78,6.81,2853045.0,61438028.0
2013-04-10,6.8,6.91,6.67,6.7,3178659.0,67948720.0
2013-04-11,6.78,6.9,6.77,6.8,3268588.0,70483536.0
2013-04-12,6.73,6.82,6.7,6.76,1568970.0,33393972.0
2013-04-15,6.79,6.82,6.45,6.52,3365415.0,69633312.0
2013-04-16,6.42,6.71,6.34,6.67,2823805.0,57905068.0
2013-04-17,6.67,6.74,6.62,6.74,2185724.0,46081496.0
2013-04-18,6.68,6.98,6.67,6.95,3811783.0,82138160.0
2013-04-19,6.98,7.33,6.98,7.19,6980072.0,157526800.0
2013-04-22,7.14,7.6,7.13,7.59,8223219.0,191601408.0
2013-04-23,7.59,7.61,7.34,7.38,6359579.0,149046096.0
2013-04-24,7.37,7.78,7.33,7.74,6940412.0,167096656.0
2013-04-25,7.73,7.99,7.46,7.56,8854062.0,216733072.0
2013-04-26,7.87,7.97,7.73,7.79,7882916.0,194928304.0
2013-05-02,7.74,7.95,7.55,7.81,6337717.0,155481264.0
2013-05-03,7.92,8.57,7.9,8.32,14526546.0,380915040.0
2013-05-06,8.4,9.15,8.33,9.15,25601656.0,720511872.0
2013-05-07,9.27,9.63,9.12,9.35,25911262.0,764331584.0
2013-05-08,9.2,9.56,9.12,9.42,15353513.0,451462752.0
2013-05-09,9.42,10.36,9.42,10.36,33571168.0,1068622464.0
2013-05-10,10.41,10.82,10.17,10.79,32883024.0,1094651136.0
2013-05-13,10.47,11.29,10.19,10.54,23641664.0,801947456.0
2013-05-14,10.76,11.59,10.25,11.59,29680368.0,1026137728.0
2013-05-15,11.24,12.05,10.95,11.65,28683920.0,1044143488.0
2013-05-16,11.64,11.91,11.41,11.82,19731332.0,726134656.0
2013-05-17,11.79,12.0,11.46,11.55,21041820.0,778123968.0
2013-05-20,11.35,11.7,11.2,11.47,19293140.0,694139712.0
2013-05-21,11.47,11.9,11.27,11.38,17812536.0,650549312.0
2013-05-22,11.42,11.86,11.36,11.82,22187064.0,812052480.0
2013-05-23,11.64,11.65,10.95,11.05,22641904.0,800830592.0
2013-05-24,11.08,11.21,10.89,11.11,10738998.0,375091520.0
2013-05-27,11.24,11.39,11.07,11.21,12583189.0,445116672.0
2013-05-28,11.08,11.2,10.66,11.0,13751553.0,475029280.0
2013-05-29,11.28,12.1,11.08,11.98,32907588.0,1212347648.0
2013-05-30,11.59,11.76,11.43,11.66,18110604.0,660654976.0
2013-05-31,11.62,11.71,11.19,11.2,10442135.0,374403424.0
2013-06-03,11.17,11.41,10.92,11.15,6867295.0,242004304.0
2013-06-04,11.11,11.35,10.52,10.79,10499824.0,361814336.0
2013-06-05,10.78,10.86,10.4,10.55,10061191.0,336162688.0
2013-06-06,10.61,10.73,10.36,10.6,10534985.0,351526528.0
2013-06-07,10.5,10.7,10.24,10.44,7791811.0,257875680.0
2013-06-13,10.25,10.26,9.53,9.97,9674515.0,302828736.0
2013-06-14,9.98,10.77,9.98,10.63,11621038.0,383127136.0
2013-06-17,10.63,11.11,10.47,10.73,11624616.0,396434560.0
2013-06-18,10.88,11.16,10.81,11.03,10000629.0,346929728.0
2013-06-19,11.01,11.22,10.92,11.01,9147209.0,318463072.0
2013-06-20,10.75,10.75,10.09,10.11,13613410.0,446084544.0
2013-06-21,9.71,10.44,9.38,10.35,12037513.0,374956256.0
2013-06-24,10.25,10.25,9.31,9.31,11566487.0,353537312.0
2013-06-25,9.0,9.61,8.43,9.51,14907461.0,432100992.0
2013-06-26,9.56,9.81,9.38,9.74,11649521.0,353382848.0
2013-06-27,9.81,9.91,9.21,9.39,10256919.0,310677920.0
2013-06-28,9.31,9.74,9.19,9.49,6876602.0,205043984.0
2013-07-01,9.62,10.44,9.52,10.44,14372054.0,454158784.0
2013-07-02,10.76,11.36,10.61,11.16,18746332.0,652008448.0
2013-07-03,11.14,11.55,10.87,11.41,19278584.0,685296832.0
2013-07-04,11.43,12.54,11.24,12.24,25970782.0,982744960.0
2013-07-05,12.38,12.38,11.65,11.77,18226712.0,688209664.0
2013-07-08,11.43,12.0,11.17,11.52,15152887.0,552160256.0
2013-07-09,11.42,11.55,10.87,11.09,17006978.0,597007104.0
2013-07-10,11.07,11.46,11.01,11.43,14554113.0,515553472.0
2013-07-11,11.33,11.66,11.22,11.32,15986970.0,575168512.0
2013-07-12,11.27,11.66,11.2,11.32,12669936.0,457512224.0
2013-07-15,11.92,12.22,11.67,11.72,18419706.0,692267008.0
2013-07-16,11.86,12.15,11.78,11.95,13061463.0,490726784.0
2013-07-17,11.56,11.57,11.07,11.12,20826748.0,742474944.0
2013-07-18,11.29,11.4,11.12,11.18,10570091.0,375651360.0
2013-07-19,11.17,11.36,10.81,11.21,12242303.0,426767168.0
2013-07-22,11.03,11.2,10.91,11.13,6941560.0,242097808.0
2013-07-23,11.27,11.49,11.22,11.4,10711513.0,384836224.0
2013-07-24,11.43,11.43,11.01,11.24,9054705.0,319635456.0
2013-07-25,11.23,11.61,11.18,11.24,11233916.0,403675872.0
2013-07-26,11.07,11.26,10.77,10.84,8792277.0,302190144.0
2013-07-29,10.88,11.07,10.73,10.81,5399687.0,185342736.0
2013-07-30,10.97,11.05,10.54,10.66,6436338.0,217796848.0
2013-07-31,10.66,10.82,10.47,10.51,5908257.0,197413344.0
2013-08-01,10.51,11.17,10.51,11.14,10580923.0,361872576.0
2013-08-02,11.19,11.25,10.92,10.96,6397082.0,223648768.0
2013-08-05,10.96,11.23,10.9,11.14,7268445.0,253598432.0
2013-08-06,11.17,11.89,11.17,11.68,17319448.0,630330496.0
2013-08-07,11.57,11.68,11.3,11.43,9867534.0,355418560.0
2013-08-08,11.54,11.73,11.43,11.52,9525374.0,347464960.0
2013-08-09,11.72,11.81,11.11,11.26,10289173.0,370041664.0
2013-08-12,11.36,11.45,11.14,11.35,8622642.0,305917440.0
2013-08-13,11.27,11.52,11.13,11.45,8836756.0,316751456.0
2013-08-14,11.43,11.64,11.27,11.33,7147310.0,257357456.0
2013-08-15,11.22,11.3,10.94,10.94,7886665.0,274932864.0
2013-08-16,10.88,11.11,10.58,10.62,6805082.0,232989104.0
2013-08-19,10.57,10.98,10.48,10.88,5152486.0,175472736.0
2013-08-20,10.83,10.95,10.63,10.71,5104018.0,173480416.0
2013-08-21,10.78,10.81,10.61,10.74,4163619.0,140188000.0
2013-08-22,10.75,11.25,10.68,11.19,8948744.0,308922880.0
2013-08-23,11.22,11.48,11.03,11.41,14293136.0,508302112.0
2013-08-26,11.36,11.36,10.98,11.14,17320696.0,606759680.0
2013-08-27,11.08,11.08,10.75,10.94,13200806.0,452197440.0
2013-08-28,10.83,10.84,10.54,10.55,13946742.0,467127584.0
2013-08-29,10.55,10.78,10.5,10.53,7567115.0,252822160.0
2013-08-30,10.6,10.63,9.83,10.08,14904542.0,476847232.0
2013-09-02,10.08,10.34,10.03,10.14,8970937.0,288262880.0
2013-09-03,10.23,10.62,10.18,10.55,10376519.0,341800000.0
2013-09-04,10.62,10.79,10.52,10.57,7655852.0,256478096.0
2013-09-05,10.51,10.62,10.37,10.54,7023731.0,232680256.0
2013-09-06,10.52,11.59,10.48,11.59,28845148.0,1023390208.0
2013-09-09,12.02,12.46,11.83,11.94,29299452.0,1114430080.0
2013-09-10,11.9,12.47,11.72,12.04,21561396.0,825355776.0
2013-09-11,12.51,13.24,12.04,13.24,35041000.0,1409805056.0
2013-09-12,13.17,13.64,12.79,12.86,26640356.0,1102287872.0
2013-09-13,12.9,13.1,12.63,12.86,16930828.0,685531136.0
2013-09-16,12.78,13.17,12.47,12.56,14554393.0,587800128.0
2013-09-17,12.69,12.85,12.22,12.38,12567389.0,492353440.0
2013-09-18,12.61,12.78,11.59,12.38,25632032.0,974382528.0
2013-09-23,12.38,13.44,12.24,13.19,24698616.0,1001651456.0
2013-09-24,13.01,13.48,12.94,12.99,16125967.0,671137088.0
2013-09-25,12.97,13.11,12.38,12.38,12111113.0,482518464.0
2013-09-26,12.24,12.65,12.09,12.42,10240108.0,400311904.0
2013-09-27,12.35,12.64,12.05,12.12,7920449.0,305907072.0
2013-09-30,12.06,12.63,12.06,12.49,7202541.0,282920320.0
2013-10-08,13.01,13.17,12.7,12.74,9792552.0,398088736.0
2013-10-09,12.63,13.08,12.54,12.95,8563552.0,348231584.0
2013-10-10,13.01,13.12,12.52,12.54,10103417.0,406376000.0
2013-10-11,12.61,12.73,12.35,12.66,8097285.0,320374624.0
2013-10-14,12.7,12.7,12.22,12.3,8447466.0,328610816.0
2013-10-15,12.26,12.57,12.26,12.4,6055714.0,236762256.0
2013-10-16,12.35,12.35,11.94,12.03,6801676.0,259031360.0
2013-10-17,12.11,12.29,11.99,12.01,4385490.0,167076880.0
2013-10-18,12.01,13.08,11.99,12.93,12451978.0,495888864.0
2013-10-21,12.81,13.52,12.73,13.3,13972938.0,578739520.0
2013-10-22,13.49,13.83,13.17,13.24,14048029.0,596941440.0
2013-10-23,13.23,13.86,12.92,13.18,13788159.0,585142400.0
2013-10-24,13.07,13.14,12.57,12.91,7827621.0,316801056.0
2013-10-25,13.01,13.38,12.65,13.0,8123211.0,333122272.0
2013-10-28,13.09,13.17,12.3,12.52,7058685.0,279315296.0
2013-10-29,12.53,12.66,11.83,12.09,8172733.0,312776608.0
2013-10-30,12.12,12.47,12.0,12.47,5954003.0,230479040.0
2013-10-31,12.44,12.44,11.97,12.05,4869153.0,186164416.0
2013-11-01,12.15,12.36,12.0,12.08,4666747.0,178686272.0
2013-11-04,12.03,12.25,11.74,12.23,5208739.0,197524592.0
2013-11-05,12.11,12.44,11.9,12.33,7049590.0,271130432.0
2013-11-06,12.35,12.45,12.0,12.01,4742790.0,183023856.0
2013-11-07,11.74,11.74,11.11,11.3,9230270.0,333913664.0
2013-11-08,11.16,11.29,10.96,11.14,4318863.0,151665504.0
2013-11-11,11.2,11.64,11.2,11.43,4286310.0,155050128.0
2013-11-12,11.49,11.63,11.33,11.45,2871885.0,103690360.0
2013-11-13,11.52,11.55,11.02,11.02,3861637.0,136701216.0
2013-11-14,11.09,11.24,11.01,11.12,4245281.0,148832240.0
2013-11-15,11.22,11.62,11.12,11.39,4961255.0,178491792.0
2013-11-18,11.46,11.61,11.36,11.58,5441784.0,197547440.0
2013-11-19,11.58,11.58,11.36,11.46,4406910.0,158977120.0
2013-11-20,11.54,11.61,11.39,11.54,3278720.0,118631840.0
2013-11-21,11.43,11.47,11.17,11.28,5439917.0,193318896.0
2013-11-22,11.26,12.04,11.21,11.74,9176306.0,339695488.0
2013-11-25,11.68,11.77,11.46,11.59,4224802.0,154953104.0
2013-11-26,11.59,11.9,11.51,11.74,5360436.0,197196064.0
2013-11-27,11.74,12.2,11.71,12.1,9014477.0,341146400.0
2013-11-28,12.1,12.25,12.0,12.09,4910479.0,186981104.0
2013-11-29,12.07,12.13,11.91,12.02,4462256.0,168819840.0
2013-12-02,11.68,11.85,11.17,11.24,7696533.0,278073984.0
2013-12-03,11.17,11.49,11.11,11.41,4923985.0,176377664.0
2013-12-04,11.47,11.67,11.36,11.44,6307180.0,228966976.0
2013-12-05,11.44,12.05,11.39,11.95,10264762.0,382382624.0
2013-12-06,11.95,12.32,11.9,12.07,8784887.0,335591520.0
2013-12-09,12.09,12.2,11.89,12.05,4997351.0,189190848.0
2013-12-10,12.12,12.3,11.98,12.06,4904740.0,187068480.0
2013-12-11,12.0,12.01,11.72,11.83,3793689.0,141839232.0
2013-12-12,11.79,12.36,11.75,12.17,6249715.0,238179904.0
2013-12-13,12.0,12.37,11.97,12.29,6216360.0,239904640.0
2013-12-16,12.31,12.52,12.12,12.44,7028005.0,273854240.0
2013-12-17,12.45,12.56,12.18,12.21,5564818.0,216900144.0
2013-12-18,12.21,12.35,11.84,11.84,5121209.0,194136000.0
2013-12-19,11.93,12.11,11.83,11.92,4825235.0,182118272.0
2013-12-20,11.93,12.01,11.52,11.6,4110384.0,151772224.0
2013-12-23,11.68,11.8,11.46,11.58,2954363.0,108208288.0
2013-12-24,11.55,11.81,11.55,11.74,3998519.0,147727712.0
2013-12-25,11.77,11.96,11.69,11.82,2584183.0,96198248.0
2013-12-26,11.82,11.89,11.43,11.46,3397634.0,124356880.0
2013-12-27,11.46,11.87,11.46,11.73,4283125.0,158532576.0
2013-12-30,11.77,11.96,11.74,11.9,4597853.0,172151040.0
2013-12-31,11.78,12.1,11.78,11.96,4671822.0,176795920.0
2014-01-02,11.96,12.08,11.81,12.05,5376373.0,203707632.0
2014-01-03,12.03,12.31,11.93,12.19,5234517.0,199728880.0
2014-01-06,12.17,12.44,11.93,12.06,5880937.0,226039520.0
2014-01-07,12.03,12.37,11.97,12.21,3996304.0,153426160.0
2014-01-08,12.22,12.56,12.22,12.55,6939918.0,271427936.0
2014-01-09,12.51,12.53,12.23,12.24,5381680.0,210489648.0
2014-01-10,12.28,12.32,11.75,11.75,5643153.0,213395664.0
2014-01-13,11.76,12.05,11.74,12.01,3276074.0,123123616.0
2014-01-14,12.06,12.22,11.94,12.12,2569642.0,98085040.0
2014-01-15,12.19,12.47,12.19,12.38,4281300.0,166542080.0
2014-01-16,12.43,12.43,12.06,12.06,4398679.0,169226032.0
2014-01-17,12.06,12.15,11.86,11.87,3242710.0,122435152.0
2014-01-20,11.88,12.05,11.65,11.75,3095805.0,115369984.0
2014-01-21,11.78,11.89,11.74,11.79,3096611.0,115113528.0
2014-01-22,11.89,12.09,11.77,12.07,3810145.0,143335168.0
2014-01-23,12.09,12.15,11.75,11.89,4143652.0,156108240.0
2014-01-24,11.89,12.32,11.87,12.25,6164890.0,236783424.0
2014-01-27,12.29,12.41,12.08,12.25,6388131.0,247015584.0
2014-01-28,12.6,12.91,12.42,12.76,13241201.0,529618912.0
2014-01-29,12.79,12.8,12.54,12.62,5574667.0,221854432.0
2014-01-30,12.67,12.84,12.22,12.27,4736481.0,187597856.0
2014-02-07,12.21,12.59,12.16,12.54,4815495.0,187686320.0
2014-02-10,12.79,13.79,12.79,13.79,11083742.0,475592832.0
2014-02-11,14.57,14.74,13.91,14.06,20075418.0,904745280.0
2014-02-12,14.03,14.67,13.81,14.37,13032723.0,586214656.0
2014-02-13,14.66,15.8,14.6,15.55,22521684.0,1092764544.0
2014-02-14,15.24,15.93,15.07,15.37,13265414.0,651997824.0
2014-02-17,15.6,16.02,15.24,15.92,13579717.0,668977280.0
2014-02-18,15.81,15.81,15.06,15.22,12319129.0,594298432.0
2014-02-19,15.77,15.87,14.84,15.25,11192678.0,538941312.0
2014-02-20,15.0,15.56,15.0,15.23,10472938.0,505710624.0
2014-02-21,15.24,15.39,14.7,14.82,7341011.0,346626912.0
2014-02-24,14.6,15.6,14.47,15.46,9569944.0,454881344.0
2014-02-25,15.45,16.01,15.17,15.41,12196632.0,600809792.0
2014-02-26,15.87,16.96,15.87,16.96,24991080.0,1320899456.0
2014-02-27,17.75,18.09,16.77,16.81,26173796.0,1443345920.0
2014-02-28,16.91,18.37,16.35,18.06,22179698.0,1239742976.0
2014-03-03,18.06,18.43,17.58,18.09,14736010.0,834030592.0
2014-03-04,17.73,18.09,17.55,17.93,8002056.0,449361600.0
2014-03-05,17.78,18.82,17.65,17.81,10594958.0,609022336.0
2014-03-06,17.46,17.7,16.98,17.49,8186782.0,446697664.0
2014-03-07,17.4,18.41,17.33,17.77,8238404.0,465786464.0
2014-03-10,17.46,18.28,17.14,17.38,8147423.0,454110720.0
2014-03-11,17.29,17.76,16.09,16.48,10835722.0,572298688.0
2014-03-12,16.35,16.72,15.65,16.07,9005498.0,457313728.0
2014-03-13,16.07,16.83,15.97,16.66,7394852.0,382312544.0
2014-03-14,16.5,16.52,15.82,15.94,7831526.0,398569632.0
2014-03-17,15.97,17.01,15.97,16.98,8967252.0,472444384.0
2014-03-18,16.97,17.43,16.82,16.87,6423730.0,346076480.0
2014-03-19,16.87,17.35,16.74,17.27,5144448.0,278336704.0
2014-03-20,16.63,16.82,15.86,16.0,11372957.0,587803200.0
2014-03-21,15.87,16.62,15.24,16.31,9109674.0,460050016.0
2014-03-24,16.5,16.5,15.77,15.85,5411434.0,271999488.0
2014-03-25,15.85,16.1,15.57,15.86,4380300.0,219322896.0
2014-03-26,16.03,16.48,15.86,16.25,5780820.0,296281408.0
2014-03-27,16.25,16.38,15.71,15.91,4733216.0,237768304.0
2014-03-28,15.87,15.97,15.52,15.58,3441648.0,170151120.0
2014-03-31,15.51,15.87,15.14,15.27,4318071.0,209355408.0
2014-04-01,15.27,15.58,15.26,15.39,2296672.0,111438144.0
2014-04-02,15.48,15.8,15.39,15.46,2299058.0,112801592.0
2014-04-03,15.63,15.82,15.48,15.54,2485348.0,122542608.0
2014-04-04,15.54,15.8,15.44,15.77,2107710.0,103833200.0
2014-04-08,15.56,15.82,15.39,15.77,3124814.0,153925040.0
2014-04-09,15.51,15.97,15.51,15.9,2533698.0,126411304.0
2014-04-10,15.91,16.39,15.68,16.19,5415725.0,274835616.0
2014-04-11,16.05,16.18,15.72,15.79,3243448.0,162123184.0
2014-04-14,15.81,16.11,15.76,15.89,2158057.0,108508712.0
2014-04-15,15.87,16.1,15.4,15.42,3856420.0,190314512.0
2014-04-16,15.39,15.58,15.34,15.48,2250557.0,109793352.0
2014-04-17,15.54,15.65,15.41,15.44,2069228.0,100996808.0
2014-04-18,15.4,15.68,15.3,15.64,2526709.0,123737320.0
2014-04-21,15.71,15.95,15.52,15.57,3150692.0,156325952.0
2014-04-22,15.58,15.74,14.92,15.23,4372784.0,209655632.0
2014-04-23,15.27,15.3,14.47,14.65,5638886.0,261200960.0
2014-04-24,14.55,14.71,14.28,14.37,3074151.0,140505984.0
2014-04-25,14.43,14.98,14.43,14.64,3886094.0,180877744.0
2014-04-28,14.66,14.91,14.44,14.68,2911363.0,134312272.0
2014-04-29,14.69,14.77,14.44,14.63,1916860.0,88162768.0
2014-04-30,14.73,14.82,14.64,14.67,1354384.0,62655412.0
2014-05-05,14.63,14.63,14.19,14.49,2764032.0,125476120.0
2014-05-06,14.49,14.74,14.49,14.57,2120669.0,97525008.0
2014-05-07,14.54,14.54,13.65,13.75,5585662.0,244919936.0
2014-05-08,13.65,13.85,13.06,13.35,6225113.0,264584416.0
2014-05-09,13.02,13.14,12.65,12.93,5292609.0,214866640.0
2014-05-12,12.96,13.39,12.95,13.28,3676696.0,152380688.0
2014-05-13,13.33,13.71,13.23,13.27,5310871.0,225639360.0
2014-05-14,13.27,13.46,13.18,13.33,1618103.0,68148888.0
2014-05-15,13.35,13.47,12.98,13.03,2041543.0,85160224.0
2014-05-16,12.95,13.18,12.95,13.0,1558660.0,64026200.0
2014-05-19,13.01,13.08,12.83,12.98,1322174.0,53905456.0
2014-05-20,13.05,13.22,12.86,12.92,1814717.0,74330848.0
2014-05-21,12.85,13.21,12.7,13.2,1836219.0,75337008.0
2014-05-22,13.2,13.72,13.2,13.38,3913417.0,166359968.0
2014-05-23,13.4,13.55,13.33,13.38,919731.0,38973148.0
2014-05-26,14.11,14.72,14.06,14.72,12211600.0,557563968.0
2014-05-27,14.66,14.81,14.36,14.81,6633026.0,304523008.0
2014-05-28,14.8,15.52,14.68,15.17,9700987.0,464148256.0
2014-05-29,15.18,15.23,14.66,14.69,4746446.0,223183312.0
2014-05-30,14.66,15.26,14.47,14.82,6101391.0,286252000.0
2014-06-03,14.82,14.9,14.49,14.57,3322672.0,153274624.0
2014-06-04,14.57,14.57,14.09,14.18,3468286.0,155793344.0
2014-06-05,14.07,14.39,14.0,14.39,2805275.0,126027776.0
2014-06-06,14.38,14.7,14.34,14.62,3921703.0,180205968.0
2014-06-09,14.63,14.71,14.44,14.51,1891740.0,86951720.0
2014-06-10,14.51,14.65,14.12,14.49,3750264.0,169362256.0
2014-06-11,14.38,14.46,14.25,14.38,1957640.0,88437288.0
2014-06-12,14.38,14.64,14.3,14.33,3345699.0,152811936.0
2014-06-13,14.51,15.24,14.33,15.17,10480645.0,493899712.0
2014-06-16,15.1,15.23,14.79,14.97,6049950.0,285677504.0
2014-06-17,14.89,15.14,14.79,14.81,4652470.0,219405680.0
2014-06-18,14.84,15.04,14.79,14.92,3670897.0,172522752.0
2014-06-19,14.92,15.04,14.35,14.54,2917385.0,135195904.0
2014-06-20,14.7,14.99,14.44,14.79,4545280.0,212481408.0
2014-06-23,14.92,15.03,14.76,14.85,2560361.0,120016816.0
2014-06-24,15.06,15.43,14.9,15.38,7987232.0,382208640.0
2014-06-25,15.4,15.58,15.27,15.51,6196785.0,301497120.0
2014-06-26,15.41,15.87,15.31,15.71,4900574.0,240679136.0
2014-06-27,15.87,16.21,15.4,15.52,9420195.0,472773568.0
2014-06-30,15.23,15.31,14.73,15.07,8616225.0,409053600.0
2014-07-01,15.08,15.37,14.92,15.14,6351375.0,304176032.0
2014-07-02,15.07,15.29,14.96,15.2,4109941.0,195965088.0
2014-07-03,15.22,15.71,15.08,15.51,8785740.0,427928032.0
2014-07-04,15.53,15.58,15.33,15.33,4995092.0,242779840.0
2014-07-07,15.36,15.49,15.11,15.16,4201252.0,201892480.0
2014-07-08,15.15,15.7,15.15,15.63,10329139.0,502775680.0
2014-07-09,15.62,15.63,15.11,15.22,7368969.0,356088096.0
2014-07-10,15.55,15.7,14.78,14.79,13717523.0,657638400.0
2014-07-11,14.57,14.92,14.12,14.89,8903576.0,408352224.0
2014-07-14,15.08,15.71,15.07,15.47,11563455.0,559960448.0
2014-07-15,15.45,15.45,15.02,15.14,6885858.0,328972928.0
2014-07-16,15.13,15.33,14.85,14.95,4042521.0,192249376.0
2014-07-17,15.11,15.12,14.7,14.76,3523687.0,164428656.0
2014-07-18,14.77,14.89,14.69,14.71,3066934.0,143083808.0
2014-07-21,14.71,14.76,14.57,14.61,3870151.0,178588768.0
2014-07-22,14.72,15.63,14.7,15.43,12471001.0,602510080.0
2014-07-23,15.3,15.39,14.98,15.14,5318670.0,254576000.0
2014-07-24,15.2,15.31,14.85,15.14,3967705.0,188541824.0
2014-07-25,15.17,15.42,15.17,15.37,4853161.0,234148864.0
2014-07-28,15.44,15.68,15.44,15.57,6901326.0,338823200.0
2014-07-29,15.58,16.73,15.41,16.32,12513846.0,638548224.0
2014-07-30,16.35,16.65,16.14,16.31,7271873.0,375434656.0
2014-07-31,16.33,16.46,16.03,16.1,5082513.0,259450464.0
2014-08-01,16.15,16.25,15.77,15.77,4999075.0,252787456.0
2014-08-04,15.87,16.34,15.81,16.34,5180492.0,264549984.0
2014-08-05,16.34,16.44,15.99,16.31,3529632.0,179941776.0
2014-08-06,16.12,16.66,16.06,16.66,7117226.0,370257696.0
2014-08-07,16.72,17.03,16.28,16.28,6228705.0,325731648.0
2014-08-08,16.35,16.59,16.26,16.33,3386874.0,175394768.0
2014-08-11,16.28,16.7,16.21,16.47,3447063.0,179231728.0
2014-08-12,16.46,16.57,16.27,16.37,3707496.0,191574736.0
2014-08-13,16.47,16.58,16.06,16.27,4077209.0,208812768.0
2014-08-14,16.17,16.49,16.09,16.38,3960521.0,203878944.0
2014-08-15,16.36,16.5,16.21,16.39,3247748.0,167076016.0
2014-08-18,16.4,16.6,16.3,16.36,3362001.0,174154976.0
2014-08-19,16.36,16.55,16.24,16.31,3645113.0,187895920.0
2014-08-20,16.26,16.26,15.96,16.08,3891018.0,197065408.0
2014-08-21,16.08,16.19,15.88,16.19,3379734.0,170149824.0
2014-08-22,16.17,16.17,15.83,15.88,4372960.0,218923568.0
2014-08-25,15.57,15.93,15.38,15.84,5806762.0,284571072.0
2014-08-26,15.8,15.87,15.55,15.68,2600390.0,128330744.0
2014-08-27,15.73,16.07,15.72,15.99,4365297.0,218520048.0
2014-08-28,15.99,15.99,15.6,15.64,2567252.0,127507912.0
2014-08-29,15.77,16.1,15.69,16.06,3693403.0,185304080.0
2014-09-01,16.2,16.38,16.06,16.23,4867929.0,248174976.0
2014-09-02,16.24,16.3,16.14,16.3,5191024.0,265306400.0
2014-09-03,16.36,16.48,16.36,16.44,5486001.0,283899808.0
2014-09-04,16.47,16.57,16.32,16.4,3405406.0,175865840.0
2014-09-05,16.44,16.5,16.26,16.44,3463816.0,178641472.0
2014-09-09,16.46,17.25,16.45,17.2,10548799.0,555227392.0
2014-09-10,16.96,17.15,16.86,17.05,6215650.0,333458976.0
2014-09-11,17.05,17.05,16.52,16.56,4756139.0,251256832.0
2014-09-12,16.7,16.72,16.35,16.49,3967774.0,205888832.0
2014-09-15,16.36,16.52,16.33,16.39,3079573.0,159116384.0
2014-09-16,16.36,16.36,15.87,15.88,5335099.0,269193984.0
2014-09-17,15.97,16.16,15.71,15.97,4195436.0,209811584.0
2014-09-18,15.84,16.01,15.76,15.86,2947667.0,147207824.0
2014-09-19,15.86,15.96,15.84,15.89,3053734.0,152801088.0
2014-09-22,15.87,15.89,15.28,15.39,3746736.0,183138832.0
2014-09-23,15.38,15.59,15.35,15.52,3030725.0,147469520.0
2014-09-24,15.56,15.79,15.42,15.74,5030495.0,246777248.0
2014-09-25,15.88,15.91,15.53,15.58,4677881.0,231682416.0
2014-09-26,15.58,15.67,15.47,15.53,2572969.0,125856360.0
2014-09-29,15.53,15.79,15.53,15.58,4378562.0,215882464.0
2014-09-30,15.62,15.69,15.47,15.51,3529231.0,172464688.0
2014-10-08,15.53,15.72,15.49,15.71,4532947.0,222534992.0
2014-10-09,15.74,16.16,15.74,15.99,7774714.0,390501216.0
2014-10-10,15.99,15.99,15.71,15.73,4790276.0,238248816.0
2014-10-13,15.73,15.73,15.36,15.59,4234407.0,206322864.0
2014-10-14,15.65,15.66,15.28,15.33,4980592.0,241958560.0
2014-10-15,15.33,15.4,15.12,15.36,4352055.0,208542592.0
2014-10-16,15.28,15.38,15.13,15.23,4232303.0,203049392.0
2014-10-17,15.25,15.38,15.06,15.21,4570145.0,218804576.0
2014-10-20,15.2,15.42,15.17,15.31,3659649.0,176673936.0
2014-10-21,15.32,15.39,15.03,15.03,3839376.0,183028256.0
2014-10-22,15.03,15.22,15.0,15.03,3337881.0,158488816.0
2014-10-23,15.03,15.18,14.96,15.03,2605822.0,123686392.0
2014-10-24,15.05,15.2,15.03,15.06,2424089.0,115191984.0
2014-10-27,15.06,15.15,14.68,14.86,3626326.0,169396512.0
2014-10-28,14.86,15.12,14.84,15.05,4226549.0,198888384.0
2014-10-29,15.07,15.32,15.07,15.28,5226858.0,250255840.0
2014-10-30,15.31,15.46,15.03,15.04,6911677.0,330607264.0
2014-10-31,14.99,14.99,14.72,14.92,5054421.0,235841920.0
2014-11-03,14.92,14.92,14.61,14.67,5916846.0,274244512.0
2014-11-04,14.68,14.79,14.67,14.72,2785700.0,129152136.0
2014-11-05,14.71,14.71,14.61,14.62,2587813.0,119361472.0
2014-11-06,14.59,14.71,14.57,14.66,2365871.0,108991128.0
2014-11-07,14.67,14.77,14.58,14.64,3317961.0,153640336.0
2014-11-10,14.65,14.79,14.6,14.79,4275566.0,198373120.0
2014-11-11,14.81,14.82,14.14,14.18,6077851.0,277231392.0
2014-11-12,14.14,14.25,13.66,13.95,5865414.0,257856000.0
2014-11-13,13.89,13.93,13.42,13.63,6781062.0,289922176.0
2014-11-14,13.63,14.28,13.46,14.04,6082076.0,266901120.0
2014-11-17,13.92,14.23,13.87,13.98,4358878.0,192953088.0
2014-11-18,13.98,13.98,13.53,13.61,4317093.0,185774592.0
2014-11-19,13.57,13.8,13.49,13.6,4314441.0,184994752.0
2014-11-20,13.57,13.73,13.46,13.53,3415077.0,146172208.0
2014-11-21,13.59,13.63,13.51,13.6,3339177.0,142550816.0
2014-11-24,13.77,13.97,13.63,13.93,6355631.0,276043040.0
2014-11-25,13.96,14.22,13.88,13.99,6400971.0,283077984.0
2014-11-26,14.06,14.33,14.06,14.14,6848753.0,306081856.0
2014-11-27,14.15,14.21,13.92,13.98,7429465.0,327465184.0
2014-11-28,13.88,13.89,13.62,13.76,6355359.0,274507072.0
2014-12-01,13.76,14.03,13.66,13.79,5234573.0,227036800.0
2014-12-02,13.79,13.93,13.7,13.83,6234539.0,271758144.0
2014-12-03,13.88,13.88,13.56,13.71,12452533.0,536217600.0
2014-12-04,13.72,14.25,13.72,14.16,17555164.0,774405696.0
2014-12-05,14.19,14.21,13.66,13.78,12893793.0,564595136.0
2014-12-08,13.66,13.72,13.25,13.33,16303431.0,688408128.0
2014-12-09,13.3,13.3,12.56,12.6,18316396.0,738368896.0
2014-12-10,12.67,12.84,12.54,12.79,15938681.0,637486592.0
2014-12-11,12.71,12.79,12.56,12.76,8129474.0,325000608.0
2014-12-12,12.75,13.66,12.68,13.43,18634736.0,777808896.0
2014-12-15,13.48,13.54,13.05,13.4,8517787.0,358141152.0
2014-12-16,13.38,13.4,13.15,13.25,10528003.0,438667552.0
2014-12-17,13.16,13.18,12.71,12.86,10507950.0,427093408.0
2014-12-18,12.93,13.18,11.57,11.57,34959620.0,1337368832.0
2014-12-19,11.66,12.39,11.66,11.9,28531252.0,1073647872.0
2014-12-22,11.82,11.82,10.74,11.06,16088542.0,562713856.0
2014-12-23,11.04,11.44,10.97,11.17,10643155.0,376762240.0
2014-12-24,11.23,11.74,11.07,11.65,13451809.0,485244064.0
2014-12-25,11.77,12.07,11.6,11.8,12062261.0,449960832.0
2014-12-26,11.8,11.8,11.51,11.68,9043572.0,331042720.0
2014-12-29,11.69,11.85,11.45,11.6,9118536.0,335076704.0
2014-12-30,12.07,12.46,11.9,12.09,16903728.0,647925632.0
2014-12-31,12.1,12.34,11.92,12.12,10696432.0,409463232.0
2015-01-05,12.17,13.06,11.99,12.79,19214892.0,749732288.0
2015-01-06,12.51,13.17,12.41,12.81,13889067.0,562214848.0
2015-01-07,12.79,12.79,12.36,12.37,11167398.0,438781184.0
2015-01-08,12.37,12.45,12.19,12.24,6891785.0,266454784.0
2015-01-09,12.24,12.55,12.18,12.21,8515094.0,331242752.0
2015-01-12,12.23,12.81,12.23,12.54,11348854.0,447585472.0
2015-01-13,12.71,12.99,12.55,12.81,13327085.0,539057984.0
2015-01-14,12.8,12.93,12.39,12.54,6989417.0,277811424.0
2015-01-15,12.58,12.67,12.26,12.42,5957550.0,232630832.0
2015-01-16,12.43,12.61,12.32,12.57,7273230.0,285132384.0
2015-01-19,12.52,12.85,12.01,12.17,10800447.0,421254528.0
2015-01-20,12.21,12.5,12.16,12.37,8750457.0,340120928.0
2015-01-21,12.42,12.64,12.37,12.54,9254367.0,364431904.0
2015-01-22,12.6,12.69,12.45,12.65,9529465.0,377569792.0
2015-01-23,12.69,13.01,12.67,12.74,14148146.0,571837120.0
2015-01-26,12.8,12.96,12.57,12.74,9529417.0,381414528.0
2015-01-27,12.74,12.84,12.58,12.71,10637339.0,426213920.0
2015-01-28,12.78,12.99,12.67,12.84,10893355.0,440078880.0
2015-01-29,12.88,12.9,12.52,12.63,9244837.0,368366464.0
2015-01-30,12.61,12.7,12.15,12.16,10189346.0,395335104.0
2015-02-02,12.07,12.36,11.91,12.22,5250615.0,201662544.0
2015-02-03,12.45,12.49,12.27,12.3,5874292.0,227921776.0
2015-02-04,12.5,12.5,12.07,12.16,9158483.0,354400000.0
2015-02-05,12.18,12.24,11.98,11.99,6962999.0,265432080.0
2015-02-06,12.07,12.11,11.41,11.51,10964533.0,401582880.0
2015-02-09,11.55,11.63,11.45,11.51,4800813.0,174416496.0
2015-02-10,11.59,11.86,11.47,11.8,5956994.0,218138688.0
2015-02-11,11.69,11.86,11.58,11.63,7137068.0,263054400.0
2015-02-12,11.64,12.06,11.58,12.03,10284868.0,382626240.0
2015-02-13,12.23,13.24,12.09,13.24,36938736.0,1494306048.0
2015-02-16,13.93,14.56,13.85,14.56,37752752.0,1698779264.0
2015-02-17,15.5,16.02,14.56,16.02,35038792.0,1740619776.0
2015-02-25,16.68,16.7,15.69,15.85,50831084.0,2570060800.0
2015-02-26,15.85,16.14,15.34,15.66,33074280.0,1637213824.0
2015-02-27,15.55,16.14,15.28,16.07,36840416.0,1824774400.0
2015-03-02,16.55,17.68,16.3,16.45,50259944.0,2681467648.0
2015-03-03,16.2,17.37,16.05,16.32,32862700.0,1711219840.0
2015-03-04,16.2,17.12,16.0,16.52,29897664.0,1568522496.0
2015-03-05,16.36,18.17,16.33,18.17,37251620.0,2028158464.0
2015-03-06,18.79,18.94,16.46,16.62,51454068.0,2803548160.0
2015-03-09,16.04,16.52,15.59,16.27,25923700.0,1312632064.0
2015-03-10,16.24,16.8,16.11,16.27,21563600.0,1121268480.0
2015-03-11,16.08,16.36,15.75,15.89,18830944.0,949154688.0
2015-03-12,16.07,16.07,15.35,15.61,19381482.0,951119680.0
2015-03-13,15.73,16.0,15.5,15.88,17509616.0,868710144.0
2015-03-16,16.06,16.36,15.89,16.25,20111494.0,1022957568.0
2015-03-17,16.3,16.73,16.04,16.36,22345450.0,1149694464.0
2015-03-18,16.36,17.15,16.21,16.95,26989560.0,1429298688.0
2015-03-19,16.95,17.73,16.87,17.12,26297276.0,1430433280.0
2015-03-20,16.84,17.04,16.52,16.78,21847552.0,1147790208.0
2015-03-23,16.77,16.94,16.67,16.87,19659896.0,1040592448.0
2015-03-24,16.89,17.44,16.49,16.97,27855116.0,1482318464.0
2015-03-25,16.9,17.05,16.51,16.58,21332516.0,1120596480.0
2015-03-26,16.64,17.47,16.52,17.23,29585812.0,1583253376.0
2015-03-27,17.31,17.31,16.49,16.79,19541604.0,1029417024.0
2015-03-30,16.85,17.03,16.62,16.75,18493964.0,975959936.0
2015-03-31,16.75,17.05,16.61,16.65,18740490.0,989549184.0
2015-04-01,17.16,18.31,17.16,18.31,33653024.0,1886140032.0
2015-04-02,19.06,19.84,18.28,19.01,46844936.0,2808275456.0
2015-04-03,18.76,19.62,18.44,19.49,30811412.0,1850824192.0
2015-04-07,19.49,19.56,18.97,19.19,19310894.0,1163222528.0
2015-04-08,19.18,19.34,18.06,18.39,22123344.0,1294200960.0
2015-04-09,18.33,18.33,16.95,17.79,22485984.0,1250441984.0
2015-04-10,18.01,18.41,17.98,18.08,15968479.0,911729536.0
2015-04-13,18.08,18.81,17.63,18.81,21565772.0,1228043264.0
2015-04-14,18.71,18.78,18.1,18.13,16044519.0,930473600.0
2015-04-15,17.81,18.1,17.62,17.79,12814342.0,719635008.0
2015-04-16,17.75,18.52,17.61,18.33,15081869.0,863928448.0
2015-04-17,18.62,18.74,18.11,18.16,16322590.0,946480320.0
2015-04-20,17.98,17.98,17.38,17.41,16906920.0,939476480.0
2015-04-21,17.41,17.95,17.41,17.83,12765327.0,713394176.0
2015-04-22,17.95,18.68,17.89,18.19,15582787.0,897460160.0
2015-04-23,18.43,20.01,18.43,20.01,44092612.0,2724936960.0
2015-04-28,20.33,21.13,18.71,18.91,38541900.0,2393255424.0
2015-04-29,18.91,20.33,18.27,19.44,22242888.0,1355397504.0
2015-04-30,19.76,19.88,19.02,19.06,16195042.0,994285696.0
2015-05-04,19.06,20.52,19.06,19.5,18616192.0,1159606400.0
2015-05-05,19.38,19.38,18.36,18.55,15861749.0,937090816.0
2015-05-06,18.9,19.25,18.33,18.47,13004855.0,771230976.0
2015-05-07,18.35,18.84,18.13,18.67,11216962.0,655754304.0
2015-05-08,18.81,19.02,18.42,18.9,13363321.0,787786240.0
2015-05-11,19.0,20.27,18.87,20.04,24883248.0,1545565440.0
2015-05-12,20.05,20.71,19.7,20.49,24122056.0,1538169216.0
2015-05-13,20.4,20.49,19.62,20.06,17684038.0,1116497792.0
2015-05-14,20.06,20.33,19.41,19.94,15377906.0,955488896.0
2015-05-15,19.89,20.08,19.18,19.32,14810972.0,910362944.0
2015-05-18,19.49,19.89,19.22,19.86,20802678.0,1284634240.0
2015-05-19,20.19,21.25,19.95,20.51,25295408.0,1640835328.0
2015-05-20,20.51,21.82,20.46,21.03,27573210.0,1839636736.0
2015-05-21,21.29,23.13,20.97,23.13,25884628.0,1847246080.0
2015-05-22,23.88,25.44,23.88,24.15,35226424.0,2729553152.0
2015-06-04,26.56,26.56,25.42,26.56,26618544.0,2220425728.0
2015-06-05,27.29,27.83,25.1,25.25,41700208.0,3413771008.0
2015-06-08,25.02,25.02,23.27,23.81,27889092.0,2105844352.0
2015-06-09,23.81,24.45,23.36,23.56,18440816.0,1383725056.0
2015-06-10,23.56,24.76,23.51,24.09,27089912.0,2059268480.0
2015-06-11,24.03,24.03,23.16,23.51,19465342.0,1437425024.0
2015-06-12,23.51,24.3,23.35,23.8,20611178.0,1547423872.0
2015-06-15,23.82,24.62,23.05,24.07,30313828.0,2263020800.0
2015-06-16,23.67,23.83,22.87,23.15,14302634.0,1048463872.0
2015-06-17,23.16,23.44,22.27,22.53,18420604.0,1316898176.0
2015-06-18,22.54,23.15,21.41,21.49,20124874.0,1408886016.0
2015-06-19,21.24,21.25,19.56,19.67,20494700.0,1307006592.0
2015-06-23,19.63,20.13,18.46,20.05,19698324.0,1204132992.0
2015-06-24,20.13,20.49,19.54,20.2,18303012.0,1157977856.0
2015-06-25,20.29,20.53,19.44,19.69,15842653.0,1001999168.0
2015-06-26,19.03,19.35,17.73,17.73,20233600.0,1169166464.0
2015-06-29,18.14,18.2,15.95,15.95,23964296.0,1255322112.0
2015-06-30,15.67,17.55,14.48,17.55,29600160.0,1491820800.0
2015-07-01,17.51,18.42,16.71,16.84,24569668.0,1368399104.0
2015-07-02,16.84,17.53,15.17,15.65,25548324.0,1317805184.0
2015-07-03,15.41,16.82,14.49,15.74,27533630.0,1349516672.0
2015-07-06,17.22,17.22,14.58,16.12,29927440.0,1517176704.0
2015-07-07,15.54,15.84,14.51,14.93,43615564.0,2037049472.0
2015-07-08,13.44,14.8,13.44,14.2,50934240.0,2236148992.0
2015-07-09,14.2,15.62,13.82,15.62,23035292.0,1090391552.0
2015-07-10,16.49,17.18,15.92,17.18,20639228.0,1104304640.0
2015-07-13,17.76,18.9,17.22,18.9,34798244.0,1991226240.0
2015-07-14,18.43,19.39,17.74,17.86,33044958.0,1931883648.0
2015-07-15,17.46,17.79,16.07,16.07,24041062.0,1266540928.0
2015-07-16,16.07,16.98,15.25,16.58,18401440.0,946006336.0
2015-07-17,16.78,17.95,16.63,17.65,18337870.0,996065472.0
2015-07-20,17.65,17.92,17.1,17.47,19199258.0,1056735808.0
2015-07-21,17.16,17.94,16.68,17.42,15405724.0,849697984.0
2015-07-22,17.58,18.05,17.44,17.65,15652722.0,874525504.0
2015-07-23,17.65,18.17,17.22,17.98,16703622.0,934727360.0
2015-07-24,18.01,18.44,17.63,17.66,18690972.0,1056947008.0
2015-07-27,17.15,17.63,15.9,15.9,18120818.0,954348288.0
2015-07-28,15.19,16.19,14.46,15.82,20432636.0,982651392.0
2015-07-29,16.1,17.4,15.6,17.4,19988240.0,1039550144.0
2015-07-30,17.16,17.72,16.26,16.46,16235133.0,878649024.0
2015-07-31,16.2,17.67,16.13,17.66,22472594.0,1218020224.0
2015-08-03,17.35,18.38,17.25,18.36,24998538.0,1412324736.0
2015-08-04,18.39,19.22,17.53,18.95,26199892.0,1528937728.0
2015-08-05,18.64,20.01,18.56,18.89,20054380.0,1220519296.0
2015-08-06,18.73,20.78,18.17,20.78,36039944.0,2319434752.0
2015-08-07,21.29,21.51,20.3,20.65,33839592.0,2222391552.0
2015-08-10,20.95,21.57,20.02,21.23,23223110.0,1523307136.0
2015-08-11,20.83,21.79,20.67,20.87,20455348.0,1357478528.0
2015-08-12,20.49,20.63,19.63,19.69,17419232.0,1102034560.0
2015-08-13,19.69,20.4,19.38,20.28,13159482.0,828197504.0
2015-08-14,20.21,21.08,20.21,20.25,13438002.0,872372480.0
2015-08-17,19.92,20.72,19.73,20.4,10952022.0,699740864.0
2015-08-18,20.39,20.39,18.36,18.36,17193762.0,1039710144.0
2015-08-19,17.79,18.94,16.58,18.58,16660495.0,926777152.0
2015-08-20,18.11,18.24,17.16,17.28,11173274.0,624928512.0
2015-08-21,16.84,17.17,15.75,15.82,16608306.0,852199744.0
2015-08-24,15.03,15.03,14.24,14.24,16116787.0,734111808.0
2015-08-25,12.96,14.61,12.82,12.82,20030502.0,840397056.0
2015-08-26,13.22,14.1,12.66,14.1,24752948.0,1059971200.0
2015-08-27,14.61,15.51,14.61,15.51,20984908.0,997453760.0
2015-08-28,16.04,16.6,15.2,16.21,23096968.0,1149489536.0
2015-08-31,16.16,16.77,15.57,15.84,17855032.0,906500032.0
2015-09-01,15.57,15.77,14.4,15.76,19669450.0,948461120.0
2015-09-02,15.0,16.36,14.54,14.55,13588024.0,657788992.0
2015-09-07,15.19,15.9,14.94,15.15,12883263.0,624449472.0
2015-09-08,15.38,16.51,15.02,16.46,14837895.0,739834432.0
2015-09-09,16.71,17.79,16.57,17.63,22124800.0,1208202752.0
2015-09-10,17.09,17.47,16.65,16.74,13476708.0,724323392.0
2015-09-11,16.69,17.15,16.42,16.79,9325096.0,492777440.0
2015-09-14,16.79,17.2,15.13,15.2,13342659.0,672308544.0
2015-09-15,14.84,15.69,14.69,14.98,9765580.0,465990912.0
2015-09-16,15.26,16.48,15.03,16.48,13523834.0,671951232.0
2015-09-17,16.84,17.86,16.71,16.79,24131444.0,1317726208.0
2015-09-18,17.16,18.05,16.99,17.53,18440910.0,1019277440.0
2015-09-21,17.32,18.03,16.91,17.81,15053106.0,831851584.0
2015-09-22,17.81,18.0,17.32,17.55,11133638.0,617916800.0
2015-09-23,17.35,19.3,17.22,18.75,23487284.0,1382839680.0
2015-09-24,18.9,18.98,18.07,18.36,16082967.0,933405312.0
2015-09-25,18.32,19.12,17.88,18.59,17607396.0,1034477568.0
2015-09-28,18.81,19.89,18.7,19.63,17536508.0,1067749824.0
2015-09-29,19.21,19.86,18.92,19.41,13059353.0,793899264.0
2015-09-30,20.03,20.33,18.9,19.07,15353378.0,948363072.0
2015-10-08,20.06,20.59,19.25,19.28,24578796.0,1535450752.0
2015-10-09,19.29,19.76,18.82,19.36,14960416.0,907526464.0
2015-10-12,19.41,20.33,18.59,18.89,43396492.0,2661699328.0
2015-10-13,18.74,19.22,18.48,19.21,19995456.0,1191401984.0
2015-10-14,19.21,19.21,18.54,18.63,17017892.0,1006418496.0
2015-10-15,18.52,19.27,18.49,19.17,17015164.0,1019440384.0
2015-10-16,19.35,19.86,19.0,19.25,20010848.0,1219171072.0
2015-10-19,19.54,21.18,19.5,21.18,32339846.0,2074792576.0
2015-10-20,21.88,21.91,20.5,21.04,32791304.0,2168912384.0
2015-10-21,20.81,20.95,18.94,18.98,33837940.0,2113130240.0
2015-10-22,19.0,19.8,18.33,19.52,30610724.0,1846113280.0
2015-10-23,20.02,20.54,19.6,19.92,30170312.0,1898851328.0
2015-10-26,20.33,21.91,19.94,21.91,63345852.0,4287444480.0
2015-10-27,21.67,21.98,20.65,21.72,29527522.0,2002712704.0
2015-10-28,21.69,22.78,21.39,21.86,30974624.0,2164859136.0
2015-10-29,22.08,22.19,21.09,21.89,18826372.0,1274021760.0
2015-10-30,21.65,22.16,20.91,21.32,18315036.0,1243187456.0
2015-11-02,20.97,21.25,20.02,20.23,21754084.0,1417507328.0
2015-11-03,20.27,21.03,19.83,20.81,20033248.0,1291132800.0
2015-11-04,20.78,22.31,20.66,22.21,30879734.0,2079295104.0
2015-11-05,21.92,22.08,21.35,21.38,26719180.0,1820855808.0
2015-11-06,21.22,21.86,21.16,21.52,25136158.0,1695306496.0
2015-11-09,21.33,23.21,21.19,22.75,35280368.0,2465833728.0
2015-11-10,22.56,22.64,21.88,22.18,26070072.0,1823695104.0
2015-11-11,22.24,22.56,21.41,21.86,26526980.0,1825453952.0
2015-11-12,21.91,22.65,21.6,22.43,32235556.0,2256188928.0
2015-11-13,22.24,23.77,21.66,22.46,40241196.0,2876014336.0
2015-11-16,21.76,22.18,21.66,22.08,19533044.0,1348563840.0
2015-11-17,22.34,22.43,21.19,21.57,30254836.0,2077666432.0
2015-11-18,21.59,21.86,20.86,21.03,18785914.0,1258937856.0
2015-11-19,21.13,21.82,20.81,21.73,17534924.0,1170532608.0
2015-11-20,21.64,21.67,21.05,21.16,16942548.0,1133723904.0
2015-11-23,20.97,21.28,20.56,20.62,17163188.0,1126657664.0
2015-11-24,20.65,20.65,19.97,20.5,18726228.0,1194439552.0
2015-11-25,20.4,20.87,20.28,20.69,15709262.0,1019115456.0
2015-11-26,20.81,20.87,20.23,20.25,15634791.0,1009955264.0
2015-11-27,20.03,20.47,19.06,19.16,20141180.0,1257538816.0
2015-11-30,19.32,19.96,18.52,19.91,20318412.0,1241626368.0
2015-12-01,19.9,19.91,19.49,19.68,9090449.0,562915264.0
2015-12-02,19.62,20.19,19.54,20.05,12069569.0,756385472.0
2015-12-03,20.05,20.3,19.89,20.11,11597573.0,732490176.0
2015-12-04,20.06,20.06,19.54,19.64,10907826.0,679399360.0
2015-12-07,19.65,20.02,19.44,19.72,9507812.0,590640192.0
2015-12-08,19.63,19.68,19.06,19.16,10437248.0,635856896.0
2015-12-09,19.02,20.17,18.93,19.98,21074640.0,1313684608.0
2015-12-10,20.17,20.33,19.76,19.83,13099349.0,825302144.0
2015-12-11,19.75,19.84,19.26,19.57,9986746.0,610441984.0
2015-12-14,19.32,19.7,19.22,19.7,8175542.0,501215136.0
2015-12-15,19.74,20.08,19.74,19.88,10244372.0,643587392.0
2015-12-16,19.89,20.02,19.71,19.98,7703928.0,482091168.0
2015-12-17,20.01,20.47,20.01,20.27,14678576.0,936837056.0
2015-12-18,20.24,20.3,19.86,20.27,13951304.0,882077824.0
2015-12-21,20.29,20.61,19.89,20.02,18473840.0,1181361920.0
2015-12-22,20.05,20.1,19.71,19.96,10419264.0,651366080.0
2015-12-23,20.02,20.05,19.7,19.71,9620318.0,600272256.0
2015-12-24,20.02,20.5,19.94,20.17,21158808.0,1353368448.0
2015-12-25,20.17,20.32,19.88,20.16,10088458.0,638018560.0
2015-12-28,20.16,20.39,19.71,19.74,12617917.0,797895744.0
2015-12-29,19.73,20.79,19.48,20.51,19498524.0,1241166336.0
2015-12-30,20.65,21.29,20.65,20.97,22365046.0,1478921088.0
2015-12-31,20.97,21.27,20.34,20.46,14374504.0,938969664.0
2016-01-04,20.46,20.46,18.55,18.67,11488014.0,709177600.0
2016-01-05,17.73,19.26,17.73,18.86,16670492.0,983037056.0
2016-01-06,18.9,19.31,18.86,19.2,9882486.0,594339840.0
2016-01-07,18.74,18.89,17.47,17.6,4129310.0,236717552.0
2016-01-08,18.43,19.28,18.01,18.88,20356718.0,1201830656.0
2016-01-11,18.42,19.38,18.17,18.39,20049350.0,1184370816.0
2016-01-12,18.67,19.12,18.41,19.01,15317436.0,909233344.0
2016-01-13,19.22,19.48,18.22,18.22,14898871.0,881214016.0
2016-01-14,17.95,19.06,17.89,19.03,14623855.0,853221312.0
2016-01-15,18.75,19.0,18.12,18.44,10958400.0,639074944.0
2016-01-18,18.11,18.62,17.96,18.33,10570497.0,607753600.0
2016-01-19,18.27,18.78,18.1,18.7,13739999.0,798925312.0
2016-01-20,18.74,18.97,18.14,18.34,11369267.0,663507648.0
2016-01-21,18.14,18.52,17.79,17.8,11532917.0,660993152.0
2016-01-22,17.86,18.06,16.97,17.52,12301758.0,677639104.0
2016-01-25,17.7,17.79,17.24,17.47,8977712.0,494629280.0
2016-01-26,17.21,17.44,15.73,15.88,15161615.0,787099072.0
2016-01-27,16.04,16.1,14.3,15.31,13286038.0,632329664.0
2016-01-28,14.93,15.31,14.32,14.39,9402202.0,439850368.0
2016-01-29,14.36,15.38,14.36,15.12,10575349.0,494660864.0
2016-02-01,15.2,15.75,15.03,15.44,11649275.0,567275392.0
2016-02-02,15.44,16.14,15.44,16.03,10517334.0,528591552.0
2016-02-03,16.01,16.1,15.8,16.02,6677999.0,334550944.0
2016-02-04,16.2,16.62,16.11,16.27,7164066.0,369396704.0
2016-02-05,16.36,16.49,15.89,15.91,6589092.0,333300448.0
2016-02-15,15.31,16.03,15.22,15.89,5205495.0,256365504.0
2016-02-16,15.96,16.72,15.96,16.55,8002115.0,415262240.0
2016-02-17,16.58,17.47,16.58,17.1,12998686.0,700028096.0
2016-02-18,17.35,17.4,16.87,16.92,6740950.0,361546240.0
2016-02-19,17.12,17.55,17.0,17.25,9327495.0,506556704.0
2016-02-22,17.54,17.63,17.16,17.32,10922075.0,597064448.0
2016-02-23,17.4,17.7,17.17,17.38,9920218.0,543904064.0
2016-02-24,17.23,17.55,16.85,17.48,9975760.0,541977664.0
2016-02-25,17.8,18.0,16.25,16.46,21372012.0,1169319552.0
2016-02-26,16.78,16.87,16.27,16.63,8841262.0,462164384.0
2016-02-29,16.87,16.93,15.57,16.05,12417734.0,630542592.0
2016-03-01,16.06,16.48,15.91,16.37,8022988.0,409803584.0
2016-03-02,16.23,17.22,16.23,17.12,11828817.0,623608128.0
2016-03-03,17.16,17.45,17.01,17.02,9776604.0,529712896.0
2016-03-04,16.97,17.47,16.76,17.06,11579003.0,625504320.0
2016-03-07,17.32,17.47,17.04,17.14,6869520.0,371520512.0
2016-03-08,17.16,17.16,16.38,16.87,7784680.0,408570944.0
2016-03-09,16.56,16.74,16.46,16.52,5679426.0,296179744.0
2016-03-10,16.52,16.66,16.28,16.36,5208423.0,268636288.0
2016-03-11,16.33,16.55,16.08,16.29,4014769.0,205633472.0
2016-03-14,16.55,17.16,16.4,16.94,9779923.0,519334816.0
2016-03-15,16.9,17.63,16.9,17.3,16142419.0,880730752.0
2016-03-16,17.35,17.39,16.81,16.84,8634195.0,462486016.0
2016-03-17,17.05,17.57,16.93,17.49,14335013.0,783634304.0
2016-03-18,17.49,18.23,17.49,18.09,15085403.0,855458112.0
2016-03-21,18.32,18.38,17.8,18.12,14248192.0,810929536.0
2016-03-22,18.08,18.49,17.82,18.34,13202336.0,758552832.0
2016-03-23,18.17,18.42,18.01,18.2,8249342.0,472493440.0
2016-03-24,18.08,18.55,17.82,17.94,9100798.0,518424896.0
2016-03-25,17.94,18.3,17.82,18.1,8135057.0,462177824.0
2016-03-28,18.29,19.02,18.17,18.44,14056920.0,824880256.0
2016-03-29,18.52,18.87,18.07,18.07,14590200.0,844984512.0
2016-03-30,18.16,18.72,18.16,18.68,10424155.0,605828160.0
2016-03-31,18.69,18.99,18.55,18.68,10193415.0,601474624.0
2016-04-01,18.68,18.68,18.19,18.52,5837644.0,338765984.0
2016-04-05,18.8,19.14,18.6,18.74,14329541.0,853440960.0
2016-04-06,18.6,18.73,18.4,18.54,9669631.0,563382656.0
2016-04-07,18.58,18.64,18.01,18.13,8880572.0,510245312.0
2016-04-08,17.98,18.41,17.97,18.33,7166621.0,410464832.0
2016-04-11,18.33,18.69,18.24,18.37,8467590.0,491337536.0
2016-04-12,18.35,18.55,18.05,18.4,8976873.0,516656736.0
2016-04-13,18.62,18.85,18.56,18.61,11929095.0,702845504.0
2016-04-14,18.68,18.77,18.53,18.67,6573534.0,385405536.0
2016-04-15,18.61,18.71,18.3,18.5,6515869.0,379621984.0
2016-04-18,18.51,19.12,18.32,19.07,12588102.0,743192192.0
2016-04-19,18.99,20.81,18.95,19.84,22864152.0,1433670528.0
2016-04-20,19.7,19.8,18.44,19.13,17149732.0,1039526656.0
2016-04-21,19.07,20.27,18.99,19.74,15411780.0,961752320.0
2016-04-22,19.47,20.01,19.28,19.67,8898960.0,551830720.0
2016-04-25,19.67,19.7,19.06,19.3,8819960.0,535873824.0
2016-04-26,19.22,20.0,19.22,19.71,7285094.0,452928640.0
2016-04-27,19.86,20.11,19.71,19.8,9147518.0,573415744.0
2016-04-28,19.88,19.95,19.22,19.66,7602505.0,467163488.0
2016-04-29,19.76,20.53,19.76,20.24,16138331.0,1029449920.0
2016-05-03,20.27,20.44,19.94,20.43,13567026.0,864598720.0
2016-05-04,20.31,20.55,20.13,20.19,9659307.0,617598464.0
2016-05-05,20.18,20.19,19.89,20.17,7138630.0,449741440.0
2016-05-06,20.02,20.17,19.38,19.44,10281204.0,638044864.0
2016-05-09,19.1,19.32,18.51,18.74,10120399.0,603200512.0
2016-05-10,18.74,18.9,18.56,18.65,5662332.0,333635968.0
2016-05-11,18.74,18.87,18.37,18.53,6945119.0,407011314.0
2016-05-12,18.44,19.05,18.24,18.91,8247441.0,487780115.0
2016-05-13,18.89,19.18,18.7,18.8,5816009.0,346461686.0
2016-05-16,18.85,19.25,18.75,19.24,6588742.0,395406389.0
2016-05-17,19.24,19.38,18.95,19.17,5432643.0,327224270.0
2016-05-18,19.0,19.0,18.46,18.61,5872586.0,346260458.0
2016-05-19,18.72,18.9,18.57,18.61,3754217.0,221050182.0
2016-05-20,18.52,18.8,18.42,18.78,3658736.0,215447589.0
2016-05-23,18.81,19.13,18.81,18.88,5161859.0,307939030.0
2016-05-24,18.92,19.11,18.75,18.82,6220634.0,370386513.0
2016-05-25,18.99,19.06,18.75,18.78,4204015.0,250309431.0
2016-05-26,18.87,18.97,18.3,18.67,5742266.0,334900615.0
2016-05-27,18.62,18.65,18.3,18.36,5901042.0,342420469.0
2016-05-30,18.37,18.54,18.23,18.4,4273473.0,248092652.0
2016-05-31,18.41,19.05,18.41,19.0,8739302.0,517580084.0
2016-06-01,19.03,19.13,18.92,18.98,6949904.0,416050005.0
2016-06-02,19.01,19.1,18.74,19.04,4921505.0,293575287.0
2016-06-03,19.06,19.2,19.04,19.06,6274484.0,377694622.0
2016-06-06,19.21,19.35,18.99,19.11,5872478.0,354139271.0
2016-06-07,19.15,19.69,19.07,19.46,8995053.0,549160777.0
2016-06-08,19.47,19.5,19.06,19.17,6688407.0,404215074.0
2016-06-13,18.91,19.06,18.25,18.25,10682807.0,625226935.0
2016-06-14,18.13,18.38,18.05,18.13,5665108.0,324573779.0
2016-06-15,17.96,19.03,17.96,18.79,11273076.0,662195152.0
2016-06-16,18.66,19.37,18.45,18.88,10258329.0,609670099.0
2016-06-17,18.9,19.17,18.7,18.81,6717240.0,400331848.0
2016-06-20,18.91,19.11,18.83,18.94,4449736.0,265601791.0
2016-06-21,19.05,19.25,18.81,18.87,9804729.0,589060148.0
2016-06-22,19.2,19.63,19.11,19.35,13320845.0,813809734.0
2016-06-23,19.18,19.38,18.99,19.07,6565658.0,395510310.0
2016-06-24,19.06,19.22,18.2,18.78,8235735.0,487675523.0
2016-06-27,18.74,19.04,18.7,18.96,4769061.0,283438849.0
2016-06-28,18.84,19.19,18.7,19.16,7013072.0,417605439.0
2016-06-29,19.08,19.22,18.99,19.19,6758838.0,406484502.0
2016-06-30,19.21,19.53,19.07,19.38,8785976.0,533814939.0
2016-07-01,19.37,19.71,19.21,19.5,9111774.0,558680325.0
2016-07-04,19.46,19.68,19.26,19.52,8244265.0,505874249.0
2016-07-05,19.51,19.56,19.13,19.32,9186683.0,557273868.0
2016-07-06,19.31,19.44,19.18,19.32,4959488.0,301374688.0
2016-07-07,19.32,19.87,19.25,19.68,12333795.0,763077232.0
2016-07-08,19.75,20.04,19.64,19.76,9119991.0,568456831.0
2016-07-11,19.89,19.99,19.43,19.45,6891037.0,428221767.0
2016-07-12,19.37,19.53,19.12,19.4,8876836.0,539495261.0
2016-07-13,19.38,19.42,19.21,19.36,8992294.0,546125761.0
2016-07-14,19.29,19.49,19.21,19.44,7083608.0,431523271.0
2016-07-15,19.6,20.39,19.53,20.01,19115516.0,1201518342.0
2016-07-18,20.13,20.3,19.84,19.9,9843198.0,620707254.0
2016-07-19,19.94,20.0,19.76,19.95,5160945.0,322840686.0
2016-07-20,19.96,20.11,19.86,19.86,5459347.0,343176636.0
2016-07-21,19.9,19.97,19.64,19.68,6611199.0,410895575.0
2016-07-22,19.9,19.95,19.38,19.54,7655026.0,472178972.0
2016-07-25,19.54,19.69,19.16,19.23,7670406.0,469124894.0
2016-07-26,19.35,19.49,19.25,19.43,5364739.0,327261256.0
2016-07-27,19.42,19.42,18.6,18.87,10083412.0,603839091.0
2016-07-28,18.9,19.16,18.75,18.98,5208363.0,310691717.0
2016-07-29,18.98,19.14,18.81,18.86,3738250.0,222997048.0
2016-08-01,18.86,18.99,18.65,18.71,3477049.0,205289028.0
2016-08-02,18.62,18.77,18.6,18.73,3806989.0,223826937.0
2016-08-03,18.73,18.77,18.63,18.69,2651790.0,155989734.0
2016-08-04,18.7,18.8,18.65,18.77,3154162.0,185958652.0
2016-08-05,18.77,18.9,18.66,18.67,4290714.0,253389435.0
2016-08-08,18.69,18.74,18.45,18.72,3819299.0,223518508.0
2016-08-09,18.73,18.81,18.6,18.79,4719154.0,277422411.0
2016-08-10,18.8,18.89,18.67,18.71,3380222.0,199634781.0
2016-08-11,18.71,18.87,18.61,18.62,4813453.0,284372939.0
2016-08-12,18.74,18.98,18.65,18.83,5271847.0,312370959.0
2016-08-15,18.9,19.25,18.74,19.08,9641772.0,577711483.0
2016-08-16,19.13,19.17,19.0,19.04,7810269.0,468587339.0
2016-08-17,19.06,19.44,19.06,19.29,8713795.0,529854428.0
2016-08-18,19.29,19.29,19.04,19.08,5942044.0,358107544.0
2016-08-19,19.06,19.12,18.95,19.02,3776939.0,225968692.0
2016-08-22,19.03,19.09,18.63,18.64,6305316.0,373599834.0
2016-08-23,18.73,18.76,18.61,18.72,3430108.0,201622136.0
2016-08-24,18.74,18.8,18.68,18.77,3090119.0,182378753.0
2016-08-25,18.73,18.73,18.31,18.49,6534826.0,380306844.0
2016-08-26,18.59,18.59,18.43,18.54,4416357.0,257151342.0
2016-08-29,18.7,18.79,18.47,18.52,6737327.0,393911988.0
2016-08-30,18.55,18.6,18.47,18.58,3955193.0,230860856.0
2016-08-31,18.63,18.63,18.49,18.6,2802645.0,163867983.0
2016-09-01,18.63,18.66,18.57,18.57,3102506.0,181784406.0
2016-09-02,18.57,18.57,18.36,18.38,4415633.0,256123333.0
2016-09-05,18.43,18.51,18.3,18.4,2671251.0,154861352.0
2016-09-06,18.47,18.91,18.36,18.91,8473265.0,500155302.0
2016-09-07,18.9,18.94,18.71,18.74,5128728.0,303663852.0
2016-09-08,18.74,18.82,18.67,18.71,3272436.0,192775711.0
2016-09-09,18.75,19.15,18.74,18.75,6766429.0,403114809.0
2016-09-12,18.43,18.58,18.3,18.32,5735314.0,332129585.0
2016-09-13,18.43,18.46,18.05,18.12,6738130.0,385278788.0
2016-09-14,18.11,18.11,17.79,17.79,6151539.0,346762077.0
2016-09-19,17.82,18.08,17.82,18.01,4114424.0,233140453.0
2016-09-20,18.06,18.13,17.83,17.89,3093148.0,174746978.0
2016-09-21,17.96,18.09,17.85,18.03,3194648.0,180758690.0
2016-09-22,18.08,18.17,18.05,18.14,4655786.0,265300784.0
2016-09-23,18.16,18.17,18.05,18.1,2723045.0,155163742.0
2016-09-26,18.1,18.11,17.52,17.6,5053971.0,283005016.0
2016-09-27,17.58,17.71,17.5,17.61,3153943.0,174990754.0
2016-09-28,17.7,17.7,17.57,17.58,2168978.0,120304811.0
2016-09-29,17.63,17.71,17.47,17.54,3681361.0,204100747.0
2016-09-30,17.52,17.72,17.48,17.66,3034671.0,168334939.0
2016-10-10,17.76,18.07,17.76,18.05,4404787.0,248043570.0
2016-10-11,18.07,18.54,17.98,18.39,9088748.0,524781048.0
2016-10-12,18.38,18.41,18.17,18.28,4828624.0,277516431.0
2016-10-13,18.3,18.5,18.16,18.21,4459553.0,256548468.0
2016-10-14,18.26,18.35,18.0,18.2,3670602.0,209800415.0
2016-10-17,18.22,18.32,17.99,18.04,4479583.0,256419572.0
2016-10-18,18.04,18.26,17.98,18.22,4836359.0,276291390.0
2016-10-19,18.23,18.32,18.08,18.12,3821311.0,218619641.0
2016-10-20,18.13,18.18,18.01,18.06,3627699.0,206278674.0
2016-10-21,18.05,18.1,17.84,17.95,3239174.0,183130727.0
2016-10-24,18.07,18.27,17.95,18.1,5483039.0,312442692.0
2016-10-25,18.07,18.18,18.01,18.07,3437916.0,195725172.0
2016-10-26,18.07,18.14,17.94,17.96,2926151.0,165646078.0
2016-10-27,17.98,18.09,17.93,17.98,2643082.0,149611381.0
2016-10-28,17.99,18.04,17.86,17.87,3020306.0,170258230.0
2016-10-31,17.92,17.98,17.75,17.84,3251187.0,182471961.0
2016-11-01,17.85,17.95,17.78,17.91,2695977.0,151548237.0
2016-11-02,17.98,18.0,17.87,17.94,3249322.0,183466557.0
2016-11-03,17.94,17.96,17.61,17.79,5517045.0,308743286.0
2016-11-04,17.78,17.78,17.56,17.59,4857485.0,270061971.0
2016-11-07,17.6,17.77,17.59,17.64,3876428.0,215738155.0
2016-11-08,17.68,17.79,17.64,17.68,3322831.0,185245340.0
2016-11-09,17.69,17.73,17.32,17.5,6700794.0,369081095.0
2016-11-10,17.63,17.67,17.54,17.58,3519244.0,194849860.0
2016-11-11,17.47,17.59,17.39,17.52,5440472.0,298972051.0
2016-11-14,17.54,17.74,17.53,17.63,5094177.0,283003007.0
2016-11-15,17.6,17.72,17.57,17.66,3052970.0,169396819.0
2016-11-16,17.73,17.75,17.67,17.71,4184309.0,233316152.0
2016-11-17,17.7,17.72,17.59,17.71,2924689.0,162483983.0
2016-11-18,17.72,17.79,17.54,17.56,3041727.0,168976974.0
2016-11-21,17.57,17.66,17.47,17.52,3700837.0,204459879.0
2016-11-22,17.51,17.57,17.47,17.55,3300478.0,181922927.0
2016-11-23,17.6,18.11,17.6,17.96,12312795.0,695633538.0
2016-11-24,17.89,17.92,17.63,17.69,6568533.0,367478023.0
2016-11-25,17.71,17.76,17.43,17.6,4538835.0,250854963.0
2016-11-28,17.66,17.77,17.54,17.67,6467911.0,359195209.0
2016-11-29,17.67,17.89,17.54,17.66,5920792.0,329736296.0
2016-11-30,17.57,17.73,17.54,17.58,3667817.0,203073930.0
2016-12-01,17.58,17.71,17.52,17.57,4191287.0,232043879.0
2016-12-02,17.54,17.62,17.32,17.39,5167838.0,283610543.0
2016-12-05,17.36,17.44,17.02,17.05,7236161.0,391940778.0
2016-12-06,17.09,17.16,16.84,16.88,6761313.0,359844490.0
2016-12-07,16.89,16.94,16.6,16.84,7252221.0,381985044.0
2016-12-08,16.84,16.99,16.78,16.85,3949626.0,209985572.0
2016-12-09,16.85,16.87,16.68,16.76,3808904.0,200980215.0
2016-12-12,16.75,16.86,15.74,15.83,9040589.0,464114062.0
2016-12-13,15.88,16.22,15.85,16.1,5444762.0,273464823.0
2016-12-14,16.16,16.19,15.68,15.72,5546229.0,275447370.0
2016-12-15,15.68,15.93,15.65,15.84,3934658.0,194498140.0
2016-12-16,15.92,16.36,15.92,16.36,6173628.0,311817046.0
2016-12-19,16.42,16.48,16.09,16.13,3689605.0,186863667.0
2016-12-20,16.13,16.26,16.05,16.13,2847538.0,143523910.0
2016-12-21,16.26,16.39,16.17,16.24,2733925.0,138989740.0
2016-12-22,16.28,16.52,16.1,16.45,4678825.0,238670699.0
2016-12-23,16.46,16.47,16.04,16.06,4122800.0,208839146.0
2016-12-26,16.0,16.08,15.75,16.05,3824056.0,189851066.0
2016-12-27,16.05,16.06,15.83,15.83,4194551.0,209496702.0
2016-12-28,15.85,15.98,15.74,15.78,2718067.0,134413292.0
2016-12-29,15.79,15.95,15.69,15.8,3210706.0,158780360.0
2016-12-30,15.86,15.94,15.81,15.9,2088673.0,103682417.0
2017-01-03,15.88,16.07,15.87,15.95,3800491.0,189836309.0
2017-01-04,15.97,16.32,15.91,16.26,7620168.0,384790064.0
2017-01-05,16.26,16.28,16.13,16.14,3991726.0,201824020.0
2017-01-06,16.14,16.2,15.94,15.94,4215360.0,211167708.0
2017-01-09,15.96,16.04,15.91,15.97,3220473.0,160778323.0
2017-01-10,15.99,16.02,15.81,15.89,2961142.0,147345869.0
2017-01-11,15.89,15.94,15.8,15.82,2397851.0,118771245.0
2017-01-12,15.83,15.92,15.66,15.67,3549823.0,174899618.0
2017-01-13,15.67,15.8,15.62,15.65,3204975.0,157329023.0
2017-01-16,15.65,15.73,14.88,15.29,4475374.0,215981347.0
2017-01-17,15.36,15.5,15.24,15.43,2779417.0,133517237.0
2017-01-18,15.51,15.51,15.37,15.4,2220189.0,107149057.0
2017-01-19,15.41,15.46,15.36,15.4,1747768.0,84220141.0
2017-01-20,15.38,15.59,15.38,15.55,2479638.0,120324606.0
2017-01-23,15.61,15.76,15.61,15.64,2373310.0,116240579.0
2017-01-24,15.73,15.73,15.52,15.57,2562814.0,124811910.0
2017-01-25,15.57,15.74,15.51,15.65,3000354.0,146682674.0
2017-01-26,15.77,15.77,15.54,15.58,3862650.0,188188765.0
2017-02-03,15.59,15.61,15.46,15.48,2921651.0,141629650.0
2017-02-06,15.49,15.63,15.49,15.58,3554990.0,172961702.0
2017-02-07,15.62,15.97,15.62,15.79,8157307.0,402822682.0
2017-02-08,15.79,16.26,15.57,16.16,7452234.0,368336379.0
2017-02-09,16.15,16.15,15.97,16.0,7126896.0,357318483.0
2017-02-10,16.04,16.07,15.85,15.89,4833899.0,240664688.0
2017-02-13,15.89,16.06,15.79,15.92,5019077.0,250044339.0
2017-02-14,15.94,16.0,15.81,15.86,4246166.0,210712341.0
2017-02-15,15.88,15.97,15.54,15.6,7410868.0,364115474.0
2017-02-16,15.67,15.8,15.57,15.65,3692881.0,180934600.0
2017-02-17,15.65,15.75,15.52,15.54,3807838.0,185633830.0
2017-02-20,15.55,15.77,15.55,15.73,3663334.0,179319037.0
2017-02-21,15.79,16.09,15.79,16.02,10734419.0,536939621.0
2017-02-22,16.06,16.07,15.93,15.99,4857959.0,242490259.0
2017-02-23,16.04,16.13,15.93,16.1,5800003.0,290350835.0
2017-02-24,16.08,16.1,15.97,16.07,3480250.0,174310518.0
2017-02-27,16.17,16.49,16.06,16.09,10158985.0,517619636.0
2017-02-28,16.09,16.27,15.96,16.04,4920312.0,247467411.0
2017-03-01,16.03,16.16,15.97,16.06,5005268.0,251094394.0
2017-03-02,16.12,16.16,15.92,15.92,4659815.0,232762852.0
2017-03-03,15.92,16.35,15.9,16.33,11537540.0,583642782.0
2017-03-06,16.51,16.51,16.19,16.29,7569796.0,385768331.0
2017-03-07,16.29,16.41,16.22,16.32,4900475.0,249591944.0
2017-03-08,16.34,16.44,16.26,16.27,5202405.0,265455138.0
2017-03-09,16.26,16.27,16.04,16.06,4718861.0,237145109.0
2017-03-10,16.04,16.19,15.97,16.06,5198385.0,260642993.0
2017-03-13,16.0,16.0,15.71,15.95,6498439.0,323000221.0
2017-03-14,15.97,16.07,15.88,15.93,4228993.0,210950303.0
2017-03-15,15.97,15.97,15.68,15.83,3781902.0,187281185.0
2017-03-16,15.92,16.05,15.9,16.01,4932768.0,246285783.0
2017-03-17,16.05,16.09,15.84,15.84,5773730.0,288105663.0
2017-03-20,15.83,15.83,15.68,15.74,5283684.0,259912157.0
2017-03-21,15.75,15.81,15.7,15.78,3881954.0,191104216.0
2017-03-22,15.75,15.76,15.62,15.65,3904507.0,191186268.0
2017-03-23,15.66,15.93,15.66,15.83,5582110.0,275918231.0
2017-03-24,15.95,15.95,15.81,15.89,4143071.0,205578832.0
2017-03-27,15.94,16.08,15.85,15.88,3670993.0,182935046.0
2017-03-28,15.92,16.0,15.88,15.97,3911810.0,194960714.0
2017-03-29,15.69,15.78,15.52,15.62,8581436.0,419686960.0
2017-03-30,15.61,15.61,15.26,15.31,6779789.0,325765500.0
2017-03-31,15.31,15.46,15.3,15.37,4598439.0,221134026.0
2017-04-05,15.56,15.9,15.56,15.81,7600065.0,374764331.0
2017-04-06,15.83,15.99,15.69,15.84,5130552.0,254071603.0
2017-04-07,15.84,15.94,15.81,15.88,4352397.0,216135567.0
2017-04-10,15.88,16.04,15.78,15.89,4336603.0,215230591.0
2017-04-11,15.96,17.42,15.94,16.97,26227160.0,1385995586.0
2017-04-12,16.9,17.12,16.65,16.96,11541461.0,609650831.0
2017-04-13,16.8,16.96,16.64,16.79,5910278.0,309646888.0
2017-04-14,16.78,16.8,16.42,16.44,6870991.0,355954003.0
2017-04-17,16.33,16.55,16.23,16.45,4622074.0,236677849.0
2017-04-18,16.64,16.79,16.49,16.52,6751743.0,351262632.0
2017-04-19,16.51,16.67,16.12,16.41,6848841.0,350341676.0
2017-04-20,16.42,16.63,16.13,16.63,5860807.0,299802634.0
2017-04-21,16.63,16.87,16.56,16.63,6668547.0,348116553.0
2017-04-24,16.63,16.8,16.24,16.27,5873825.0,302580818.0
2017-04-25,16.32,16.47,16.21,16.38,4336928.0,221889095.0
2017-04-26,16.44,16.95,16.38,16.81,9052542.0,473902069.0
2017-04-27,16.79,16.79,16.49,16.67,5948951.0,308908019.0
2017-04-28,16.64,16.84,16.32,16.61,6198855.0,320502395.0
2017-05-02,16.37,16.44,15.86,15.91,10929311.0,548737552.0
2017-05-03,15.84,15.88,15.53,15.62,6919861.0,338392883.0
2017-05-04,15.63,15.77,15.55,15.59,3807765.0,186105336.0
2017-05-05,15.59,15.67,15.46,15.47,3230050.0,156745227.0
2017-05-08,15.47,15.75,15.47,15.62,3491415.0,170485605.0
2017-05-09,15.62,15.73,15.49,15.68,2482661.0,121222123.0
2017-05-10,15.71,15.74,15.36,15.36,3910330.0,190542979.0
2017-05-11,15.36,15.4,14.91,15.31,6212130.0,294299915.0
2017-05-12,15.31,15.4,15.2,15.37,2996146.0,143557521.0
2017-05-15,15.44,15.52,15.33,15.34,1902181.0,91739726.0
2017-05-16,15.34,15.64,15.2,15.57,3110667.0,149412636.0
2017-05-17,15.57,15.86,15.55,15.64,4244165.0,208618072.0
2017-05-18,15.52,15.72,15.47,15.48,2072572.0,100790588.0
2017-05-19,15.51,15.6,15.43,15.54,2336325.0,113239155.0
2017-05-22,15.54,15.64,15.34,15.49,2470502.0,119675389.0
2017-05-23,15.49,15.65,15.19,15.62,4547300.0,219324651.0
2017-05-24,15.56,15.67,15.36,15.62,3291126.0,160081851.0
2017-05-25,15.62,15.64,15.43,15.6,3379034.0,163972122.0
2017-05-26,15.64,15.77,15.61,15.72,4069914.0,199387274.0
2017-05-31,15.81,16.0,15.78,15.96,5575294.0,276534555.0
2017-06-01,15.96,16.03,15.69,15.79,3864048.0,191414290.0
2017-06-02,15.81,15.91,15.62,15.82,2527536.0,124282022.0
2017-06-05,15.85,16.07,15.85,16.07,5089493.0,254333826.0
2017-06-06,16.07,16.1,15.91,16.0,2695788.0,134786203.0
2017-06-07,16.02,16.19,15.97,16.16,4636020.0,233517868.0
2017-06-08,16.17,16.2,16.04,16.16,2747371.0,138447553.0
2017-06-09,16.2,16.25,15.99,16.08,3868230.0,194073373.0
2017-06-12,16.0,16.29,15.91,16.16,5522211.0,277483403.0
2017-06-13,16.13,16.8,16.13,16.59,8447017.0,436146394.0
2017-06-14,16.59,16.91,16.51,16.52,9106995.0,476553924.0
2017-06-15,16.55,16.63,16.44,16.55,3949580.0,203844291.0
2017-06-16,16.6,16.68,16.32,16.34,5115930.0,263461006.0
2017-06-19,16.32,16.52,16.28,16.4,3631808.0,186094832.0
2017-06-20,16.45,16.58,16.18,16.19,4997227.0,255456823.0
2017-06-21,16.25,16.41,16.17,16.31,5380853.0,273301435.0
2017-06-22,16.3,16.4,16.25,16.25,5526969.0,281679510.0
2017-06-23,16.23,16.29,16.05,16.2,4596287.0,231809268.0
2017-06-26,16.18,16.57,16.18,16.49,6756780.0,346654536.0
2017-06-27,16.52,16.64,16.38,16.47,4628217.0,238798257.0
2017-06-28,16.36,16.38,16.15,16.18,4705524.0,238564225.0
2017-06-29,16.21,16.26,16.08,16.1,4120152.0,207772933.0
2017-06-30,16.07,16.09,15.84,15.99,5651637.0,281261804.0
2017-07-03,15.92,16.09,15.92,16.01,2561534.0,128078311.0
2017-07-04,16.03,16.35,16.03,16.16,4946945.0,250786937.0
2017-07-05,16.17,16.47,16.17,16.38,5198184.0,265549227.0
2017-07-06,16.32,16.49,16.17,16.28,5756060.0,293959675.0
2017-07-07,16.25,16.29,16.11,16.22,3292456.0,166618442.0
2017-07-10,16.21,16.21,16.01,16.02,3805700.0,191155906.0
2017-07-11,16.01,16.16,16.0,16.03,2651277.0,133130713.0
2017-07-12,16.13,16.13,15.81,15.95,4433924.0,220597890.0
2017-07-13,15.94,16.04,15.89,15.96,2488789.0,124118182.0
2017-07-14,16.05,16.3,15.97,16.19,4687838.0,236872536.0
2017-07-17,16.19,16.21,15.65,15.68,6143350.0,304009421.0
2017-07-18,15.74,15.86,15.58,15.67,2743047.0,134468591.0
2017-07-19,15.71,15.9,15.68,15.87,3270832.0,161628354.0
2017-07-20,15.88,16.1,15.87,16.03,3591887.0,179475930.0
2017-07-21,16.04,16.3,15.91,16.16,5730382.0,290041315.0
2017-07-24,16.17,16.26,15.79,15.97,5691923.0,283645714.0
2017-07-25,16.01,16.02,15.78,15.81,3848276.0,190503721.0
2017-07-26,15.93,15.93,15.56,15.65,5207967.0,255136770.0
2017-07-27,15.68,15.78,15.64,15.72,3792485.0,186246196.0
2017-07-28,15.72,15.86,15.71,15.83,2996955.0,147881669.0
2017-07-31,15.88,15.9,15.64,15.68,5189210.0,254905212.0
2017-08-01,15.68,15.78,15.66,15.7,4498578.0,220751526.0
2017-08-02,15.72,15.74,15.51,15.52,5243545.0,255442364.0
2017-08-03,15.54,15.63,15.49,15.58,5098549.0,247641073.0
2017-08-04,15.64,15.67,15.55,15.58,2673037.0,129821464.0
2017-08-07,15.6,15.76,15.6,15.71,3046423.0,148872115.0
2017-08-08,15.71,15.89,15.63,15.81,4011870.0,196964971.0
2017-08-09,15.79,15.87,15.71,15.78,2989224.0,146744557.0
2017-08-10,15.79,15.82,15.58,15.65,2896610.0,141549383.0
2017-08-11,15.61,15.61,15.31,15.37,5925732.0,284783564.0
2017-08-14,15.42,15.51,15.38,15.48,2735305.0,131646282.0
2017-08-15,15.52,15.54,15.37,15.42,3205047.0,153941418.0
2017-08-16,15.42,15.52,15.29,15.5,3157254.0,151598582.0
2017-08-17,15.52,15.54,15.43,15.52,2624032.0,126497146.0
2017-08-18,15.51,15.64,15.44,15.6,3167432.0,153626476.0
2017-08-21,15.58,15.77,15.57,15.63,3386829.0,164854876.0
2017-08-22,15.68,15.73,15.46,15.47,3771536.0,182505875.0
2017-08-23,15.48,15.56,15.42,15.51,2111213.0,101819234.0
2017-08-24,15.52,15.54,15.39,15.42,3392672.0,163248156.0
2017-08-25,15.58,15.74,15.45,15.64,5340592.0,260138571.0
2017-08-28,15.68,15.93,15.65,15.85,6410641.0,316073108.0
2017-08-29,15.74,15.74,15.46,15.55,7452109.0,360559690.0
2017-08-30,15.52,15.56,15.42,15.54,3778909.0,182161661.0
2017-08-31,15.52,15.63,15.52,15.58,2931439.0,142056447.0
2017-09-01,15.58,15.61,15.46,15.51,3350064.0,161731352.0
2017-09-04,15.55,15.74,15.55,15.66,4933169.0,240744075.0
2017-09-05,15.67,15.72,15.63,15.7,3233150.0,157831797.0
2017-09-06,15.76,16.34,15.75,16.16,12870078.0,644059293.0
2017-09-07,16.07,16.16,15.9,15.92,6710945.0,334326438.0
2017-09-08,15.95,16.01,15.87,16.0,4264869.0,211530238.0
2017-09-11,16.9,17.19,16.59,16.66,19019388.0,993398565.0
2017-09-12,16.83,18.32,16.83,17.93,49552942.0,2746256727.0
2017-09-13,17.67,17.78,17.35,17.63,23651315.0,1291741257.0
2017-09-14,17.86,17.95,17.35,17.5,14604751.0,798992545.0
2017-09-15,17.4,17.41,17.03,17.15,12587360.0,672584957.0
2017-09-18,17.15,18.81,17.15,18.61,37263168.0,2105090645.0
2017-09-19,18.47,18.52,18.11,18.39,21540982.0,1228898008.0
2017-09-20,18.37,20.23,18.2,19.86,54830047.0,3359873752.0
2017-09-21,19.71,20.68,19.47,20.1,44749386.0,2798742959.0
2017-09-22,20.02,20.72,19.82,20.02,29049599.0,1831760254.0
2017-09-25,19.92,20.13,19.16,19.37,24895405.0,1520891607.0
2017-09-26,19.21,20.88,19.21,20.88,38317284.0,2427224404.0
2017-09-27,21.23,22.79,21.06,21.8,47480358.0,3241461155.0
2017-09-28,21.56,22.64,21.39,22.15,32526396.0,2219983032.0
2017-09-29,21.92,22.31,21.48,21.94,29485576.0,2005780685.0
2017-10-09,23.32,23.61,22.65,23.16,37803329.0,2727755024.0
2017-10-10,22.81,23.13,22.44,22.69,23107049.0,1637321732.0
2017-10-11,22.89,23.0,21.87,22.05,22979052.0,1584085229.0
2017-10-12,21.96,22.38,21.5,21.94,22882596.0,1559905994.0
2017-10-13,21.97,22.03,21.39,21.75,16044263.0,1079412942.0
2017-10-16,21.76,22.28,21.36,21.65,20148371.0,1370037807.0
2017-10-17,21.56,21.96,21.43,21.64,11579998.0,780476726.0
2017-10-18,21.78,22.1,21.62,21.66,14156025.0,962447350.0
2017-10-19,21.7,21.79,20.89,20.93,19688119.0,1295850152.0
2017-10-20,20.89,22.06,20.72,22.02,21807930.0,1456656111.0
2017-10-23,21.93,22.06,21.4,21.49,17372622.0,1168661897.0
2017-10-24,21.47,21.7,20.52,20.9,20480716.0,1339470168.0
2017-10-25,20.91,21.2,20.73,21.04,11823818.0,772896725.0
2017-10-26,20.81,21.44,20.58,21.14,15915332.0,1039928786.0
2017-10-27,21.19,21.36,20.82,20.92,11641355.0,763542710.0
2017-10-30,20.83,20.83,19.82,20.09,20512698.0,1287173024.0
2017-10-31,20.06,20.36,19.93,20.24,10312507.0,648127183.0
2017-11-01,20.58,21.04,20.49,20.62,15059050.0,975306222.0
2017-11-02,20.56,20.7,20.11,20.34,10087916.0,639052791.0
2017-11-03,20.34,21.09,20.25,20.64,13952067.0,903065031.0
2017-11-06,21.02,21.25,20.7,21.06,13487786.0,882061773.0
2017-11-07,21.15,21.45,20.83,21.05,11389642.0,746407099.0
2017-11-08,21.04,21.96,20.92,21.64,22070945.0,1484376002.0
2017-11-09,21.79,22.26,21.53,21.84,16708707.0,1137272812.0
2017-11-10,21.81,21.81,21.44,21.73,13207567.0,889563475.0
2017-11-13,21.85,22.56,21.76,22.52,24013755.0,1664811922.0
2017-11-14,22.52,22.57,21.75,21.84,17274784.0,1188914357.0
2017-11-15,21.69,21.74,20.46,20.55,23300418.0,1516989637.0
2017-11-16,20.5,20.85,20.16,20.63,11789631.0,753593297.0
2017-11-17,20.88,21.19,20.43,20.43,11753914.0,760782578.0
2017-11-20,20.71,22.33,20.51,22.32,28214711.0,1898640795.0
2017-11-21,22.36,23.6,22.17,23.23,36285411.0,2606743577.0
2017-11-22,23.22,23.71,23.0,23.38,28893462.0,2098373491.0
2017-11-23,23.32,23.7,22.65,22.68,21616752.0,1554460928.0
2017-11-24,22.7,23.22,22.43,22.71,21456437.0,1528520310.0
2017-11-27,22.55,22.57,20.44,20.44,34556842.0,2290501554.0
2017-11-28,20.4,20.84,19.82,20.79,22401101.0,1419502842.0
2017-11-29,20.82,20.87,20.24,20.67,14417769.0,924072964.0
2017-11-30,20.43,20.58,19.95,19.99,13517222.0,850257007.0
2017-12-01,19.98,20.45,19.82,20.35,9838877.0,620077095.0
2017-12-04,20.4,20.77,20.24,20.38,9355904.0,599016497.0
2017-12-05,20.12,20.69,19.92,20.14,10723098.0,678552970.0
2017-12-06,20.28,20.5,18.64,19.56,27817912.0,1674009229.0
2017-12-07,19.27,19.42,18.89,18.98,11412212.0,678933558.0
2017-12-08,19.02,19.46,19.02,19.19,12314594.0,739118658.0
2017-12-11,19.44,20.2,19.3,20.11,14913860.0,922622265.0
2017-12-12,20.3,20.56,19.92,19.94,14857185.0,933129079.0
2017-12-13,19.95,20.24,19.8,20.24,8865588.0,554367594.0
2017-12-14,20.24,20.5,20.02,20.45,10333733.0,654156604.0
2017-12-15,20.26,20.33,19.82,20.16,10826887.0,676816593.0
2017-12-18,20.09,20.34,19.85,20.08,6622257.0,414439330.0
2017-12-19,20.08,20.19,19.85,20.01,5816947.0,361975731.0
2017-12-20,20.1,20.14,19.49,19.53,8665121.0,531677163.0
2017-12-21,19.51,20.05,19.27,19.92,7910891.0,486446533.0
2017-12-22,20.01,20.14,19.84,19.98,5761303.0,359125181.0
2017-12-25,19.88,20.12,19.81,19.91,5265209.0,327164196.0
2017-12-26,20.04,20.54,19.92,20.35,10263665.0,649400740.0
2017-12-27,20.48,22.33,20.36,21.56,26716357.0,1769635660.0
2017-12-28,21.52,22.09,21.06,21.1,18604015.0,1243510631.0
2017-12-29,21.15,21.15,20.59,20.9,10553270.0,684215257.0
2018-01-02,20.97,21.38,20.87,21.15,12714077.0,837153614.0
2018-01-03,20.87,21.56,20.69,21.24,15190950.0,1000075489.0
2018-01-04,21.2,21.32,20.85,20.9,11841697.0,773631609.0
2018-01-05,20.85,20.95,20.5,20.68,10487000.0,673396089.0
2018-01-08,20.75,21.31,20.73,20.95,13674015.0,894169179.0
2018-01-09,20.95,21.26,20.78,21.02,9430926.0,616396033.0
2018-01-10,21.07,21.19,20.84,21.1,9426504.0,615796957.0
2018-01-11,21.2,21.2,20.84,21.01,7629868.0,498923643.0
2018-01-12,21.09,21.8,21.08,21.55,19597880.0,1316801696.0
2018-01-15,21.6,21.88,20.84,20.93,15189034.0,1006209960.0
2018-01-16,20.72,21.12,20.71,20.82,9591973.0,622943134.0
2018-01-17,20.78,20.78,20.08,20.48,11652506.0,738922968.0
2018-01-18,20.62,20.75,20.2,20.29,7370145.0,468859834.0
2018-01-19,20.43,20.44,20.14,20.3,5237008.0,330860118.0
2018-01-22,20.46,21.53,20.44,21.39,17265708.0,1134014385.0
2018-01-23,21.41,21.64,21.22,21.46,12351848.0,824929033.0
2018-01-24,21.54,21.55,21.04,21.37,7641650.0,506242912.0
2018-01-25,21.37,21.67,21.06,21.09,8083989.0,535708499.0
2018-01-26,21.09,21.3,20.88,21.04,6355866.0,416434839.0
2018-01-29,21.16,21.16,20.17,20.21,12521938.0,800199751.0
2018-01-30,20.2,20.54,20.16,20.38,5587707.0,354826319.0
2018-01-31,20.25,20.55,20.21,20.25,5429788.0,343948048.0
2018-02-01,20.25,20.4,19.24,19.49,12698390.0,773267406.0
2018-02-02,19.47,20.0,19.33,19.88,6972102.0,428724465.0
2018-02-05,19.37,19.85,19.35,19.75,4061040.0,248908793.0
2018-02-06,19.27,19.56,18.79,18.8,10398563.0,617879622.0
2018-02-07,19.27,19.4,18.32,18.92,8208535.0,483267912.0
2018-02-08,18.92,19.24,18.8,19.12,4597233.0,273521091.0
2018-02-09,18.6,18.78,18.1,18.2,9307603.0,533844305.0
2018-02-12,18.34,19.27,18.34,19.15,8051516.0,475216154.0
2018-02-13,19.27,19.47,19.05,19.11,5508074.0,330539304.0
2018-02-14,19.65,19.76,19.34,19.44,5590212.0,339523510.0
2018-02-22,19.91,20.35,19.69,20.02,9741308.0,608542083.0
2018-02-23,20.03,20.34,19.86,20.17,5983648.0,374402303.0
2018-02-26,20.52,21.1,20.52,20.85,15611445.0,1015836695.0
2018-02-27,20.72,20.86,20.36,20.39,10065076.0,644261729.0
2018-02-28,20.31,20.72,20.13,20.4,7737117.0,491273053.0
2018-03-01,20.22,20.38,20.08,20.33,7493469.0,472004144.0
2018-03-02,20.08,20.35,20.04,20.2,5927689.0,372641750.0
2018-03-05,20.24,21.17,20.21,20.92,14950507.0,969390127.0
2018-03-06,20.92,21.46,20.82,21.39,14968593.0,986303923.0
2018-03-07,21.2,21.36,20.72,20.73,9494193.0,620764971.0
2018-03-08,20.82,21.07,20.59,20.84,6430185.0,417031839.0
2018-03-09,20.88,21.14,20.68,21.06,8751471.0,570045131.0
2018-03-12,21.21,21.57,21.05,21.48,13719565.0,911208094.0
2018-03-13,21.48,21.68,21.1,21.2,11811185.0,785220077.0
2018-03-14,21.11,21.17,20.68,20.68,9978066.0,649479490.0
2018-03-15,20.57,21.02,20.57,20.78,7805325.0,505013097.0
2018-03-16,20.8,21.04,20.62,20.63,6841467.0,443482219.0
2018-03-19,20.64,20.83,20.53,20.64,5023529.0,323461042.0
2018-03-20,20.46,20.46,19.92,20.17,10842684.0,680033628.0
2018-03-21,20.24,20.5,20.05,20.11,8334041.0,527104976.0
2018-03-22,20.22,20.3,19.88,20.11,5897749.0,368290683.0
2018-03-23,19.26,19.9,18.89,19.11,12822271.0,769016433.0
2018-03-26,18.95,19.44,18.63,19.4,8401212.0,498479001.0
2018-03-27,19.63,19.79,19.51,19.69,7205320.0,440900076.0
2018-03-28,17.72,18.64,17.72,18.05,33011758.0,1857779371.0
2018-03-29,17.9,18.09,17.51,17.99,14004222.0,776010888.0
2018-03-30,18.27,18.3,17.99,18.09,8090050.0,456258468.0
2018-04-02,18.15,18.17,17.86,17.88,8326611.0,465170811.0
2018-04-03,17.67,17.67,17.25,17.43,12363418.0,669731880.0
2018-04-04,17.52,17.78,17.46,17.61,8153662.0,447590120.0
2018-04-09,17.64,18.3,17.64,18.1,11984061.0,672904834.0
2018-04-10,18.1,18.55,17.95,18.2,10846948.0,615247987.0
2018-04-11,18.21,18.27,17.93,18.03,7456937.0,418713523.0
2018-04-12,18.04,18.11,17.93,17.96,5243763.0,294093347.0
2018-04-13,18.06,18.12,17.82,17.86,4133347.0,230903158.0
2018-04-16,17.83,18.01,17.57,17.64,5304659.0,293221748.0
2018-04-17,17.71,17.76,17.19,17.22,7227299.0,391578012.0
2018-04-18,17.41,17.44,16.7,17.17,9204701.0,488104454.0
2018-04-19,17.14,17.41,17.04,17.31,5136294.0,276457848.0
2018-04-20,17.35,17.35,16.74,16.79,5854371.0,309786716.0
2018-04-23,16.78,17.09,16.74,17.01,5392605.0,284605142.0
2018-04-24,16.99,17.38,16.99,17.37,5542609.0,297599248.0
2018-04-25,17.3,17.41,17.22,17.3,4487094.0,241713280.0
2018-04-26,17.32,17.38,16.87,16.87,5253581.0,278828634.0
2018-04-27,17.06,17.15,16.88,17.01,4199609.0,222444774.0
2018-05-02,16.32,16.32,15.71,15.82,14000805.0,693760452.0
2018-05-03,15.82,15.99,15.61,15.94,7399793.0,363859039.0
2018-05-04,15.77,15.89,15.73,15.82,4959069.0,243739611.0
2018-05-07,16.02,16.32,15.74,16.18,7491973.0,375182086.0
2018-05-08,16.18,16.82,16.18,16.67,8114348.0,418570268.0
2018-05-09,16.7,16.71,16.45,16.54,4674431.0,240992245.0
2018-05-10,16.59,16.82,16.43,16.65,4166991.0,215527483.0
2018-05-11,16.65,17.15,16.49,17.01,9219343.0,485080675.0
2018-05-14,17.07,17.3,16.84,16.92,6623421.0,351087632.0
2018-05-15,16.97,17.17,16.87,17.05,5533835.0,293343587.0
2018-05-16,17.04,17.17,16.81,16.92,5493480.0,290527932.0
2018-05-17,16.94,17.09,16.87,16.95,3762015.0,198769279.0
2018-05-18,17.02,17.43,16.96,17.35,8874363.0,475746085.0
2018-05-21,17.49,17.73,17.38,17.52,7449515.0,406861057.0
2018-05-22,17.52,17.73,17.39,17.67,5623949.0,308464967.0
2018-05-23,17.5,17.92,17.25,17.57,7866064.0,432530174.0
2018-05-24,17.51,17.67,17.28,17.4,5034905.0,273646243.0
2018-05-25,17.41,17.74,17.41,17.42,5060632.0,276703125.0
2018-05-28,17.44,17.66,16.94,16.96,6013217.0,322785116.0
2018-05-29,16.87,17.44,16.84,17.19,7287745.0,391219744.0
2018-05-30,17.03,17.03,16.07,16.19,10383038.0,531139584.0
2018-05-31,16.2,16.46,16.2,16.43,5792853.0,295133224.0
2018-06-01,16.5,16.5,16.07,16.35,4515916.0,229157935.0
2018-06-04,16.29,16.45,16.08,16.13,5279613.0,265822585.0
2018-06-05,16.13,16.46,16.0,16.45,5528592.0,279721415.0
2018-06-06,16.34,16.64,16.25,16.42,6498378.0,331700726.0
2018-06-07,16.54,16.57,16.35,16.36,4328999.0,221696046.0
2018-06-08,16.36,16.38,16.03,16.1,5133867.0,257351122.0
2018-06-11,16.1,16.1,15.84,15.88,4280618.0,212520366.0
2018-06-12,15.96,16.13,15.74,16.07,4621218.0,229627048.0
2018-06-13,16.09,16.1,15.71,15.76,4881987.0,240481697.0
2018-06-14,15.64,15.88,15.61,15.76,3812559.0,186776441.0
2018-06-15,15.77,15.83,15.46,15.48,4937586.0,239521338.0
2018-06-19,15.29,15.29,13.96,14.45,11973944.0,544796160.0
2018-06-20,14.28,14.85,14.28,14.58,5696299.0,257906372.0
2018-06-21,14.7,15.21,14.58,14.7,7618262.0,353226548.0
2018-06-22,14.72,15.18,14.62,15.05,6045474.0,280666478.0
2018-06-25,15.32,15.32,14.75,14.8,5741805.0,267602979.0
2018-06-26,14.77,15.14,14.53,14.9,6411604.0,297323009.0
2018-06-27,14.97,15.45,14.94,15.13,9552488.0,453690794.0
2018-06-28,15.13,15.24,14.72,14.78,6127316.0,285276156.0
2018-06-29,14.82,15.35,14.77,15.32,7497605.0,351475141.0
2018-07-02,15.31,15.31,14.73,14.77,6175749.0,288563470.0
2018-07-03,14.92,15.01,14.15,14.57,9310313.0,421287432.0
2018-07-04,14.57,14.82,14.46,14.71,6341935.0,289309687.0
2018-07-05,14.71,15.06,14.58,14.64,5573749.0,257799359.0
2018-07-06,14.86,15.02,14.62,14.79,6781212.0,314076550.0
2018-07-09,14.9,15.08,14.75,14.94,7289341.0,337170011.0
2018-07-10,14.95,15.06,14.88,14.98,4639056.0,216079244.0
2018-07-11,14.66,14.79,14.37,14.6,5074254.0,230516245.0
2018-07-12,14.71,15.1,14.67,14.94,6961729.0,322903030.0
2018-07-13,14.98,14.98,14.71,14.76,5328370.0,246023438.0
2018-07-16,14.39,14.39,13.75,14.12,12503328.0,549450646.0
2018-07-17,13.96,14.1,13.74,13.99,6939540.0,300926792.0
2018-07-18,13.99,14.21,13.88,13.91,4487454.0,196079175.0
2018-07-19,14.0,14.0,13.49,13.54,6187697.0,263568678.0
2018-07-20,13.65,13.86,13.54,13.78,5693464.0,243361984.0
2018-07-23,13.71,14.09,13.66,13.97,5194110.0,225317618.0
2018-07-24,14.04,14.27,13.95,14.23,5547984.0,244567193.0
2018-07-25,14.31,14.31,14.04,14.15,6474865.0,285047290.0
2018-07-26,14.15,14.21,13.77,13.81,5179019.0,224937888.0
2018-07-27,13.82,13.92,13.72,13.81,3678962.0,158234196.0
2018-07-30,13.8,13.85,13.44,13.65,5592982.0,236871679.0
2018-07-31,13.67,13.67,13.51,13.57,3021163.0,127788053.0
2018-08-01,13.76,13.8,13.45,13.49,4429180.0,187567711.0
2018-08-02,13.48,13.49,12.69,12.88,10798045.0,434793686.0
2018-08-03,12.94,13.0,12.27,12.31,9651578.0,378310911.0
2018-08-06,12.31,12.42,11.85,11.98,7378820.0,279140177.0
2018-08-07,12.1,12.21,11.8,12.21,6816475.0,255655370.0
2018-08-08,12.21,12.69,12.21,12.3,7306954.0,282739399.0
2018-08-09,12.17,12.71,12.15,12.61,7487555.0,292537449.0
2018-08-10,12.66,13.42,12.66,13.39,10358365.0,422283652.0
2018-08-13,13.2,13.99,13.13,13.87,13233097.0,562164129.0
2018-08-14,13.87,14.12,13.69,13.86,8199057.0,354897702.0
2018-08-15,13.81,14.1,13.42,13.53,9882281.0,422981147.0
2018-08-16,13.32,13.88,13.25,13.58,7403766.0,313880309.0
2018-08-17,13.84,13.86,13.54,13.68,5745969.0,244648243.0
2018-08-20,13.85,14.62,13.83,14.58,14721713.0,652700919.0
2018-08-21,14.58,14.69,14.31,14.47,9845957.0,442864999.0
2018-08-22,14.68,14.77,14.23,14.44,9088071.0,408588402.0
2018-08-23,14.45,14.63,14.06,14.29,8331691.0,370017550.0
2018-08-24,14.29,14.29,13.8,14.0,7830950.0,339680030.0
2018-08-27,14.0,14.58,13.98,14.51,8764104.0,392169182.0
2018-08-28,14.52,14.88,14.48,14.69,8094281.0,368320457.0
2018-08-29,14.64,15.09,14.64,14.92,9144833.0,423581625.0
2018-08-30,14.67,14.96,14.39,14.5,9124095.0,413735713.0
2018-08-31,14.32,14.47,14.15,14.33,6689826.0,296774484.0
2018-09-03,14.31,14.31,13.9,14.08,5608026.0,244217935.0
2018-09-04,14.15,14.37,14.06,14.35,5957430.0,263787462.0
2018-09-05,14.21,14.35,13.7,13.7,8285524.0,358289748.0
2018-09-06,13.7,13.92,13.55,13.73,4691589.0,200948426.0
2018-09-07,13.95,14.21,13.75,13.8,6876474.0,298371255.0
2018-09-10,13.85,14.0,13.26,13.45,5293319.0,222230732.0
2018-09-11,13.39,13.49,13.19,13.38,3522314.0,145958369.0
2018-09-12,13.22,13.7,13.12,13.55,5587593.0,233559547.0
2018-09-13,13.77,13.88,13.57,13.83,5544831.0,235991197.0
2018-09-14,14.25,14.65,14.25,14.44,10533703.0,470960344.0
2018-09-17,14.18,14.65,14.02,14.44,8519487.0,380849817.0
2018-09-18,14.24,14.61,14.2,14.53,6812547.0,305784416.0
2018-09-19,14.54,15.27,14.41,15.14,13001123.0,605521150.0
2018-09-20,15.14,15.31,14.81,14.81,8202530.0,384946510.0
2018-09-21,15.31,15.71,15.02,15.15,16241236.0,771531286.0
2018-09-25,15.25,15.68,15.25,15.54,10244705.0,493193077.0
2018-09-26,15.68,15.78,15.4,15.56,9968182.0,481689820.0
2018-09-27,15.63,15.66,15.31,15.41,6277425.0,301075049.0
2018-09-28,15.47,15.88,15.44,15.83,7687114.0,375320283.0
2018-10-08,15.15,15.46,14.96,15.0,11138904.0,525032409.0
2018-10-09,15.02,15.34,15.02,15.18,4162304.0,196036934.0
2018-10-10,15.26,15.33,14.65,14.8,8821547.0,406966965.0
2018-10-11,14.31,14.56,13.75,13.8,11979539.0,525829642.0
2018-10-12,13.93,15.08,13.93,14.96,12920513.0,582234034.0
2018-10-15,15.01,15.42,14.92,15.13,9543135.0,449287102.0
2018-10-16,15.13,15.3,14.59,14.81,6469709.0,298245832.0
2018-10-17,15.05,15.36,14.79,15.25,11026262.0,517523051.0
2018-10-18,15.15,15.25,14.73,14.88,8386495.0,389252607.0
2018-10-19,14.53,15.24,14.18,15.16,11998553.0,548809979.0
2018-10-22,15.35,16.18,15.33,16.12,16894490.0,830863889.0
2018-10-23,16.07,16.11,15.25,15.62,11535817.0,561568014.0
2018-10-24,15.57,16.03,15.47,15.72,10453687.0,511363113.0
2018-10-25,15.26,16.04,15.11,15.99,11084735.0,534735630.0
2018-10-26,16.11,16.16,15.46,15.67,7678049.0,375759896.0
2018-10-29,15.67,15.79,15.12,15.27,6928376.0,330502209.0
2018-10-30,15.29,15.39,14.47,15.0,9648676.0,446449785.0
2018-10-31,14.97,15.29,14.86,15.08,6115922.0,286724574.0
2018-11-01,15.22,15.31,14.5,14.73,10901961.0,506616966.0
2018-11-02,14.97,15.52,14.73,15.48,13915635.0,653896214.0
2018-11-05,15.47,15.83,15.21,15.55,11008811.0,530983607.0
2018-11-06,15.53,15.53,15.12,15.35,5565795.0,263813780.0
2018-11-07,15.02,15.49,15.02,15.23,6952911.0,328618537.0
2018-11-08,15.37,15.97,15.37,15.79,14215855.0,691476023.0
2018-11-09,15.73,16.4,15.58,16.12,14677306.0,733720348.0
2018-11-12,16.11,16.79,16.02,16.63,13371184.0,686089555.0
2018-11-13,16.32,16.91,16.28,16.44,10587544.0,544505063.0
2018-11-14,16.42,17.02,16.4,16.73,10212868.0,532606599.0
2018-11-15,16.65,16.85,16.55,16.7,6945786.0,359591469.0
2018-11-16,16.76,16.99,16.4,16.62,11324088.0,586888029.0
2018-11-19,16.67,17.82,16.63,17.63,16248777.0,875664703.0
2018-11-20,17.41,18.37,17.21,17.86,17321080.0,959224886.0
2018-11-21,17.65,18.05,17.44,17.73,9410096.0,516953989.0
2018-11-22,17.61,18.36,17.61,17.82,10200186.0,570471567.0
2018-11-23,17.82,17.94,17.18,17.41,9517096.0,515611648.0
2018-11-26,17.38,17.82,17.24,17.46,8274626.0,449937037.0
2018-11-27,17.58,18.5,17.58,18.45,15915610.0,898849519.0
2018-11-28,18.45,18.91,18.15,18.58,12095946.0,695702141.0
2018-11-29,18.65,19.05,18.4,18.58,10492041.0,609939043.0
2018-11-30,18.51,18.82,18.19,18.37,8964839.0,514882194.0
2018-12-03,18.81,18.99,17.91,18.08,19425836.0,1110534662.0
2018-12-04,17.86,18.32,17.76,18.15,11827968.0,663603374.0
2018-12-05,17.94,18.74,17.77,18.67,15624838.0,887736696.0
2018-12-06,18.54,18.63,17.69,17.84,13582484.0,759428435.0
2018-12-07,18.02,18.66,17.9,18.34,12635419.0,718653311.0
2018-12-10,18.06,18.23,17.74,17.85,11549923.0,642323334.0
2018-12-11,17.96,18.48,17.95,18.1,11147780.0,630306945.0
2018-12-12,18.28,18.85,18.24,18.78,13120408.0,756589988.0
2018-12-13,18.78,18.88,18.41,18.82,10106504.0,585047649.0
2018-12-14,18.81,19.01,18.34,18.47,9291118.0,537878636.0
2018-12-17,18.27,18.37,17.41,17.69,14295598.0,786141532.0
2018-12-18,17.42,18.08,17.4,17.74,9136520.0,504509550.0
2018-12-19,17.8,18.03,17.21,17.24,11336310.0,617053243.0
2018-12-20,17.25,17.51,17.03,17.36,10432225.0,560669533.0
2018-12-21,17.28,17.47,16.73,17.08,10320890.0,545598259.0
2018-12-24,17.0,17.22,16.79,17.15,8160071.0,431280133.0
2018-12-25,16.95,17.08,16.4,16.83,11245635.0,584096975.0
2018-12-26,16.84,16.98,16.44,16.44,7739062.0,401148280.0
2018-12-27,16.8,16.91,16.36,16.39,10076150.0,519075086.0
2018-12-28,16.39,16.57,16.15,16.44,8250706.0,419993120.0
2019-01-02,16.44,16.56,15.79,15.85,8555445.0,424670600.0
2019-01-03,15.88,16.07,15.46,15.49,8347760.0,407386244.0
2019-01-04,15.41,16.44,15.31,16.33,12653787.0,627892542.0
2019-01-07,16.39,16.72,16.12,16.56,13604550.0,693197813.0
2019-01-08,16.86,17.29,16.78,17.04,14705157.0,777381423.0
2019-01-09,16.7,17.08,15.63,16.26,26220530.0,1327590600.0
2019-01-10,16.08,16.18,15.68,15.75,15345590.0,757175098.0
2019-01-11,15.63,15.89,15.59,15.8,9679955.0,472494719.0
2019-01-14,15.86,15.86,15.25,15.73,10974634.0,527419471.0
2019-01-15,15.6,15.78,15.42,15.73,8353065.0,405053064.0
2019-01-16,15.73,15.83,15.57,15.77,6592379.0,321851881.0
2019-01-17,15.76,15.76,15.26,15.31,9874378.0,471791915.0
2019-01-18,15.31,15.31,14.84,15.09,12599591.0,587354337.0
2019-01-21,15.07,15.56,14.87,15.54,13123326.0,623110349.0
2019-01-22,15.49,15.73,15.34,15.37,8409377.0,405187157.0
2019-01-23,15.28,15.75,15.26,15.73,9661967.0,468388887.0
2019-01-24,15.77,15.78,15.36,15.64,7171159.0,346868853.0
2019-01-25,15.65,16.0,15.53,15.85,10092916.0,495909173.0
2019-01-28,15.86,16.07,15.56,15.62,8625359.0,421062142.0
2019-01-29,15.62,15.62,15.16,15.47,6150317.0,294079276.0
2019-01-30,15.46,15.56,15.12,15.2,8342614.0,395168911.0
2019-01-31,15.18,15.31,14.91,14.96,7188509.0,336548859.0
2019-02-01,15.07,15.57,14.99,15.56,9178000.0,437206888.0
2019-02-11,15.73,16.22,15.73,16.18,12887065.0,643280485.0
2019-02-12,16.18,16.49,16.08,16.3,10299151.0,520271544.0
2019-02-13,16.3,16.79,16.22,16.62,12296482.0,631189934.0
2019-02-14,16.71,17.42,16.71,17.31,16912415.0,900048083.0
2019-02-15,17.21,17.21,16.61,16.65,15291589.0,798355783.0
2019-02-18,16.74,17.02,16.64,16.91,16818485.0,878505554.0
2019-02-19,16.92,16.97,16.44,16.68,14436453.0,746470488.0
2019-02-20,16.7,17.02,16.61,16.88,12499899.0,653706172.0
2019-02-21,16.86,17.09,16.62,16.74,12605557.0,659357726.0
2019-02-22,16.7,16.72,16.41,16.72,11967784.0,614630407.0
2019-02-25,16.72,17.77,16.6,17.75,25838209.0,1389428009.0
2019-02-26,18.44,18.91,18.19,18.29,29199550.0,1676147790.0
2019-02-27,18.11,18.13,17.45,17.71,22854262.0,1257964248.0
2019-02-28,17.77,17.8,17.46,17.57,9423738.0,515781622.0
2019-03-01,17.69,17.72,17.04,17.34,17456253.0,935733501.0
2019-03-04,17.41,17.66,17.0,17.3,30225810.0,1617182255.0
2019-03-05,17.3,17.48,17.08,17.43,19630591.0,1054132204.0
2019-03-06,17.57,17.71,17.24,17.55,22052178.0,1195892022.0
2019-03-07,17.44,17.44,17.09,17.21,18283943.0,976603633.0
2019-03-08,17.08,17.08,16.45,16.48,18528150.0,962751253.0
2019-03-11,16.47,16.92,16.47,16.88,12619650.0,654575667.0
2019-03-12,16.89,17.04,16.67,16.76,13861548.0,725665664.0
2019-03-13,16.69,17.01,16.53,16.76,12720968.0,662997519.0
2019-03-14,16.76,17.78,16.76,17.59,35036743.0,1889955259.0
2019-03-15,17.74,18.11,17.45,17.85,25542562.0,1416034164.0
2019-03-18,17.89,18.19,17.85,17.94,15458909.0,863433541.0
2019-03-19,18.1,18.26,17.89,18.05,12405988.0,695763500.0
2019-03-20,18.13,18.27,17.68,17.86,12272270.0,685243137.0
2019-03-21,17.86,18.04,17.61,17.74,10900192.0,603820542.0
2019-03-22,17.78,18.56,17.72,18.37,17303254.0,982926479.0
2019-03-25,18.05,18.68,17.96,18.21,12456202.0,709514798.0
2019-03-26,18.37,18.55,17.75,17.81,10554904.0,594394980.0
2019-03-27,17.65,18.23,17.31,17.63,14745006.0,804456203.0
2019-03-28,17.94,17.94,16.92,17.01,16794728.0,895034579.0
2019-03-29,17.04,17.26,16.81,17.24,12835396.0,680888784.0
2019-04-01,17.26,17.66,17.18,17.55,16069815.0,870253123.0
2019-04-02,17.6,17.72,17.41,17.62,12843660.0,697294567.0
2019-04-03,17.63,17.7,17.46,17.53,10170257.0,554172128.0
2019-04-04,17.58,17.93,17.54,17.79,14770621.0,814495089.0
2019-04-08,17.88,17.93,17.05,17.22,16560019.0,896323908.0
2019-04-09,17.26,17.82,17.26,17.7,13304870.0,724828855.0
2019-04-10,17.71,18.15,17.3,17.9,17645457.0,976494639.0
2019-04-11,17.98,18.5,17.64,17.7,18387302.0,1031866080.0
2019-04-12,17.65,17.65,17.3,17.43,8946041.0,484592128.0
2019-04-15,17.55,17.8,17.19,17.26,10020148.0,544377825.0
2019-04-16,17.26,18.39,17.18,18.29,21009570.0,1165362389.0
2019-04-17,18.73,20.11,18.73,20.11,49171414.0,2999382073.0
2019-04-18,20.08,20.08,18.98,19.12,31469652.0,1902702646.0
2019-04-19,19.02,19.92,18.86,19.38,17436429.0,1050880591.0
2019-04-22,19.34,19.38,18.43,18.6,15252484.0,888126618.0
2019-04-23,18.61,18.67,18.25,18.36,9968587.0,569865395.0
2019-04-24,18.51,18.75,18.26,18.74,11292285.0,651607907.0
2019-04-25,18.6,18.6,18.05,18.1,9292485.0,526376238.0
2019-04-26,18.08,18.24,17.77,17.84,8208926.0,457693829.0
2019-04-29,18.21,18.37,17.87,17.94,10512820.0,591529429.0
2019-04-30,17.9,18.34,17.81,18.34,7927423.0,447723208.0
2019-05-06,17.69,17.82,16.71,16.78,13554364.0,725208717.0
2019-05-07,16.9,17.27,16.78,17.09,8574247.0,454013999.0
2019-05-08,16.77,17.19,16.57,16.71,9814703.0,511300537.0
2019-05-09,16.73,16.84,16.33,16.47,7426390.0,380777299.0
2019-05-10,16.72,16.86,16.02,16.84,9046503.0,467950646.0
2019-05-13,16.83,16.83,16.28,16.44,6496077.0,331705668.0
2019-05-14,16.26,16.44,16.15,16.18,6297478.0,318067063.0
2019-05-15,16.31,16.54,16.22,16.53,6802685.0,346688296.0
2019-05-16,16.52,16.73,16.5,16.59,5837700.0,300715977.0
2019-05-17,16.53,16.58,16.12,16.19,6750482.0,340767751.0
2019-05-20,16.24,16.25,15.63,15.79,7829597.0,383243530.0
2019-05-21,15.85,15.99,15.7,15.92,5986063.0,295136970.0
2019-05-22,15.95,15.96,15.66,15.77,5262337.0,257348049.0
2019-05-23,15.89,15.95,15.3,15.34,10705719.0,514288096.0
2019-05-24,15.38,16.02,15.15,15.67,9376616.0,451740393.0
2019-05-27,15.57,15.79,15.25,15.73,7956686.0,383543248.0
2019-05-28,15.73,16.28,15.7,16.28,12252548.0,610836938.0
2019-05-29,15.96,16.1,15.88,15.99,5665872.0,281063737.0
2019-05-30,15.95,15.95,15.55,15.59,5540362.0,269187303.0
2019-05-31,15.68,15.77,15.43,15.55,5359067.0,259382617.0
2019-06-03,15.7,15.85,15.48,15.73,5396170.0,261923867.0
2019-06-04,15.61,15.66,15.37,15.64,4933099.0,237326287.0
2019-06-05,15.79,15.91,15.66,15.76,6727146.0,329419970.0
2019-06-06,16.02,16.15,15.79,15.91,10634788.0,527701776.0
2019-06-10,16.44,16.73,16.33,16.41,13108181.0,671025778.0
2019-06-11,16.3,16.66,16.16,16.62,11968634.0,611970771.0
2019-06-12,16.62,16.62,16.3,16.36,9379099.0,476661987.0
2019-06-13,16.34,16.34,16.08,16.19,6805893.0,341679830.0
2019-06-14,16.21,16.27,15.89,15.91,6255308.0,311449189.0
2019-06-17,15.95,16.09,15.79,15.83,5300507.0,261630786.0
2019-06-18,15.83,15.99,15.78,15.86,5472368.0,269093639.0
2019-06-19,16.15,16.23,15.94,15.99,9254967.0,461559434.0
2019-06-20,15.99,16.27,15.82,16.21,12116866.0,604664111.0
2019-06-21,16.18,16.34,16.12,16.29,10652486.0,537052470.0
2019-06-24,16.29,16.4,16.18,16.36,6540116.0,331224645.0
2019-06-25,16.28,16.34,16.02,16.08,7874219.0,393724882.0
2019-06-26,15.97,16.31,15.93,16.13,5713927.0,286425558.0
2019-06-27,16.18,16.39,16.14,16.29,8118108.0,410302471.0
2019-06-28,16.29,16.38,16.19,16.35,5517097.0,278912037.0
2019-07-01,16.63,16.8,16.46,16.73,11436363.0,591468285.0
2019-07-02,16.73,17.53,16.62,17.14,15855634.0,845973988.0
2019-07-03,17.14,17.47,17.01,17.21,11872344.0,636771039.0
2019-07-04,17.22,17.44,17.02,17.16,8147145.0,435697733.0
2019-07-05,17.16,17.33,16.82,17.17,8251329.0,437855977.0
2019-07-08,17.17,17.18,16.52,16.86,9730846.0,509579132.0
2019-07-09,16.82,17.74,16.78,17.69,18105310.0,978273334.0
2019-07-10,17.6,17.6,17.25,17.37,11979195.0,645839746.0
2019-07-11,17.38,17.45,17.05,17.16,9230370.0,493283916.0
2019-07-12,17.18,17.66,17.15,17.49,10375030.0,562711506.0
2019-07-15,17.5,18.01,17.28,17.84,12220676.0,672943701.0
2019-07-16,17.77,17.81,17.6,17.66,5394609.0,295764350.0
2019-07-17,17.66,17.79,17.53,17.61,6212871.0,340228561.0
2019-07-18,17.52,17.52,17.1,17.23,8958440.0,478991317.0
2019-07-19,17.28,17.48,17.2,17.38,6007225.0,323902160.0
2019-07-22,17.57,17.87,17.42,17.7,11534418.0,632700583.0
2019-07-23,17.66,18.45,17.52,18.16,14107181.0,790277018.0
2019-07-24,18.31,18.46,18.11,18.16,10612397.0,602258056.0
2019-07-25,18.16,18.37,17.99,18.31,6902262.0,389643344.0
2019-07-26,18.2,18.72,18.11,18.57,10588385.0,605449724.0
2019-07-29,18.71,18.75,18.31,18.51,6343402.0,362394960.0
2019-07-30,18.52,18.59,18.29,18.46,7548523.0,429968221.0
2019-07-31,18.37,18.37,17.95,18.1,8971983.0,502687430.0
2019-08-01,18.02,18.21,17.85,18.03,8866960.0,493036921.0
2019-08-02,17.49,17.8,17.42,17.59,8417992.0,458483256.0
2019-08-05,17.53,17.62,16.89,16.94,10457532.0,555556899.0
2019-08-06,16.63,16.81,16.32,16.62,10836219.0,554889919.0
2019-08-07,16.71,16.79,16.36,16.43,7113098.0,363369325.0
2019-08-08,16.54,16.6,16.34,16.45,7145616.0,363707712.0
2019-08-09,16.59,16.81,16.45,16.49,8577344.0,440459429.0
2019-08-12,16.46,16.56,16.11,16.56,9073899.0,458849775.0
2019-08-13,16.34,16.4,15.98,16.01,13533320.0,674159669.0
2019-08-14,16.24,16.34,16.1,16.27,9268729.0,465589311.0
2019-08-15,16.0,16.29,15.86,16.21,6644666.0,330083346.0
2019-08-16,16.27,16.68,16.21,16.52,9030127.0,461801383.0
2019-08-19,16.82,16.88,16.56,16.85,10680625.0,553165931.0
2019-08-20,16.75,16.85,16.59,16.64,8799564.0,454068933.0
2019-08-21,16.6,16.7,16.46,16.7,8567785.0,438446556.0
2019-08-22,16.47,16.47,16.07,16.24,21108924.0,1057906186.0
2019-08-23,16.17,16.18,15.6,15.81,24696939.0,1209219993.0
2019-08-26,15.53,15.87,15.44,15.86,14227441.0,690592164.0
2019-08-27,15.89,16.05,15.88,16.03,14479160.0,715147679.0
2019-08-28,16.27,16.61,16.11,16.11,17650972.0,890016556.0
2019-08-29,16.1,16.1,15.79,15.88,9740862.0,478134197.0
2019-08-30,16.04,16.14,15.9,16.0,10182534.0,504256095.0
2019-09-02,16.17,16.17,15.96,16.08,11833676.0,587224054.0
2019-09-03,16.17,16.17,15.9,16.01,9567533.0,472364325.0
2019-09-04,16.01,16.01,15.85,15.97,10703502.0,525959123.0
2019-09-05,16.01,16.3,16.01,16.22,17490743.0,875402270.0
2019-09-06,16.28,16.56,16.24,16.33,14657357.0,741340590.0
2019-09-09,16.45,16.71,16.36,16.69,19482841.0,997120932.0
2019-09-10,16.72,16.78,16.45,16.55,12837364.0,656697451.0
2019-09-11,16.58,16.72,16.47,16.53,11635720.0,595551885.0
2019-09-12,16.59,16.62,16.29,16.43,9914481.0,503285198.0
2019-09-16,16.61,16.61,16.45,16.55,8378772.0,428267710.0
2019-09-17,16.56,16.57,16.07,16.16,10559765.0,529991141.0
2019-09-18,16.17,16.22,16.11,16.19,5328299.0,266325728.0
2019-09-19,16.23,16.26,16.11,16.24,6170761.0,308751024.0
2019-09-20,16.3,16.32,16.17,16.2,6876285.0,344745444.0
2019-09-23,16.14,16.16,15.8,15.91,9593517.0,471134534.0
2019-09-24,15.98,16.3,15.91,16.13,7983375.0,398163616.0
2019-09-25,16.13,16.13,15.82,15.86,8075345.0,396537329.0
2019-09-26,15.95,16.01,15.68,15.69,6952445.0,339274801.0
2019-09-27,15.69,15.79,15.65,15.71,4068099.0,197703061.0
2019-09-30,15.74,15.89,15.7,15.78,4914451.0,240165087.0
2019-10-08,15.79,15.93,15.62,15.66,4861484.0,237568931.0
2019-10-09,15.62,15.63,15.29,15.56,5047112.0,241379432.0
2019-10-10,15.66,15.92,15.64,15.85,6255309.0,306006457.0
2019-10-11,15.69,15.84,15.52,15.67,7574174.0,368013990.0
2019-10-14,15.84,15.97,15.69,15.8,8388152.0,410269733.0
2019-10-15,15.82,15.85,15.49,15.53,7661072.0,369180667.0
2019-10-16,15.53,15.6,15.36,15.37,7150354.0,340699060.0
2019-10-17,15.37,15.45,15.33,15.37,3851023.0,183173450.0
2019-10-18,15.52,15.52,15.15,15.17,7500971.0,353826124.0
2019-10-21,15.17,15.2,14.95,15.06,5282536.0,245221092.0
2019-10-22,15.07,15.16,15.05,15.14,3322407.0,155146534.0
2019-10-23,15.14,15.19,15.06,15.07,3036755.0,141635933.0
2019-10-24,15.04,15.15,15.04,15.09,3156884.0,147314380.0
2019-10-25,15.14,15.26,15.02,15.22,3707553.0,173422874.0
2019-10-28,15.21,15.35,15.21,15.3,5259192.0,248669255.0
2019-10-29,15.31,15.49,15.24,15.25,5510938.0,261660444.0
2019-10-30,14.85,14.85,14.07,14.22,17241884.0,764931681.0
2019-10-31,14.22,14.22,13.78,13.86,11068357.0,475701013.0
2019-11-01,13.84,14.15,13.68,14.09,6730450.0,291051704.0
2019-11-04,14.09,14.17,13.95,14.05,5411918.0,234941652.0
2019-11-05,14.08,14.35,13.92,14.22,7699013.0,336061253.0
2019-11-06,14.27,14.51,14.08,14.33,9671421.0,429240473.0
2019-11-07,14.24,14.77,14.13,14.45,9683550.0,433523303.0
2019-11-08,14.84,14.86,14.49,14.52,9137313.0,414639250.0
2019-11-11,14.49,14.49,14.11,14.22,6167358.0,272426328.0
2019-11-12,14.21,14.34,14.09,14.27,4456929.0,196281803.0
2019-11-13,14.27,14.29,13.91,14.0,5797794.0,251998385.0
2019-11-14,14.07,14.17,14.01,14.08,4039789.0,175929260.0
2019-11-15,14.08,14.11,13.84,13.95,4614919.0,199139088.0
2019-11-18,13.88,13.92,13.75,13.85,5368647.0,229761352.0
2019-11-19,13.77,14.15,13.77,14.15,5346348.0,231949858.0
2019-11-20,14.1,14.1,13.91,13.94,3938684.0,170527993.0
2019-11-21,13.97,14.19,13.84,14.11,5699971.0,247633915.0
2019-11-22,14.15,14.43,14.06,14.17,7026890.0,309191772.0
2019-11-25,14.28,14.65,14.08,14.51,12172663.0,541772290.0
2019-11-26,14.49,14.59,14.15,14.43,9956805.0,442825715.0
2019-11-27,14.38,14.39,14.18,14.2,4833098.0,212902106.0
2019-11-28,14.1,14.15,13.96,13.97,4812003.0,208644192.0
2019-11-29,14.0,14.11,13.92,14.04,4410362.0,190926827.0
2019-12-02,14.04,14.08,13.93,13.96,4331093.0,187308256.0
2019-12-03,13.96,14.18,13.91,14.17,4704804.0,204097554.0
2019-12-04,14.14,14.38,14.05,14.28,6895971.0,303525493.0
2019-12-05,14.3,14.37,14.2,14.25,6286453.0,277165400.0
2019-12-06,14.25,14.28,14.06,14.14,6814573.0,297440951.0
2019-12-09,14.14,14.17,14.0,14.03,5825985.0,252881169.0
2019-12-10,14.08,14.08,13.97,14.05,4217317.0,182927320.0
2019-12-11,14.03,14.31,13.97,14.27,8887329.0,389740624.0
2019-12-12,14.26,14.26,13.98,14.06,8092275.0,353467368.0
2019-12-13,14.17,14.2,13.98,14.03,14160083.0,614076973.0
2019-12-16,14.05,14.28,13.98,14.28,12526348.0,547285347.0
2019-12-17,14.29,14.73,14.28,14.57,19047175.0,857264003.0
2019-12-18,14.58,14.58,14.4,14.46,11322913.0,506519518.0
2019-12-19,14.46,14.56,14.32,14.55,10116347.0,451499532.0
2019-12-20,14.63,15.29,14.57,15.08,28983802.0,1344330942.0
2019-12-23,14.98,15.02,14.71,14.73,13277509.0,608250689.0
2019-12-24,14.8,15.16,14.8,15.13,15660222.0,725017631.0
2019-12-25,15.22,15.57,15.05,15.16,19183257.0,906693866.0
2019-12-26,14.95,15.28,14.93,15.01,11034572.0,513101999.0
2019-12-27,14.94,15.16,14.88,14.88,10962127.0,507597022.0
2019-12-30,14.99,15.46,14.89,15.41,19647712.0,925707980.0
2019-12-31,15.37,15.56,15.17,15.42,13216616.0,626863843.0
2020-01-02,15.43,15.68,15.37,15.58,15934570.0,765516493.0
2020-01-03,15.59,15.85,15.42,15.54,12993607.0,628361961.0
2020-01-06,15.33,15.91,15.27,15.62,16987138.0,822172473.0
2020-01-07,15.63,15.69,15.45,15.54,9340058.0,449013436.0
2020-01-08,15.38,15.64,15.25,15.29,11097445.0,529249404.0
2020-01-09,15.45,15.59,15.33,15.41,8921700.0,425352463.0
2020-01-10,15.42,15.42,15.08,15.18,10929463.0,512929719.0
2020-01-13,16.69,16.69,16.34,16.69,51882759.0,2662873915.0
2020-01-14,17.79,18.11,17.14,17.29,61497596.0,3356918725.0
2020-01-15,17.47,17.71,16.91,17.24,29870523.0,1594534514.0
2020-01-16,17.3,17.64,16.75,17.5,33573707.0,1778235678.0
2020-01-17,17.42,19.25,17.21,18.75,53060038.0,3022542423.0
2020-01-20,18.54,19.38,18.28,19.01,30077562.0,1742179867.0
2020-01-21,18.67,18.67,18.29,18.35,20383657.0,1161444871.0
2020-01-22,18.28,19.57,18.15,19.17,32797995.0,1927419434.0
2020-01-23,18.76,20.02,18.6,19.35,29158496.0,1735366428.0
2020-02-03,17.42,17.62,17.42,17.42,10039800.0,540735186.0
2020-02-04,17.47,18.6,17.47,18.23,36777530.0,2057907669.0
2020-02-05,18.66,20.06,18.44,19.67,44623025.0,2698234965.0
2020-02-06,18.91,19.68,18.89,19.65,30113181.0,1792085753.0
2020-02-07,19.65,19.65,18.33,18.73,32128159.0,1868897083.0
2020-02-10,19.15,20.5,19.04,19.71,35279646.0,2143782477.0
2020-02-11,19.41,19.45,18.85,19.1,19617574.0,1162310506.0
2020-02-12,19.1,19.6,18.88,19.15,19745556.0,1171671705.0
2020-02-13,18.92,19.45,18.6,18.62,23694703.0,1387055830.0
2020-02-14,18.62,18.73,18.26,18.41,21117383.0,1205977325.0
2020-02-17,18.41,18.94,18.41,18.92,20988900.0,1215249655.0
2020-02-18,18.7,19.41,18.69,19.24,22836532.0,1350970759.0
2020-02-19,20.85,20.86,19.95,20.03,43747653.0,2773613068.0
2020-02-20,20.43,22.03,20.41,22.03,64939094.0,4366081680.0
2020-02-21,21.67,22.08,21.25,21.83,45518916.0,3046190981.0
2020-02-24,21.16,21.72,21.01,21.41,35796879.0,2351741647.0
2020-02-25,20.83,23.35,20.76,22.92,40743409.0,2786635361.0
2020-02-26,22.57,24.52,22.32,23.19,52276832.0,3774510844.0
2020-02-27,23.19,23.66,22.02,22.66,27269996.0,1912686987.0
2020-02-28,21.56,22.32,21.01,21.15,33825352.0,2251947903.0
2020-03-02,21.22,21.75,20.7,21.62,22564321.0,1492112198.0
2020-03-03,22.58,22.71,21.82,21.95,27425292.0,1880749812.0
2020-03-04,21.66,21.93,20.94,21.54,18093253.0,1198529240.0
2020-03-05,21.68,21.87,21.19,21.61,17000367.0,1128290420.0
2020-03-06,21.19,21.85,21.13,21.14,14720960.0,972613005.0
2020-03-09,20.47,20.47,19.14,19.23,29247882.0,1789143869.0
2020-03-10,18.63,19.89,18.55,19.46,26680523.0,1578089168.0
2020-03-11,19.66,19.78,18.96,19.0,22221247.0,1327803130.0
2020-03-12,18.54,18.65,18.08,18.45,23238254.0,1319050413.0
2020-03-13,17.4,18.28,16.93,18.0,21319807.0,1162290580.0
2020-03-16,18.31,18.55,17.43,17.43,23877348.0,1326361269.0
2020-03-17,17.43,17.78,16.78,17.16,18091852.0,961588994.0
2020-03-18,17.34,17.68,16.83,16.85,17268432.0,925695050.0
2020-03-19,16.86,16.99,16.14,16.61,19445000.0,993678521.0
2020-03-20,16.92,17.08,16.63,16.99,14829620.0,772921085.0
2020-03-23,16.25,16.43,15.49,15.58,24273976.0,1190535685.0
2020-03-24,15.93,16.14,15.33,16.09,20502711.0,1002130022.0
2020-03-25,16.68,17.08,16.51,16.9,28978742.0,1504804537.0
2020-03-26,16.98,17.85,16.69,17.56,29662084.0,1588496993.0
2020-03-27,17.92,18.13,17.61,17.72,22997249.0,1269534019.0
2020-03-30,17.79,18.69,17.75,18.19,32893740.0,1855914322.0
2020-03-31,18.36,19.41,17.94,19.4,35017444.0,2037070402.0
2020-04-01,19.38,19.62,18.44,18.48,36556547.0,2139092106.0
2020-04-02,18.34,18.34,17.73,18.31,23384169.0,1300691383.0
2020-04-03,18.31,18.31,17.76,17.79,16918966.0,940495659.0
2020-04-07,18.26,18.41,17.99,18.22,18911589.0,1061432560.0
2020-04-08,18.05,18.05,17.8,17.89,12954327.0,717031924.0
2020-04-09,18.05,18.29,17.97,18.0,13333832.0,746729511.0
2020-04-10,18.21,18.21,17.52,17.65,13185472.0,727755054.0
2020-04-13,17.7,18.1,17.7,18.05,10255956.0,569833087.0
2020-04-14,18.05,18.76,17.91,18.74,23386305.0,1338857702.0
2020-04-15,19.2,20.18,18.88,19.45,30622736.0,1847393286.0
2020-04-16,19.44,19.83,19.1,19.41,16525891.0,992639139.0
2020-04-17,19.6,19.73,18.98,19.02,15649005.0,931863465.0
2020-04-20,19.21,19.21,18.81,19.04,10747360.0,630616732.0
2020-04-21,18.92,19.31,18.7,19.21,14714834.0,864113084.0
2020-04-22,18.89,19.41,18.72,19.22,12145802.0,715492487.0
2020-04-23,19.41,19.59,18.77,18.84,11602798.0,686078407.0
2020-04-24,18.98,19.57,18.92,19.0,13594893.0,806969228.0
2020-04-27,19.09,19.11,18.4,18.43,13826532.0,799777333.0
2020-04-28,18.44,18.63,17.71,18.43,12865794.0,725365014.0
2020-04-29,18.83,19.23,18.62,18.76,16512556.0,964564486.0
2020-04-30,19.03,19.6,18.93,19.4,21887625.0,1303496246.0
2020-05-06,19.21,20.22,19.12,20.11,23190623.0,1420097902.0
2020-05-07,20.11,20.11,19.4,19.44,22511802.0,1362997621.0
2020-05-08,19.44,19.57,19.18,19.34,17147173.0,1025569471.0
2020-05-11,19.18,19.3,18.8,19.05,19071621.0,1121805580.0
2020-05-12,19.05,19.13,18.83,19.13,10401966.0,610124974.0
2020-05-13,19.13,19.33,18.92,19.08,11111516.0,657743993.0
2020-05-14,19.05,19.05,18.62,18.66,11836313.0,688315257.0
2020-05-15,18.69,18.95,18.54,18.75,10277106.0,595823316.0
2020-05-18,18.57,18.89,18.24,18.5,10474339.0,601110775.0
2020-05-19,18.76,18.96,18.68,18.83,9404190.0,547143040.0
2020-05-20,18.99,19.51,18.98,19.09,16470785.0,981282457.0
2020-05-21,19.12,19.21,18.44,18.49,12096788.0,697047198.0
2020-05-22,18.49,18.66,17.96,18.12,9234961.0,522767760.0
2020-05-25,18.12,18.29,17.89,18.28,5969703.0,334368698.0
2020-05-26,18.37,18.88,18.37,18.86,9854368.0,570419228.0
2020-05-27,19.28,19.39,18.46,18.54,11361742.0,662802627.0
2020-05-28,18.55,18.84,18.24,18.59,8630023.0,494679180.0
2020-05-29,18.48,18.77,18.38,18.57,6803639.0,390882857.0
2020-06-01,18.68,19.31,18.58,19.19,16106781.0,949983297.0
2020-06-02,19.27,20.11,19.05,19.73,20479610.0,1235513479.0
2020-06-03,19.66,19.75,19.24,19.39,14635695.0,882603748.0
2020-06-04,19.56,19.8,19.32,19.44,10574332.0,637797410.0
2020-06-05,19.73,20.47,19.52,20.44,26545122.0,1643855456.0
2020-06-08,20.38,20.65,20.2,20.31,17244111.0,1087013122.0
2020-06-09,20.38,20.84,19.96,20.05,20443053.0,1285542235.0
2020-06-10,20.14,20.19,19.63,19.75,18619403.0,1140629413.0
2020-06-11,20.01,20.77,19.9,20.33,28023252.0,1764678741.0
2020-06-12,19.86,20.03,19.61,19.89,17549710.0,1075893064.0
2020-06-15,20.22,20.66,19.81,20.22,19574028.0,1225432620.0
2020-06-16,20.64,20.85,20.42,20.74,21411572.0,1367780377.0
2020-06-17,20.7,20.74,20.17,20.74,14437818.0,912074335.0
2020-06-18,20.64,21.6,20.36,21.59,27903336.0,1829902632.0
2020-06-19,21.57,22.22,21.45,21.67,22061887.0,1487253015.0
2020-06-22,21.54,22.25,21.44,22.0,19625480.0,1325805162.0
2020-06-23,21.86,23.32,21.67,22.98,26037491.0,1812606802.0
2020-06-24,23.0,23.63,22.89,23.19,19668098.0,1414432114.0
2020-06-29,23.13,23.43,22.74,22.84,17337630.0,1233307831.0
2020-06-30,23.1,23.57,22.93,23.23,16983101.0,1223207516.0
2020-07-01,23.68,24.41,22.98,23.44,23509322.0,1726221256.0
2020-07-02,23.49,24.13,23.23,23.34,21407418.0,1559734669.0
2020-07-03,23.71,25.67,23.69,25.67,45538812.0,3497719616.0
2020-07-06,25.66,26.39,25.04,26.17,46122416.0,3661516240.0
2020-07-07,27.42,28.63,26.85,26.85,46670587.0,3978641290.0
2020-07-08,26.51,27.26,26.48,26.77,31915588.0,2647763129.0
2020-07-09,26.77,27.92,26.35,27.32,32797352.0,2764110591.0
2020-07-10,27.32,29.88,26.87,28.79,39602931.0,3495161211.0
2020-07-13,29.95,31.67,29.85,31.67,57987128.0,5536512876.0
2020-07-14,31.67,31.67,29.3,31.23,53638869.0,5075817586.0
2020-07-15,31.38,31.47,29.98,30.57,38869586.0,3699030985.0
2020-07-16,30.54,30.89,27.51,27.51,56046663.0,4984540818.0
2020-07-17,26.86,27.61,25.9,26.39,43096874.0,3549101617.0
2020-07-20,27.08,28.89,26.4,28.2,43173031.0,3684539642.0
2020-07-21,29.08,29.54,28.36,28.5,31722234.0,2834375732.0
2020-07-22,27.82,28.95,27.66,28.2,26954483.0,2367987141.0
2020-07-23,27.84,28.79,27.68,28.79,32728656.0,2869841089.0
2020-07-24,28.4,28.51,26.69,26.85,38817374.0,3298033865.0
2020-07-27,27.01,27.56,26.62,27.02,20882846.0,1753284470.0
2020-07-28,27.81,28.03,26.85,27.14,21644067.0,1829407615.0
2020-07-29,26.95,28.3,26.69,28.12,28797550.0,2464892397.0
2020-07-30,28.15,28.35,27.27,27.5,22449269.0,1917850499.0
2020-07-31,27.48,28.03,27.0,27.62,25812289.0,2201963264.0
2020-08-03,27.63,27.98,27.3,27.87,28030360.0,2394349093.0
2020-08-04,28.13,29.44,28.1,28.79,38395587.0,3414415346.0
2020-08-05,28.79,28.79,28.01,28.51,19022684.0,1667411299.0
2020-08-06,28.73,28.98,28.14,28.7,20533266.0,1815887527.0
2020-08-07,28.34,28.71,27.11,27.62,24597416.0,2120266841.0
2020-08-10,27.1,27.29,25.88,26.52,33653884.0,2752165156.0
2020-08-11,26.49,26.91,26.19,26.2,19417260.0,1596334584.0
2020-08-12,26.26,26.52,25.38,26.52,22097173.0,1768144489.0
2020-08-13,27.01,27.11,26.41,26.46,13582779.0,1119875379.0
2020-08-14,26.56,26.72,25.88,26.5,12062031.0,981262742.0
2020-08-17,26.59,26.92,26.31,26.82,15103194.0,1246372800.0
2020-08-18,27.2,27.36,26.48,26.6,16155250.0,1335564954.0
2020-08-19,26.35,26.43,25.74,25.78,18735826.0,1504274090.0
2020-08-20,25.78,25.9,25.28,25.43,12272430.0,967851099.0
2020-08-21,25.9,26.1,25.54,25.76,11190548.0,893244023.0
2020-08-24,25.86,26.64,25.8,26.36,17128061.0,1384872484.0
2020-08-25,26.22,26.83,26.06,26.3,14510634.0,1182125999.0
2020-08-26,26.54,27.62,26.44,27.0,32047153.0,2691953338.0
2020-08-27,28.0,28.34,27.42,27.65,25203489.0,2168640349.0
2020-08-28,27.52,27.86,26.87,27.64,18647043.0,1572760241.0
2020-08-31,28.17,28.56,27.48,27.52,21534690.0,1864842718.0
2020-09-01,28.16,30.27,27.94,30.27,39461265.0,3573272702.0
2020-09-02,31.04,31.08,29.66,30.53,39704708.0,3719378788.0
2020-09-03,30.07,30.8,29.83,29.97,22779495.0,2129704438.0
2020-09-04,28.75,29.33,28.49,29.13,22202132.0,1979126649.0
2020-09-07,28.97,31.56,28.94,30.67,40998653.0,3862436333.0
2020-09-08,31.04,31.04,29.36,29.46,27908409.0,2590896624.0
2020-09-09,28.49,28.71,27.47,27.84,26329156.0,2281813618.0
2020-09-10,28.44,29.19,28.13,28.19,21706271.0,1923920285.0
2020-09-11,28.44,29.52,28.23,29.52,20576370.0,1843068555.0
2020-09-14,29.56,30.59,29.56,29.94,22383909.0,2078549016.0
2020-09-15,30.43,32.94,30.27,32.79,57922128.0,5761285366.0
2020-09-16,32.46,34.92,32.05,34.12,49378934.0,5154280713.0
2020-09-17,34.16,37.53,34.04,37.53,60235110.0,6707262639.0
2020-09-18,36.9,37.39,36.09,37.39,47375377.0,5363840116.0
2020-09-21,37.55,38.63,33.78,34.24,58877087.0,6535043671.0
2020-09-22,34.48,35.82,33.67,34.56,46288194.0,4971987391.0
2020-09-23,35.28,35.94,34.41,35.74,38140914.0,4146613366.0
2020-09-24,34.92,35.62,34.32,34.44,26612570.0,2864183120.0
2020-09-25,35.03,35.54,33.6,34.02,32436317.0,3457966850.0
2020-09-28,34.38,34.99,34.2,34.44,21188287.0,2260356211.0
2020-09-29,35.15,35.45,33.75,34.93,27004576.0,2884125029.0
2020-09-30,35.15,38.27,34.67,37.63,44420102.0,5073415251.0
2020-10-09,39.85,40.83,38.59,38.96,55967807.0,6870685597.0
2020-10-12,40.08,41.77,38.99,41.6,52808892.0,6521180717.0
2020-10-13,41.44,42.69,40.46,41.85,46052746.0,5958597983.0
2020-10-14,41.81,42.83,41.47,42.24,31047158.0,4041272251.0
2020-10-15,43.57,44.59,42.51,42.58,40289307.0,5425288385.0
2020-10-16,42.91,43.33,40.46,41.37,41353551.0,5301212698.0
2020-10-19,41.44,42.02,40.89,41.46,22200611.0,2832538854.0
2020-10-20,40.85,45.43,40.85,45.32,54167901.0,7240427470.0
2020-10-21,44.67,45.22,43.43,44.51,38056707.0,5212917458.0
2020-10-22,44.42,46.94,42.75,46.55,43438939.0,6061013977.0
2020-10-23,45.97,47.19,44.19,44.89,40099412.0,5645291380.0
2020-10-26,44.19,46.24,43.09,45.31,30979604.0,4319369739.0
2020-10-27,44.48,45.81,43.97,45.41,29654540.0,4122784517.0
2020-10-28,45.16,49.68,45.0,49.08,51797365.0,7669731454.0
2020-10-29,47.88,53.98,47.88,51.27,63470495.0,10022998772.0
2020-10-30,51.79,55.13,49.92,51.73,67329183.0,10882457196.0
2020-11-02,52.09,54.63,51.96,54.38,52491093.0,8660252634.0
2020-11-03,55.68,55.82,51.66,53.12,66161664.0,10960743414.0
2020-11-04,54.06,55.14,52.77,54.39,46094823.0,7689440147.0
2020-11-05,56.65,59.83,55.36,59.83,67409211.0,11951954711.0
2020-11-06,61.34,64.37,58.23,61.65,80766685.0,15261972051.0
2020-11-09,62.02,62.69,59.6,61.81,52501612.0,9934097170.0
2020-11-10,60.49,60.5,57.26,59.1,63534950.0,11543486453.0
2020-11-11,57.27,58.88,53.19,53.2,80567515.0,13840949837.0
2020-11-12,54.38,56.1,53.67,54.81,58663961.0,9953360352.0
2020-11-13,58.27,58.92,56.1,56.94,60919392.0,10790305828.0
2020-11-16,55.37,55.52,52.93,55.04,54256539.0,9094656059.0
2020-11-17,56.16,56.71,53.24,54.06,56840934.0,9641027028.0
2020-11-18,53.7,54.77,52.52,54.06,41703316.0,6941378988.0
2020-11-19,54.38,54.61,51.64,52.32,47005440.0,7652210664.0
2020-11-20,53.3,57.38,52.84,56.99,70752694.0,12067220426.0
2020-11-23,57.27,59.89,55.7,59.63,60402664.0,10841291968.0
2020-11-24,62.08,63.12,58.5,59.63,64675209.0,12193378658.0
2020-11-25,59.24,62.06,58.46,59.41,47385764.0,8798105734.0
2020-11-26,59.44,59.82,55.43,56.92,49653819.0,8751195067.0
2020-11-27,56.75,57.59,54.81,56.36,39747615.0,6868605930.0
2020-11-30,55.52,57.21,53.74,55.73,37921283.0,6493585106.0
2020-12-01,54.61,57.3,54.06,57.24,40156431.0,6983133537.0
2020-12-02,55.39,55.84,54.38,54.95,49240138.0,8354836226.0
2020-12-03,54.95,56.22,54.05,55.38,36558081.0,6251135998.0
2020-12-04,55.55,57.88,55.16,55.63,39448988.0,6888910897.0
2020-12-07,55.45,57.19,54.74,56.74,32218589.0,5617848450.0
2020-12-08,57.65,58.92,57.2,57.61,44574324.0,7995315241.0
2020-12-09,57.95,58.6,56.0,56.08,31571447.0,5563503434.0
2020-12-10,54.38,55.57,53.74,54.88,37043628.0,6243808670.0
2020-12-11,54.82,54.82,52.7,54.06,35487818.0,5902635220.0
2020-12-14,54.0,55.32,52.77,55.1,30213225.0,5064250844.0
2020-12-15,55.11,56.67,54.55,56.55,36221802.0,6234488462.0
2020-12-16,56.97,57.2,55.32,55.64,23815385.0,4110951043.0
2020-12-17,55.41,55.98,54.71,55.61,18977260.0,3245175545.0
2020-12-18,55.84,58.3,55.43,56.97,48848510.0,8625943227.0
2020-12-21,57.14,62.67,56.81,62.67,66779763.0,12342923958.0
2020-12-22,62.47,62.47,59.45,59.56,58681041.0,11044848426.0
2020-12-23,59.53,61.76,59.23,60.47,42707945.0,7982526893.0
2020-12-24,59.89,59.89,58.27,59.24,26045354.0,4739171492.0
2020-12-25,59.34,60.26,58.62,59.96,21133069.0,3892733283.0
2020-12-28,59.66,61.63,59.11,60.84,30338431.0,5674752366.0
2020-12-29,60.21,60.21,57.77,57.82,36117782.0,6530622527.0
2020-12-30,58.48,62.14,58.48,60.21,51043108.0,9559070847.0
2020-12-31,61.14,63.39,59.65,62.9,50511942.0,9665582056.0
2021-01-04,61.18,68.36,60.56,66.93,58950161.0,11803190657.0
2021-01-05,66.69,71.62,65.39,71.18,54530597.0,11642247813.0
2021-01-06,71.13,71.92,68.63,70.02,43465214.0,9376648612.0
2021-01-07,70.12,73.91,69.34,72.85,42860254.0,9516502256.0
2021-01-08,75.43,75.85,71.44,73.65,42675836.0,9705879746.0
2021-01-11,75.94,79.31,74.77,76.03,53425466.0,12681067408.0
2021-01-12,75.04,77.61,71.22,76.72,43312458.0,9980651743.0
2021-01-13,77.04,80.89,74.35,77.47,48034787.0,11590837002.0
2021-01-14,75.1,76.22,71.97,72.5,44595502.0,10176085741.0
2021-01-15,71.86,74.1,70.08,72.9,37705046.0,8420560825.0
2021-01-18,71.22,72.51,70.01,71.76,26378933.0,5826658748.0
2021-01-19,71.88,72.9,69.13,69.99,27625013.0,6035553036.0
2021-01-20,71.18,73.26,70.57,71.86,38140108.0,8483028913.0
2021-01-21,71.22,77.56,70.18,76.24,58570987.0,13384594648.0
2021-01-22,76.31,78.88,74.94,78.64,42388678.0,10112061191.0
2021-01-25,79.8,85.12,79.31,84.17,55938894.0,14213433429.0
2021-01-26,83.19,85.0,81.25,82.29,39455544.0,10115831948.0
2021-01-27,80.99,83.98,75.91,83.19,52135100.0,12813494921.0
2021-01-28,79.62,81.74,78.66,79.1,32646175.0,8081858717.0
2021-01-29,80.61,81.07,76.88,79.96,33598269.0,8182542031.0
2021-02-01,79.31,80.97,77.37,79.92,26379450.0,6500021796.0
2021-02-02,81.58,86.76,81.09,86.59,47109997.0,12220620148.0
2021-02-03,86.79,88.49,84.26,85.14,38402952.0,10231620474.0
2021-02-04,83.52,85.75,82.66,84.13,31035090.0,8061146636.0
2021-02-05,84.81,86.85,80.12,80.61,48055051.0,12356334244.0
2021-02-08,80.6,81.89,77.69,80.99,37246177.0,9210843639.0
2021-02-09,81.93,83.85,80.12,83.19,37495428.0,9540424163.0
2021-02-10,84.49,87.62,81.9,86.42,41893871.0,10995341388.0
2021-02-18,87.03,87.03,82.65,83.84,47264558.0,12353076536.0
2021-02-19,82.52,83.41,79.55,83.31,38258702.0,9607262916.0
2021-02-22,83.07,83.08,77.51,77.54,42713093.0,10558143268.0
2021-02-23,74.32,76.08,72.16,72.84,47651022.0,10877530627.0
2021-02-24,72.84,74.0,65.91,67.65,67648518.0,14532205193.0
2021-02-25,69.85,69.87,66.62,67.74,36953222.0,7788184187.0
2021-02-26,63.61,66.04,62.8,63.86,50361602.0,9978745768.0
2021-03-01,65.07,68.3,63.93,68.27,44429351.0,9087918557.0
2021-03-02,69.49,69.86,66.43,68.43,38792835.0,8178911875.0
2021-03-03,66.36,68.08,65.38,67.9,26306180.0,5431739317.0
2021-03-04,66.36,66.39,63.87,64.26,34684991.0,6955695360.0
2021-03-05,60.65,64.58,60.27,63.57,32531909.0,6313240678.0
2021-03-08,63.57,63.88,57.21,57.21,59132823.0,10922889310.0
2021-03-09,55.81,57.82,52.45,55.25,59920495.0,10247665525.0
2021-03-10,58.27,58.88,56.9,57.36,43150717.0,7706833382.0
2021-03-11,57.28,59.89,56.36,59.23,36782790.0,6671343291.0
2021-03-12,60.27,60.86,57.91,58.81,30184822.0,5517620553.0
2021-03-15,57.8,58.59,55.68,56.41,29560239.0,5187723278.0
2021-03-16,57.49,57.98,56.12,57.13,19705640.0,3474844999.0
2021-03-17,56.33,58.26,55.51,57.26,21370528.0,3770679571.0
2021-03-18,57.88,58.47,57.39,57.8,20106437.0,3593541020.0
2021-03-19,56.0,56.77,54.92,55.4,25822722.0,4438615911.0
2021-03-22,55.79,56.81,55.03,56.26,18568291.0,3221954916.0
2021-03-23,56.91,57.03,53.83,54.7,22664897.0,3844462854.0
2021-03-24,54.38,54.79,52.44,52.68,24826930.0,4082242405.0
2021-03-25,50.82,52.91,50.37,52.18,25619064.0,4082120998.0
2021-03-26,52.77,55.68,52.73,55.35,32853032.0,5528686167.0
2021-03-29,55.03,55.19,53.35,54.42,23472864.0,3941708905.0
2021-03-30,52.12,54.71,51.5,54.71,33893090.0,5574391479.0
2021-03-31,54.78,55.89,52.62,53.25,27015303.0,4488285762.0
2021-04-01,54.38,55.65,54.06,54.73,29995780.0,5089544668.0
2021-04-02,55.35,57.69,54.57,56.93,34953200.0,6083577385.0
2021-04-06,57.23,58.02,55.94,57.0,25590985.0,4492985633.0
2021-04-07,57.35,57.65,54.87,55.35,28170350.0,4848030064.0
2021-04-08,54.71,55.52,54.1,55.19,16004306.0,2723993028.0
2021-04-09,55.65,55.71,53.74,53.97,20499577.0,3436476688.0
2021-04-12,53.97,54.83,52.64,52.91,20126800.0,3320602667.0
2021-04-13,52.92,54.26,52.92,53.09,15857894.0,2617908978.0
2021-04-14,54.06,55.36,54.06,55.34,29847317.0,5057752083.0
2021-04-15,54.55,54.59,52.93,53.57,24991213.0,4136742970.0
2021-04-16,53.54,53.87,51.9,53.51,23459944.0,3837152368.0
2021-04-19,53.41,57.3,53.15,56.99,50735050.0,8764759455.0
2021-04-20,56.65,56.65,54.96,55.43,37567703.0,6460740490.0
2021-04-21,54.71,55.22,54.12,54.58,23048888.0,3880491430.0
2021-04-22,55.03,55.61,54.13,54.61,19750844.0,3336754765.0
2021-04-23,54.12,55.48,53.82,54.79,22882799.0,3878511213.0
2021-04-26,55.03,56.0,54.14,54.22,31951410.0,5432612154.0
2021-04-27,53.74,54.19,52.9,53.39,25563921.0,4211994738.0
2021-04-28,53.37,54.56,52.75,53.57,21841198.0,3621682456.0
2021-04-29,52.77,53.39,52.51,52.75,27585404.0,4496785166.0
2021-04-30,52.28,52.51,50.73,51.33,35989914.0,5715463805.0
2021-05-06,50.82,50.82,48.56,48.56,42315808.0,6423783465.0
2021-05-07,47.95,48.54,46.42,46.6,37798038.0,5528741180.0
2021-05-10,46.6,48.02,45.79,47.59,26073875.0,3802268898.0
2021-05-11,46.52,48.16,45.63,47.44,26963996.0,3893703683.0
2021-05-12,47.99,50.18,47.99,49.76,38465914.0,5872804588.0
2021-05-13,48.8,48.88,48.09,48.23,21269609.0,3180710319.0
2021-05-14,47.88,49.88,47.36,49.7,30027866.0,4532481587.0
2021-05-17,50.32,52.08,50.0,51.72,36300256.0,5761021602.0
2021-05-18,51.79,52.38,50.78,51.37,19495212.0,3094498220.0
2021-05-19,51.76,56.33,51.76,55.93,59649087.0,10150054900.0
2021-05-20,55.03,57.48,54.74,55.98,49988848.0,8686052330.0
2021-05-21,56.33,57.62,55.06,56.07,33496551.0,5822862674.0
2021-05-24,55.65,56.81,55.03,56.15,27172287.0,4685927114.0
2021-05-25,56.65,57.62,55.91,57.14,33152287.0,5830353652.0
2021-05-26,57.62,59.75,56.97,57.03,34557799.0,6206769477.0
2021-05-27,57.95,58.17,56.49,57.44,23402610.0,4146048381.0
2021-05-28,57.44,59.89,57.0,58.81,37119487.0,6754993796.0
2021-05-31,56.73,57.98,55.09,57.85,43755316.0,7660152240.0
2021-06-01,57.86,61.8,57.86,61.33,51360412.0,9530431697.0
2021-06-02,61.51,62.1,59.95,60.37,29434964.0,5527643767.0
2021-06-03,60.41,60.7,58.33,59.53,25080057.0,4608194800.0
2021-06-04,58.79,62.15,58.44,61.31,31984839.0,6004827147.0
2021-06-07,61.83,62.43,60.53,61.62,25451802.0,4842637640.0
2021-06-08,62.8,66.56,62.56,65.65,55923856.0,11191285974.0
2021-06-09,65.68,65.88,63.78,65.39,31655582.0,6342951329.0
2021-06-10,65.41,69.94,65.07,69.31,44100032.0,9339300343.0
2021-06-11,69.37,74.44,68.65,73.49,54008511.0,11985830243.0
2021-06-15,74.95,76.98,72.79,75.21,51810075.0,12090497120.0
2021-06-16,73.16,74.99,68.19,68.3,61817590.0,13579272748.0
2021-06-17,68.29,75.13,68.25,75.13,51997758.0,11627218258.0
2021-06-18,76.4,81.68,75.96,79.31,57189601.0,13931101474.0
2021-06-21,78.95,80.79,75.14,78.53,43052635.0,10400538803.0
2021-06-22,78.66,79.96,76.4,77.01,31642808.0,7571777591.0
2021-06-23,75.43,80.86,75.26,78.76,39450060.0,9605891907.0
2021-06-24,78.99,81.53,77.75,79.27,31228504.0,7696250340.0
2021-06-25,79.96,80.5,77.04,79.31,29650236.0,7205570874.0
2021-06-28,79.31,82.55,78.83,82.1,34727198.0,8732379670.0
2021-06-29,83.32,84.04,80.93,82.0,30625754.0,7778037779.0
2021-06-30,80.93,83.03,79.63,81.25,28540731.0,7146112746.0
2021-07-01,81.25,81.74,76.27,76.59,42260287.0,10182009938.0
2021-07-02,75.43,78.82,74.1,77.38,37426013.0,8897622556.0
2021-07-05,76.41,80.93,76.26,80.78,32490116.0,7984671152.0
2021-07-06,82.55,84.5,78.02,81.09,51791670.0,13098186044.0
2021-07-07,78.99,83.71,77.98,82.58,38638656.0,9711793850.0
2021-07-08,81.9,84.66,81.29,81.56,39390995.0,10127585813.0
2021-07-09,81.21,82.54,78.3,80.55,36494699.0,9057948775.0
2021-07-12,82.0,88.35,81.41,86.26,56005708.0,14759940060.0
2021-07-13,86.27,87.32,84.24,85.82,27731391.0,7330680656.0
2021-07-14,84.49,84.49,79.31,79.4,61271686.0,15300069250.0
2021-07-15,77.37,78.84,74.45,76.53,55189867.0,13026880867.0
2021-07-16,76.32,76.32,71.55,72.16,56274148.0,12801309444.0
2021-07-19,71.22,75.1,69.37,72.5,37218723.0,8367318504.0
2021-07-20,71.22,74.28,70.93,73.65,24674966.0,5582671898.0
2021-07-21,74.84,79.31,74.46,78.09,47151119.0,11232169397.0
2021-07-22,79.73,80.75,77.75,80.59,37477327.0,9242619143.0
2021-07-23,80.1,84.81,79.34,83.74,46056227.0,11846110497.0
2021-07-26,81.12,84.08,78.02,80.46,40442824.0,10130659972.0
2021-07-27,79.63,83.48,76.79,77.27,37770720.0,9406136905.0
2021-07-28,74.45,78.05,72.51,76.56,33219863.0,7758094419.0
2021-07-29,79.94,83.29,78.6,83.26,42885105.0,10764228894.0
2021-07-30,83.26,86.85,81.62,85.69,45799399.0,11995907836.0
2021-08-02,89.35,94.26,88.47,94.26,62225903.0,17648921236.0
2021-08-03,96.79,96.79,89.02,90.67,48934853.0,13975748745.0
2021-08-04,91.61,99.73,91.29,99.73,53430639.0,16003136932.0
2021-08-05,97.44,99.14,95.45,96.94,36882291.0,11063466320.0
2021-08-06,101.37,102.77,96.68,98.29,45362627.0,13945125845.0
2021-08-09,95.54,96.32,91.66,95.07,34162079.0,9914944523.0
2021-08-10,95.08,97.91,91.33,94.57,33103516.0,9604456928.0
2021-08-11,93.6,96.78,92.68,95.54,26399395.0,7742097441.0
2021-08-12,94.9,101.5,93.72,100.07,38277898.0,11687505017.0
2021-08-13,98.13,101.21,96.51,97.17,24690646.0,7475335873.0
2021-08-16,96.19,96.19,92.3,92.43,30506701.0,8815872753.0
2021-08-17,91.8,94.09,90.04,90.79,27205840.0,7713091722.0
2021-08-18,92.44,93.31,90.1,91.87,22172302.0,6281190851.0
2021-08-19,91.87,96.74,90.22,95.13,36167179.0,10474777901.0
2021-08-20,93.6,95.09,91.33,92.33,24717320.0,7084185440.0
2021-08-23,91.17,95.36,89.24,93.86,29582687.0,8526532885.0
2021-08-24,94.83,97.81,93.94,96.6,27439906.0,8152952115.0
2021-08-25,96.45,97.1,94.25,95.93,17914538.0,5272706498.0
2021-08-26,96.19,96.76,91.49,91.49,26368159.0,7570972707.0
2021-08-27,91.01,95.88,90.69,93.32,26288930.0,7628216261.0
2021-08-30,89.86,93.28,88.73,91.32,41909234.0,11735714831.0
2021-08-31,92.91,92.91,86.33,89.71,32966834.0,9041075461.0
2021-09-01,89.71,90.03,83.43,86.25,28767422.0,7678475359.0
2021-09-02,86.48,88.09,85.08,86.47,16524443.0,4421950963.0
2021-09-03,86.48,87.77,81.1,82.3,28796413.0,7420408930.0
2021-09-06,84.2,90.36,83.88,89.91,39778881.0,10725519555.0
2021-09-07,89.91,91.04,88.51,89.37,20763353.0,5743962165.0
2021-09-08,90.0,90.45,87.0,87.31,18257806.0,4971116497.0
2021-09-09,88.09,90.55,86.09,88.0,21625641.0,5891876584.0
2021-09-10,88.0,88.27,85.06,86.02,23875736.0,6341377791.0
2021-09-13,86.91,88.09,83.94,84.65,21349179.0,5623333361.0
2021-09-14,84.66,89.39,83.26,87.2,35469000.0,9581432835.0
2021-09-15,86.76,87.45,84.21,84.58,21880911.0,5742276750.0
2021-09-16,84.58,85.75,81.14,81.29,22080971.0,5613770464.0
2021-09-17,81.94,83.24,81.13,82.63,13942107.0,3544731220.0
2021-09-22,80.32,81.44,79.04,80.06,16341286.0,4037944329.0
2021-09-23,82.21,83.4,80.61,80.94,14978418.0,3773864372.0
2021-09-24,81.28,83.4,80.0,81.54,15826700.0,4002973167.0
2021-09-27,82.26,83.39,79.93,81.78,17999094.0,4548951212.0
2021-09-28,81.58,82.21,79.77,79.95,16244438.0,4060118404.0
2021-09-29,78.7,79.31,76.11,76.43,24555481.0,5859195957.0
2021-09-30,77.15,80.87,76.82,80.81,22503801.0,5528259622.0
2021-10-08,83.55,84.2,80.97,81.94,19410395.0,4939109186.0
2021-10-11,81.97,85.21,80.32,82.83,21197273.0,5448306886.0
2021-10-12,82.59,85.15,81.94,83.24,21165134.0,5464868602.0
2021-10-13,83.24,88.61,82.37,87.83,32197810.0,8631470873.0
2021-10-14,87.77,89.39,86.84,88.4,17779932.0,4844827928.0
2021-10-15,89.07,93.11,87.77,91.76,28784505.0,8089636933.0
2021-10-18,92.06,93.48,90.7,92.6,21621378.0,6155818958.0
2021-10-19,93.28,95.51,91.98,92.24,19385785.0,5581983586.0
2021-10-20,92.63,95.54,92.38,94.12,21704509.0,6300647167.0
2021-10-21,94.25,94.77,91.98,92.96,18062575.0,5184267796.0
2021-10-22,94.64,97.49,93.6,97.16,33654868.0,10022899339.0
2021-10-25,98.17,103.2,97.88,102.78,33518976.0,10469605348.0
2021-10-26,107.04,107.96,102.91,103.32,31324434.0,10148404491.0
2021-10-27,101.37,105.82,100.82,104.2,21906777.0,7024365486.0
2021-10-28,103.51,104.87,98.91,99.75,29826714.0,9334453597.0
2021-10-29,98.82,101.62,95.14,100.83,34715958.0,10585996588.0
2021-11-01,97.62,99.89,95.16,97.81,28478587.0,8570609748.0
2021-11-02,100.4,103.58,99.64,101.66,29008740.0,9102548555.0
2021-11-03,101.42,101.65,97.12,98.14,19724814.0,6017080223.0
2021-11-04,100.77,106.55,100.09,105.26,34996434.0,11223980651.0
2021-11-05,104.94,105.91,101.38,101.7,19418326.0,6178126194.0
2021-11-08,99.78,103.51,99.43,102.02,16984947.0,5344230944.0
2021-11-09,102.04,106.87,102.04,103.86,20330504.0,6580787589.0
2021-11-10,101.7,102.22,97.67,100.49,27487850.0,8480095669.0
2021-11-11,101.37,102.67,99.77,101.05,13885150.0,4327235824.0
2021-11-12,102.28,102.58,98.94,99.36,14888382.0,4590558598.0
2021-11-15,99.36,99.36,94.07,95.52,22537224.0,6667949871.0
2021-11-16,95.22,96.41,93.28,95.06,15180848.0,4462067585.0
2021-11-17,97.16,98.21,95.22,96.14,16337775.0,4875749072.0
2021-11-18,95.48,96.8,93.92,95.67,12909722.0,3802420936.0
2021-11-19,95.78,97.16,93.28,96.13,17515864.0,5144668932.0
2021-11-22,96.64,100.89,96.58,100.73,28702045.0,8785850015.0
2021-11-23,99.71,100.31,98.45,99.91,15036257.0,4609989314.0
2021-11-24,98.92,100.27,97.49,98.2,14193817.0,4319711029.0
2021-11-25,98.2,98.62,94.34,96.51,17097144.0,5070667610.0
2021-11-26,95.54,98.71,95.24,96.4,12249393.0,3671367398.0
2021-11-29,94.51,99.45,93.9,98.61,20015675.0,6053231132.0
2021-11-30,99.43,99.75,98.13,98.68,13178826.0,4023809747.0
2021-12-01,98.85,99.59,97.29,98.89,10827864.0,3295906129.0
2021-12-02,98.78,101.72,98.17,100.01,18007211.0,5567674845.0
2021-12-03,99.43,100.34,96.79,99.4,21032715.0,6367075409.0
2021-12-06,97.49,100.89,97.44,97.73,17880086.0,5465317713.0
2021-12-07,99.11,99.22,94.27,95.48,22767860.0,6727286965.0
2021-12-08,95.87,97.49,95.38,97.42,15438176.0,4606774780.0
2021-12-09,97.16,97.37,96.2,97.0,11295711.0,3375316207.0
2021-12-10,95.86,97.82,94.83,97.62,14487273.0,4325991092.0
2021-12-13,98.13,98.13,96.51,96.64,14294124.0,4278869484.0
2021-12-14,95.71,96.21,94.47,95.03,15711128.0,4609509734.0
2021-12-15,95.03,95.71,94.48,95.01,9815036.0,2877855926.0
2021-12-16,94.9,95.05,90.36,92.69,27866516.0,7928142188.0
2021-12-17,91.98,92.59,90.23,90.35,15111815.0,4240478259.0
2021-12-20,90.44,91.16,86.89,87.61,21784503.0,5964658201.0
2021-12-21,87.61,89.64,87.26,89.46,14965305.0,4098708738.0
2021-12-22,90.69,92.36,89.72,90.43,14444230.0,4061024216.0
2021-12-23,91.34,92.27,89.77,90.68,12302134.0,3451820146.0
2021-12-24,91.33,91.33,85.81,87.45,20996881.0,5675961284.0
2021-12-27,87.12,87.95,86.15,86.48,10718995.0,2874395592.0
2021-12-28,86.85,87.77,86.22,87.72,11854284.0,3183320996.0
2021-12-29,88.14,88.17,85.18,87.12,14160304.0,3783958092.0
2021-12-30,86.8,88.41,86.15,86.52,11732673.0,3158736177.0
2021-12-31,88.42,88.8,86.47,86.84,11629197.0,3136714688.0
2022-01-04,89.39,90.51,85.9,87.77,24466089.0,6673692548.0
2022-01-05,85.68,86.31,81.53,82.02,30170891.0,7725244309.0
2022-01-06,80.97,82.44,80.29,80.98,17590784.0,4396413607.0
2022-01-07,81.55,81.93,79.35,79.84,16193355.0,4009535493.0
2022-01-10,79.35,80.8,77.42,79.77,16214182.0,3964485468.0
2022-01-11,79.76,79.76,77.02,77.44,21244147.0,5100240705.0
2022-01-12,79.67,82.91,79.13,82.91,32360224.0,8103336077.0
2022-01-13,83.48,83.74,80.52,82.69,21710390.0,5516666113.0
2022-01-14,81.23,83.33,80.97,81.99,14954815.0,3798549607.0
2022-01-17,81.95,86.63,81.95,86.31,24114466.0,6349270849.0
2022-01-18,86.28,87.11,84.95,86.18,12505443.0,3325099880.0
2022-01-19,86.13,86.76,81.07,81.93,23188180.0,5960665207.0
2022-01-20,81.65,82.17,80.0,81.32,14998647.0,3759819344.0
2022-01-21,81.32,82.83,79.78,81.1,11239432.0,2822719636.0
2022-01-24,79.7,81.9,79.11,81.42,10837686.0,2706367142.0
2022-01-25,80.32,81.29,77.73,77.83,17277223.0,4222848973.0
2022-01-26,79.35,81.42,78.48,80.8,17444584.0,4321964225.0
2022-01-27,80.0,80.74,78.05,78.14,13264963.0,3242987820.0
2022-01-28,77.72,78.38,71.17,73.45,32437311.0,7392709579.0
2022-02-07,77.99,80.74,77.09,79.16,25112453.0,6117950238.0
2022-02-08,78.7,78.7,74.7,76.75,19903953.0,4669048973.0
2022-02-09,77.42,79.8,76.12,79.41,19992864.0,4854528826.0
2022-02-10,79.92,80.32,77.11,77.77,14628460.0,3521519984.0
2022-02-11,76.45,77.77,74.01,74.55,19943926.0,4646313004.0
2022-02-14,74.56,76.11,72.87,75.13,13319949.0,3079221402.0
2022-02-15,75.2,77.72,75.2,77.18,15852428.0,3757722230.0
2022-02-16,78.38,79.35,77.86,77.92,12872491.0,3117890741.0
2022-02-17,78.46,80.56,77.41,79.48,19106386.0,4670631745.0
2022-02-18,78.05,79.48,77.73,78.69,9910466.0,2407158413.0
2022-02-21,78.05,79.61,77.61,78.34,10953804.0,2657589017.0
2022-02-22,77.41,77.41,75.88,76.9,12545211.0,2966441430.0
2022-02-23,78.35,81.78,77.41,81.62,29114890.0,7232161935.0
2022-02-24,80.36,81.55,78.24,79.3,23821988.0,5865805707.0
2022-02-25,80.94,81.74,80.27,80.27,14601353.0,3646918800.0
2022-02-28,79.96,81.03,79.67,80.84,11829090.0,2936223652.0
2022-03-01,82.59,83.11,80.73,81.55,17651958.0,4476714982.0
2022-03-02,80.64,80.76,79.01,80.52,12124247.0,2998567642.0
2022-03-03,80.81,81.25,79.03,79.42,9963340.0,2449485385.0
2022-03-04,76.86,78.33,74.49,75.72,29170634.0,6857430688.0
2022-03-07,73.48,73.74,71.26,72.42,23612920.0,5286036163.0
2022-03-08,71.6,73.03,68.01,70.02,29149934.0,6317187686.0
2022-03-09,70.28,72.42,68.01,72.42,25113522.0,5484773703.0
2022-03-10,75.43,75.6,74.17,74.2,24834283.0,5744789050.0
2022-03-11,71.9,75.07,71.26,74.44,18611604.0,4186645901.0
2022-03-14,72.87,72.87,70.93,70.93,15084061.0,3336922827.0
2022-03-15,68.38,71.9,67.83,68.92,19820362.0,4269341883.0
2022-03-16,71.58,74.49,69.37,74.31,33376627.0,7432043602.0
2022-03-17,77.85,78.02,76.0,76.08,31584430.0,7518685380.0
2022-03-18,76.08,77.36,75.16,75.95,15054856.0,3530653259.0
2022-03-21,77.73,80.6,77.14,79.47,27917768.0,6829415270.0
2022-03-22,79.35,80.13,78.38,79.28,11507907.0,2815900952.0
2022-03-23,80.97,81.29,79.76,80.05,14850096.0,3696654258.0
2022-03-24,78.93,80.97,78.51,80.02,11368127.0,2794432828.0
2022-03-25,80.03,80.63,75.79,76.21,20802373.0,4984988436.0
2022-03-28,76.08,76.08,74.13,74.62,14310354.0,3306510716.0
2022-03-29,75.44,76.6,74.1,74.82,13858731.0,3224438270.0
2022-03-30,73.52,76.76,71.97,76.76,25125996.0,5807876452.0
2022-03-31,75.85,76.11,73.48,74.43,16173143.0,3721363312.0
2022-04-01,73.45,77.59,73.39,76.42,18294805.0,4301758390.0
2022-04-06,79.35,79.67,77.6,78.35,20529330.0,4976485482.0
2022-04-07,77.73,79.45,77.41,77.73,12269953.0,2964659964.0
2022-04-08,77.73,79.84,77.44,79.02,17171897.0,4185742782.0
2022-04-11,77.73,78.21,74.33,75.46,19307007.0,4519392607.0
2022-04-12,75.14,77.26,74.88,77.13,12888867.0,3034073575.0
2022-04-13,76.12,78.36,75.47,76.76,10967251.0,2614119777.0
2022-04-14,78.38,79.35,78.01,78.15,13163750.0,3198011078.0
2022-04-15,77.24,77.73,75.38,76.5,12923931.0,3049510858.0
2022-04-18,76.04,78.05,74.49,77.44,11059238.0,2613800697.0
2022-04-19,78.75,81.26,78.74,79.3,20778154.0,5140377762.0
2022-04-20,80.21,80.43,78.01,78.31,13078093.0,3187144240.0
2022-04-21,77.01,77.98,75.17,75.8,15404876.0,3625535265.0
2022-04-22,74.49,76.32,74.19,76.24,10816219.0,2522975079.0
2022-04-25,74.49,76.58,73.4,73.68,16188917.0,3741670660.0
2022-04-26,74.16,76.39,73.98,75.08,15817620.0,3670084739.0
2022-04-27,73.39,76.37,70.87,76.11,25434167.0,5794106500.0
2022-04-28,75.98,76.27,74.49,75.13,14637213.0,3405250082.0
2022-04-29,75.72,78.97,74.73,78.7,24816310.0,5912448351.0
2022-05-05,79.74,81.74,78.3,80.58,25325879.0,6282897504.0
2022-05-06,78.06,79.67,77.76,78.4,14548866.0,3530097270.0
2022-05-09,74.82,76.72,74.82,75.38,17511635.0,4086613976.0
2022-05-10,72.58,75.68,71.99,75.57,20969664.0,4792958517.0
2022-05-11,75.14,83.13,74.98,81.84,45952571.0,11482476078.0
2022-05-12,80.97,83.46,80.55,82.29,24115606.0,6107994848.0
2022-05-13,84.14,87.93,82.88,87.47,36712061.0,9733352390.0
2022-05-16,87.81,88.42,85.92,86.51,20236880.0,5441551550.0
2022-05-17,87.12,92.3,86.96,91.49,29348903.0,8193618911.0
2022-05-18,91.49,93.28,90.36,91.14,20530270.0,5812000946.0
2022-05-19,89.17,92.42,88.84,92.15,17363651.0,4879756543.0
2022-05-20,92.96,94.45,91.07,93.18,17868336.0,5125699547.0
2022-05-23,94.8,96.51,93.21,95.61,25558816.0,7496178213.0
2022-05-24,93.92,94.88,91.01,91.01,29049653.0,8303003901.0
2022-05-25,91.09,93.49,90.05,93.02,23085773.0,6563211987.0
2022-05-26,93.07,94.32,91.49,92.84,14309499.0,4106312149.0
2022-05-27,94.88,96.39,92.84,93.56,15318685.0,4467796259.0
2022-05-30,94.57,97.07,94.27,96.55,21852350.0,6485731977.0
2022-05-31,97.16,97.47,95.06,95.84,17701119.0,5242211080.0
2022-06-01,96.51,98.72,94.93,97.16,21691175.0,6501902117.0
2022-06-02,95.87,98.78,95.61,97.49,17772777.0,5355773611.0
2022-06-06,98.46,103.79,97.99,103.07,29475729.0,9260502507.0
2022-06-07,102.99,103.6,100.76,101.99,20022089.0,6296538086.0
2022-06-08,103.19,106.25,101.38,106.04,29051340.0,9321932807.0
2022-06-09,108.18,108.43,103.96,104.42,30754172.0,10050640390.0
2022-06-10,104.13,113.36,103.98,112.97,43824900.0,14790622515.0
2022-06-13,112.06,116.23,110.31,112.97,36068132.0,12573534324.0
2022-06-14,110.77,111.67,105.98,111.28,40478934.0,13634616448.0
2022-06-15,111.4,112.14,107.7,108.5,30394787.0,10285857695.0
2022-06-16,108.66,110.99,107.98,108.82,19017245.0,6410739474.0
2022-06-17,106.91,110.51,105.93,109.47,26214759.0,8830738834.0
2022-06-20,109.5,112.92,108.5,110.82,24541557.0,8405361560.0
2022-06-21,110.04,110.7,107.59,110.44,19782739.0,6666969509.0
2022-06-22,110.9,112.59,109.47,110.08,18678783.0,6412052153.0
2022-06-23,111.64,114.67,109.47,114.49,32314226.0,11251775974.0
2022-06-24,114.32,115.39,112.06,113.7,23598355.0,8273168197.0
2022-06-27,114.03,115.62,112.82,113.26,21715524.0,7630684845.0
2022-06-28,112.38,116.21,111.0,114.3,26963471.0,9447959128.0
2022-06-29,113.35,113.36,107.36,107.4,36114602.0,12246017195.0
2022-06-30,107.2,109.91,106.88,108.01,22014478.0,7372602921.0
2022-07-01,107.58,107.85,103.67,106.62,23411263.0,7658689348.0
2022-07-04,107.53,109.54,106.94,108.87,20951206.0,7020823754.0
2022-07-05,109.15,110.31,106.75,108.14,17375703.0,5819208075.0
2022-07-06,108.11,110.31,107.52,108.85,18343420.0,6179119713.0
2022-07-07,109.37,113.99,107.97,113.16,30464874.0,10511816689.0
2022-07-08,113.16,113.97,109.47,109.47,19047757.0,6547699048.0
2022-07-11,108.78,108.78,103.28,105.03,25431744.0,8284856773.0
2022-07-12,103.64,103.96,97.19,100.08,45051469.0,13935271931.0
2022-07-13,100.08,101.65,96.12,100.36,34106695.0,10439432846.0
2022-07-14,100.05,104.61,99.43,104.61,27248936.0,8631732044.0
2022-07-15,108.5,113.32,107.85,109.53,44450784.0,15284697866.0
2022-07-18,111.74,112.06,106.23,109.18,23891156.0,8007559907.0
2022-07-19,109.18,109.18,106.11,107.24,15818025.0,5239778187.0
2022-07-20,107.84,108.13,106.58,107.43,10326348.0,3425066981.0
2022-07-21,106.55,107.2,104.59,105.1,13200328.0,4303073903.0
2022-07-22,105.59,108.39,105.58,106.76,14177374.0,4687025063.0
2022-07-25,105.58,105.91,103.64,104.6,11501710.0,3705167359.0
2022-07-26,104.44,106.13,103.64,105.26,10765616.0,3493834391.0
2022-07-27,104.94,106.81,103.97,105.52,9105572.0,2961812249.0
2022-07-28,106.56,107.35,104.94,105.4,10906517.0,3572559082.0
2022-07-29,104.65,106.2,103.01,103.79,11485364.0,3695131506.0
2022-08-01,103.02,107.59,102.48,107.09,18758376.0,6141512246.0
2022-08-02,105.26,107.07,104.09,105.81,15664266.0,5110091378.0
2022-08-03,105.84,108.48,103.31,104.32,18872311.0,6197191078.0
2022-08-04,106.27,107.39,104.35,105.88,18663677.0,6098858889.0
2022-08-05,106.91,107.53,103.12,105.13,15756385.0,5115620394.0
2022-08-08,104.36,105.26,103.35,104.11,12948786.0,4158491944.0
2022-08-09,104.06,104.9,103.07,103.58,11610661.0,3719885520.0
2022-08-10,103.58,103.58,98.81,99.9,25849901.0,7998810821.0
2022-08-11,100.9,102.34,99.01,102.06,16544481.0,5159742999.0
2022-08-12,102.06,102.47,100.43,101.06,10133763.0,3165436406.0
2022-08-15,101.15,103.42,100.83,102.12,13511926.0,4265356112.0
2022-08-16,102.31,104.29,102.22,103.32,15724331.0,5029761317.0
2022-08-17,103.67,106.78,102.61,106.24,21087113.0,6808620194.0
2022-08-18,105.94,106.91,104.92,105.63,14279044.0,4659424799.0
2022-08-19,105.3,106.08,102.7,103.48,12428923.0,3993178340.0
2022-08-22,102.38,105.65,101.15,104.67,14766765.0,4747212897.0
2022-08-23,104.97,105.47,103.34,104.2,9299975.0,2989844195.0
2022-08-24,104.22,104.63,100.21,100.27,18678283.0,5854016197.0
2022-08-25,100.29,100.78,98.06,100.3,14022073.0,4308297637.0
2022-08-26,101.4,103.0,100.43,102.29,12212655.0,3849213721.0
2022-08-29,101.62,102.66,100.92,101.58,8591166.0,2696123151.0
2022-08-30,102.22,103.19,100.43,100.71,11024737.0,3454778560.0
2022-08-31,94.28,96.09,92.01,93.3,40805974.0,11841919126.0
2022-09-01,92.33,95.44,92.02,92.89,19258233.0,5566420145.0
2022-09-02,93.53,93.82,90.1,91.36,16166192.0,4561284362.0
2022-09-05,87.15,87.76,84.59,87.07,35120827.0,9364600412.0
2022-09-06,87.08,88.92,86.57,88.43,18990284.0,5154529158.0
2022-09-07,88.12,92.35,87.67,91.59,19087317.0,5345727757.0
2022-09-08,91.69,92.33,89.74,90.15,11642911.0,3267426059.0
2022-09-09,91.04,91.2,89.74,90.62,7609826.0,2125233636.0
2022-09-13,91.36,92.88,90.51,92.27,11152411.0,3162351107.0
2022-09-14,91.36,91.95,89.5,90.17,10515106.0,2935617133.0
2022-09-15,90.71,90.88,86.47,87.31,15239523.0,4126260385.0
2022-09-16,86.83,87.94,85.65,86.17,10447636.0,2797971959.0
2022-09-19,86.83,88.74,86.4,87.59,11094999.0,3006108121.0
2022-09-20,88.71,89.9,88.13,88.84,11124502.0,3058894059.0
2022-09-21,88.06,88.32,86.5,87.47,8375363.0,2258898398.0
2022-09-22,86.66,87.27,84.66,87.0,9279950.0,2468839436.0
2022-09-23,86.53,87.4,85.62,86.31,7964412.0,2125444095.0
2022-09-26,86.31,89.42,85.39,88.43,14360640.0,3911414127.0
2022-09-27,88.43,89.04,87.49,88.76,8309593.0,2262822665.0
2022-09-28,88.45,88.45,86.02,86.06,8562018.0,2293531516.0
2022-09-29,87.47,88.06,85.53,85.72,8835668.0,2355802796.0
2022-09-30,85.21,85.38,80.67,81.65,21403588.0,5421385039.0
2022-10-10,81.73,83.07,80.81,81.38,11747850.0,2967008054.0
2022-10-11,81.64,83.39,80.78,82.62,13282039.0,3370369988.0
2022-10-12,82.29,85.29,80.98,84.99,14487143.0,3708582158.0
2022-10-13,84.23,85.21,83.61,83.65,9618660.0,2497932932.0
2022-10-14,84.91,87.18,84.22,85.71,14569451.0,3854443049.0
2022-10-17,85.21,85.21,83.16,84.45,10967836.0,2842978645.0
2022-10-18,90.39,90.39,88.28,88.66,24414179.0,6717206761.0
2022-10-19,88.66,89.56,86.46,86.66,13400403.0,3642369174.0
2022-10-20,85.53,86.04,83.39,85.37,12841678.0,3355270263.0
2022-10-21,85.38,87.76,84.89,86.28,10478554.0,2794657482.0
2022-10-24,85.82,86.28,82.15,82.8,16741256.0,4324097663.0
2022-10-25,81.97,84.43,81.0,83.56,11324267.0,2897739554.0
2022-10-26,84.23,85.54,82.71,83.54,12641527.0,3279130696.0
2022-10-27,83.91,84.47,82.61,82.61,9776582.0,2516238985.0
2022-10-28,81.97,81.97,76.4,77.72,26316393.0,6372054067.0
2022-10-31,76.95,81.32,76.82,79.92,18794233.0,4625511532.0
2022-11-01,80.06,84.95,80.02,84.82,21928271.0,5620272304.0
2022-11-02,84.56,87.99,83.7,86.68,18731929.0,4980989815.0
2022-11-03,85.86,88.04,85.56,86.82,10238397.0,2747240766.0
2022-11-04,87.14,91.69,86.83,90.78,22488689.0,6270505264.0
2022-11-07,89.09,91.37,88.44,90.35,13584206.0,3781158420.0
2022-11-08,90.54,91.56,88.61,89.55,10563449.0,2925766812.0
2022-11-09,90.11,90.35,87.03,87.35,11194636.0,3038705770.0
2022-11-10,85.73,85.84,82.87,84.32,15549677.0,4039239830.0
2022-11-11,87.64,88.44,85.91,87.09,16609959.0,4467701122.0
2022-11-14,87.23,88.3,85.13,85.46,11523697.0,3071390410.0
2022-11-15,85.53,86.92,84.27,86.5,11284835.0,2985500714.0
2022-11-16,86.11,86.37,84.27,84.58,10354941.0,2719934793.0
2022-11-17,84.21,84.21,82.15,83.26,11126057.0,2842104513.0
2022-11-18,83.51,84.09,82.13,82.51,10118376.0,2595461705.0
2022-11-21,81.92,82.49,80.51,82.36,8251507.0,2082807825.0
2022-11-22,82.61,82.7,80.99,81.15,8014551.0,2013576333.0
2022-11-23,81.15,81.48,80.09,81.48,8846881.0,2209509306.0
2022-11-24,82.08,82.61,80.44,80.8,8531406.0,2137710348.0
2022-11-25,80.67,80.67,79.38,79.39,8782164.0,2160628974.0
2022-11-28,77.76,79.42,76.85,79.41,9910928.0,2387430973.0
2022-11-29,79.79,80.89,78.73,80.44,12358078.0,3051509362.0
2022-11-30,80.46,84.23,79.85,84.08,21287338.0,5434244563.0
2022-12-01,86.83,87.78,85.83,86.39,25798585.0,6927128718.0
2022-12-02,85.83,86.69,84.39,84.91,11607538.0,3062453852.0
2022-12-05,86.16,86.69,84.85,85.32,10523309.0,2776465999.0
2022-12-06,84.41,88.0,84.24,86.7,12300679.0,3283672654.0
2022-12-07,86.71,90.16,86.71,88.69,19266593.0,5284876703.0
2022-12-08,88.69,89.09,87.76,88.86,9458065.0,2587392486.0
2022-12-09,89.25,89.97,87.94,89.0,10099232.0,2768392889.0
2022-12-12,88.11,88.6,86.83,87.44,8012821.0,2168695196.0
2022-12-13,88.12,89.09,87.31,87.41,6138433.0,1667300818.0
2022-12-14,87.28,87.29,85.4,86.31,9436462.0,2507895817.0
2022-12-15,86.29,88.21,85.37,87.95,9712345.0,2610706544.0
2022-12-16,87.5,87.92,86.68,87.64,5619664.0,1512400641.0
2022-12-19,87.15,89.09,86.05,86.34,8403891.0,2264390155.0
2022-12-20,86.15,86.15,83.81,84.75,8490821.0,2218820935.0
2022-12-21,84.75,85.16,84.11,84.49,4196630.0,1095313222.0
2022-12-22,85.21,85.37,83.75,83.97,5920995.0,1543323319.0
2022-12-23,82.97,83.07,81.16,81.7,9081868.0,2294101018.0
2022-12-26,81.71,85.37,81.7,85.02,9354753.0,2430254725.0
2022-12-27,85.36,85.52,84.17,84.92,5553654.0,1453871979.0
2022-12-28,83.42,83.98,81.97,82.49,10256378.0,2612261022.0
2022-12-29,82.29,83.87,81.69,82.54,7225577.0,1841122254.0
2022-12-30,83.75,84.35,83.1,83.25,7488973.0,1931977379.0
2023-01-03,83.07,84.86,80.99,84.39,12137430.0,3108609041.0
2023-01-04,84.23,84.39,83.1,83.94,7267459.0,1881537612.0
2023-01-05,85.05,86.69,84.58,85.88,11893600.0,3143084205.0
2023-01-06,86.8,87.86,85.89,86.24,13885523.0,3726792589.0
2023-01-09,86.83,86.83,84.98,85.33,11416882.0,3020383480.0
2023-01-10,84.9,87.34,83.36,86.37,17351254.0,4568518535.0
2023-01-11,85.82,87.8,84.69,87.15,12836375.0,3429408754.0
2023-01-12,87.96,92.16,87.7,89.84,22347919.0,6213489747.0
2023-01-13,89.88,90.69,89.09,90.25,12841101.0,3556565563.0
2023-01-16,90.25,90.32,88.12,88.71,16499989.0,4536354778.0
2023-01-17,88.71,88.93,87.13,87.47,11166571.0,3020383061.0
2023-01-18,87.43,88.28,86.34,87.15,8610817.0,2315435133.0
2023-01-19,86.79,87.75,86.35,87.64,8123863.0,2185520061.0
2023-01-20,87.8,88.08,86.51,87.5,10464935.0,2819530181.0
2023-01-30,92.33,93.31,91.04,91.36,28185441.0,8014418508.0
2023-01-31,92.33,93.57,90.84,92.59,18711017.0,5339962478.0
2023-02-01,93.3,98.6,92.7,98.6,27298697.0,8144001077.0
2023-02-02,99.1,99.18,97.18,98.04,14802993.0,4485489933.0
2023-02-03,97.18,97.18,94.86,95.57,15294828.0,4517779880.0
2023-02-06,94.5,94.5,93.18,93.95,10044660.0,2906251550.0
2023-02-07,94.6,94.76,93.18,93.63,7683474.0,2223584358.0
2023-02-08,93.63,93.63,91.62,92.55,9290144.0,2653105085.0
2023-02-09,92.01,93.57,91.46,93.41,9064889.0,2602093564.0
2023-02-10,92.62,92.63,90.71,91.32,12970811.0,3659502384.0
2023-02-13,90.39,91.78,89.76,91.47,9346144.0,2628940179.0
2023-02-14,92.01,92.17,90.42,91.35,7364368.0,2068766543.0
2023-02-15,91.69,91.98,90.25,90.39,9083216.0,2549250814.0
2023-02-16,90.71,91.29,89.05,89.75,10334815.0,2883947589.0
2023-02-17,89.58,90.1,87.89,88.01,10099650.0,2764372531.0
2023-02-20,87.99,88.54,86.5,88.38,13070148.0,3524868435.0
2023-02-21,88.12,89.6,87.57,89.01,11369006.0,3115649014.0
2023-02-22,88.09,88.32,87.12,87.61,8508796.0,2301668445.0
2023-02-23,87.44,88.02,86.99,87.62,10035821.0,2705234150.0
2023-02-24,87.16,87.44,86.5,86.69,6686761.0,1790064872.0
2023-02-27,85.85,86.14,83.59,84.17,16970381.0,4428436083.0
2023-02-28,84.56,84.88,83.45,84.49,12033003.0,3122819224.0
2023-03-01,84.48,86.35,83.51,86.02,14365761.0,3781045101.0
2023-03-02,86.22,86.87,84.88,85.44,11490496.0,3043464760.0
2023-03-03,85.85,85.93,84.91,85.46,6398161.0,1686348718.0
2023-03-06,85.53,85.73,83.59,85.62,11212447.0,2932174905.0
2023-03-07,85.59,86.5,84.4,84.46,10593288.0,2789608646.0
2023-03-08,83.75,84.17,82.61,83.26,12089760.0,3104294281.0
2023-03-09,83.1,84.18,82.29,82.96,9673143.0,2481897868.0
2023-03-10,81.64,81.97,78.5,78.77,28346408.0,6951755744.0
2023-03-13,78.31,78.71,76.78,77.91,16734341.0,4010230472.0
2023-03-14,77.76,78.57,75.5,77.75,19856816.0,4715842057.0
2023-03-15,78.24,78.56,76.92,77.31,12071459.0,2895736124.0
2023-03-16,76.14,77.63,75.81,76.07,11837025.0,2793057411.0
2023-03-17,76.71,78.07,76.31,77.08,13500262.0,3213067916.0
2023-03-20,77.08,77.55,76.01,76.32,8632333.0,2041533811.0
2023-03-21,76.75,77.6,76.07,77.6,10887269.0,2585297268.0
2023-03-22,78.47,80.21,78.43,78.79,15533932.0,3800940796.0
2023-03-23,78.72,79.54,77.59,79.53,9746104.0,2374450293.0
2023-03-24,79.54,80.23,78.89,79.71,8101826.0,1990565427.0
2023-03-27,79.7,79.7,77.85,78.94,9249536.0,2246213086.0
2023-03-28,79.21,79.59,78.53,79.38,8184504.0,1998797291.0
2023-03-29,79.88,81.08,79.88,80.25,14430262.0,3588758349.0
2023-03-30,80.99,83.33,80.99,83.33,20926722.0,5317797712.0
2023-03-31,83.9,84.51,82.61,82.95,16700761.0,4304295452.0
2023-04-03,82.94,83.66,81.73,82.91,13369125.0,3412119593.0
2023-04-04,82.88,82.88,80.34,81.29,13774433.0,3448255051.0
2023-04-06,80.35,81.28,79.6,80.99,8194227.0,2036216982.0
2023-04-07,81.01,81.69,80.45,80.76,6872291.0,1718631441.0
2023-04-10,80.76,81.38,79.7,81.32,9805791.0,2436804939.0
2023-04-11,81.69,82.45,80.54,80.94,8745512.0,2194591845.0
2023-04-12,80.61,80.61,78.83,78.86,11232970.0,2751446164.0
2023-04-13,77.94,78.73,77.03,78.67,8096464.0,1952037226.0
2023-04-14,78.86,80.18,78.72,79.72,10550644.0,2589957803.0
2023-04-17,79.38,80.89,79.12,80.81,9039385.0,2244153587.0
2023-04-18,81.12,81.7,80.49,80.67,7843220.0,1961474846.0
2023-04-19,80.67,82.03,79.73,81.27,11192747.0,2793037791.0
2023-04-20,80.97,80.97,79.38,79.38,10030830.0,2470721410.0
2023-04-21,79.21,80.65,78.73,78.73,10405248.0,2553937672.0
2023-04-24,79.08,83.78,78.79,82.13,26701734.0,6747607047.0
2023-04-25,81.32,81.58,78.47,79.15,18741873.0,4589549733.0
2023-04-26,78.73,82.47,78.08,81.32,17449204.0,4353221180.0
2023-04-27,80.99,83.91,80.85,83.88,24246438.0,6228404693.0
2023-04-28,84.71,85.2,82.29,82.89,19194480.0,4933612984.0
2023-05-04,82.61,83.46,81.45,81.81,11812427.0,3002183827.0
2023-05-05,81.82,82.23,80.33,81.02,10243959.0,2560075787.0
2023-05-08,81.97,83.94,81.81,82.3,12162620.0,3104234524.0
2023-05-09,81.01,82.08,80.67,81.03,8988483.0,2253697879.0
2023-05-10,81.32,84.94,80.74,84.17,25369089.0,6542224183.0
2023-05-11,84.48,87.41,83.81,85.45,21423687.0,5669565808.0
2023-05-12,86.18,86.91,84.08,84.27,10457353.0,2750523184.0
2023-05-15,84.27,86.36,83.81,85.82,13692627.0,3615695776.0
2023-05-16,85.66,86.64,85.27,85.9,8163931.0,2162966661.0
2023-05-17,85.85,86.11,83.91,84.56,8955605.0,2336687603.0
2023-05-18,84.98,85.49,83.12,83.94,10069665.0,2610927791.0
2023-05-19,83.65,84.53,83.04,83.97,6010582.0,1557739695.0
2023-05-22,84.53,86.18,83.29,85.89,12016521.0,3160916357.0
2023-05-23,85.87,86.46,85.18,85.18,9061940.0,2401159869.0
2023-05-24,84.75,85.85,84.08,84.85,6809295.0,1787131273.0
2023-05-25,84.87,85.48,82.66,82.81,13207895.0,3413072494.0
2023-05-26,81.97,81.97,78.66,80.02,18581340.0,4583193890.0
2023-05-29,80.99,81.17,78.4,79.35,12472291.0,3051361333.0
2023-05-30,79.68,82.61,79.64,81.71,16688058.0,4201064907.0
2023-05-31,81.71,82.58,80.88,82.18,11838117.0,2995495154.0
2023-06-01,82.18,83.55,82.04,82.76,8673571.0,2217698926.0
2023-06-02,83.55,84.1,82.81,83.93,11067975.0,2854069098.0
2023-06-05,83.91,83.93,81.54,83.69,10479452.0,2682476684.0
2023-06-06,83.57,85.85,83.0,84.52,12898111.0,3371155485.0
2023-06-07,84.88,85.35,82.78,83.12,10049028.0,2598158541.0
2023-06-08,83.0,83.86,82.44,82.61,6445426.0,1650438582.0
2023-06-09,83.85,83.94,81.8,83.59,10748401.0,2753073835.0
2023-06-12,83.1,85.21,82.78,84.4,10289121.0,2682484320.0
2023-06-13,84.4,84.88,83.3,84.63,8151147.0,2117925896.0
2023-06-14,85.1,85.98,84.72,85.21,12577600.0,3318766726.0
2023-06-15,85.37,89.1,85.3,88.08,24396107.0,6622887119.0
2023-06-16,88.73,89.37,87.47,87.82,15229682.0,4146755899.0
2023-06-19,87.82,89.09,86.79,87.22,12356475.0,3342857529.0
2023-06-20,87.15,87.22,85.82,86.91,10236616.0,2734002025.0
2023-06-21,86.51,88.54,86.26,86.76,10781176.0,2906861071.0
2023-06-26,85.02,87.05,84.98,85.17,10151222.0,2681452522.0
2023-06-27,84.89,85.48,83.29,84.25,9902865.0,2570404964.0
2023-06-28,84.23,85.04,83.62,84.32,5726951.0,1489543301.0
2023-06-29,84.32,84.49,82.69,82.84,8348505.0,2148587117.0
2023-06-30,82.33,84.23,82.19,83.67,7572436.0,1952424866.0
2023-07-03,83.87,87.24,83.87,86.66,16256506.0,4313305226.0
2023-07-04,86.99,89.09,86.34,87.96,15712002.0,4271284305.0
2023-07-05,87.96,88.28,86.08,86.5,9303313.0,2493339683.0
2023-07-06,86.5,88.12,86.44,86.86,8371185.0,2249759123.0
2023-07-07,86.5,86.72,85.57,85.66,6219150.0,1650354364.0
2023-07-10,86.5,87.31,85.13,85.38,6887762.0,1824432454.0
2023-07-11,85.85,87.7,85.47,87.26,10240520.0,2744333129.0
2023-07-12,87.64,87.85,85.74,86.05,8703195.0,2328017076.0
2023-07-13,86.66,87.31,85.86,86.77,8275301.0,2213414441.0
2023-07-14,86.76,86.76,85.37,85.66,10272203.0,2718639361.0
2023-07-17,86.5,86.5,85.0,85.69,7892663.0,2086663751.0
2023-07-18,85.94,86.69,84.4,86.01,9845648.0,2603934532.0
2023-07-19,86.01,86.15,85.12,85.8,5025000.0,1328126187.0
2023-07-20,86.02,87.31,85.53,85.84,9127051.0,2434017185.0
2023-07-21,85.53,85.79,84.74,85.63,7528703.0,1979318622.0
2023-07-24,84.56,85.13,83.42,83.42,9595037.0,2491708306.0
2023-07-25,85.1,86.5,85.09,85.72,17388284.0,4604657752.0
2023-07-26,85.45,85.45,84.43,84.91,6586488.0,1723363551.0
2023-07-27,85.69,86.1,84.49,84.76,11265069.0,2962230532.0
2023-07-28,84.6,87.09,84.02,86.88,17330825.0,4584230666.0
2023-07-31,87.86,90.0,87.82,88.51,21506016.0,5874722583.0
2023-08-01,88.43,88.76,86.72,87.37,12033993.0,3239067594.0
2023-08-02,88.09,88.51,86.67,87.21,8739351.0,2346829431.0
2023-08-03,86.97,87.36,86.4,87.28,6616988.0,1766952896.0
2023-08-04,87.53,87.88,86.77,87.3,8805315.0,2358257628.0
2023-08-07,87.18,87.18,86.29,86.88,6420380.0,1710317723.0
2023-08-08,86.3,86.72,85.42,85.68,9171188.0,2419517105.0
2023-08-09,85.25,85.74,84.68,85.55,7249937.0,1897124688.0
2023-08-10,85.58,86.19,84.84,85.48,6001610.0,1575799641.0
2023-08-11,85.48,85.48,84.28,84.36,8612528.0,2242256361.0
2023-08-14,82.98,83.62,79.23,79.99,25289035.0,6237439722.0
2023-08-15,79.99,80.09,78.71,79.57,11502129.0,2804377793.0
2023-08-16,79.16,79.89,78.82,79.46,7997936.0,1953463842.0
2023-08-17,79.19,80.16,78.23,80.05,8683555.0,2118628433.0
2023-08-18,79.91,79.91,78.1,78.19,9846650.0,2385483843.0
2023-08-21,78.03,78.06,76.16,76.28,12787920.0,3022536162.0
2023-08-22,77.44,77.61,75.13,76.32,11211589.0,2620973083.0
2023-08-23,76.32,76.32,74.85,74.87,8123755.0,1882331986.0
2023-08-24,75.17,77.12,75.17,76.44,10681059.0,2501734161.0
2023-08-25,75.91,76.25,75.33,75.69,6677526.0,1554437027.0
2023-08-28,80.7,80.7,76.22,76.64,13352736.0,3189524811.0
2023-08-29,77.06,80.54,77.06,80.28,21322346.0,5201525920.0
2023-08-30,81.13,81.83,80.65,81.28,15218735.0,3798606951.0
2023-08-31,81.52,81.67,80.7,81.15,8873396.0,2214559039.0
2023-09-01,82.33,82.8,80.7,81.06,7777183.0,1949444069.0
2023-09-04,81.87,82.33,80.99,82.15,9651160.0,2427791469.0
2023-09-05,82.07,82.07,80.92,81.03,7457050.0,1864915960.0
2023-09-06,81.35,82.1,81.12,81.5,6592856.0,1653726027.0
2023-09-07,81.49,81.49,80.74,80.83,6091302.0,1517662852.0
2023-09-08,80.38,80.38,78.97,79.41,6763440.0,1651599178.0
2023-09-11,79.3,80.86,78.81,80.38,7651344.0,1876707032.0
2023-09-12,80.93,82.45,80.41,82.0,11953240.0,3004363229.0
2023-09-13,82.0,82.74,81.48,81.85,9147897.0,2305291960.0
2023-09-14,80.31,80.36,78.75,79.28,15258025.0,3722930909.0
2023-09-15,79.4,80.32,78.59,79.49,8225595.0,2010812284.0
2023-09-18,79.56,81.74,79.49,80.5,9640522.0,2395846503.0
2023-09-19,80.05,80.79,79.33,80.43,6239693.0,1533948927.0
2023-09-20,79.72,80.14,79.4,79.4,5449710.0,1332673933.0
2023-09-21,79.07,79.36,77.62,77.99,9296462.0,2232606210.0
2023-09-22,77.94,79.94,77.61,79.74,9676396.0,2356419361.0
2023-09-25,80.32,80.37,79.51,79.98,6478680.0,1592828380.0
2023-09-26,79.72,79.72,77.54,77.61,11846263.0,2846103700.0
2023-09-27,77.81,78.82,77.38,77.39,7573367.0,1808518866.0
2023-09-28,77.71,77.93,76.81,77.02,8525768.0,2022931184.0
2023-10-09,77.02,77.61,74.73,77.44,9179071.0,2162900147.0
2023-10-10,77.43,78.1,77.12,77.42,6393661.0,1524841111.0
2023-10-11,78.73,78.91,77.45,77.64,7668373.0,1838352974.0
2023-10-12,78.23,79.89,77.77,79.54,13934094.0,3391600251.0
2023-10-13,78.71,79.0,78.03,78.21,6644523.0,1598611952.0
2023-10-16,78.23,78.45,76.96,77.29,6602221.0,1573224653.0
2023-10-17,77.29,78.09,76.96,77.45,4916359.0,1169236112.0
2023-10-18,79.92,81.68,79.4,81.05,30786284.0,7646061771.0
2023-10-19,80.36,80.69,78.21,78.29,14775328.0,3595894522.0
2023-10-20,78.1,78.68,77.51,77.84,8565861.0,2050294971.0
2023-10-23,78.1,78.1,76.86,77.66,7353683.0,1747793907.0
2023-10-24,77.87,78.26,76.36,76.65,11077892.0,2614866694.0
2023-10-25,77.44,78.1,76.87,77.25,8367573.0,1993861828.0
2023-10-26,76.81,77.71,76.7,77.64,7319935.0,1738279510.0
2023-10-27,77.45,79.23,77.29,78.73,10320556.0,2490630305.0
2023-10-30,77.94,79.72,77.67,79.59,11729547.0,2849732929.0
2023-10-31,79.23,79.39,77.28,77.62,12720475.0,3044814889.0
2023-11-01,77.45,77.45,76.61,76.86,9339042.0,2206820551.0
2023-11-02,77.4,77.41,76.4,76.4,8541416.0,2015702321.0
2023-11-03,76.63,77.82,76.43,77.66,9067942.0,2154652391.0
2023-11-06,78.26,79.21,78.1,79.04,14354786.0,3472633480.0
2023-11-07,79.07,79.5,78.26,78.41,9451293.0,2287202177.0
2023-11-08,78.21,78.38,77.83,78.1,8012814.0,1921682141.0
2023-11-09,78.1,78.34,77.56,77.87,7318274.0,1750698708.0
2023-11-10,77.77,77.77,76.68,77.11,8190190.0,1940054003.0
2023-11-13,77.41,77.5,76.5,77.16,6973846.0,1649215951.0
2023-11-14,77.22,77.51,76.99,77.32,5521655.0,1310694854.0
2023-11-15,78.06,78.1,77.54,77.65,7869167.0,1881360641.0
2023-11-16,78.03,78.03,77.19,77.54,6169007.0,1471253077.0
2023-11-17,77.12,77.64,76.79,77.04,5946229.0,1408060178.0
2023-11-20,76.73,76.96,76.33,76.47,7677094.0,1804923944.0
2023-11-21,76.69,77.02,76.03,76.21,8238634.0,1937039109.0
2023-11-22,75.98,75.98,74.8,74.84,10557108.0,2440478827.0
2023-11-23,75.0,75.26,73.9,74.46,10576394.0,2425947586.0
2023-11-24,74.45,74.45,70.09,70.56,28065948.0,6162803841.0
2023-11-27,68.98,68.98,66.71,67.98,21548087.0,4487132027.0
2023-11-28,67.98,68.91,67.36,68.3,12221143.0,2562912238.0
2023-11-29,68.29,68.3,65.53,65.72,21924630.0,4464902232.0
2023-11-30,65.6,65.97,64.58,64.8,18724215.0,3745049006.0
2023-12-01,65.24,65.35,62.74,64.12,19418985.0,3799477664.0
2023-12-04,64.12,64.85,63.0,63.91,11761315.0,2317283540.0
2023-12-05,64.1,65.07,63.65,63.89,15237247.0,3021632365.0
2023-12-06,63.89,65.48,63.78,65.47,17634737.0,3523669818.0
2023-12-07,65.47,65.47,64.2,64.9,10316924.0,2051259486.0
2023-12-08,64.76,65.2,64.53,64.61,7770019.0,1547061882.0
2023-12-11,64.02,64.94,63.34,64.82,10108635.0,1989856428.0
2023-12-12,64.49,64.67,63.82,63.89,7979721.0,1572793711.0
2023-12-13,63.72,63.72,62.39,62.41,11753492.0,2270646821.0
2023-12-14,62.8,63.84,62.19,62.21,9249670.0,1787086925.0
2023-12-15,62.83,63.25,62.18,62.89,10184134.0,1966549057.0
2023-12-18,62.17,62.64,61.28,61.52,10051147.0,1906643036.0
2023-12-19,61.35,61.4,60.58,61.18,7936972.0,1487629709.0
2023-12-20,61.28,61.61,60.16,60.16,8492482.0,1585187697.0
2023-12-21,59.66,61.82,59.5,61.72,13314943.0,2494208947.0
2023-12-22,61.79,63.58,61.19,62.56,11799766.0,2267509852.0
2023-12-25,62.8,63.19,61.89,62.54,5376986.0,1032287275.0
2023-12-26,62.53,62.53,61.83,62.4,4138033.0,790091023.0
2023-12-27,62.8,62.96,62.05,62.3,6136402.0,1174486108.0
2023-12-28,62.16,64.64,62.04,64.45,13877780.0,2722971140.0
2023-12-29,64.74,65.01,64.15,64.43,8036729.0,1591969846.0
2024-01-02,64.95,64.96,62.6,62.67,11392832.0,2212162400.0
2024-01-03,62.64,63.09,62.05,62.86,8448596.0,1624093056.0
2024-01-04,63.24,63.34,62.18,62.81,8987036.0,1731882120.0
2024-01-05,62.63,64.27,62.19,62.7,11240188.0,2187835615.0
2024-01-08,62.74,63.02,61.55,61.63,8107839.0,1543893919.0
2024-01-09,62.15,63.78,61.89,62.76,11218651.0,2167747852.0
2024-01-10,62.38,62.9,61.7,61.92,7141623.0,1364589162.0
2024-01-11,61.89,64.66,61.44,64.03,15986174.0,3120354836.0
2024-01-12,64.03,64.51,63.55,63.74,8702264.0,1711086656.0
2024-01-15,63.36,64.1,62.61,63.33,7021993.0,1364639692.0
2024-01-16,63.1,63.96,62.83,63.55,8380860.0,1633959523.0
2024-01-17,63.19,63.31,60.78,60.78,16079471.0,3050944390.0
2024-01-18,60.41,62.15,60.17,61.98,11459165.0,2150839668.0
2024-01-19,61.66,62.79,61.4,61.61,8090516.0,1540978199.0
2024-01-22,61.46,62.25,60.06,60.31,13223973.0,2487370789.0
2024-01-23,60.2,61.49,59.97,61.13,11072562.0,2072060504.0
2024-01-24,61.59,61.78,59.9,61.4,9664121.0,1805379382.0
2024-01-25,61.46,62.12,60.41,61.79,13076908.0,2470818453.0
2024-01-26,61.5,61.5,60.36,60.48,11585464.0,2160578276.0
2024-01-29,60.49,60.52,58.02,58.06,14604252.0,2647388166.0
2024-01-30,56.32,57.1,55.42,55.96,19076118.0,3296016841.0
2024-01-31,55.67,57.04,55.42,55.56,12536841.0,2155163736.0
2024-02-01,55.32,56.29,54.78,55.61,11665074.0,1996429637.0
2024-02-02,55.63,55.93,53.04,54.34,14799171.0,2485326236.0
2024-02-05,53.69,55.9,52.97,54.67,18621620.0,3122618403.0
2024-02-06,54.02,57.31,53.85,57.23,17618975.0,3054635573.0
2024-02-07,57.68,59.55,57.3,58.43,16009370.0,2880398922.0
2024-02-08,59.06,59.66,58.8,58.95,11924566.0,2168509150.0
2024-02-19,59.83,60.31,59.17,59.71,11968707.0,2192419553.0
2024-02-20,59.71,59.77,57.6,58.25,11335736.0,2023820072.0
2024-02-21,57.63,60.39,57.49,59.55,14769298.0,2700340931.0
2024-02-22,59.52,59.76,58.98,59.54,8090613.0,1476863326.0
2024-02-23,59.54,59.87,58.84,59.44,9117490.0,1660682308.0
2024-02-26,60.52,61.87,60.38,60.52,15546076.0,2912982360.0
2024-02-27,61.0,63.1,60.91,63.03,20634265.0,3958101887.0
2024-02-28,63.78,63.95,61.18,61.18,16829153.0,3223632043.0
2024-02-29,60.85,62.35,60.59,62.22,12236289.0,2323915657.0
2024-03-01,62.12,62.8,61.43,62.54,12215828.0,2336111334.0
2024-03-04,61.83,62.38,61.21,61.59,12686510.0,2401200046.0
2024-03-05,61.01,62.36,60.36,62.09,14962443.0,2826124074.0
2024-03-06,61.83,62.8,61.5,62.36,10010040.0,1914828109.0
2024-03-07,62.5,63.11,61.44,61.46,10132688.0,1935953172.0
2024-03-08,61.27,61.87,60.93,61.2,6714968.0,1263993368.0
2024-03-11,61.18,65.05,61.18,64.67,27808046.0,5440726383.0
2024-03-12,65.41,67.25,64.35,66.74,24502892.0,4958824423.0
2024-03-13,67.33,68.46,66.98,67.15,17781291.0,3691839469.0
2024-03-14,67.82,70.08,67.82,69.01,21135219.0,4497086170.0
2024-03-15,68.33,68.78,67.09,68.16,14662802.0,3057950744.0
2024-03-18,68.94,71.02,68.86,70.95,19698182.0,4250885884.0
2024-03-19,70.95,71.54,69.76,70.55,14697268.0,3194716173.0
2024-03-20,70.62,71.84,70.62,71.09,9680523.0,2118610339.0
2024-03-21,71.24,71.52,70.61,71.25,8866709.0,1938901108.0
2024-03-22,71.25,71.25,70.03,70.6,10467161.0,2266796544.0
2024-03-25,70.41,70.87,69.26,69.7,9910940.0,2133902462.0
2024-03-26,70.29,71.58,70.05,71.46,13134627.0,2864082717.0
2024-03-27,71.46,71.49,68.34,68.98,18884898.0,4058093220.0
2024-03-28,68.29,68.93,67.04,67.81,15943531.0,3327175192.0
2024-03-29,67.82,67.85,65.46,66.08,14138108.0,2873380486.0
2024-04-01,66.08,69.3,66.08,68.99,14290927.0,2995671851.0
2024-04-02,68.99,70.71,68.92,69.1,10758479.0,2301699126.0
2024-04-03,68.5,68.7,67.54,67.74,8363379.0,1747159207.0
2024-04-08,67.36,69.96,67.16,68.98,12822718.0,2722271578.0
2024-04-09,68.9,69.96,68.77,69.01,8420846.0,1791256313.0
2024-04-10,69.73,69.8,68.33,68.93,7241085.0,1537375543.0
2024-04-11,68.01,70.1,67.62,69.3,10085395.0,2130444828.0
2024-04-12,68.98,70.67,68.18,68.53,11491789.0,2453371047.0
2024-04-15,68.33,70.12,68.04,69.51,11333192.0,2418635357.0
2024-04-16,69.11,70.07,68.57,68.86,9832304.0,2090984650.0
2024-04-17,68.66,69.37,68.2,69.31,9692162.0,2046775945.0
2024-04-18,68.98,70.45,68.14,69.51,13399756.0,2863779538.0
2024-04-19,69.05,69.27,67.38,68.38,11177043.0,2342512356.0
2024-04-22,68.33,68.83,67.72,67.87,6469478.0,1353615963.0
2024-04-23,67.86,67.87,66.38,66.72,8729994.0,1793533843.0
2024-04-24,67.32,67.94,66.54,67.49,7497892.0,1546983916.0
2024-04-25,67.49,68.83,67.23,67.99,9468384.0,1980120669.0
2024-04-26,68.33,71.51,68.33,71.38,25345378.0,5502292294.0
2024-04-29,71.94,73.35,71.17,72.04,19167593.0,4256800048.0
2024-04-30,72.73,73.01,71.1,71.1,11555966.0,2542063035.0
2024-05-06,73.22,74.32,72.73,73.64,18677887.0,4226418539.0
2024-05-07,73.64,75.49,72.9,74.8,14419048.0,3301364340.0
2024-05-08,74.37,74.48,73.54,73.62,9113178.0,2070673827.0
2024-05-09,73.64,74.32,73.59,74.24,7900735.0,1796491173.0
2024-05-10,73.87,74.69,73.54,74.13,8061330.0,1833828036.0
2024-05-13,73.28,73.98,72.43,73.44,8248116.0,1857506899.0
2024-05-14,73.45,74.05,72.93,73.19,6261853.0,1414943425.0
2024-05-15,73.05,73.54,71.03,71.31,9973351.0,2204936673.0
2024-05-16,71.31,71.58,70.48,71.04,8715722.0,1901165662.0
2024-05-17,71.39,71.7,70.83,71.45,7148666.0,1564639158.0
2024-05-20,71.09,72.89,71.09,72.52,7595857.0,1688534368.0
2024-05-21,72.23,72.24,70.75,71.19,8408043.0,1838619341.0
2024-05-22,71.0,71.43,70.01,70.59,8839817.0,1916325810.0
2024-05-23,70.24,70.24,69.48,69.94,6228723.0,1336506237.0
2024-05-24,69.63,69.64,67.94,68.11,10287552.0,2166851356.0
2024-05-27,68.33,68.59,67.23,67.8,7604551.0,1580461907.0
2024-05-28,67.94,67.98,67.22,67.48,6094646.0,1265112511.0
2024-05-29,68.66,73.54,68.66,73.12,30264777.0,6633165251.0
2024-05-30,73.03,74.64,72.86,74.15,22379181.0,5070762671.0
2024-05-31,74.45,75.36,73.86,74.52,18542984.0,4264400522.0
2024-06-03,74.52,78.25,73.54,77.15,27014589.0,6370453739.0
2024-06-04,77.09,78.03,76.78,77.49,15742916.0,3744672010.0
2024-06-05,77.6,80.15,77.6,78.35,19443395.0,4732184009.0
2024-06-06,78.49,79.33,77.28,77.61,17586542.0,4227834836.0
2024-06-07,77.78,78.55,75.54,76.63,18259398.0,4304211409.0
2024-06-11,76.35,80.05,76.25,79.6,22159693.0,5386278076.0
2024-06-12,78.63,80.55,78.63,79.04,18733197.0,4573251957.0
2024-06-13,80.96,84.04,80.74,82.32,29251928.0,7423395270.0
2024-06-14,81.83,82.63,80.22,82.34,20260976.0,5066109117.0
2024-06-17,82.0,84.56,81.63,83.7,20864880.0,5371512600.0
2024-06-18,83.17,83.73,82.33,83.19,12878911.0,3282495367.0
2024-06-19,83.3,83.95,82.46,82.65,9910811.0,2529117364.0
2024-06-20,82.29,82.58,81.12,81.84,11619994.0,2921098948.0
2024-06-21,82.0,82.77,80.64,81.57,11633012.0,2916085594.0
2024-06-24,81.35,82.65,80.63,81.33,10842302.0,2719528810.0
2024-06-25,82.0,84.19,81.47,82.65,19574643.0,4998561939.0
2024-06-26,82.0,82.75,81.15,82.24,11191676.0,2814435214.0
2024-06-27,81.68,82.12,80.84,81.19,8291084.0,2074271452.0
2024-06-28,80.7,82.04,80.33,81.43,9298207.0,2324520984.0
2024-07-01,81.43,81.95,78.91,80.31,12927332.0,3179627870.0
2024-07-02,80.33,80.6,79.09,79.39,10262737.0,2515326295.0
2024-07-03,79.38,79.85,78.1,79.1,9657403.0,2340645421.0
2024-07-04,79.72,81.25,79.56,79.6,9919634.0,2449191851.0
2024-07-05,79.13,79.56,77.73,78.76,9566478.0,2308221433.0
2024-07-08,78.68,80.77,78.48,79.72,10537466.0,2591239967.0
2024-07-09,79.79,82.49,78.59,82.2,14076255.0,3506898661.0
2024-07-10,82.16,83.47,81.84,82.16,10928256.0,2767913672.0
2024-07-11,82.98,83.39,81.9,82.35,10035945.0,2546645362.0
2024-07-12,82.5,85.91,81.97,85.46,18886322.0,4891988725.0
2024-07-15,85.35,86.17,84.8,85.16,9871552.0,2590423502.0
2024-07-16,84.8,85.32,83.42,84.28,11758768.0,3043326156.0
2024-07-17,84.28,85.1,83.5,84.44,10519171.0,2726321475.0
2024-07-18,83.92,85.55,83.79,85.07,9532204.0,2487441704.0
2024-07-19,84.77,86.56,84.52,85.93,13621379.0,3593320512.0
2024-07-22,85.94,87.89,85.94,86.43,10074955.0,2688874276.0
2024-07-23,86.23,86.36,82.33,82.4,16741049.0,4318283785.0
2024-07-24,82.4,83.03,80.86,81.35,11864005.0,2976544505.0
2024-07-25,81.34,82.83,80.54,81.48,10110420.0,2533958369.0
2024-07-26,82.32,83.83,81.72,82.96,12484165.0,3180235007.0
2024-07-29,83.32,83.34,81.22,82.05,7885932.0,1960649994.0
2024-07-30,81.56,81.63,79.59,80.34,11039339.0,2686057414.0
2024-07-31,79.92,81.7,79.9,81.38,8749003.0,2153504528.0
2024-08-01,81.69,81.94,79.06,80.44,10363488.0,2519341335.0
2024-08-02,79.71,79.8,77.28,77.34,14567117.0,3453944603.0
2024-08-05,76.04,77.96,75.77,76.15,10526835.0,2457359662.0
2024-08-06,77.08,77.28,74.44,75.41,12910151.0,2955783827.0
2024-08-07,75.45,76.09,74.6,75.42,8202186.0,1882919963.0
2024-08-08,75.04,75.04,73.62,74.59,8535741.0,1925911439.0
2024-08-09,75.12,77.7,75.12,76.3,11985218.0,2790790707.0
2024-08-12,76.42,76.91,75.6,75.89,5377901.0,1242071532.0
2024-08-13,75.88,75.89,74.44,75.34,6043650.0,1378452593.0
2024-08-14,75.3,75.3,74.18,74.64,5632985.0,1276584732.0
2024-08-15,74.63,76.59,74.08,76.25,8854538.0,2039684342.0
2024-08-16,76.46,78.5,75.93,77.45,10221858.0,2406276094.0
2024-08-19,77.49,78.72,77.41,77.55,7018242.0,1662452527.0
2024-08-20,77.74,78.18,76.89,77.9,6248422.0,1475807676.0
2024-08-21,77.3,80.09,76.42,79.39,11104338.0,2658947674.0
2024-08-22,79.39,79.97,78.93,79.23,6248845.0,1506260848.0
2024-08-23,78.99,79.48,78.45,78.84,4978602.0,1193437030.0
2024-08-26,78.89,80.04,78.3,78.86,5651342.0,1354660288.0
2024-08-27,78.24,79.48,77.9,79.32,5092646.0,1219258016.0
2024-08-28,79.15,79.15,76.68,78.02,8904070.0,2098577190.0
2024-08-29,76.86,77.9,76.19,77.36,7938487.0,1858678051.0
2024-08-30,78.39,82.94,78.15,82.16,19302792.0,4764660206.0
2024-09-02,81.7,82.49,79.39,79.42,10113482.0,2468600915.0
2024-09-03,79.19,81.51,79.19,81.39,10181990.0,2497421913.0
2024-09-04,80.87,82.98,80.85,82.46,10060596.0,2506778351.0
2024-09-05,82.35,84.2,82.22,83.29,10012555.0,2542189363.0
2024-09-06,83.29,84.03,82.82,82.88,7814152.0,1982245013.0
2024-09-09,82.18,83.66,81.88,82.34,7085126.0,1774845244.0
2024-09-10,82.35,83.27,81.9,82.24,6124829.0,1533462724.0
2024-09-11,82.35,85.84,82.17,85.02,15536148.0,4001603969.0
2024-09-12,85.22,85.64,84.66,84.66,7725108.0,1995755899.0
2024-09-13,84.72,84.99,83.95,83.99,5699161.0,1458587906.0
2024-09-18,84.0,85.42,83.7,85.13,6681981.0,1715595538.0
2024-09-19,85.32,85.44,83.44,84.12,9104323.0,2326365319.0
2024-09-20,84.12,85.25,83.3,84.36,8989793.0,2292829765.0
2024-09-23,84.31,84.64,81.95,82.35,10758273.0,2712153560.0
2024-09-24,83.34,84.16,81.28,83.76,15649454.0,3949080823.0
2024-09-25,84.99,88.83,84.87,86.57,20571034.0,5442651982.0
2024-09-26,86.96,88.84,86.34,88.81,14906641.0,3960197854.0
2024-09-27,89.93,96.18,89.43,93.55,30992240.0,8683447958.0
2024-09-30,95.53,101.48,95.53,101.23,38880459.0,11640545413.0
2024-10-08,111.35,111.35,101.23,107.84,44343939.0,14484952068.0
2024-10-09,103.76,105.64,98.99,100.7,32591858.0,10166970123.0
2024-10-10,102.11,106.07,102.11,104.05,25016687.0,7918647496.0
2024-10-11,103.44,103.44,97.51,98.84,18641849.0,5671879377.0
2024-10-14,99.15,102.11,98.89,101.13,17236482.0,5268100405.0
2024-10-15,100.63,101.58,98.16,98.16,12214902.0,3695577335.0
2024-10-16,96.51,97.5,94.54,95.46,15032187.0,4362898827.0
2024-10-17,96.35,98.11,95.24,95.34,10245654.0,3005198740.0
2024-10-18,95.35,100.86,94.89,98.92,19109242.0,5674148205.0
2024-10-21,99.81,101.65,99.12,100.95,15781602.0,4819617233.0
2024-10-22,100.47,102.15,99.81,100.39,10373266.0,3174859559.0
2024-10-23,100.39,102.71,99.7,101.75,12669500.0,3911383612.0
2024-10-24,101.75,102.1,99.67,100.03,9688514.0,2959755261.0
2024-10-25,100.14,102.71,100.14,101.5,13982037.0,4306245201.0
2024-10-28,101.79,101.79,99.4,100.5,10932439.0,3323177977.0
2024-10-29,101.79,102.21,100.07,100.6,11854561.0,3635542203.0
2024-10-30,99.81,101.29,99.31,100.65,10844820.0,3301164357.0
2024-10-31,99.48,99.81,96.51,96.58,24085199.0,7127704551.0
2024-11-01,96.58,97.37,95.56,95.63,14304086.0,4174457395.0
2024-11-04,97.5,101.76,97.37,101.12,21731889.0,6600399617.0
2024-11-05,100.16,101.6,98.99,101.29,16781998.0,5124245709.0
2024-11-06,101.46,102.03,98.16,98.94,18486120.0,5611830834.0
2024-11-07,97.18,99.44,96.84,99.41,15067592.0,4484370172.0
2024-11-08,101.17,101.3,97.83,98.13,16671572.0,5022195686.0
2024-11-11,97.17,98.65,96.38,98.59,18085930.0,5349190917.0
2024-11-12,98.87,102.11,98.59,99.09,24655746.0,7520312654.0
2024-11-13,98.16,99.26,97.27,99.01,14511579.0,4326957544.0
2024-11-14,98.82,98.92,96.84,97.09,12458290.0,3690676831.0
2024-11-15,97.1,97.43,94.87,95.53,15323594.0,4471450174.0
2024-11-18,95.53,96.5,94.43,95.09,11620595.0,3364288894.0
2024-11-19,95.09,96.01,92.9,94.86,13194669.0,3785016710.0
2024-11-20,94.87,95.66,94.04,95.02,10601693.0,3049973686.0
2024-11-21,95.02,95.03,93.55,94.21,9553294.0,2727230001.0
2024-11-22,94.04,94.16,91.57,91.74,12514178.0,3529973029.0
2024-11-25,93.22,95.32,92.53,93.22,17453315.0,4981714332.0
2024-11-26,92.23,94.21,91.53,92.57,9520645.0,2686423189.0
2024-11-27,92.0,92.56,91.24,92.56,11000281.0,3068303752.0
2024-11-28,92.63,92.75,89.93,90.45,15858922.0,4365779157.0
2024-11-29,89.93,91.53,89.61,90.53,12800460.0,3516186179.0
2024-12-02,91.12,93.55,90.28,93.02,15135721.0,4255616768.0
2024-12-03,93.81,94.17,92.42,93.11,9144971.0,2585320048.0
2024-12-04,92.67,93.33,91.84,92.23,8501286.0,2389151937.0
2024-12-05,91.31,91.73,90.36,90.67,9026771.0,2486214937.0
2024-12-06,90.81,92.88,90.26,92.32,12469840.0,3469413045.0
2024-12-09,91.98,93.55,91.47,92.39,9215268.0,2590143544.0
2024-12-10,96.51,96.84,92.89,93.07,17592915.0,5057037511.0
2024-12-11,92.9,93.51,92.04,92.49,9335988.0,2623997226.0
2024-12-12,92.27,93.44,91.71,93.44,10013395.0,2816818035.0
2024-12-13,92.67,92.77,91.05,91.08,11235863.0,3130392699.0
2024-12-16,91.09,91.63,90.12,90.57,7149026.0,1967314539.0
2024-12-17,90.56,94.1,90.25,93.16,17568207.0,4960329886.0
2024-12-18,93.3,94.5,93.1,93.76,8410638.0,2397657885.0
2024-12-19,92.83,94.52,92.23,94.01,8672852.0,2465377214.0
2024-12-20,93.88,94.46,92.3,92.3,9670711.0,2730666917.0
2024-12-23,92.4,93.32,91.86,92.46,8151596.0,2291275853.0
2024-12-24,92.2,95.04,91.95,95.01,14228738.0,4072070488.0
2024-12-25,95.11,95.97,94.11,94.18,8339103.0,2405517152.0
2024-12-26,94.18,94.47,93.55,93.83,6760455.0,1928774414.0
2024-12-27,94.47,94.72,93.22,94.3,7868319.0,2249658028.0
2024-12-30,94.6,95.36,93.33,93.88,8294681.0,2371257354.0
2024-12-31,93.88,94.37,92.89,93.11,7761976.0,2201903440.0
2025-01-02,93.22,93.25,88.75,89.3,16878404.0,4624073918.0
2025-01-03,89.43,90.45,88.36,89.18,9936476.0,2693072230.0
2025-01-06,89.58,90.22,88.62,89.36,8244683.0,2236590144.0
2025-01-07,89.36,91.48,88.12,90.27,9572218.0,2627167273.0
2025-01-08,89.92,90.25,87.56,88.67,10908247.0,2933447142.0
2025-01-09,88.61,89.5,87.84,88.74,6561288.0,1766873664.0
2025-01-10,88.61,89.07,87.22,87.63,8054821.0,2147363100.0
2025-01-13,86.63,88.43,86.37,87.62,6721375.0,1787448697.0
2025-01-14,87.73,91.29,87.62,91.01,12578973.0,3438827617.0
2025-01-15,90.98,91.35,90.42,90.48,6233583.0,1718769123.0
2025-01-16,90.49,91.35,89.11,89.85,7257175.0,1984685718.0
2025-01-17,90.1,91.97,89.76,91.11,8614153.0,2376770800.0
2025-01-20,91.9,94.35,91.88,93.69,13579709.0,3863727458.0
2025-01-21,93.88,94.68,93.22,94.23,7644144.0,2184132797.0
2025-01-22,93.88,94.31,92.17,93.06,8105689.0,2287303620.0
2025-01-23,93.87,93.88,91.24,91.28,9617392.0,2690601164.0
2025-01-24,91.08,92.4,90.92,91.93,6814367.0,1898979251.0
2025-01-27,91.93,92.27,90.42,90.42,6340768.0,1755529340.0
2025-02-05,93.13,94.46,92.76,93.16,14535090.0,4128876836.0
2025-02-06,93.16,102.47,93.04,102.47,38145868.0,11416508784.0
2025-02-07,105.41,108.7,103.43,107.68,48707526.0,15691989048.0
2025-02-10,107.68,109.36,105.93,108.75,27271140.0,8908518537.0
2025-02-11,111.77,112.1,107.39,108.67,28036356.0,9315885530.0
2025-02-12,107.88,114.28,106.28,113.66,27935722.0,9451048634.0
2025-02-13,112.39,114.09,111.83,112.43,19983985.0,6859997621.0
2025-02-14,112.5,118.45,112.5,117.28,24364461.0,8574633633.0
2025-02-17,117.28,118.19,113.48,114.8,23201509.0,8111345839.0
2025-02-18,115.75,119.73,114.91,117.34,25179738.0,8977762526.0
2025-02-19,116.45,118.58,116.28,118.09,16191782.0,5784129670.0
2025-02-20,119.73,121.11,117.99,119.5,15693717.0,5695876655.0
2025-02-21,120.56,127.31,120.31,126.16,23929245.0,9089497618.0
2025-02-24,126.82,128.03,123.03,123.95,19940747.0,7586289374.0
2025-02-25,121.88,125.17,121.49,122.7,16110252.0,6008878409.0
2025-02-26,122.7,123.79,120.23,122.57,13852896.0,5125594765.0
2025-02-27,125.83,126.49,122.21,123.69,16844614.0,6350435990.0
2025-02-28,122.24,123.45,118.26,119.18,23930429.0,8762214822.0
2025-03-03,121.55,121.88,117.86,118.65,15207822.0,5524500397.0
2025-03-04,112.01,114.63,111.35,113.59,26345330.0,9062924960.0
2025-03-05,114.3,117.0,114.3,116.6,13906886.0,4885879812.0
2025-03-06,118.64,119.3,117.6,118.23,11460099.0,4120637645.0
2025-03-07,118.22,118.91,117.02,117.4,8758413.0,3131517605.0
2025-03-10,117.23,117.73,114.96,115.62,9917660.0,3484351089.0
2025-03-11,113.64,115.87,113.6,115.42,9536997.0,3314689326.0
2025-03-12,116.76,118.55,115.62,115.62,12951056.0,4593312533.0
2025-03-13,115.91,117.72,115.66,116.77,10221085.0,3624758941.0
2025-03-14,117.6,124.24,117.14,123.84,22469718.0,8292987454.0
2025-03-17,125.94,126.16,123.84,125.26,13306887.0,5060211613.0
2025-03-18,127.99,128.47,125.18,126.68,17333878.0,6672881109.0
2025-03-19,126.67,131.43,126.01,130.8,18835150.0,7404859765.0
2025-03-20,131.76,132.88,130.44,131.76,15941284.0,6372989565.0
2025-03-21,129.46,129.56,121.88,122.54,28210676.0,10685254371.0
2025-03-24,124.18,124.68,121.17,123.64,14789405.0,5522974120.0
2025-03-25,124.51,125.04,121.54,121.74,12308536.0,4595791802.0
2025-03-26,121.74,124.84,121.22,123.86,12020484.0,4503762855.0
2025-03-27,123.89,128.89,123.89,127.31,14439437.0,5554865371.0
2025-03-28,127.31,128.73,125.67,126.0,11493982.0,4428715749.0
2025-03-31,125.17,126.25,123.2,123.49,11578391.0,4370400299.0
2025-04-01,124.44,124.47,120.02,120.4,15407199.0,5663384880.0
2025-04-02,120.23,120.45,118.22,118.75,11710041.0,4226638863.0
2025-04-03,117.1,119.09,116.69,117.76,10102322.0,3618676870.0
2025-04-07,109.8,111.24,105.99,105.99,27349840.0,8911483834.0
2025-04-08,105.99,110.64,104.75,107.88,27464351.0,8924529993.0
2025-04-09,105.34,108.04,103.32,106.92,21193856.0,6822376377.0
2025-04-10,110.19,114.32,110.02,110.81,21089578.0,7165511481.0
2025-04-11,111.01,117.78,110.81,116.93,18994493.0,6621821827.0
2025-04-14,119.64,119.8,117.14,118.26,14206917.0,5115484103.0
2025-04-15,120.1,120.23,117.71,118.58,11651557.0,4195947009.0
2025-04-16,117.47,117.6,114.67,116.0,13182793.0,4618462218.0
2025-04-17,115.27,116.43,114.19,115.19,8528864.0,2985985219.0
2025-04-18,114.6,114.6,113.31,113.97,7386013.0,2553879767.0
2025-04-21,113.97,115.25,113.72,114.88,7495341.0,2609226235.0
2025-04-22,114.88,117.57,114.23,116.89,11212206.0,3956085869.0
2025-04-23,124.18,124.51,120.97,122.53,24792689.0,9216822110.0
2025-04-24,122.7,123.39,119.69,120.56,15089211.0,5557113199.0
2025-04-25,121.88,123.62,121.25,122.15,13386942.0,4975314905.0
2025-04-28,120.93,120.93,117.45,118.58,17978320.0,6459136360.0
2025-04-29,118.29,118.79,116.28,116.94,11898307.0,4237606410.0
2025-04-30,116.9,116.91,115.06,116.31,13047947.0,4599074535.0
2025-05-06,118.58,119.34,117.24,118.57,14829353.0,5326196143.0
2025-05-07,120.23,120.46,117.97,118.32,10883990.0,3937980382.0
2025-05-08,117.44,119.24,117.17,118.35,8338169.0,2994908337.0
2025-05-09,118.83,120.56,118.35,119.65,14372616.0,5218995471.0
2025-05-12,120.23,121.97,118.78,121.97,16137017.0,5890708994.0
2025-05-13,123.86,124.05,120.57,120.73,13177107.0,4874657844.0
2025-05-14,120.73,122.9,119.69,122.9,13569307.0,5012059707.0
2025-05-15,122.87,126.82,121.64,124.12,20880137.0,7894571015.0
2025-05-16,123.54,128.79,123.06,128.19,22932794.0,8858484484.0
2025-05-19,127.81,127.81,124.18,126.1,16137281.0,6159126224.0
2025-05-20,126.33,130.05,125.67,130.05,17209991.0,6705400029.0
2025-05-21,129.76,133.08,128.8,131.76,19947886.0,7967115092.0
2025-05-22,131.75,133.59,131.1,131.37,14636280.0,5868800084.0
2025-05-23,131.43,137.35,131.15,133.41,23557418.0,9627525188.0
2025-05-26,132.36,132.75,125.17,125.5,30955063.0,12014228946.0
2025-05-27,123.82,125.5,121.51,122.67,23027544.0,8594833865.0
2025-05-28,122.67,122.85,119.27,119.53,17775388.0,6513230209.0
2025-05-29,118.45,120.56,116.96,118.96,19206113.0,6942900395.0
2025-05-30,117.6,118.19,115.72,116.05,19055991.0,6733498591.0
2025-06-03,115.7,117.92,114.96,117.27,18189270.0,6453885813.0
2025-06-04,118.42,120.01,117.98,118.76,14690410.0,5311224037.0
2025-06-05,119.37,119.49,117.28,118.83,10861275.0,3908084318.0
2025-06-06,118.91,119.37,117.76,118.57,8969768.0,3228098168.0
2025-06-09,117.31,117.4,113.68,114.68,25509134.0,8932441523.0
2025-06-10,115.16,116.94,114.71,116.32,17178588.0,6042960183.0
2025-06-11,116.61,120.55,116.61,119.24,20310674.0,7326544794.0
2025-06-12,118.55,118.55,116.28,116.36,14404696.0,5117764844.0
2025-06-13,115.13,115.26,112.49,113.97,21023987.0,7256548254.0
2025-06-16,113.97,114.32,112.26,113.46,10228405.0,3508947839.0
2025-06-17,113.31,114.11,112.79,113.23,7004530.0,2408912944.0
2025-06-18,112.93,115.03,112.65,114.29,10289697.0,3565398002.0
2025-06-19,113.32,113.74,112.11,112.16,10038121.0,3437688887.0
2025-06-20,112.01,112.98,111.93,112.08,7353816.0,2507526430.0
2025-06-23,110.96,111.9,109.89,111.4,9459334.0,3185477391.0
2025-06-24,112.4,114.04,112.4,113.11,14471259.0,4979495319.0
2025-06-25,113.97,115.2,112.99,115.05,12573827.0,4352301720.0
2025-06-26,113.42,113.42,110.95,111.15,20493214.0,6967640374.0
2025-06-27,110.02,110.92,109.84,110.1,13861749.0,4633461708.0
2025-06-30,110.1,110.1,108.24,109.33,14400344.0,4768270278.0
2025-07-01,108.8,109.81,108.3,109.14,8851804.0,2931303337.0
2025-07-02,109.36,109.97,108.35,108.92,9327011.0,3083342650.0
2025-07-03,109.03,110.43,108.92,110.2,12349781.0,4123732531.0
2025-07-04,109.54,110.35,108.63,109.03,10410355.0,3454495463.0
2025-07-07,108.44,108.86,108.19,108.24,8820772.0,2901015557.0
2025-07-08,107.71,108.63,107.29,107.68,11691814.0,3825413668.0
2025-07-09,107.68,108.11,107.31,107.32,12163311.0,3969384130.0
2025-07-10,107.32,107.41,105.03,105.81,21002206.0,6741345468.0
2025-07-11,105.38,107.67,105.09,106.7,16826983.0,5456832018.0
2025-07-14,106.7,106.7,104.61,104.91,17230914.0,5502331854.0
2025-07-15,104.82,107.06,104.75,106.41,16279094.0,5252631322.0
2025-07-16,106.42,107.36,106.42,106.63,11075835.0,3594544238.0
2025-07-17,107.06,108.28,106.76,108.05,15689135.0,5138610961.0
2025-07-18,108.42,108.54,107.14,108.41,13686649.0,4482466755.0
2025-07-21,108.04,110.06,107.8,110.06,15394503.0,5102459146.0
2025-07-22,110.35,112.66,109.76,112.55,21416417.0,7227731007.0
2025-07-23,112.69,112.99,111.01,111.36,15890735.0,5395840274.0
2025-07-24,111.36,114.15,111.22,112.89,18906327.0,6489370096.0
2025-07-25,112.33,112.46,110.35,111.32,15704076.0,5307866611.0
2025-07-28,111.32,111.7,110.52,111.01,11705670.0,3947000994.0
2025-07-29,112.01,112.5,109.77,111.42,38735984.0,4322742015.0
2025-07-30,108.05,111.16,107.12,108.7,52483427.0,5743878668.0
2025-07-31,108.2,108.2,105.0,105.24,59949943.0,6344900791.0
2025-08-01,104.95,106.24,104.36,105.8,36233692.0,3816659558.0
2025-08-04,104.0,105.14,102.57,104.88,41293694.0,4293903590.0
2025-08-05,104.88,105.21,103.78,104.86,33834986.0,3539636640.0
2025-08-06,104.86,105.0,103.9,104.35,30561960.0,3184784993.0
2025-08-07,104.27,106.43,104.16,105.33,42876298.0,4526612773.0
2025-08-08,105.0,105.03,103.91,103.93,32661461.0,3405317252.0
2025-08-11,103.88,105.66,103.23,105.52,35669790.0,3741329572.0
2025-08-12,105.4,106.43,104.7,105.67,31219504.0,3302639096.0
2025-08-13,106.29,107.65,105.84,106.83,45983014.0,4908744877.0
2025-08-14,107.37,107.5,105.79,106.37,41954793.0,4478119017.0
2025-08-15,105.85,106.64,105.32,106.07,36135346.0,3831047052.0
2025-08-18,105.66,109.49,105.66,108.37,61925173.0,6680761816.0
2025-08-19,108.67,108.92,107.18,107.63,38973519.0,4205349329.0
2025-08-20,107.18,108.26,106.01,108.25,38505345.0,4130459252.0
2025-08-21,107.8,108.83,107.0,107.1,44946378.0,4843670255.0
2025-08-22,107.11,110.97,107.11,110.66,76312005.0,8351469726.0
2025-08-25,111.31,112.49,110.31,111.61,61162758.0,6803182883.0
2025-08-26,111.75,114.69,110.71,113.75,69291585.0,7850511029.0
2025-08-27,113.96,114.06,110.66,110.68,68974693.0,7761766931.0
2025-08-28,109.39,110.19,107.11,109.32,76252199.0,8278465956.0
2025-08-29,108.88,116.59,108.12,114.06,114490194.0,12973326091.0
2025-09-01,108.5,111.48,108.5,109.7,132986738.0,14546890247.0
2025-09-02,108.79,111.1,108.6,110.02,77322410.0,8495472755.0
2025-09-03,110.5,110.73,107.01,107.21,73522327.0,7975948716.0
2025-09-04,106.59,107.09,103.71,104.0,81574074.0,8588835881.0
2025-09-05,103.86,107.5,103.11,107.26,78752385.0,8307907948.0
2025-09-08,106.15,107.13,105.51,106.25,55592345.0,5910440232.0
2025-09-09,106.0,107.2,105.27,105.49,38163622.0,4049249507.0
2025-09-10,105.52,106.45,105.02,105.2,32236895.0,3401353898.0
2025-09-11,105.25,106.6,104.89,106.59,53778149.0,5683446689.0
2025-09-12,106.6,107.58,105.9,105.91,45591018.0,4859782579.0
2025-09-15,106.0,110.85,106.0,108.7,97480407.0,10620465041.0
2025-09-16,109.0,109.0,107.22,107.8,53316021.0,5753437964.0
2025-09-17,108.2,112.0,108.2,110.99,98123971.0,10827682692.0
2025-09-18,110.99,112.8,108.56,109.71,93401380.0,10362193293.0
2025-09-19,109.8,110.8,109.0,109.09,47297748.0,5188176204.0
2025-09-22,108.87,108.91,107.15,107.99,49155923.0,5293961578.0
2025-09-23,107.45,107.69,104.64,105.6,65096262.0,6888232046.0
2025-09-24,105.0,105.83,104.0,105.71,54816227.0,5758922305.0
2025-09-25,105.34,108.8,104.87,107.5,69348204.0,7421942405.0
2025-09-26,107.45,111.23,107.0,107.29,75661207.0,8250492997.0
2025-09-29,107.0,109.14,106.39,108.61,61398368.0,6621874267.0
2025-09-30,108.19,109.98,107.76,109.21,56775550.0,6200518750.0
2025-10-09,108.67,112.48,108.07,110.6,100872197.0,11196004667.0
2025-10-10,110.55,110.55,107.58,107.79,59010253.0,6420415513.0
2025-10-13,105.0,105.98,104.1,105.69,74442980.0,7841774365.0
2025-10-14,106.68,109.36,105.62,105.99,76778627.0,8244228529.0
2025-10-15,106.45,107.51,105.5,107.1,47579133.0,5063179652.0
2025-10-16,107.0,109.3,106.51,106.96,52309638.0,5628738804.0
2025-10-17,106.6,106.63,104.26,104.43,62572494.0,6576614911.0
2025-10-20,105.22,105.63,104.08,104.52,35561452.0,3721699722.0
2025-10-21,104.69,105.07,104.24,104.76,29907419.0,3133789475.0
2025-10-22,104.1,104.32,103.37,103.78,35787419.0,3715302136.0
2025-10-23,103.3,103.73,102.0,103.69,37860342.0,3889661811.0
2025-10-24,103.98,104.37,103.61,103.76,30554268.0,3173964302.0
2025-10-27,104.0,104.97,103.88,104.01,34598784.0,3607756848.0
2025-10-28,104.02,104.32,103.5,103.72,26541583.0,2755526047.0
2025-10-29,103.73,105.18,103.0,104.52,39734040.0,4128608369.0
2025-10-30,104.0,104.86,103.5,103.61,35898945.0,3733925603.0
2025-10-31,101.0,101.32,100.0,100.79,63705259.0,6418551106.0
2025-11-03,100.79,100.99,98.5,99.6,55167021.0,5472679665.0
2025-11-04,99.0,99.54,97.71,97.8,43501704.0,4274197474.0
2025-11-05,96.66,96.66,94.73,95.8,58721510.0,5617215879.0
2025-11-06,95.58,97.75,95.4,97.52,40200367.0,3897723836.0
2025-11-07,97.0,98.15,96.83,97.2,32256073.0,3145817991.0
2025-11-10,97.35,100.35,97.35,99.39,55487690.0,5513238813.0
2025-11-11,99.5,99.78,98.14,98.71,31985788.0,3161124110.0
2025-11-12,98.8,98.99,97.54,97.77,26064335.0,2555847684.0
2025-11-13,97.01,100.5,97.01,99.83,57999022.0,5759429264.0
2025-11-14,99.0,100.5,98.33,98.37,34298466.0,3396134916.0
2025-11-17,97.8,98.59,97.25,98.08,20724759.0,2029207779.0
2025-11-18,97.54,97.85,96.02,96.49,30475645.0,2949162765.0
2025-11-19,96.4,96.66,95.01,95.17,34829235.0,3327809284.0
2025-11-20,95.17,95.5,93.5,93.61,39181087.0,3692348085.0
2025-11-21,92.49,94.39,91.7,92.7,45171313.0,4182916493.0
2025-11-24,93.1,94.41,92.2,93.93,32730213.0,3064736739.0
2025-11-25,94.0,95.38,93.7,93.91,27748887.0,2620855758.0
2025-11-26,94.75,95.44,94.45,95.09,30657697.0,2914626393.0
2025-11-27,94.6,95.16,94.22,94.29,20227996.0,1915349541.0
2025-11-28,94.6,95.23,94.2,95.17,21935062.0,2080615710.0
2025-12-01,95.39,96.3,95.14,95.77,23371272.0,2237016414.0
2025-12-02,96.42,97.8,96.25,96.62,35921746.0,3483571735.0
2025-12-03,96.64,96.65,94.89,95.05,23157284.0,2207429346.0
2025-12-04,94.92,95.29,94.2,95.24,16614164.0,1576759405.0
2025-12-05,95.29,96.22,94.71,95.98,21161847.0,2021250209.0
2025-12-08,96.21,97.15,96.21,96.53,24780498.0,2397261754.0
2025-12-09,96.21,96.66,95.7,96.03,16322702.0,1568057388.0
2025-12-10,95.6,96.65,94.9,96.47,19840224.0,1902988180.0
2025-12-11,96.98,97.12,95.85,96.23,25090767.0,2422448208.0
2025-12-12,96.2,97.7,95.65,97.0,55462088.0,5390456375.0
2025-12-15,96.55,97.16,95.53,95.53,29330099.0,2824248327.0
2025-12-16,95.5,95.7,94.14,94.25,25876771.0,2450336536.0
2025-12-17,94.5,95.7,93.68,95.21,27282500.0,2584139145.0
2025-12-18,94.39,94.6,93.5,93.53,25279734.0,2376126962.0
2025-12-19,94.0,95.27,93.73,94.23,27206794.0,2573037718.0
2025-12-22,94.7,95.36,94.25,94.37,20623482.0,1952361858.0
2025-12-23,94.5,95.5,94.5,94.81,23661741.0,2247679864.0
2025-12-24,94.8,94.8,94.05,94.42,19280995.0,1819358259.0
2025-12-25,94.43,95.23,94.12,94.84,18220163.0,1725723851.0
2025-12-26,95.28,101.45,95.25,100.01,102095895.0,10178557962.0
2025-12-29,100.5,101.3,99.6,100.21,51916696.0,5209488142.0
2025-12-30,99.26,100.15,98.74,99.75,31875638.0,3174697986.0
2025-12-31,99.98,100.2,97.38,97.72,40285887.0,3955310311.0
2026-01-05,98.4,99.48,97.9,98.11,38262521.0,3762797878.0
2026-01-06,98.22,100.5,98.12,99.99,52178486.0,5185026166.0
2026-01-07,99.96,99.96,97.06,97.6,56084881.0,5502570731.0
2026-01-08,97.2,97.2,96.33,96.88,30065475.0,2908439429.0
2026-01-09,97.05,97.95,96.9,97.01,35034058.0,3412630185.0
2026-01-12,97.01,98.0,96.3,97.47,42525719.0,4125432529.0
2026-01-13,99.0,99.6,96.88,97.19,49872272.0,4905229942.0
2026-01-14,96.81,97.74,95.51,96.1,51474973.0,4975154616.0
2026-01-15,96.08,96.64,95.6,95.67,29563546.0,2835803090.0
2026-01-16,96.7,97.44,95.6,95.86,38458802.0,3705328916.0
2026-01-19,96.81,97.3,95.77,96.19,33492715.0,3227653862.0
2026-01-20,96.22,96.26,94.68,94.74,38914947.0,3699337566.0
2026-01-21,94.01,94.94,94.0,94.1,30833393.0,2910327666.0
2026-01-22,94.72,95.13,93.89,94.12,29101425.0,2741536605.0
2026-01-23,94.24,94.36,93.51,93.65,38330272.0,3598066421.0
2026-01-26,93.65,93.66,92.5,92.63,37545961.0,3485372554.0
2026-01-27,92.67,92.99,91.8,91.81,36298092.0,3340756010.0
2026-01-28,91.8,93.5,90.01,93.34,71556618.0,6553150013.0
2026-01-29,92.66,92.92,91.61,92.31,37182481.0,3423462525.0
2026-01-30,92.27,92.27,90.7,90.89,32917560.0,3001871204.0
2026-02-02,88.0,89.09,86.97,87.05,64697385.0,5676850727.0
2026-02-03,87.2,87.4,85.88,87.37,37782685.0,3275997179.0
2026-02-04,86.99,89.33,86.45,89.14,37650471.0,3322530225.0
2026-02-05,88.5,91.23,88.33,90.11,35424031.0,3184480193.0
2026-02-06,89.39,90.66,89.0,89.82,24708779.0,2217096985.0
2026-02-09,90.5,90.65,89.83,90.06,20817951.0,1875980039.0
2026-02-10,90.0,91.57,89.84,90.81,26760481.0,2434219975.0
2026-02-11,90.88,92.95,90.88,92.28,39694959.0,3662117779.0
2026-02-12,92.29,92.35,91.08,91.16,23031332.0,2106032227.0
2026-02-13,90.05,91.09,89.88,90.27,21733887.0,1963579417.0
2026-02-24,91.98,91.99,90.61,90.87,20644458.0,1879888761.0
2026-02-25,90.89,92.79,90.89,91.45,32478010.0,2985714580.0
2026-02-26,91.4,91.4,89.61,89.85,29101894.0,2619922211.0
2026-02-27,89.4,89.94,89.1,89.32,21934083.0,1962319079.0
2026-03-02,88.0,97.25,87.72,96.79,143513688.0,13507227574.0
2026-03-03,96.39,96.99,93.99,95.21,86574145.0,8272503576.0
2026-03-04,95.2,96.8,93.7,95.99,70096892.0,6674964518.0
2026-03-05,96.8,96.82,93.89,94.47,55243997.0,5235746090.0
2026-03-06,96.0,96.0,93.25,93.62,50354037.0,4743654925.0
2026-03-09,93.62,98.0,93.0,97.52,109340899.0,10562485735.0
2026-03-10,97.18,97.49,96.08,96.6,50746243.0,4907397251.0
2026-03-11,96.75,100.34,95.67,99.22,90374375.0,8925093668.0
2026-03-12,99.23,100.69,98.7,99.1,50252357.0,4995016177.0
2026-03-13,99.0,100.79,98.3,99.67,51976482.0,5199004697.0
2026-03-16,99.67,105.0,98.79,104.62,108781426.0,11184164655.0
2026-03-17,104.63,106.66,102.71,102.87,84138860.0,8793237613.0
2026-03-18,102.82,102.82,100.05,101.69,61799648.0,6257459330.0
2026-03-19,100.99,103.88,100.47,102.31,53105939.0,5450382395.0
2026-03-20,102.0,104.45,101.56,103.03,62878324.0,6495105104.0
2026-03-23,103.87,111.82,103.18,107.63,178244551.0,19284919429.0
2026-03-24,108.4,108.4,104.93,106.64,92144617.0,9784806491.0
2026-03-25,106.72,107.66,105.28,106.6,66266489.0,7061311678.0
2026-03-26,106.62,107.68,102.7,103.14,82812067.0,8655663075.0
2026-03-27,103.99,105.89,102.75,105.3,65845464.0,6893710026.0
2026-03-30,103.51,108.0,103.25,106.05,72755723.0,7713482118.0
2026-03-31,107.0,108.49,105.1,105.25,58865901.0,6283345063.0
2026-04-01,105.9,106.5,102.37,102.65,71519811.0,7383168512.0
2026-04-02,102.49,103.48,100.5,101.65,60434947.0,6153958208.0
2026-04-03,101.8,102.3,99.0,99.01,49174516.0,4921224066.0
2026-04-07,99.5,99.77,97.45,97.98,37969746.0,3731963030.0
2026-04-08,98.5,101.28,98.11,101.22,56281840.0,5621410290.0
2026-04-09,100.21,100.21,98.81,99.03,37906293.0,3764528220.0
2026-04-10,99.39,102.2,99.03,101.67,60573135.0,6130392652.0
2026-04-13,101.57,104.99,100.81,104.25,66313598.0,6887089022.0
2026-04-14,103.0,104.19,102.5,103.82,54334283.0,5614541232.0
2026-04-15,103.82,104.77,102.5,103.03,42871917.0,4431952620.0
2026-04-16,103.28,105.97,103.28,105.54,64366146.0,6763624067.0
2026-04-17,104.99,105.46,103.12,103.78,44204763.0,4595671718.0
2026-04-20,103.78,103.95,102.62,102.91,38367696.0,3957213043.0
2026-04-21,102.91,103.19,101.33,101.53,43225769.0,4398233495.0
2026-04-22,101.11,102.38,100.6,101.62,34373337.0,3485648244.0
2026-04-23,101.57,101.59,99.01,99.98,49216375.0,4915554212.0
2026-04-24,99.91,99.91,98.7,99.46,33773878.0,3348015919.0
