date,open,high,low,close,volume,amount
2018-06-11,15.47,18.57,15.47,18.57,78829.0,2845472.0
2018-06-12,20.42,20.42,20.42,20.42,26579.0,1058376.0
2018-06-13,22.46,22.46,22.46,22.46,45030.0,1972314.0
2018-06-14,24.71,24.71,24.71,24.71,74267.0,3578184.0
2018-06-15,27.18,27.18,27.18,27.18,256510.0,13595030.0
2018-06-19,29.9,29.9,29.9,29.9,1117428.0,65146052.0
2018-06-20,32.89,32.89,32.89,32.89,1310382.0,84034798.0
2018-06-21,36.18,36.18,36.18,36.18,1231660.0,86881296.0
2018-06-22,36.93,37.29,32.56,34.13,128170599.0,8599728956.0
2018-06-25,34.98,36.72,34.48,35.49,69981999.0,4868406844.0
2018-06-26,34.82,38.75,34.41,38.05,62553547.0,4537098812.0
2018-06-27,38.06,38.43,36.81,38.0,44138862.0,3241043473.0
2018-06-28,37.59,38.67,34.59,34.98,53080981.0,3770134241.0
2018-06-29,35.22,38.11,34.76,36.91,45698575.0,3231958793.0
2018-07-02,36.31,36.66,35.45,35.9,32470182.0,2278646005.0
2018-07-03,36.0,36.51,33.77,35.54,33910064.0,2337186968.0
2018-07-04,34.95,34.95,33.59,33.81,26282197.0,1749919478.0
2018-07-05,33.34,36.87,33.28,35.29,34337783.0,2343510067.0
2018-07-06,35.29,38.21,35.23,36.35,49213427.0,3511358607.0
2018-07-09,36.31,36.71,35.45,36.7,31068979.0,2183986506.0
2018-07-10,38.47,38.92,36.75,37.13,36484401.0,2666043240.0
2018-07-11,35.9,40.49,35.69,39.52,49120805.0,3695050774.0
2018-07-12,38.99,43.48,38.77,43.48,43085212.0,3430182907.0
2018-07-13,42.06,45.37,41.56,42.42,48202055.0,4049051405.0
2018-07-16,42.42,43.47,41.08,43.03,29515196.0,2439742029.0
2018-07-17,42.63,43.17,40.86,42.2,28615349.0,2336837085.0
2018-07-18,42.2,43.27,41.09,42.2,27113839.0,2233771785.0
2018-07-19,42.06,43.67,41.37,42.51,25074483.0,2089886954.0
2018-07-20,42.31,46.76,42.06,46.64,42695635.0,3750334638.0
2018-07-23,45.65,46.44,44.9,45.45,25014352.0,2223986141.0
2018-07-24,45.39,47.68,44.88,47.07,26501025.0,2395962686.0
2018-07-25,46.67,48.76,42.36,42.36,45719348.0,4027958764.0
2018-07-26,41.29,42.36,39.29,40.11,39286999.0,3115796617.0
2018-07-27,40.0,40.33,38.81,39.0,22809584.0,1748397062.0
2018-07-30,39.24,39.67,38.47,39.41,18041846.0,1377263289.0
2018-07-31,39.38,39.38,36.16,37.04,28128307.0,2055880225.0
2018-08-01,36.93,37.76,36.42,36.63,17933649.0,1298707855.0
2018-08-02,36.11,37.59,35.93,37.21,19853529.0,1429095208.0
2018-08-03,36.8,37.51,35.21,35.7,17288867.0,1223071470.0
2018-08-06,35.39,36.46,34.67,35.72,15706945.0,1096989858.0
2018-08-07,36.15,38.19,35.9,37.85,19964947.0,1445537173.0
2018-08-08,37.7,37.74,36.47,36.68,14770817.0,1067594666.0
2018-08-09,36.62,38.8,36.06,37.98,18474864.0,1364797400.0
2018-08-10,37.75,38.2,37.45,38.18,11673860.0,862092551.0
2018-08-13,37.44,38.05,36.94,37.96,10949557.0,800760026.0
2018-08-14,37.85,37.9,36.64,36.71,11735618.0,847545778.0
2018-08-15,36.4,36.94,35.39,35.45,12916705.0,905177224.0
2018-08-16,34.88,35.84,33.96,35.38,10715293.0,733358635.0
2018-08-17,35.85,36.16,34.93,34.96,8224837.0,570722229.0
2018-08-20,34.81,35.45,33.85,35.36,10922929.0,739769194.0
2018-08-21,35.37,36.3,34.89,35.68,10208839.0,709924231.0
2018-08-22,35.42,36.03,34.47,34.6,8999917.0,617772714.0
2018-08-23,34.7,35.72,34.4,35.44,12193136.0,835080332.0
2018-08-24,34.78,36.52,34.72,35.29,13360932.0,931622756.0
2018-08-27,35.17,36.4,34.82,36.14,12915092.0,900979595.0
2018-08-28,36.21,38.12,36.11,37.45,18813962.0,1362031257.0
2018-08-29,37.24,37.7,36.83,37.45,10333837.0,749871852.0
2018-08-30,37.54,37.95,35.71,35.9,13681809.0,979226463.0
2018-08-31,35.13,35.49,33.34,33.59,15901213.0,1072916774.0
2018-09-03,33.23,33.23,31.29,32.44,15910805.0,998632540.0
2018-09-04,32.41,32.95,32.19,32.75,8067558.0,512634921.0
2018-09-05,32.62,32.81,31.49,31.49,9689281.0,604400369.0
2018-09-06,31.08,32.13,30.94,31.72,8854073.0,547542957.0
2018-09-07,32.05,33.28,31.91,32.48,12748586.0,813256861.0
2018-09-10,32.6,32.72,31.29,31.47,6545100.0,404054152.0
2018-09-11,31.49,32.39,31.49,32.09,6629327.0,413926190.0
2018-09-12,32.21,33.47,32.11,33.08,12115986.0,779904479.0
2018-09-13,33.67,33.9,32.51,33.23,9852036.0,637747214.0
2018-09-14,34.0,35.39,33.78,33.8,15831828.0,1068356171.0
2018-09-17,33.12,33.58,32.61,32.68,7131416.0,460645758.0
2018-09-18,32.31,34.06,32.31,34.03,7789233.0,505525626.0
2018-09-19,33.84,35.16,33.57,34.53,9502594.0,637368900.0
2018-09-20,34.37,35.85,34.37,34.87,10200717.0,703066410.0
2018-09-21,35.2,35.85,34.8,35.49,7748207.0,535412407.0
2018-09-25,35.08,35.54,34.73,35.05,4204191.0,287948499.0
2018-09-26,35.21,37.7,35.21,37.38,16061574.0,1149820351.0
2018-09-27,37.06,38.44,36.77,37.21,13694667.0,1005558177.0
2018-09-28,36.98,38.51,36.98,37.44,11921098.0,880458280.0
2018-10-08,36.87,36.87,34.77,35.11,13116724.0,915229220.0
2018-10-09,35.34,35.47,32.88,33.29,13389377.0,888448838.0
2018-10-10,33.65,33.75,32.62,33.29,7163213.0,464126637.0
2018-10-11,31.74,32.55,30.52,31.0,12809465.0,785418489.0
2018-10-12,31.0,32.39,30.97,32.24,8600315.0,531900783.0
2018-10-15,35.29,35.47,34.81,35.47,19801487.0,1362852724.0
2018-10-16,35.9,36.09,34.85,35.31,10452197.0,723312823.0
2018-10-17,35.78,36.81,35.5,35.9,14232165.0,1000278467.0
2018-10-18,35.23,36.62,33.6,34.89,10810902.0,741423985.0
2018-10-19,34.37,38.09,34.37,37.84,14125112.0,1008056887.0
2018-10-22,38.0,41.59,38.0,40.57,18106362.0,1408026235.0
2018-10-23,40.06,41.01,39.03,40.0,12736627.0,987704574.0
2018-10-24,39.92,40.76,39.04,39.49,10042803.0,782578265.0
2018-10-25,38.47,41.84,38.21,41.5,13372207.0,1042168318.0
2018-10-26,41.38,41.38,37.45,38.26,17691702.0,1361043435.0
2018-10-29,38.44,38.67,36.21,36.29,12719771.0,923032363.0
2018-10-30,36.23,38.65,35.84,38.47,12887554.0,939263219.0
2018-10-31,38.61,39.71,38.06,38.21,9794351.0,743436076.0
2018-11-01,38.57,39.4,37.55,37.75,9723959.0,733949880.0
2018-11-02,39.05,40.33,39.0,40.25,13705894.0,1059238489.0
2018-11-05,40.25,42.3,39.9,40.72,13063517.0,1045459980.0
2018-11-06,40.53,42.26,38.98,41.84,12165834.0,954114790.0
2018-11-07,41.13,42.25,40.11,40.54,12658732.0,1013339457.0
2018-11-08,40.95,41.23,39.44,39.65,8044866.0,630122241.0
2018-11-09,39.49,40.54,39.32,39.88,6063937.0,473740955.0
2018-11-12,39.49,42.98,39.34,42.7,14889918.0,1205794048.0
2018-11-13,42.06,42.32,40.93,41.87,14287007.0,1158416128.0
2018-11-14,41.24,42.57,40.9,41.54,10790715.0,873812069.0
2018-11-15,41.24,42.16,40.98,41.72,7576857.0,614559637.0
2018-11-16,41.89,41.93,40.32,41.09,9809408.0,785031530.0
2018-11-19,40.82,41.79,40.52,40.7,7259001.0,579343249.0
2018-11-20,40.37,40.62,39.78,39.89,7722096.0,603966809.0
2018-11-21,39.75,40.9,39.24,40.34,7314829.0,573993355.0
2018-11-22,40.11,40.74,39.8,39.96,4071768.0,318546094.0
2018-11-23,39.96,39.98,37.9,37.94,10403744.0,782322413.0
2018-11-26,37.85,38.4,37.34,38.27,7610013.0,561073991.0
2018-11-27,38.3,39.41,37.83,38.77,7953332.0,599419288.0
2018-11-28,38.85,40.76,38.59,40.35,9918840.0,772880030.0
2018-11-29,40.77,41.8,40.02,40.02,9736251.0,778202196.0
2018-11-30,40.01,41.54,40.01,41.05,9067577.0,724258624.0
2018-12-03,42.32,42.82,41.32,41.47,12645226.0,1034073820.0
2018-12-04,41.13,42.61,41.05,42.21,9579665.0,785692897.0
2018-12-05,41.54,42.36,41.34,41.73,7391554.0,602269930.0
2018-12-06,41.44,42.2,40.52,40.52,11385399.0,917634577.0
2018-12-07,40.61,41.27,40.61,40.88,5642133.0,450938752.0
2018-12-10,40.75,41.22,39.39,40.15,7606831.0,593846046.0
2018-12-11,40.26,40.61,39.91,40.29,3450062.0,270881624.0
2018-12-12,40.69,42.05,40.52,41.8,9472483.0,767328382.0
2018-12-13,42.02,42.19,41.33,42.11,7244428.0,591252237.0
2018-12-14,42.02,42.3,40.68,40.69,7090513.0,573225336.0
2018-12-17,40.41,41.28,39.49,41.11,6864481.0,540779216.0
2018-12-18,40.52,41.33,40.35,40.8,4885589.0,388830543.0
2018-12-19,40.6,41.9,40.18,40.77,7092653.0,567762540.0
2018-12-20,40.71,40.72,39.1,39.67,9773738.0,757316341.0
2018-12-21,39.77,40.26,38.77,40.26,8873743.0,681882662.0
2018-12-24,39.84,40.64,39.5,40.02,5938803.0,463915421.0
2018-12-25,39.51,39.87,38.8,39.59,6588306.0,504970962.0
2018-12-26,39.59,39.95,38.74,38.93,4925282.0,376715931.0
2018-12-27,39.59,39.74,38.87,38.87,4881471.0,373262649.0
2018-12-28,38.82,39.3,37.85,37.85,5629239.0,424092161.0
2019-01-02,38.08,38.45,37.71,37.78,4394096.0,326259379.0
2019-01-03,37.19,38.23,37.19,37.87,4494903.0,332238738.0
2019-01-04,37.61,39.61,37.56,39.47,7905331.0,602100011.0
2019-01-07,39.46,39.83,39.13,39.71,5969559.0,460577318.0
2019-01-08,39.6,40.75,39.59,40.69,8574990.0,674107579.0
2019-01-09,39.49,40.11,38.56,39.99,12379879.0,952624090.0
2019-01-10,39.82,39.93,38.99,39.12,8394273.0,644858369.0
2019-01-11,39.29,39.36,38.36,38.61,6136703.0,463701251.0
2019-01-14,38.62,39.15,38.11,39.02,4848795.0,366505970.0
2019-01-15,38.98,39.74,38.39,39.68,5873635.0,448317234.0
2019-01-16,39.44,39.59,39.19,39.32,2573862.0,197749843.0
2019-01-17,39.47,39.85,39.19,39.32,3718809.0,286721587.0
2019-01-18,39.57,39.57,37.95,38.67,6503927.0,488797283.0
2019-01-21,38.48,38.79,38.09,38.59,5241159.0,392168954.0
2019-01-22,38.47,38.81,37.97,38.09,4258858.0,318440028.0
2019-01-23,38.09,38.8,37.96,38.69,4884798.0,367089067.0
2019-01-24,38.47,38.91,38.31,38.55,3798418.0,286305028.0
2019-01-25,38.79,40.41,38.55,39.72,9118956.0,707431984.0
2019-01-28,40.06,40.14,38.99,39.01,4628893.0,355879562.0
2019-01-29,39.11,39.69,38.0,39.33,5236313.0,395374219.0
2019-01-30,38.12,39.68,37.75,39.08,7707782.0,583430175.0
2019-01-31,39.12,39.89,39.0,39.04,4412755.0,339614008.0
2019-02-01,39.32,40.6,39.08,40.21,6214411.0,483480057.0
2019-02-11,40.51,41.74,40.51,41.54,8343327.0,670709804.0
2019-02-12,41.29,41.85,41.05,41.54,4989121.0,402647823.0
2019-02-13,41.44,42.86,41.22,41.9,7877177.0,647619276.0
2019-02-14,41.8,45.58,41.72,43.45,12723314.0,1084873165.0
2019-02-15,43.29,44.11,42.26,42.27,10515313.0,880799440.0
2019-02-18,42.65,43.53,42.34,43.32,8778720.0,735318290.0
2019-02-19,43.42,43.48,41.95,42.2,9425786.0,782086065.0
2019-02-20,42.47,43.34,42.11,42.66,6067442.0,506750854.0
2019-02-21,42.42,43.53,42.21,42.74,8228772.0,690870556.0
2019-02-22,42.57,43.75,42.11,43.27,8960036.0,752183501.0
2019-02-25,43.99,47.01,43.99,46.84,15411302.0,1380347010.0
2019-02-26,46.16,46.57,44.97,45.39,11324211.0,1009210795.0
2019-02-27,44.98,45.85,43.75,44.13,9103790.0,795251090.0
2019-02-28,44.11,45.74,44.11,44.98,7239918.0,637896403.0
2019-03-01,46.72,47.64,45.85,46.17,9619284.0,873963510.0
2019-03-04,46.93,48.81,46.53,47.38,14036947.0,1306102150.0
2019-03-05,47.38,47.69,46.77,47.49,8615692.0,793012159.0
2019-03-06,47.76,48.11,45.84,46.77,10432922.0,949501269.0
2019-03-07,46.6,46.6,44.46,45.08,13707148.0,1210805141.0
2019-03-08,44.11,45.29,43.45,43.58,11069663.0,951944818.0
2019-03-11,43.46,45.23,43.36,45.09,9354658.0,813096538.0
2019-03-12,46.98,48.13,45.75,46.71,14763435.0,1352038771.0
2019-03-13,46.67,46.67,44.98,45.17,7577721.0,674377765.0
2019-03-14,45.12,46.41,44.78,45.62,7982575.0,710913723.0
2019-03-15,46.16,46.88,45.63,46.07,7821543.0,707054565.0
2019-03-18,46.1,46.16,45.08,45.79,7275762.0,646068127.0
2019-03-19,45.72,47.12,45.13,45.44,6817028.0,611077098.0
2019-03-20,45.39,45.39,44.02,44.71,8814118.0,764749352.0
2019-03-21,44.62,45.34,44.08,44.68,8135960.0,707343506.0
2019-03-22,44.68,44.68,43.7,44.41,6018992.0,518360063.0
2019-03-25,45.12,46.46,44.63,45.65,12990646.0,1158349085.0
2019-03-26,45.14,45.38,43.54,43.75,9719783.0,836361948.0
2019-03-27,43.85,44.38,42.21,42.78,9492122.0,795590923.0
2019-03-28,42.74,43.27,42.11,42.67,5857193.0,487897668.0
2019-03-29,42.78,43.59,42.39,43.59,7124126.0,598855279.0
2019-04-01,43.68,44.6,43.59,44.29,9239090.0,794157527.0
2019-04-02,44.29,44.33,43.25,43.58,10241327.0,869961309.0
2019-04-03,43.49,43.7,43.02,43.33,7184038.0,605819178.0
2019-04-04,43.4,43.68,43.08,43.17,6679609.0,564517874.0
2019-04-08,43.45,43.54,41.59,42.2,11376979.0,941060714.0
2019-04-09,43.47,43.72,42.52,43.04,11942266.0,1003599921.0
2019-04-10,42.98,42.98,41.9,42.18,10840837.0,890277783.0
2019-04-11,42.18,42.36,41.33,41.4,8953765.0,728469345.0
2019-04-12,41.5,42.37,41.5,42.05,5935673.0,486028531.0
2019-04-15,42.47,42.57,41.52,41.53,5995060.0,491053132.0
2019-04-16,41.29,42.19,41.22,42.19,5718722.0,464852034.0
2019-04-17,42.83,44.25,42.83,44.16,20500478.0,1752514964.0
2019-04-18,44.17,44.26,43.3,43.42,7061781.0,601487607.0
2019-04-19,43.35,43.59,42.52,42.67,6296775.0,524874429.0
2019-04-22,42.68,42.88,41.56,41.66,6649229.0,543402295.0
2019-04-23,41.29,41.36,38.47,40.09,11525936.0,898901903.0
2019-04-24,40.1,40.96,39.7,40.92,5134374.0,404380494.0
2019-04-25,40.31,41.47,40.06,40.57,5297314.0,422497288.0
2019-04-26,40.52,41.21,40.51,40.7,3491801.0,278261725.0
2019-04-29,41.54,41.73,40.59,40.92,4788277.0,383749258.0
2019-04-30,40.93,41.33,40.59,40.91,3109077.0,248280438.0
2019-05-06,39.43,39.83,38.5,38.82,6543106.0,499354099.0
2019-05-07,38.98,39.71,38.78,38.9,3711940.0,283552905.0
2019-05-08,38.41,39.07,37.8,38.27,3499581.0,261613986.0
2019-05-09,37.95,38.51,37.25,37.29,4813423.0,353504943.0
2019-05-10,37.69,38.2,36.27,38.0,5407424.0,396995566.0
2019-05-13,37.47,37.57,36.55,36.72,4632721.0,334093983.0
2019-05-14,36.89,37.54,36.88,37.01,4332993.0,313815477.0
2019-05-15,37.18,38.54,37.18,38.46,6619534.0,491578063.0
2019-05-16,38.36,38.38,37.9,38.12,3737156.0,277622387.0
2019-05-17,38.32,38.32,36.89,37.06,3600307.0,263549588.0
2019-05-20,36.6,36.97,34.82,35.74,4523747.0,315226938.0
2019-05-21,36.01,36.51,35.84,35.98,3194938.0,225101966.0
2019-05-22,36.27,36.37,35.52,35.58,2782387.0,194769382.0
2019-05-23,35.29,35.52,34.52,34.61,4401686.0,298347370.0
2019-05-24,34.78,34.98,34.36,34.8,2931112.0,198625492.0
2019-05-27,34.87,35.72,34.71,35.49,4369021.0,300432178.0
2019-05-28,35.49,36.87,35.29,36.87,5318129.0,372556046.0
2019-05-29,36.01,36.56,35.93,36.19,3295113.0,232757105.0
2019-05-30,36.15,36.15,35.34,35.8,2872644.0,199994014.0
2019-05-31,36.06,36.14,35.57,35.61,2516679.0,175685320.0
2019-06-03,35.18,35.73,34.88,34.96,3252837.0,223503068.0
2019-06-04,35.08,35.08,34.26,34.3,3166678.0,213131577.0
2019-06-05,34.55,35.57,34.55,35.42,5009314.0,343503185.0
2019-06-06,35.29,35.33,34.19,34.33,3748486.0,252839103.0
2019-06-10,34.8,36.04,34.32,34.67,8845244.0,608130670.0
2019-06-11,32.83,35.36,32.82,34.97,24107111.0,1598113764.0
2019-06-12,34.5,35.65,34.5,35.21,15350806.0,1051599152.0
2019-06-13,35.18,37.06,34.82,36.42,21548752.0,1517836884.0
2019-06-14,36.45,38.05,36.31,37.02,20433297.0,1485468811.0
2019-06-17,37.06,37.87,36.47,36.91,12070489.0,876179720.0
2019-06-18,36.88,37.12,36.11,36.44,8180108.0,582895043.0
2019-06-19,37.43,37.56,35.45,35.74,14281497.0,1005547314.0
2019-06-20,35.74,36.02,35.0,35.42,12816110.0,888389359.0
2019-06-21,36.41,36.41,35.31,35.43,11818586.0,821987074.0
2019-06-24,35.43,35.46,34.83,35.32,6605850.0,452626112.0
2019-06-25,35.31,35.49,34.78,35.3,7638790.0,524726341.0
2019-06-26,35.1,36.19,35.02,35.89,9448365.0,659276524.0
2019-06-27,35.81,36.27,35.62,35.87,10948902.0,766946532.0
2019-06-28,35.34,35.61,34.88,35.33,5721215.0,393261788.0
2019-07-01,35.9,36.41,35.55,36.07,13077230.0,918840409.0
2019-07-02,36.05,37.12,35.88,36.43,16251996.0,1159161875.0
2019-07-03,36.16,37.45,36.05,36.82,22100168.0,1590621265.0
2019-07-04,36.92,37.07,36.18,36.44,8084414.0,575394325.0
2019-07-05,36.47,36.67,35.91,36.46,8893749.0,631207238.0
2019-07-08,36.17,36.17,34.82,35.32,8304330.0,572956112.0
2019-07-09,35.33,36.36,35.13,36.34,9602729.0,671619525.0
2019-07-10,36.47,37.68,36.41,37.06,15931512.0,1152969653.0
2019-07-11,37.7,37.71,36.88,37.14,7067279.0,513699469.0
2019-07-12,37.33,38.07,37.19,37.89,9417205.0,694124849.0
2019-07-15,38.21,38.25,37.44,37.78,11271492.0,831092957.0
2019-07-16,37.65,37.78,36.57,37.35,9607041.0,696256680.0
2019-07-17,37.16,37.87,37.07,37.44,4317237.0,315550236.0
2019-07-18,37.16,37.34,36.58,36.67,4517044.0,324530503.0
2019-07-19,36.78,37.41,36.71,37.18,5735854.0,415492044.0
2019-07-22,37.26,37.82,36.75,37.55,8765702.0,637958007.0
2019-07-23,37.72,39.54,37.32,38.99,16470705.0,1243667020.0
2019-07-24,39.16,39.53,38.75,38.89,11968548.0,911581946.0
2019-07-25,38.9,39.44,38.7,38.96,11840107.0,900265031.0
2019-07-26,38.73,39.96,38.73,39.39,11526351.0,887611744.0
2019-07-29,39.32,39.77,39.06,39.4,7037596.0,539231508.0
2019-07-30,39.52,40.33,39.13,39.96,9645886.0,748447374.0
2019-07-31,39.88,39.88,39.06,39.06,6622124.0,507359963.0
2019-08-01,39.0,39.53,38.69,38.95,6750326.0,512836766.0
2019-08-02,38.02,38.85,37.9,38.69,7166010.0,537012579.0
2019-08-05,38.39,38.64,37.45,37.51,8991667.0,664300302.0
2019-08-06,36.38,37.35,36.23,37.08,8493825.0,606804434.0
2019-08-07,37.26,38.31,37.23,37.68,8604899.0,634607224.0
2019-08-08,38.03,38.12,37.41,37.55,3874396.0,283896694.0
2019-08-09,38.01,38.01,36.75,36.96,4732689.0,342757055.0
2019-08-12,36.9,37.72,36.76,37.7,4253610.0,309047521.0
2019-08-13,37.42,38.18,37.3,37.76,5309490.0,390413486.0
2019-08-14,38.03,38.59,37.77,37.77,6324864.0,469662044.0
2019-08-15,36.97,38.13,36.85,38.11,4622234.0,338674804.0
2019-08-16,38.03,38.13,37.53,37.63,6954025.0,510354144.0
2019-08-19,37.87,39.16,37.63,39.16,10512285.0,788088319.0
2019-08-20,39.15,39.24,38.62,38.76,6819064.0,516227097.0
2019-08-21,38.65,39.54,38.65,38.95,6533092.0,497063367.0
2019-08-22,39.06,39.06,38.54,38.85,4917499.0,371406220.0
2019-08-23,38.84,38.84,36.96,37.98,16565181.0,1217057417.0
2019-08-26,37.46,37.89,37.26,37.4,9127893.0,667071589.0
2019-08-27,37.7,38.3,37.57,37.67,9605221.0,708485567.0
2019-08-28,38.11,38.17,37.18,37.27,8640082.0,630707719.0
2019-08-29,37.26,37.27,36.5,36.53,10076080.0,719068780.0
2019-08-30,36.72,37.45,36.26,37.14,11896719.0,853502525.0
2019-09-02,37.1,37.59,36.94,37.49,9806682.0,711942579.0
2019-09-03,37.36,37.46,36.4,36.59,13019463.0,928815989.0
2019-09-04,36.42,36.68,35.92,36.58,11710654.0,825074108.0
2019-09-05,36.59,37.2,36.59,36.64,12301592.0,882671198.0
2019-09-06,36.72,37.15,36.72,36.93,8292198.0,595782214.0
2019-09-09,37.26,39.57,37.03,39.57,25802948.0,1929969738.0
2019-09-10,39.74,39.95,39.29,39.68,18827878.0,1453966628.0
2019-09-11,40.03,41.67,39.75,39.96,21230612.0,1677214722.0
2019-09-12,40.19,40.96,39.72,40.08,15404790.0,1208379491.0
2019-09-16,40.59,40.75,39.22,39.42,13527921.0,1049862815.0
2019-09-17,39.35,39.35,38.14,38.29,14317599.0,1075220901.0
2019-09-18,38.57,38.78,38.26,38.33,10085597.0,755559854.0
2019-09-19,38.33,39.06,38.33,38.74,14132303.0,1065080393.0
2019-09-20,38.81,39.12,38.34,38.47,12802741.0,962427238.0
2019-09-23,38.47,38.48,37.15,37.51,12309884.0,899754060.0
2019-09-24,37.59,37.99,37.03,37.37,12842670.0,936875749.0
2019-09-25,37.31,37.91,36.92,37.49,13395325.0,975645561.0
2019-09-26,37.62,37.69,36.5,36.72,13092362.0,941682668.0
2019-09-27,36.72,36.94,36.52,36.72,7143729.0,510484482.0
2019-09-30,36.9,37.04,36.57,36.74,6760707.0,484212294.0
2019-10-08,36.8,36.99,36.07,36.11,8735710.0,618883410.0
2019-10-09,35.98,35.99,35.14,35.51,13221857.0,911571269.0
2019-10-10,36.01,36.81,35.85,36.43,12285154.0,869992051.0
2019-10-11,36.57,37.07,36.14,36.72,9492562.0,677544365.0
2019-10-14,36.95,37.0,36.23,36.41,12203588.0,867406115.0
2019-10-15,36.41,37.05,36.31,36.47,8935077.0,636739160.0
2019-10-16,36.49,36.66,35.72,35.81,8123690.0,568498326.0
2019-10-17,35.82,35.96,35.4,35.61,7245504.0,501288116.0
2019-10-18,35.77,36.14,35.64,36.02,7628238.0,533023008.0
2019-10-21,36.12,36.12,35.46,35.79,5043168.0,350055632.0
2019-10-22,35.97,36.44,35.97,36.34,6927358.0,489333687.0
2019-10-23,36.33,36.56,36.0,36.36,6317648.0,447168648.0
2019-10-24,36.45,36.97,36.42,36.81,9043248.0,646704356.0
2019-10-25,36.85,36.87,36.26,36.5,5389714.0,382402723.0
2019-10-28,36.0,36.39,35.81,36.39,9966286.0,700210843.0
2019-10-29,36.43,36.43,35.52,35.6,9865652.0,687635380.0
2019-10-30,35.46,35.83,35.14,35.73,7561367.0,520676673.0
2019-10-31,35.65,35.88,35.29,35.31,5626806.0,387993148.0
2019-11-01,35.21,35.66,35.16,35.63,5613492.0,387301784.0
2019-11-04,35.77,35.97,35.51,35.94,8286601.0,577524887.0
2019-11-05,36.13,38.21,35.94,37.76,23782533.0,1725001849.0
2019-11-06,39.19,40.54,38.72,39.0,44148150.0,3404725404.0
2019-11-07,38.7,39.52,38.09,38.7,21663334.0,1632551884.0
2019-11-08,39.0,39.67,38.54,38.86,19035838.0,1451717069.0
2019-11-11,38.43,38.75,37.87,37.87,9991343.0,743193689.0
2019-11-12,38.03,38.7,37.8,38.26,9084273.0,676179119.0
2019-11-13,38.44,38.48,37.92,38.0,6735241.0,500321732.0
2019-11-14,38.23,38.46,37.93,38.08,6725875.0,500146772.0
2019-11-15,38.18,38.18,36.79,37.31,10722051.0,777993873.0
2019-11-18,37.45,37.61,37.08,37.45,4495507.0,327040087.0
2019-11-19,37.66,39.55,37.45,39.54,18631350.0,1408822314.0
2019-11-20,39.48,40.13,39.16,39.21,11246809.0,866890314.0
2019-11-21,39.42,40.13,39.21,39.65,12442467.0,962849297.0
2019-11-22,42.14,43.47,40.83,41.37,42347174.0,3469882995.0
2019-11-25,41.8,42.99,41.62,42.95,28083768.0,2324168796.0
2019-11-26,42.65,46.04,42.09,45.22,39148358.0,3366468759.0
2019-11-27,44.94,45.66,44.18,44.84,19444274.0,1701295924.0
2019-11-28,44.55,46.04,44.27,44.92,14522464.0,1272961362.0
2019-11-29,44.77,45.68,43.88,44.92,12922196.0,1128335007.0
2019-12-02,45.32,45.39,44.09,44.76,11901718.0,1037432152.0
2019-12-03,44.71,44.84,43.47,44.4,15689440.0,1344177279.0
2019-12-04,44.38,45.61,43.77,44.55,16878594.0,1471734012.0
2019-12-05,44.72,48.03,44.69,47.28,26362986.0,2386541252.0
2019-12-06,47.12,47.99,46.82,47.79,13437736.0,1241180810.0
2019-12-09,48.05,48.05,46.71,47.73,14749903.0,1356068174.0
2019-12-10,47.28,48.53,46.92,47.97,12694910.0,1180456000.0
2019-12-11,47.97,48.4,46.51,47.02,13325522.0,1228395776.0
2019-12-12,47.0,47.74,45.85,46.1,14878693.0,1348243703.0
2019-12-13,47.04,48.0,46.41,47.79,18289816.0,1685672881.0
2019-12-16,47.56,47.72,46.91,47.43,18217880.0,1677225431.0
2019-12-17,48.72,49.94,48.53,49.02,27739358.0,2651624404.0
2019-12-18,48.54,48.56,47.36,47.89,18640537.0,1738803703.0
2019-12-19,48.05,48.09,47.03,47.92,10843349.0,1003631198.0
2019-12-20,47.91,48.76,47.64,47.68,10357947.0,968703786.0
2019-12-23,47.28,49.02,47.05,47.74,14142900.0,1327211449.0
2019-12-24,47.89,51.43,47.89,51.13,29704390.0,2899590776.0
2019-12-25,51.05,54.2,50.44,54.11,23307715.0,2363520362.0
2019-12-26,53.96,54.98,52.77,54.02,14841677.0,1549926129.0
2019-12-27,54.02,56.53,53.01,53.55,24054959.0,2568286548.0
2019-12-30,54.76,56.78,53.96,56.53,23577964.0,2546998962.0
2019-12-31,56.46,56.71,54.24,54.68,21500700.0,2311684353.0
2020-01-02,55.09,55.94,54.32,55.25,20611589.0,2213454651.0
2020-01-03,55.25,56.63,54.46,56.3,18084178.0,1956828809.0
2020-01-06,57.2,58.84,55.4,56.06,26500200.0,2958351780.0
2020-01-07,56.02,56.34,55.2,55.76,13507544.0,1461154189.0
2020-01-08,56.02,57.3,55.04,56.32,19224068.0,2098374347.0
2020-01-09,57.56,59.35,56.53,59.1,20164351.0,2287090666.0
2020-01-10,58.69,58.69,57.39,58.23,14428007.0,1628569248.0
2020-01-13,59.61,60.89,58.69,60.07,21597445.0,2516539925.0
2020-01-14,61.41,62.05,59.19,59.46,21768473.0,2585867747.0
2020-01-15,59.46,60.42,57.66,59.25,17758720.0,2031327383.0
2020-01-16,59.61,59.87,58.51,59.82,12934158.0,1492301747.0
2020-01-17,59.8,60.41,58.58,59.14,14662407.0,1694771901.0
2020-01-20,59.09,64.28,58.02,63.31,24892200.0,2992287057.0
2020-01-21,62.96,63.21,61.9,62.51,14267108.0,1734790907.0
2020-01-22,62.51,68.77,61.35,68.77,34991561.0,4493837402.0
2020-01-23,68.09,70.4,64.29,67.1,35986224.0,4755930193.0
2020-02-03,65.04,73.73,65.01,69.56,52634602.0,7148822247.0
2020-02-04,74.91,76.52,71.95,76.52,35913583.0,5283954890.0
2020-02-05,81.28,84.17,80.32,84.17,53082382.0,8588999757.0
2020-02-06,79.66,87.3,78.62,87.3,57918993.0,9265610936.0
2020-02-07,85.31,87.02,81.68,82.32,45499480.0,7426674365.0
2020-02-10,82.74,86.63,82.22,84.92,37540921.0,6161572537.0
2020-02-11,85.92,86.33,80.99,81.4,33994559.0,5451183357.0
2020-02-12,78.91,83.17,78.13,82.04,32586206.0,5174595056.0
2020-02-13,80.16,81.9,78.98,80.34,31360960.0,4914616428.0
2020-02-14,81.66,82.17,76.5,77.03,43961853.0,6739413555.0
2020-02-17,76.57,80.25,76.51,79.19,34447133.0,5309578996.0
2020-02-18,79.19,81.71,78.55,80.48,28230513.0,4400767114.0
2020-02-19,84.79,84.84,78.57,78.73,41816783.0,6598898914.0
2020-02-20,80.42,84.79,78.62,82.22,51844020.0,8254242623.0
2020-02-21,81.09,83.51,79.77,82.17,33805137.0,5376640660.0
2020-02-24,80.68,82.14,78.36,79.35,36523081.0,5670550935.0
2020-02-25,76.95,85.05,76.49,83.17,51602630.0,8116792625.0
2020-02-26,81.55,82.66,77.44,78.55,33827986.0,5273485009.0
2020-02-27,79.7,80.51,76.47,76.82,33200245.0,5062343300.0
2020-02-28,71.94,74.51,69.64,69.72,50844719.0,7090643686.0
2020-03-02,71.33,72.95,69.35,71.94,31815002.0,4426474527.0
2020-03-03,75.03,76.92,73.95,74.91,29691061.0,4366384639.0
2020-03-04,73.99,74.97,71.83,73.85,20594614.0,2945905656.0
2020-03-05,75.3,75.97,72.97,74.63,22463328.0,3254884224.0
2020-03-06,72.98,75.7,72.71,73.75,15980869.0,2309879439.0
2020-03-09,71.43,72.41,68.35,68.58,29425285.0,4022533012.0
2020-03-10,68.66,72.81,68.35,72.22,29274470.0,4026499804.0
2020-03-11,73.49,76.35,71.33,72.34,33923207.0,4857506589.0
2020-03-12,69.99,70.28,67.48,68.96,33385759.0,4454589855.0
2020-03-13,64.8,68.76,64.75,67.88,27455284.0,3557983787.0
2020-03-16,65.78,66.23,61.1,61.18,49048485.0,5992811656.0
2020-03-17,62.18,63.17,57.17,60.61,39220328.0,4571660104.0
2020-03-18,61.1,63.46,59.61,60.3,31338376.0,3757216350.0
2020-03-19,61.15,61.41,57.4,59.12,33156307.0,3803916537.0
2020-03-20,60.64,61.51,58.18,59.54,22514220.0,2615607082.0
2020-03-23,56.94,57.33,53.96,55.23,30761809.0,3324031004.0
2020-03-24,56.84,58.01,54.99,57.33,29116996.0,3222263479.0
2020-03-25,59.71,62.79,59.61,62.18,38592846.0,4603104636.0
2020-03-26,61.16,62.87,60.79,61.48,19437090.0,2344662560.0
2020-03-27,62.8,63.38,60.31,61.0,17499077.0,2101160340.0
2020-03-30,59.61,62.0,56.89,61.31,26165539.0,3010412507.0
2020-03-31,61.81,63.27,60.57,61.87,19485192.0,2350421158.0
2020-04-01,63.26,64.52,61.19,61.87,29895088.0,3664714147.0
2020-04-02,60.38,63.52,59.98,63.52,20958836.0,2523168230.0
2020-04-03,64.06,64.24,61.56,62.18,18220415.0,2225897354.0
2020-04-07,63.52,64.8,63.22,64.08,18372889.0,2284706365.0
2020-04-08,63.67,64.49,63.0,63.21,11946973.0,1479285370.0
2020-04-09,63.71,63.97,61.57,61.77,16052778.0,1944405073.0
2020-04-10,62.26,63.24,60.6,60.87,14569554.0,1748457124.0
2020-04-13,59.05,60.12,58.11,58.94,12458136.0,1432291942.0
2020-04-14,60.64,64.83,60.38,64.83,38893873.0,4803638074.0
2020-04-15,66.7,67.78,65.38,65.78,32564492.0,4226641423.0
2020-04-16,65.92,68.71,65.17,68.32,21638110.0,2835377037.0
2020-04-17,69.93,72.24,69.43,70.38,29252182.0,4024198915.0
2020-04-20,70.09,70.27,67.77,69.12,18700233.0,2507578390.0
2020-04-21,67.83,68.27,65.26,67.07,19391746.0,2519303195.0
2020-04-22,65.43,67.99,65.42,67.24,14686885.0,1904011483.0
2020-04-23,68.3,68.3,66.09,66.75,12537857.0,1635621702.0
2020-04-24,66.81,69.89,66.81,67.67,16991648.0,2263542699.0
2020-04-27,68.36,69.89,67.87,68.81,14365453.0,1933994989.0
2020-04-28,70.4,72.0,67.64,71.07,22691656.0,3115997363.0
2020-04-29,69.96,72.04,69.89,71.29,11954408.0,1659513004.0
2020-04-30,74.0,76.32,74.0,74.19,23338521.0,3409837973.0
2020-05-06,71.43,75.44,71.3,74.92,19146391.0,2769607852.0
2020-05-07,75.18,75.64,72.46,73.59,16078680.0,2302059541.0
2020-05-08,73.49,74.63,72.4,74.04,14133880.0,2024998125.0
2020-05-11,74.1,75.02,69.41,70.72,28536431.0,3959234289.0
2020-05-12,71.46,71.88,69.75,71.43,16027660.0,2208624439.0
2020-05-13,70.57,71.76,70.34,71.05,12154242.0,1678255895.0
2020-05-14,70.84,71.04,69.63,69.68,11433488.0,1560698259.0
2020-05-15,71.91,75.9,71.41,74.76,32212118.0,4605864489.0
2020-05-18,74.51,74.51,71.78,72.87,16088936.0,2287442334.0
2020-05-19,73.59,74.92,73.24,73.62,10425183.0,1499320586.0
2020-05-20,77.08,79.86,76.57,76.72,32969279.0,5027432242.0
2020-05-21,78.01,78.91,75.33,75.78,15487607.0,2328717776.0
2020-05-22,75.35,75.47,72.46,73.39,14817295.0,2127136883.0
2020-05-25,73.32,74.21,72.23,74.15,10378205.0,1482241104.0
2020-05-26,74.91,77.29,74.62,77.1,17486531.0,2596292602.0
2020-05-27,77.06,79.65,77.03,77.85,18104917.0,2763780108.0
2020-05-28,77.08,77.55,73.74,75.97,17424709.0,2553996974.0
2020-05-29,75.54,75.97,74.26,74.79,14142791.0,2060033605.0
2020-06-01,75.78,78.64,75.21,77.57,15176562.0,2284037537.0
2020-06-02,79.14,79.6,75.53,76.81,13703028.0,2055312033.0
2020-06-03,77.08,77.66,75.96,76.31,11363532.0,1693882301.0
2020-06-04,77.09,79.32,76.48,77.2,13757396.0,2082248432.0
2020-06-05,76.97,77.89,75.79,77.81,9862700.0,1475831341.0
2020-06-08,79.12,79.54,77.43,77.92,10560379.0,1605995419.0
2020-06-09,79.51,80.27,78.79,79.24,15069925.0,2325730460.0
2020-06-10,82.29,82.29,79.0,80.64,19821016.0,3097487315.0
2020-06-11,82.34,87.53,81.38,84.39,36817709.0,6056179350.0
2020-06-12,82.44,83.63,81.77,81.98,25244551.0,4038133987.0
2020-06-15,80.4,82.99,80.03,81.16,15945246.0,2526289033.0
2020-06-16,82.86,84.03,81.32,82.34,13129741.0,2107390563.0
2020-06-17,81.85,82.6,80.29,81.21,12529134.0,1973464262.0
2020-06-18,81.21,82.12,80.29,81.8,9656214.0,1526258396.0
2020-06-19,82.33,86.87,81.91,85.38,25019327.0,4137793352.0
2020-06-22,85.3,88.16,84.66,84.92,19041226.0,3191062037.0
2020-06-23,85.43,87.04,84.16,86.92,15947506.0,2662217151.0
2020-06-24,87.76,89.33,87.13,88.26,14660407.0,2515400581.0
2020-06-29,87.75,88.78,86.98,88.03,11604049.0,1980641413.0
2020-06-30,89.03,92.36,89.03,89.73,16251433.0,2849476588.0
2020-07-01,91.86,93.61,86.4,87.18,28657478.0,4991087873.0
2020-07-02,88.52,88.61,84.66,86.05,27047963.0,4535545522.0
2020-07-03,87.49,87.87,85.96,86.26,24026447.0,4054240061.0
2020-07-06,86.56,92.64,86.25,91.5,30715268.0,5324573165.0
2020-07-07,96.75,100.66,96.5,100.66,25360423.0,4915716572.0
2020-07-08,101.9,102.32,97.77,101.68,28889036.0,5645451324.0
2020-07-09,101.39,106.41,100.87,105.51,27903552.0,5622121401.0
2020-07-10,104.46,106.61,103.24,104.94,16829333.0,3436550912.0
2020-07-13,108.9,115.43,108.9,115.34,30326879.0,6609862260.0
2020-07-14,110.13,113.58,107.49,111.14,33329626.0,7129824248.0
2020-07-15,112.71,113.52,104.02,106.55,27435061.0,5785551114.0
2020-07-16,107.05,109.56,101.08,101.27,27254968.0,5596500616.0
2020-07-17,101.39,103.54,96.8,100.72,30378591.0,5903627257.0
2020-07-20,105.03,108.65,102.46,105.66,28999908.0,5919664190.0
2020-07-21,108.07,108.07,104.47,106.53,18656592.0,3855792321.0
2020-07-22,105.5,108.69,104.49,106.99,19165779.0,3992449599.0
2020-07-23,106.53,110.91,106.02,109.88,25589954.0,5395410865.0
2020-07-24,107.56,108.02,100.79,102.25,34398314.0,6943402672.0
2020-07-27,101.9,103.43,97.78,98.45,25155581.0,4870628816.0
2020-07-28,100.9,103.19,100.62,101.65,20148990.0,3988264848.0
2020-07-29,101.65,105.5,100.5,105.08,18998583.0,3844683434.0
2020-07-30,105.5,106.52,104.16,105.68,14353072.0,2944644013.0
2020-07-31,106.02,110.8,105.76,109.19,20704980.0,4378422256.0
2020-08-03,110.07,111.06,108.1,110.96,15106133.0,3216865098.0
2020-08-04,110.29,114.76,108.24,108.43,19958062.0,4309494880.0
2020-08-05,108.46,109.52,106.3,108.26,12730060.0,2664523683.0
2020-08-06,111.62,112.13,107.05,108.85,14565688.0,3082282260.0
2020-08-07,107.56,110.29,104.02,105.14,18055246.0,3733669852.0
2020-08-10,105.09,105.66,101.94,103.28,13078744.0,2629646475.0
2020-08-11,103.32,105.3,101.97,102.12,12233213.0,2468198213.0
2020-08-12,102.88,103.06,96.86,100.73,25272741.0,4855191799.0
2020-08-13,103.34,103.95,100.08,100.87,13061210.0,2581164117.0
2020-08-14,101.75,103.16,100.87,103.12,11970002.0,2373752131.0
2020-08-17,102.93,103.12,99.94,101.19,19707410.0,3866925435.0
2020-08-18,102.72,105.5,100.81,102.56,22122398.0,4415130041.0
2020-08-19,101.8,101.8,97.78,97.88,18714680.0,3610137183.0
2020-08-20,96.24,98.3,95.21,96.97,13020138.0,2444311254.0
2020-08-21,98.48,99.81,97.78,98.93,14655272.0,2815939720.0
2020-08-24,99.94,107.05,98.94,103.96,25806984.0,5156579058.0
2020-08-25,103.96,106.02,102.39,102.89,14549072.0,2935647680.0
2020-08-26,102.42,102.92,99.3,100.05,15240258.0,2985718224.0
2020-08-27,104.22,107.3,102.42,105.48,28397772.0,5799779573.0
2020-08-28,106.18,107.82,104.82,107.2,16967122.0,3510925235.0
2020-08-31,107.9,108.47,105.51,106.2,13514481.0,2797718777.0
2020-09-01,106.27,110.65,105.51,110.26,19716189.0,4175644975.0
2020-09-02,109.81,110.2,107.05,108.75,14608611.0,3084140608.0
2020-09-03,108.08,108.59,105.96,108.02,12452889.0,2600401902.0
2020-09-04,104.07,105.84,103.23,105.12,14773663.0,2993649066.0
2020-09-07,104.42,105.43,92.64,95.93,44789699.0,8540774210.0
2020-09-08,95.21,96.75,92.38,96.19,22073272.0,4063178479.0
2020-09-09,92.12,96.5,91.6,94.86,18934368.0,3444737255.0
2020-09-10,95.21,97.53,94.95,95.19,14826421.0,2775741169.0
2020-09-11,95.72,97.42,94.36,96.39,11765001.0,2188559589.0
2020-09-14,98.04,100.35,97.78,99.21,14289637.0,2755344741.0
2020-09-15,100.61,101.39,99.23,100.2,11703665.0,2283119875.0
2020-09-16,101.28,101.33,98.04,98.95,11837864.0,2289962853.0
2020-09-17,98.94,103.93,98.3,102.11,18130771.0,3567477518.0
2020-09-18,102.37,102.93,100.47,101.92,10548691.0,2089777817.0
2020-09-21,103.91,107.05,101.31,101.86,16068319.0,3253235562.0
2020-09-22,102.93,105.09,101.86,103.19,12339378.0,2486477011.0
2020-09-23,102.72,102.84,98.35,101.39,15719429.0,3068479262.0
2020-09-24,99.66,100.77,97.84,98.21,10668028.0,2053506544.0
2020-09-25,99.64,100.2,98.09,98.56,6801208.0,1308079227.0
2020-09-28,99.56,101.36,98.71,99.28,8233195.0,1600223954.0
2020-09-29,100.61,106.15,100.58,105.5,20243551.0,4072131575.0
2020-09-30,105.66,108.6,104.89,107.66,15990837.0,3336273481.0
2020-10-09,113.22,117.79,113.1,115.73,23959241.0,5376329911.0
2020-10-12,117.34,120.94,116.98,120.83,18938222.0,4398493907.0
2020-10-13,120.88,122.78,117.85,121.29,10746666.0,2516817784.0
2020-10-14,121.97,125.57,120.84,122.13,13770183.0,3291861336.0
2020-10-15,124.09,125.63,121.97,122.8,9953526.0,2390083998.0
2020-10-16,123.26,123.52,115.44,117.39,20304062.0,4680601974.0
2020-10-19,119.05,121.51,117.34,118.07,13002499.0,3013473696.0
2020-10-20,118.69,124.34,117.82,124.34,13596634.0,3215157955.0
2020-10-21,123.55,123.84,117.18,119.57,16167925.0,3765707374.0
2020-10-22,118.47,120.32,116.83,119.34,9055157.0,2083319771.0
2020-10-23,119.66,122.88,115.51,115.8,11593811.0,2675565183.0
2020-10-26,116.3,120.24,112.88,119.99,10802773.0,2483444489.0
2020-10-27,120.94,122.85,119.4,122.08,9101539.0,2142729171.0
2020-10-28,117.16,126.33,116.65,123.65,22415826.0,5333295830.0
2020-10-29,121.98,125.58,119.56,123.52,17435230.0,4141992877.0
2020-10-30,124.04,132.06,122.64,127.21,22958747.0,5697363353.0
2020-11-02,127.12,136.64,125.84,133.88,18946131.0,4851443508.0
2020-11-03,133.81,133.81,127.21,131.76,18456665.0,4678655503.0
2020-11-04,131.24,133.81,128.66,131.52,11061672.0,2823450165.0
2020-11-05,134.32,138.18,134.3,138.18,15795924.0,4183384890.0
2020-11-06,139.67,141.65,133.81,135.61,15658385.0,4181642686.0
2020-11-09,137.93,140.45,134.37,137.12,13228570.0,3519918485.0
2020-11-10,136.55,139.92,131.52,136.86,14417544.0,3798315741.0
2020-11-11,135.92,137.66,129.09,129.09,15758398.0,4067832842.0
2020-11-12,133.81,133.81,129.99,130.85,9716864.0,2484194229.0
2020-11-13,132.84,134.2,130.21,130.31,11377678.0,2916695927.0
2020-11-16,130.66,132.62,127.34,131.18,12312065.0,3117461905.0
2020-11-17,132.42,133.81,126.86,129.01,13674853.0,3446644846.0
2020-11-18,128.72,129.72,121.88,123.77,19283321.0,4666571941.0
2020-11-19,124.04,125.34,122.03,124.6,9758010.0,2347767354.0
2020-11-20,125.83,130.51,125.82,129.73,12303462.0,3074188106.0
2020-11-23,129.73,133.65,128.71,130.21,12091293.0,3074248590.0
2020-11-24,132.78,133.35,128.67,131.08,9791966.0,2493964414.0
2020-11-25,132.06,132.2,125.78,126.72,11709894.0,2919290535.0
2020-11-26,126.91,126.91,123.1,126.26,8629485.0,2093179754.0
2020-11-27,126.31,128.03,122.49,124.55,8433221.0,2042276836.0
2020-11-30,125.57,125.57,120.44,124.96,12666236.0,3027343940.0
2020-12-01,122.9,126.94,122.49,126.69,9491971.0,2313881358.0
2020-12-02,126.6,126.6,121.77,125.41,11965310.0,2878299333.0
2020-12-03,125.41,127.1,122.68,126.6,10688561.0,2599398532.0
2020-12-04,126.12,129.33,125.75,128.52,9233784.0,2301628558.0
2020-12-07,129.13,136.29,129.13,134.56,17112954.0,4455396830.0
2020-12-08,136.64,138.9,136.12,136.91,11636158.0,3104188970.0
2020-12-09,138.3,140.29,134.88,136.9,15363649.0,4118082968.0
2020-12-10,135.43,137.67,133.29,136.29,9985664.0,2632528799.0
2020-12-11,135.51,137.68,134.68,137.18,12893673.0,3422455577.0
2020-12-14,137.19,138.3,134.89,136.9,10724116.0,2853628549.0
2020-12-15,137.93,143.78,136.1,143.33,17781261.0,4843902027.0
2020-12-16,144.2,147.34,142.56,147.22,14288803.0,4031211463.0
2020-12-17,146.26,148.12,145.14,146.58,8812326.0,2508931373.0
2020-12-18,146.93,150.77,145.76,149.24,9512618.0,2747669767.0
2020-12-21,152.72,167.26,150.95,167.26,19810397.0,6099782515.0
2020-12-22,164.68,170.0,160.42,161.41,16874400.0,5377597576.0
2020-12-23,161.43,169.47,158.09,163.66,17390320.0,5538718908.0
2020-12-24,163.14,164.0,158.77,160.06,9478596.0,2959419425.0
2020-12-25,159.03,162.22,157.49,160.98,9539934.0,2967552614.0
2020-12-28,162.22,164.69,160.06,163.03,11973062.0,3782275236.0
2020-12-29,163.04,164.07,156.13,158.51,12174791.0,3759197905.0
2020-12-30,164.69,179.07,164.69,174.98,22881682.0,7648664798.0
2020-12-31,177.54,182.13,175.86,180.7,15200521.0,5283669712.0
2021-01-04,184.3,211.58,184.3,207.97,22480807.0,8687099007.0
2021-01-05,203.29,207.82,198.66,206.89,22745201.0,9014539649.0
2021-01-06,209.98,214.09,201.23,209.34,18668114.0,7476239866.0
2021-01-07,206.37,213.58,204.25,212.67,17389487.0,7064219722.0
2021-01-08,215.64,218.72,204.52,208.18,21006685.0,8534719469.0
2021-01-11,210.94,210.94,198.65,200.71,23005038.0,9098694886.0
2021-01-12,198.4,208.12,195.57,206.46,16559671.0,6519876505.0
2021-01-13,205.86,211.26,191.95,198.14,27261967.0,10634079157.0
2021-01-14,193.1,197.63,189.4,189.91,19606569.0,7315308913.0
2021-01-15,189.39,197.61,187.85,195.85,19822928.0,7439894399.0
2021-01-18,193.89,201.64,193.39,197.57,14201178.0,5471186934.0
2021-01-19,197.63,198.65,187.62,188.42,16286661.0,6085692761.0
2021-01-20,192.38,202.45,190.89,201.43,21341613.0,8254525727.0
2021-01-21,199.17,205.34,195.57,201.38,17479166.0,6831720357.0
2021-01-22,201.49,211.15,201.49,209.98,19044156.0,7637563994.0
2021-01-25,209.1,215.3,201.92,204.29,21741425.0,8762929074.0
2021-01-26,204.22,204.22,197.5,198.4,15104374.0,5853513770.0
2021-01-27,201.74,202.36,191.45,200.98,14838511.0,5705898439.0
2021-01-28,195.57,197.12,189.39,190.37,18182027.0,6792412556.0
2021-01-29,193.51,194.02,176.3,182.24,27601326.0,9896345999.0
2021-02-01,181.67,183.68,178.17,180.3,17525081.0,6170654212.0
2021-02-02,181.16,190.41,173.63,189.29,25086475.0,8919403723.0
2021-02-03,195.05,199.46,193.02,196.07,21107294.0,8082621708.0
2021-02-04,198.09,202.67,195.31,199.94,21630174.0,8354708667.0
2021-02-05,203.29,204.31,191.89,192.2,18411695.0,7036248026.0
2021-02-08,192.99,208.33,191.97,207.92,24402658.0,9586610902.0
2021-02-09,211.62,213.58,206.27,211.11,16203746.0,6632109519.0
2021-02-10,213.06,214.4,208.95,212.37,16282957.0,6704613975.0
2021-02-18,217.18,217.18,199.11,204.32,23824929.0,9491493857.0
2021-02-19,200.71,203.8,192.58,199.43,18690354.0,7159858379.0
2021-02-22,199.43,203.7,192.94,192.99,16720351.0,6411239337.0
2021-02-23,190.42,193.79,185.73,193.79,13604746.0,5027757786.0
2021-02-24,192.99,194.54,174.67,178.58,30272084.0,10682015851.0
2021-02-25,182.11,182.11,172.41,173.49,24575702.0,8445690070.0
2021-02-26,166.23,171.38,163.55,165.84,22950635.0,7449904802.0
2021-03-01,170.61,177.87,168.95,177.35,20539402.0,6964880536.0
2021-03-02,181.67,181.77,175.53,179.92,15281131.0,5308970365.0
2021-03-03,178.09,179.94,175.17,179.94,10464433.0,3617077586.0
2021-03-04,177.55,177.55,166.19,167.55,18103403.0,5984259540.0
2021-03-05,161.09,168.23,158.68,164.69,17307341.0,5511104280.0
2021-03-08,166.23,172.26,154.85,156.97,21295514.0,6751702326.0
2021-03-09,154.39,159.8,148.73,154.39,27357719.0,8235734795.0
2021-03-10,162.63,165.86,161.09,161.86,23763768.0,7542999118.0
2021-03-11,162.63,171.63,160.21,170.49,20964281.0,6829108562.0
2021-03-12,173.39,177.55,170.5,175.73,18952041.0,6424536235.0
2021-03-15,174.98,174.98,158.0,160.72,23040352.0,7361113707.0
2021-03-16,163.14,167.26,161.34,166.23,13712397.0,4384184142.0
2021-03-17,163.6,173.02,161.14,171.38,14672578.0,4829807795.0
2021-03-18,171.89,176.58,171.64,172.82,11366956.0,3840901084.0
2021-03-19,167.26,171.37,160.06,162.89,18971590.0,6051504890.0
2021-03-22,164.17,165.2,153.82,158.41,23171883.0,7137600231.0
2021-03-23,156.97,159.87,154.46,156.41,15116923.0,4603584946.0
2021-03-24,156.97,157.02,146.67,148.63,25208186.0,7334176816.0
2021-03-25,144.36,150.97,144.13,150.05,18439889.0,5281518749.0
2021-03-26,151.82,161.63,150.79,161.4,23710285.0,7292443311.0
2021-03-29,161.34,164.57,156.97,160.36,15563243.0,4871068354.0
2021-03-30,160.37,165.19,158.51,164.16,12640386.0,4003150839.0
2021-03-31,164.12,167.86,161.09,165.8,16054553.0,5133802499.0
2021-04-01,166.64,172.66,166.39,169.83,11333813.0,3741712771.0
2021-04-02,171.35,173.01,168.23,171.07,9262891.0,3074575828.0
2021-04-06,172.41,173.95,164.22,167.67,10463817.0,3421873641.0
2021-04-07,171.33,171.33,160.65,164.69,13393147.0,4245479570.0
2021-04-08,161.6,165.54,160.06,164.61,7870973.0,2507089321.0
2021-04-09,166.75,166.75,159.54,160.57,9323686.0,2918718120.0
2021-04-12,163.79,167.28,161.14,162.12,14059546.0,4483570207.0
2021-04-13,161.24,171.38,161.14,167.14,14021091.0,4558191606.0
2021-04-14,170.48,178.84,169.15,178.07,18504345.0,6295708676.0
2021-04-15,174.96,175.75,171.47,173.44,12474137.0,4202803203.0
2021-04-16,174.98,175.19,167.06,171.81,11536269.0,3834287111.0
2021-04-19,172.41,187.59,170.53,187.33,20547682.0,7250923622.0
2021-04-20,184.23,189.8,181.93,184.76,14283434.0,5154523735.0
2021-04-21,180.72,184.19,178.99,183.06,12399643.0,4373022069.0
2021-04-22,188.36,188.67,182.0,186.49,10791346.0,3907120260.0
2021-04-23,186.49,191.96,185.28,191.19,11536538.0,4255126795.0
2021-04-26,192.27,195.57,178.69,179.61,25623665.0,9238754936.0
2021-04-27,180.13,180.54,175.11,179.41,15180979.0,5243699574.0
2021-04-28,181.68,192.99,181.16,188.89,23632614.0,8597828978.0
2021-04-29,190.84,196.54,189.32,195.56,18086320.0,6806129766.0
2021-04-30,191.96,201.74,189.35,199.77,25865106.0,9896566189.0
2021-05-06,200.71,200.71,189.65,197.63,18968026.0,7198512557.0
2021-05-07,197.63,199.45,188.43,189.02,15138529.0,5685506806.0
2021-05-10,187.74,192.47,185.27,189.5,12455280.0,4573789550.0
2021-05-11,186.3,190.37,181.67,188.67,11412084.0,4142445890.0
2021-05-12,188.88,189.94,183.0,186.05,13360160.0,4812795101.0
2021-05-13,182.34,184.65,179.97,180.69,11347605.0,4017576452.0
2021-05-14,181.94,185.53,176.61,184.76,17657660.0,6228877398.0
2021-05-17,185.27,193.45,185.27,192.06,19330918.0,7172265166.0
2021-05-18,191.45,195.15,188.6,189.96,8962010.0,3323751525.0
2021-05-19,188.62,195.57,186.82,193.02,11746435.0,4407782456.0
2021-05-20,194.43,197.57,190.47,194.4,12843969.0,4839062724.0
2021-05-21,196.99,199.31,189.89,193.29,14056597.0,5316782153.0
2021-05-24,195.57,199.97,193.6,199.66,16961148.0,6535959080.0
2021-05-25,200.42,203.8,198.5,203.56,14957705.0,5881748190.0
2021-05-26,203.29,205.85,197.96,198.36,12698850.0,4932244991.0
2021-05-27,199.43,200.71,196.52,197.63,7959838.0,3073473015.0
2021-05-28,200.71,216.92,200.71,210.8,27715051.0,11346592533.0
2021-05-31,214.09,224.17,213.06,223.41,20006312.0,8540083589.0
2021-06-01,216.15,221.81,214.36,218.9,15875357.0,6727933260.0
2021-06-02,220.84,223.2,215.78,218.47,11571216.0,4933369540.0
2021-06-03,219.24,220.41,211.01,213.47,12375991.0,5164432660.0
2021-06-04,215.64,226.19,213.66,222.44,18010150.0,7765736027.0
2021-06-07,218.13,218.21,205.86,209.72,21529447.0,8812647426.0
2021-06-08,207.92,218.65,207.92,210.8,16631690.0,6887633928.0
2021-06-09,210.49,214.09,207.4,210.68,9358239.0,3829137541.0
2021-06-10,211.05,228.84,211.05,223.68,19350231.0,8400201737.0
2021-06-11,227.99,235.63,221.33,232.61,19796063.0,8816469191.0
2021-06-15,233.14,234.63,224.13,229.02,10252153.0,4562143371.0
2021-06-16,226.91,228.4,214.61,216.25,13969365.0,5989483516.0
2021-06-17,218.34,225.28,218.34,223.62,10272398.0,4433456915.0
2021-06-18,225.0,234.27,225.0,231.59,15600042.0,7001105223.0
2021-06-21,232.52,234.63,226.56,233.03,12082314.0,5452180813.0
2021-06-22,231.68,233.65,226.56,231.71,8847005.0,3966367404.0
2021-06-23,233.69,242.92,232.36,241.09,12445699.0,5774145631.0
2021-06-24,243.5,244.4,237.77,240.5,9213246.0,4302188924.0
2021-06-25,243.43,245.49,236.22,245.09,9955534.0,4686222358.0
2021-06-28,245.09,258.86,241.02,254.19,14643927.0,7224070342.0
2021-06-29,264.35,267.41,259.5,261.7,15340180.0,7834685996.0
2021-06-30,261.96,278.94,256.3,275.23,14455682.0,7574604648.0
2021-07-01,276.26,277.91,266.59,272.51,11324700.0,5996925820.0
2021-07-02,269.74,275.42,262.3,267.41,13871718.0,7242849769.0
2021-07-05,265.17,272.21,261.6,267.37,14351499.0,7406241682.0
2021-07-06,267.74,278.54,258.43,265.29,18055540.0,9395935107.0
2021-07-07,267.74,279.33,261.11,279.33,18145691.0,9654261557.0
2021-07-08,283.7,294.26,279.4,287.9,15879012.0,8888330055.0
2021-07-09,287.82,287.82,275.23,281.07,15660730.0,8521226652.0
2021-07-12,286.33,297.09,286.33,291.32,15476312.0,8772503853.0
2021-07-13,288.34,298.43,284.22,289.89,13637065.0,7678988306.0
2021-07-14,285.76,289.3,278.55,283.89,12587871.0,6965504601.0
2021-07-15,280.61,292.91,278.58,292.46,13733347.0,7628510590.0
2021-07-16,291.94,291.94,271.93,273.4,17849493.0,9719489198.0
2021-07-19,278.04,278.9,265.68,269.54,18012945.0,9474773727.0
2021-07-20,265.17,277.66,265.17,271.88,13000547.0,6869197469.0
2021-07-21,272.9,286.32,270.84,286.16,18204911.0,9878628607.0
2021-07-22,286.59,290.24,280.97,286.83,10883599.0,6027459317.0
2021-07-23,285.76,290.39,281.13,281.65,9332873.0,5157401635.0
2021-07-26,280.1,284.7,269.03,277.93,12728980.0,6852321741.0
2021-07-27,279.59,287.92,254.87,254.87,17846033.0,9419312665.0
2021-07-28,255.38,274.59,255.38,270.34,21724743.0,11221667797.0
2021-07-29,281.13,287.17,272.38,286.69,18620249.0,10167714631.0
2021-07-30,290.91,299.77,278.04,283.39,20181013.0,11332846399.0
2021-08-02,286.79,296.05,274.37,284.22,18297279.0,10131832068.0
2021-08-03,285.76,286.28,269.29,273.4,12238308.0,6535093740.0
2021-08-04,274.95,294.0,270.32,292.97,17400431.0,9647161978.0
2021-08-05,291.43,291.43,281.4,286.79,12979233.0,7197921133.0
2021-08-06,290.8,291.94,277.52,280.04,14371245.0,7918384464.0
2021-08-09,273.92,274.18,258.98,265.68,18583111.0,9534234240.0
2021-08-10,263.11,267.32,256.93,262.85,18016853.0,9152881563.0
2021-08-11,262.59,269.29,259.96,266.33,11236434.0,5790098627.0
2021-08-12,263.63,264.13,254.35,258.47,17116184.0,8599262131.0
2021-08-13,247.15,272.84,247.15,258.5,27725763.0,14085448989.0
2021-08-16,254.35,259.45,241.93,245.6,22043980.0,10620462840.0
2021-08-17,249.72,254.77,245.72,247.15,15610638.0,7586087134.0
2021-08-18,250.51,258.94,245.81,254.87,15957481.0,7861906061.0
2021-08-19,258.47,262.45,249.21,258.99,14453518.0,7215253955.0
2021-08-20,256.93,257.03,248.43,254.41,12527606.0,6160678538.0
2021-08-23,260.02,269.4,258.48,268.72,16224431.0,8359923041.0
2021-08-24,265.89,278.09,265.23,269.29,13313712.0,7011227150.0
2021-08-25,269.8,274.02,263.21,273.01,9530347.0,4963866861.0
2021-08-26,278.03,287.79,268.2,268.26,16798255.0,8951110527.0
2021-08-27,267.74,269.8,258.47,261.3,11958157.0,6098898953.0
2021-08-30,261.28,270.73,256.86,260.14,15714333.0,8036791727.0
2021-08-31,263.59,263.59,250.16,254.8,14762087.0,7288932627.0
2021-09-01,253.32,254.35,242.77,251.63,14462675.0,7006043910.0
2021-09-02,253.32,255.44,250.12,254.1,11464887.0,5637614466.0
2021-09-03,256.41,259.44,247.6,250.49,11282023.0,5523301032.0
2021-09-06,253.84,266.71,248.69,265.73,14791957.0,7471544142.0
2021-09-07,265.17,271.17,262.59,264.66,9422232.0,4866454172.0
2021-09-08,267.23,269.58,257.44,258.99,9739395.0,4960557752.0
2021-09-09,262.33,267.22,252.71,261.15,11016209.0,5541869353.0
2021-09-10,254.07,259.39,252.64,258.52,11296936.0,5625272662.0
2021-09-13,258.52,263.67,255.38,258.89,8968966.0,4498932655.0
2021-09-14,261.11,278.55,258.95,272.84,23383657.0,12347086769.0
2021-09-15,272.89,273.91,263.52,270.5,10501454.0,5470153201.0
2021-09-16,269.29,269.29,256.41,256.41,11260408.0,5712849969.0
2021-09-17,255.9,262.08,253.39,258.99,8193837.0,4095076762.0
2021-09-22,254.66,257.96,251.32,254.0,6423920.0,3170987210.0
2021-09-23,259.95,259.95,253.22,253.83,7971421.0,3955499104.0
2021-09-24,254.8,263.88,252.55,257.43,10262492.0,5155614316.0
2021-09-27,260.02,267.64,257.34,264.39,14496264.0,7441411135.0
2021-09-28,263.62,266.69,256.52,257.66,9222505.0,4682091359.0
2021-09-29,255.38,263.52,254.35,258.74,9395464.0,4739177463.0
2021-09-30,260.02,274.18,258.48,270.69,16714235.0,8696962248.0
2021-10-08,274.95,283.22,269.23,274.95,12516925.0,6710477516.0
2021-10-11,275.46,276.8,266.74,268.26,7830888.0,4112416011.0
2021-10-12,268.55,269.09,256.87,260.02,9590683.0,4879529812.0
2021-10-13,260.02,269.03,259.5,268.9,7652244.0,3950317431.0
2021-10-14,270.32,275.4,270.32,274.07,7841554.0,4161069009.0
2021-10-15,273.92,298.05,271.91,292.97,22951299.0,12822713735.0
2021-10-18,299.15,306.48,293.49,306.37,18670216.0,10933506378.0
2021-10-19,310.99,316.65,301.21,304.09,15088955.0,8990013550.0
2021-10-20,306.36,315.82,302.24,303.53,12466583.0,7444464950.0
2021-10-21,303.78,308.42,298.63,306.87,10142297.0,6008461971.0
2021-10-22,312.01,312.01,303.95,309.65,11021603.0,6612493209.0
2021-10-25,315.11,321.89,310.65,314.48,14052090.0,8636989622.0
2021-10-26,327.34,328.74,306.84,307.9,14827692.0,9075608785.0
2021-10-27,307.9,316.68,305.42,316.68,13548574.0,8191755890.0
2021-10-28,321.8,326.95,310.44,312.64,17282868.0,10650216883.0
2021-10-29,316.8,332.35,308.39,329.13,20268702.0,12687999698.0
2021-11-01,330.04,349.61,324.96,334.68,22179659.0,14502525104.0
2021-11-02,337.25,342.79,333.65,338.8,13140789.0,8630072694.0
2021-11-03,335.19,337.78,323.35,329.53,12760630.0,8165156865.0
2021-11-04,333.65,337.25,327.49,333.05,9201009.0,5951843600.0
2021-11-05,329.01,334.56,326.43,326.48,8555085.0,5465118685.0
2021-11-08,327.98,342.39,324.89,340.24,12269565.0,8026800882.0
2021-11-09,343.81,343.94,336.29,341.51,6674583.0,4413176640.0
2021-11-10,335.26,338.01,326.95,333.65,12739826.0,8216658652.0
2021-11-11,335.19,342.47,334.73,337.69,7701413.0,5069135677.0
2021-11-12,338.28,340.78,326.4,330.04,11420150.0,7312301472.0
2021-11-15,330.04,330.04,313.03,319.23,14007599.0,8684428486.0
2021-11-16,319.23,321.87,312.54,316.64,8433513.0,5202056655.0
2021-11-17,320.77,324.6,317.97,322.26,7561643.0,4721304802.0
2021-11-18,322.26,327.81,315.93,322.32,7527274.0,4697499805.0
2021-11-19,324.89,329.01,319.26,329.01,8456790.0,5343617370.0
2021-11-22,332.1,350.64,330.61,350.64,15308991.0,10215261575.0
2021-11-23,350.28,350.28,342.91,346.0,9931174.0,6671378515.0
2021-11-24,345.06,347.96,334.85,339.21,8550354.0,5653890107.0
2021-11-25,336.22,339.05,332.25,336.74,5822028.0,3798078532.0
2021-11-26,335.19,344.36,335.19,338.8,5850222.0,3865245641.0
2021-11-29,336.74,352.44,336.22,350.02,11465261.0,7758115212.0
2021-11-30,352.57,353.04,346.69,350.12,7188131.0,4874671005.0
2021-12-01,350.12,352.69,341.94,346.0,6984571.0,4696868393.0
2021-12-02,345.99,354.86,344.46,354.24,9178956.0,6268320478.0
2021-12-03,354.74,356.3,345.49,353.73,8078164.0,5501798477.0
2021-12-06,348.11,350.23,337.77,338.42,11261215.0,7509355192.0
2021-12-07,340.85,341.37,315.21,323.86,22139147.0,13913426092.0
2021-12-08,326.84,331.99,322.45,329.01,11886602.0,7580712088.0
2021-12-09,329.01,329.53,320.72,326.34,13427209.0,8443913159.0
2021-12-10,320.37,336.41,319.84,329.5,21384418.0,13738235947.0
2021-12-13,329.48,340.17,324.42,338.98,16082778.0,10409792155.0
2021-12-14,338.46,338.46,331.58,335.2,8781080.0,5704000135.0
2021-12-15,334.38,340.34,333.11,334.16,7048016.0,4606545054.0
2021-12-16,338.44,338.44,333.17,337.28,6150222.0,4018260859.0
2021-12-17,335.2,336.73,329.37,335.29,13649081.0,8863377800.0
2021-12-20,334.16,334.16,312.89,314.19,15511352.0,9648533094.0
2021-12-21,312.02,316.5,305.88,311.03,12565780.0,7553655490.0
2021-12-22,313.46,317.69,310.48,314.2,8361840.0,5103433202.0
2021-12-23,318.7,324.79,315.15,320.3,7971819.0,4954754968.0
2021-12-24,321.29,321.93,289.88,296.99,24608084.0,14321299320.0
2021-12-27,295.65,302.75,295.29,297.91,10183543.0,5915820121.0
2021-12-28,297.6,302.38,293.44,301.21,9659574.0,5589310230.0
2021-12-29,301.21,301.72,293.37,296.34,9963963.0,5731323286.0
2021-12-30,297.09,307.02,296.35,303.78,12420946.0,7323088710.0
2021-12-31,308.06,312.02,299.66,302.75,9371117.0,5540408921.0
2022-01-04,312.02,312.54,288.85,292.91,17456845.0,9975828428.0
2022-01-05,291.63,291.88,278.04,281.9,16657881.0,9167983226.0
2022-01-06,277.27,281.64,273.81,278.8,13882602.0,7480050944.0
2022-01-07,283.19,286.28,271.86,277.99,13169468.0,7135966664.0
2022-01-10,275.45,282.67,269.92,277.21,14862906.0,7964179735.0
2022-01-11,278.61,283.14,276.19,276.34,8472277.0,4582697696.0
2022-01-12,283.7,293.46,283.65,290.93,19164163.0,10752974048.0
2022-01-13,294.0,299.66,285.63,290.91,13899742.0,7924626261.0
2022-01-14,286.82,299.05,286.28,297.3,11612818.0,6663124572.0
2022-01-17,303.2,313.31,298.02,312.46,14352844.0,8591412091.0
2022-01-18,312.46,312.93,301.72,302.14,10701672.0,6345099028.0
2022-01-19,303.53,306.36,287.56,293.48,14487439.0,8273655033.0
2022-01-20,291.43,297.6,290.06,293.04,8065361.0,4600905693.0
2022-01-21,289.88,298.43,284.22,293.22,9917398.0,5620817938.0
2022-01-24,290.4,304.95,287.83,299.14,11562129.0,6686725178.0
2022-01-25,295.14,300.35,290.91,291.22,7199229.0,4119696710.0
2022-01-26,294.41,304.09,291.68,302.5,11603676.0,6718821593.0
2022-01-27,301.21,306.35,293.49,296.05,12948188.0,7546107243.0
2022-01-28,306.15,310.99,293.71,305.12,24331734.0,14395957437.0
2022-02-07,312.02,314.07,295.64,298.35,14528859.0,8588397059.0
2022-02-08,298.35,298.35,268.68,278.48,20650297.0,11166726687.0
2022-02-09,277.52,283.65,271.35,281.75,11494712.0,6212329182.0
2022-02-10,284.11,284.22,257.39,266.76,29233587.0,14959750643.0
2022-02-11,260.53,264.44,251.78,252.29,23979847.0,11994983925.0
2022-02-14,250.23,264.08,249.75,261.56,19628564.0,9914026667.0
2022-02-15,267.23,273.06,263.11,271.35,15150828.0,7915477348.0
2022-02-16,271.86,279.29,269.8,273.3,12706794.0,6783859295.0
2022-02-17,272.88,279.84,270.61,275.46,10747219.0,5758516461.0
2022-02-18,272.89,275.46,269.28,271.6,11384779.0,5993089912.0
2022-02-21,271.09,271.09,260.26,262.59,15630631.0,8011219921.0
2022-02-22,260.87,261.56,253.51,259.5,13632851.0,6788745089.0
2022-02-23,260.53,267.25,258.72,267.23,15433230.0,7922652049.0
2022-02-24,261.56,268.55,257.96,261.41,16160023.0,8252994692.0
2022-02-25,268.26,275.46,268.2,272.27,16967238.0,8978907317.0
2022-02-28,269.8,276.24,269.8,274.62,9965701.0,5284369459.0
2022-03-01,277.63,282.2,272.89,276.07,9749032.0,5244201448.0
2022-03-02,273.4,273.81,262.02,264.57,13412932.0,6925800188.0
2022-03-03,266.3,267.12,261.03,264.13,8698927.0,4456406594.0
2022-03-04,260.02,262.08,251.26,253.22,16283350.0,8081812311.0
2022-03-07,244.57,249.72,233.76,234.22,24599264.0,11425969374.0
2022-03-08,238.9,240.17,228.1,234.51,22754060.0,10355465375.0
2022-03-09,234.79,244.06,230.67,243.78,23457419.0,10851981839.0
2022-03-10,252.29,260.3,249.88,252.71,23961693.0,11860996850.0
2022-03-11,247.57,254.87,244.11,254.12,17102172.0,8275317081.0
2022-03-14,248.69,250.87,238.39,238.39,16291014.0,7715325213.0
2022-03-15,237.36,247.81,232.01,238.5,21268688.0,9944131722.0
2022-03-16,245.19,259.23,241.22,259.04,28223653.0,13816433732.0
2022-03-17,266.45,275.46,265.22,270.06,27630079.0,14545565578.0
2022-03-18,267.23,270.04,259.5,262.85,16391807.0,8401871660.0
2022-03-21,267.74,275.05,266.51,267.74,13634076.0,7164824307.0
2022-03-22,267.74,267.74,261.05,264.14,10228257.0,5229898248.0
2022-03-23,267.74,269.28,262.54,265.32,8410966.0,4336729378.0
2022-03-24,262.57,266.55,256.61,264.65,8480580.0,4303359299.0
2022-03-25,263.58,266.8,258.47,258.51,9283639.0,4724122668.0
2022-03-28,262.02,262.02,246.16,250.75,14946512.0,7277413366.0
2022-03-29,250.75,257.44,248.18,250.7,11235947.0,5508775199.0
2022-03-30,253.32,267.23,253.32,267.23,16216979.0,8276504324.0
2022-03-31,265.24,266.71,259.07,263.78,9623922.0,4899473612.0
2022-04-01,261.56,270.06,260.08,267.17,9518241.0,4923473198.0
2022-04-06,265.95,266.71,258.99,261.65,8542810.0,4336158375.0
2022-04-07,257.73,260.02,250.78,254.98,11958082.0,5909983778.0
2022-04-08,253.68,259.95,251.78,254.87,9357130.0,4635752788.0
2022-04-11,244.71,246.12,232.78,236.33,20738205.0,9541686135.0
2022-04-12,237.24,243.43,237.11,243.03,12498201.0,5825410117.0
2022-04-13,239.88,248.07,237.88,239.94,9523122.0,4479994703.0
2022-04-14,244.57,245.09,233.76,236.74,13752370.0,6360122751.0
2022-04-15,232.29,235.3,222.83,232.14,19989104.0,8854163488.0
2022-04-18,227.58,232.72,224.13,232.21,11957617.0,5318801159.0
2022-04-19,231.94,236.63,225.75,226.68,14382133.0,6429594318.0
2022-04-20,226.04,228.09,208.93,209.56,31199615.0,12923538889.0
2022-04-21,212.07,214.97,205.39,210.65,21116568.0,8609961843.0
2022-04-22,210.07,217.89,208.53,213.85,20136651.0,8387810458.0
2022-04-25,204.82,209.1,200.81,200.86,21316508.0,8439172173.0
2022-04-26,198.8,201.84,194.11,194.11,18510510.0,7103865395.0
2022-04-27,188.96,210.47,188.83,209.58,31612406.0,12266669602.0
2022-04-28,205.94,207.24,196.69,199.52,25917727.0,10137614863.0
2022-04-29,202.87,211.09,193.09,210.77,33647657.0,13205553635.0
2022-05-05,187.93,198.38,181.75,193.6,60277207.0,22255526267.0
2022-05-06,186.39,199.12,186.3,193.59,24080095.0,9064522987.0
2022-05-09,192.57,194.09,187.27,189.74,16668032.0,6152776455.0
2022-05-10,185.0,198.23,183.89,195.23,24437791.0,9143581643.0
2022-05-11,195.64,215.62,195.4,210.97,31753974.0,12827256129.0
2022-05-12,208.22,210.69,204.86,207.76,13420805.0,5425822344.0
2022-05-13,209.56,215.45,206.22,213.57,14854635.0,6105079498.0
2022-05-16,214.7,220.27,209.56,209.56,14387809.0,5996721400.0
2022-05-17,211.09,218.61,210.2,217.57,13889853.0,5834497816.0
2022-05-18,218.54,219.34,213.39,215.74,10712014.0,4495183512.0
2022-05-19,213.39,217.23,210.41,215.74,12632956.0,5249401699.0
2022-05-20,220.37,222.43,214.97,219.81,15826754.0,6751273074.0
2022-05-23,219.81,219.81,211.1,214.55,13791772.0,5750871727.0
2022-05-24,212.99,212.99,206.9,207.01,15012680.0,6109883602.0
2022-05-25,208.27,209.07,203.12,205.43,13934882.0,5567079615.0
2022-05-26,205.18,206.9,200.23,200.81,14059810.0,5535883499.0
2022-05-27,203.9,210.66,201.9,203.07,18780191.0,7541807254.0
2022-05-30,207.13,209.66,205.34,206.88,12529544.0,5046715321.0
2022-05-31,205.9,212.13,202.61,210.07,17799522.0,7205121141.0
2022-06-01,211.16,221.92,209.04,218.84,19178459.0,8078892456.0
2022-06-02,217.68,228.5,216.77,224.9,17447774.0,7640886792.0
2022-06-06,225.01,241.49,225.01,239.93,19037806.0,8745175350.0
2022-06-07,239.52,240.45,232.11,236.33,12759509.0,5850493850.0
2022-06-08,234.79,236.85,219.34,236.85,40541428.0,17870045928.0
2022-06-09,229.13,230.67,221.66,222.1,20255738.0,8867551604.0
2022-06-10,220.36,234.69,220.36,233.76,24766336.0,11049948030.0
2022-06-13,228.61,233.85,225.65,228.11,18621582.0,8285211256.0
2022-06-14,225.63,227.89,220.73,227.49,17481068.0,7624999753.0
2022-06-15,232.73,246.12,229.7,239.76,37861947.0,17488407041.0
2022-06-16,239.94,244.11,234.02,237.0,24020226.0,11103375000.0
2022-06-17,232.88,252.64,232.33,250.27,28293869.0,13595198658.0
2022-06-20,254.27,265.74,254.27,260.8,25114285.0,12753850233.0
2022-06-21,259.5,264.08,255.44,261.49,14566608.0,7338298828.0
2022-06-22,264.65,268.9,261.0,261.05,14663173.0,7542601019.0
2022-06-23,265.17,276.48,263.56,276.48,17713862.0,9275986878.0
2022-06-24,282.16,290.14,272.78,290.14,19301235.0,10593589951.0
2022-06-27,290.39,290.9,280.61,282.67,16623983.0,9200423080.0
2022-06-28,280.61,282.86,270.37,280.1,18643267.0,9996283502.0
2022-06-29,274.43,279.33,270.83,274.2,14582986.0,7781239268.0
2022-06-30,274.19,277.94,271.18,274.95,13076119.0,6974435836.0
2022-07-01,274.42,275.98,266.56,269.1,12292780.0,6449278118.0
2022-07-04,262.6,270.66,262.59,268.77,12193209.0,6343210120.0
2022-07-05,270.06,276.07,263.97,269.73,15459404.0,8098493521.0
2022-07-06,271.4,274.68,264.95,268.77,13081352.0,6860550182.0
2022-07-07,273.84,285.53,273.4,283.19,24601436.0,13437832045.0
2022-07-08,285.76,290.9,275.58,278.55,16577009.0,9078792373.0
2022-07-11,275.07,275.72,265.84,266.97,13807042.0,7190790422.0
2022-07-12,267.23,270.47,257.25,259.34,15130247.0,7699493189.0
2022-07-13,261.72,279.7,258.35,277.52,24564472.0,12933672940.0
2022-07-14,275.72,289.37,273.02,286.28,19955644.0,10980995202.0
2022-07-15,282.93,290.11,274.43,274.43,15862819.0,8689665142.0
2022-07-18,279.07,284.24,273.07,284.04,14371055.0,7799775032.0
2022-07-19,283.48,283.48,269.8,270.11,16308711.0,8687404439.0
2022-07-20,272.88,275.54,269.21,270.83,7835906.0,4141353786.0
2022-07-21,269.29,277.03,266.82,268.26,8807088.0,4636560562.0
2022-07-22,276.86,280.09,270.85,273.92,14281747.0,7665508993.0
2022-07-25,273.92,274.92,267.23,268.64,8648858.0,4524233836.0
2022-07-26,268.66,271.86,265.3,268.77,7969269.0,4162433402.0
2022-07-27,268.51,268.82,263.21,265.27,9335528.0,4814402386.0
2022-07-28,266.97,271.19,264.15,265.48,9267516.0,4813731201.0
2022-07-29,269.77,269.8,259.04,261.87,11912482.0,6111548922.0
2022-08-01,261.5,275.88,259.81,275.42,16299226.0,8555439340.0
2022-08-02,268.92,274.15,267.46,269.73,12143004.0,6378119035.0
2022-08-03,269.8,274.89,256.83,259.5,17025569.0,8730930401.0
2022-08-04,261.05,262.12,254.92,257.91,11365073.0,5688825507.0
2022-08-05,257.44,264.6,254.87,260.35,12183074.0,6150342343.0
2022-08-08,255.38,260.63,251.78,258.22,8964693.0,4476021798.0
2022-08-09,257.96,267.02,256.16,263.4,11307870.0,5783358776.0
2022-08-10,262.64,264.03,257.44,259.49,8049083.0,4052412586.0
2022-08-11,259.57,264.15,254.35,262.59,9800710.0,4937131682.0
2022-08-12,262.7,263.62,256.37,258.47,7383805.0,3710909399.0
2022-08-15,259.96,269.29,258.93,265.73,13757541.0,7097079972.0
2022-08-16,267.69,277.01,266.8,269.7,16097367.0,8515873353.0
2022-08-17,271.59,283.17,269.79,281.64,18350657.0,9888546881.0
2022-08-18,281.64,288.34,279.3,280.51,14280044.0,7867922330.0
2022-08-19,282.67,283.03,272.9,273.92,10769608.0,5767786049.0
2022-08-22,274.95,286.1,271.45,283.98,14305361.0,7811232130.0
2022-08-23,283.18,290.74,280.84,286.74,13156177.0,7304906011.0
2022-08-24,295.05,296.06,268.77,269.8,30068394.0,16294721095.0
2022-08-25,270.32,271.1,260.06,264.65,18017523.0,9216432422.0
2022-08-26,264.14,267.22,258.99,260.93,12216984.0,6216728235.0
2022-08-29,258.98,260.93,255.55,258.47,11260993.0,5635359010.0
2022-08-30,258.47,258.47,250.13,253.07,15616079.0,7672805177.0
2022-08-31,248.02,252.19,244.32,248.69,17450158.0,8386004450.0
2022-09-01,247.15,249.72,240.28,240.73,15476559.0,7331268726.0
2022-09-02,244.51,245.09,237.76,240.07,11560877.0,5408298592.0
2022-09-05,237.88,243.03,236.34,241.15,9110009.0,4237267563.0
2022-09-06,240.97,241.15,228.55,234.38,27524567.0,12407748956.0
2022-09-07,232.47,245.34,231.7,244.02,21677712.0,10095265237.0
2022-09-08,241.15,242.51,230.93,231.44,21552631.0,9838886097.0
2022-09-09,233.04,233.98,229.9,232.84,12246752.0,5523516959.0
2022-09-13,236.33,236.95,230.08,235.26,10202890.0,4632953568.0
2022-09-14,231.7,233.24,220.52,223.62,25893786.0,11348915618.0
2022-09-15,223.62,223.98,211.72,213.34,25383594.0,10651219570.0
2022-09-16,213.32,215.38,210.59,211.1,14963208.0,6192462420.0
2022-09-19,210.91,217.08,210.61,212.99,13964359.0,5802232518.0
2022-09-20,215.22,221.4,213.68,216.77,16569030.0,7024157607.0
2022-09-21,214.71,218.03,212.84,216.41,8809861.0,3695152639.0
2022-09-22,213.83,216.25,209.04,213.67,9642094.0,3992662501.0
2022-09-23,214.17,218.72,211.13,214.88,12018488.0,5009444373.0
2022-09-26,212.67,223.98,212.67,220.71,18835151.0,8081168715.0
2022-09-27,223.4,224.15,217.8,221.14,11561928.0,4948766643.0
2022-09-28,220.19,221.13,212.86,214.93,10697441.0,4464647186.0
2022-09-29,218.76,219.42,214.04,216.07,8894778.0,3723447021.0
2022-09-30,216.21,216.68,206.53,206.73,11814011.0,4808089720.0
2022-10-10,207.3,208.59,201.75,202.59,11465353.0,4534844088.0
2022-10-11,208.33,214.67,207.76,214.67,18444138.0,7582938838.0
2022-10-12,214.52,226.01,213.22,225.78,18514747.0,7894831670.0
2022-10-13,223.8,226.01,221.23,222.77,10443411.0,4521426256.0
2022-10-14,225.86,228.1,221.01,225.3,13565344.0,5900627938.0
2022-10-17,223.29,223.29,216.97,221.4,10537258.0,4492096855.0
2022-10-18,223.3,226.32,220.93,221.5,9101920.0,3937490987.0
2022-10-19,221.75,227.93,221.57,222.43,12333044.0,5381599274.0
2022-10-20,216.73,218.47,208.33,214.0,17120183.0,7066412983.0
2022-10-21,210.39,215.01,209.98,212.97,8259882.0,3412503681.0
2022-10-24,209.68,213.49,205.76,208.34,14532727.0,5885833136.0
2022-10-25,207.82,210.43,202.13,207.14,14039050.0,5599142147.0
2022-10-26,208.85,210.68,205.28,206.81,14072386.0,5666134369.0
2022-10-27,205.24,207.34,201.11,201.27,15281736.0,6026009209.0
2022-10-28,198.69,199.82,188.22,188.48,24071225.0,8960919233.0
2022-10-31,185.64,196.07,183.88,192.28,16554600.0,6168694637.0
2022-11-01,194.15,200.53,189.83,199.15,19916486.0,7598072350.0
2022-11-02,198.53,204.41,195.96,201.88,14266969.0,5554821785.0
2022-11-03,201.11,203.17,196.49,198.08,14717451.0,5672637394.0
2022-11-04,198.95,210.55,198.02,208.54,20971141.0,8386135001.0
2022-11-07,210.39,213.77,208.85,211.68,14778112.0,6063354150.0
2022-11-08,211.68,218.03,208.07,211.32,12080878.0,4982583901.0
2022-11-09,209.36,210.18,203.69,204.75,10941091.0,4370881067.0
2022-11-10,202.66,203.17,198.02,198.69,12924178.0,4995761138.0
2022-11-11,206.78,209.2,203.29,207.55,19481969.0,7814365729.0
2022-11-14,208.38,210.39,198.82,199.66,18481701.0,7242184172.0
2022-11-15,200.16,204.97,194.92,204.3,17273987.0,6711717380.0
2022-11-16,202.66,203.27,197.65,198.05,13603663.0,5261351647.0
2022-11-17,196.79,196.98,190.8,193.44,14217164.0,5314975792.0
2022-11-18,194.92,199.56,191.31,196.36,16407334.0,6269734686.0
2022-11-21,193.44,198.97,193.02,197.19,8038709.0,3060476256.0
2022-11-22,195.95,197.43,192.35,193.38,9836241.0,3701483129.0
2022-11-23,193.38,197.45,192.6,195.71,8829427.0,3343581161.0
2022-11-24,197.56,197.62,193.38,194.21,8546530.0,3229088100.0
2022-11-25,192.38,193.38,191.31,191.93,6138945.0,2286870203.0
2022-11-28,188.22,191.99,185.65,190.96,11114051.0,4052491292.0
2022-11-29,191.83,196.68,189.51,194.87,11717222.0,4394005282.0
2022-11-30,195.44,198.53,191.92,198.53,14041956.0,5331830946.0
2022-12-01,204.8,207.38,203.65,203.82,20937498.0,8341109691.0
2022-12-02,204.72,205.9,202.04,202.08,8292566.0,3280784282.0
2022-12-05,202.08,204.65,200.08,202.3,12098474.0,4739442184.0
2022-12-06,200.66,208.35,200.6,206.28,13661164.0,5426417623.0
2022-12-07,206.27,217.45,205.75,215.71,24410839.0,10135126000.0
2022-12-08,215.72,219.16,213.49,216.82,10433749.0,4388660431.0
2022-12-09,217.4,219.52,216.84,218.95,9353940.0,3960316859.0
2022-12-12,217.15,218.4,213.56,213.67,8789953.0,3671244196.0
2022-12-13,214.0,214.47,207.33,209.06,11270707.0,4592141158.0
2022-12-14,211.42,212.43,205.9,207.45,9197282.0,3697346495.0
2022-12-15,207.36,218.73,206.78,218.54,17298775.0,7174962345.0
2022-12-16,215.81,218.03,213.43,215.56,8942249.0,3733194676.0
2022-12-19,216.07,221.79,215.58,216.79,10105860.0,4284899628.0
2022-12-20,216.58,216.89,210.91,211.18,8120795.0,3362795549.0
2022-12-21,211.42,212.7,208.59,209.79,5403052.0,2201256400.0
2022-12-22,211.94,211.94,206.27,207.3,7390460.0,2976952977.0
2022-12-23,204.67,207.73,203.23,205.48,7385760.0,2939594066.0
2022-12-26,205.48,210.01,201.68,208.29,11512345.0,4606937090.0
2022-12-27,207.42,209.36,204.55,208.11,8139710.0,3268646819.0
2022-12-28,205.27,205.39,196.1,203.17,18529322.0,7206541527.0
2022-12-29,201.63,205.13,201.32,203.15,9897472.0,3909060456.0
2022-12-30,205.49,207.3,202.66,202.88,7405249.0,2943110662.0
2023-01-03,202.14,202.44,196.84,200.93,10482036.0,4056787274.0
2023-01-04,199.31,199.56,197.01,198.02,19602262.0,7527791631.0
2023-01-05,200.08,211.51,198.54,210.14,26043260.0,10371713858.0
2023-01-06,209.36,219.15,208.36,214.86,18392495.0,7641585134.0
2023-01-09,218.07,218.07,213.49,214.83,12840302.0,5373244036.0
2023-01-10,215.37,224.32,213.13,222.77,18260652.0,7781973490.0
2023-01-11,222.0,224.83,218.64,220.63,12241806.0,5252326721.0
2023-01-12,222.77,226.27,221.57,223.54,11136798.0,4837460193.0
2023-01-13,228.96,233.35,221.74,226.64,20757496.0,9140635814.0
2023-01-16,226.12,231.79,224.37,230.31,16809099.0,7451169295.0
2023-01-17,230.47,233.02,228.76,229.79,9895801.0,4416180658.0
2023-01-18,231.28,232.51,228.5,231.28,7344325.0,3292955688.0
2023-01-19,229.64,232.83,228.02,230.39,7309990.0,3254123919.0
2023-01-20,230.39,233.19,229.09,233.08,10765650.0,4841543971.0
2023-01-30,247.2,252.97,241.06,242.7,21174307.0,10102385367.0
2023-01-31,242.3,246.23,238.47,239.89,13954034.0,6565989151.0
2023-02-01,242.88,247.19,242.61,245.87,11502167.0,5464594494.0
2023-02-02,246.94,247.37,239.72,240.35,13455712.0,6339908128.0
2023-02-03,239.27,240.41,232.76,235.25,12020001.0,5495174744.0
2023-02-06,233.08,233.87,227.46,232.36,10752918.0,4811799061.0
2023-02-07,232.3,234.01,229.3,231.07,7211237.0,3231274190.0
2023-02-08,231.85,233.83,229.47,230.61,7329853.0,3293742444.0
2023-02-09,230.61,235.14,227.67,233.59,8031440.0,3627030215.0
2023-02-10,233.6,234.98,229.48,229.96,8397790.0,3773477539.0
2023-02-13,232.56,238.02,230.51,237.21,13418543.0,6143224997.0
2023-02-14,241.85,242.0,229.88,232.59,12812190.0,5816558282.0
2023-02-15,233.65,235.66,231.02,231.33,7773387.0,3508461573.0
2023-02-16,233.08,234.37,225.86,228.55,10091069.0,4514542232.0
2023-02-17,227.93,227.93,216.58,216.68,21469551.0,9171648847.0
2023-02-20,214.52,217.55,209.53,216.82,16829872.0,6992852567.0
2023-02-21,215.28,217.87,212.46,214.01,13184596.0,5490561031.0
2023-02-22,210.91,213.54,209.71,211.15,12363920.0,5069312344.0
2023-02-23,211.42,214.07,210.08,213.09,9537265.0,3922375682.0
2023-02-24,211.94,212.35,208.34,209.05,9989388.0,4060495070.0
2023-02-27,207.68,209.09,206.32,206.84,9220633.0,3705001334.0
2023-02-28,208.33,210.55,207.04,208.28,9323092.0,3769996772.0
2023-03-01,207.87,213.58,207.83,212.34,12602005.0,5166296898.0
2023-03-02,211.17,211.94,204.31,206.68,16145270.0,6483446930.0
2023-03-03,207.45,209.21,206.27,207.46,8203090.0,3300669921.0
2023-03-06,207.39,210.84,202.15,210.61,16626662.0,6674565924.0
2023-03-07,208.33,210.9,207.21,207.4,9918350.0,4014218859.0
2023-03-08,206.27,207.78,203.75,205.1,8129373.0,3231604462.0
2023-03-09,204.31,206.93,200.2,204.73,8136684.0,3228769655.0
2023-03-10,207.14,211.39,204.15,209.25,19142596.0,7722447890.0
2023-03-13,207.83,209.7,201.11,202.14,18833197.0,7424578060.0
2023-03-14,201.57,201.63,194.92,199.68,18484663.0,7095007800.0
2023-03-15,202.66,204.07,197.82,200.08,12968291.0,5046344791.0
2023-03-16,198.02,201.07,197.76,198.59,10113155.0,3897781768.0
2023-03-17,200.6,201.11,193.63,193.88,20144747.0,7641555518.0
2023-03-20,193.14,198.33,189.77,195.93,15836974.0,6002000932.0
2023-03-21,197.09,203.27,195.28,203.06,17292373.0,6720740862.0
2023-03-22,205.62,210.73,204.73,205.86,17687241.0,7125770901.0
2023-03-23,205.24,207.26,203.4,205.43,10028867.0,3981184718.0
2023-03-24,205.44,207.43,201.11,202.96,11765252.0,4645723682.0
2023-03-27,201.68,205.55,198.23,204.46,16115721.0,6311744703.0
2023-03-28,203.17,204.3,201.21,202.45,7590561.0,2976678086.0
2023-03-29,203.8,208.48,202.67,206.36,13754611.0,5508159641.0
2023-03-30,206.78,207.3,204.9,206.32,8681922.0,3465633465.0
2023-03-31,208.59,213.99,208.59,209.39,19607572.0,8033742420.0
2023-04-03,209.42,209.77,204.21,205.6,16763218.0,6698371581.0
2023-04-04,206.26,206.26,196.89,200.08,20089701.0,7782699959.0
2023-04-06,198.02,200.88,196.03,200.09,10581589.0,4064823971.0
2023-04-07,199.13,203.17,198.2,201.37,10058114.0,3923098225.0
2023-04-10,203.12,207.36,200.08,207.3,17237941.0,6844475287.0
2023-04-11,206.27,211.36,205.24,206.24,14366294.0,5785418238.0
2023-04-12,206.27,206.27,202.14,202.15,8736733.0,3443470021.0
2023-04-13,201.11,201.81,198.53,200.21,10046445.0,3896072549.0
2023-04-14,200.03,207.49,199.82,204.87,15923654.0,6337229777.0
2023-04-17,204.38,211.42,204.1,210.33,17663158.0,7173869979.0
2023-04-18,210.34,215.55,210.03,210.91,14060517.0,5793046444.0
2023-04-19,213.75,213.92,209.36,211.62,11622355.0,4770263895.0
2023-04-20,211.58,211.58,204.21,204.21,15843790.0,6335888039.0
2023-04-21,208.59,213.96,205.75,208.84,25275978.0,10288953392.0
2023-04-24,208.9,209.36,202.6,204.66,17377384.0,6922771298.0
2023-04-25,205.24,205.24,195.95,199.0,16898929.0,6532955962.0
2023-04-26,199.01,212.98,196.21,209.75,39707529.0,8801110231.0
2023-04-27,209.28,217.21,207.71,215.83,33969078.0,7764148296.0
2023-04-28,218.63,221.74,211.99,215.69,27104800.0,6269727389.0
2023-05-04,215.83,217.23,209.8,210.71,19409080.0,4416464195.0
2023-05-05,210.22,214.89,209.02,212.09,16740879.0,3793534213.0
2023-05-08,214.89,218.43,211.21,215.65,22753135.0,5237667345.0
2023-05-09,215.25,215.25,209.33,210.99,19653772.0,4447695098.0
2023-05-10,210.97,218.86,206.68,217.25,28956810.0,6637247354.0
2023-05-11,217.27,227.02,216.01,224.61,34747371.0,8292776227.0
2023-05-12,226.09,228.49,222.35,222.35,22309979.0,5363787910.0
2023-05-15,225.18,227.97,219.66,222.64,26706471.0,6408351582.0
2023-05-16,222.74,225.14,221.22,223.3,13973953.0,3336944402.0
2023-05-17,223.3,225.8,220.55,224.23,18246432.0,4350981987.0
2023-05-18,225.45,225.51,215.86,217.13,24123880.0,5653225269.0
2023-05-19,216.53,218.8,214.89,214.89,19472168.0,4503095903.0
2023-05-22,213.96,217.23,212.09,215.17,14679114.0,3373155581.0
2023-05-23,215.71,216.49,210.36,210.61,19613196.0,4466450819.0
2023-05-24,210.03,213.5,209.02,210.45,14785735.0,3347225922.0
2023-05-25,210.08,212.72,207.87,209.37,13753272.0,3096261721.0
2023-05-26,209.47,209.75,203.21,205.55,18211695.0,4001016009.0
2023-05-29,207.6,207.62,201.44,202.8,16537161.0,3599743504.0
2023-05-30,202.74,210.21,201.82,210.21,26467083.0,5890767209.0
2023-05-31,210.27,211.99,205.7,206.64,18869744.0,4194067555.0
2023-06-01,208.01,213.02,206.96,208.26,15941049.0,3583431679.0
2023-06-02,210.13,214.88,209.28,213.43,23181483.0,5283702827.0
2023-06-05,211.06,211.06,202.17,205.36,33595114.0,7357059963.0
2023-06-06,203.69,207.7,202.73,204.88,17242526.0,3782524816.0
2023-06-07,202.17,202.28,191.02,193.68,50093939.0,10438080445.0
2023-06-08,198.77,199.29,193.4,194.35,23857940.0,5007821210.0
2023-06-09,194.85,199.13,194.85,198.11,24261728.0,5126984498.0
2023-06-12,198.03,199.94,195.18,198.03,18131632.0,3835654849.0
2023-06-13,197.15,199.88,196.84,199.1,13243699.0,2813381281.0
2023-06-14,202.88,203.33,199.01,199.38,16362927.0,3508630636.0
2023-06-15,200.87,215.71,200.77,215.71,50495682.0,11301760757.0
2023-06-16,216.76,218.79,213.3,215.92,29639828.0,6849470340.0
2023-06-19,217.68,217.68,211.15,212.91,18707081.0,4271126762.0
2023-06-20,212.9,216.11,210.94,213.02,17960501.0,4094614886.0
2023-06-21,213.78,215.36,210.13,210.14,17118438.0,3897370633.0
2023-06-26,205.46,212.04,205.25,210.38,15910609.0,3564403987.0
2023-06-27,209.27,211.43,206.65,208.79,13420648.0,2996519807.0
2023-06-28,207.62,211.62,207.42,209.75,13558644.0,3044798943.0
2023-06-29,208.83,212.0,207.88,207.88,9930233.0,2228285745.0
2023-06-30,209.28,214.88,205.87,213.76,21551522.0,4901528280.0
2023-07-03,216.71,218.58,213.54,214.78,15554352.0,3592766610.0
2023-07-04,213.49,214.94,212.72,214.19,10155673.0,2322971862.0
2023-07-05,214.2,215.27,210.69,212.56,8636414.0,1968738617.0
2023-07-06,212.09,213.47,209.26,210.08,10283568.0,2323630149.0
2023-07-07,210.03,210.08,207.04,207.65,9808377.0,2186457551.0
2023-07-10,208.35,214.89,208.35,213.77,16093831.0,3674535625.0
2023-07-11,214.56,214.88,211.7,214.04,9158787.0,2094183189.0
2023-07-12,213.49,214.33,211.62,212.08,8693260.0,1976029055.0
2023-07-13,213.22,219.56,213.22,214.89,22257672.0,5166809846.0
2023-07-14,215.03,215.76,211.67,213.28,13004091.0,2971007806.0
2023-07-17,212.1,213.02,208.91,210.83,10452522.0,2354412854.0
2023-07-18,212.84,212.91,209.75,210.69,8575776.0,1934097474.0
2023-07-19,209.28,210.17,204.22,205.08,17600182.0,3880774172.0
2023-07-20,204.61,211.8,204.61,206.53,14441648.0,3226693428.0
2023-07-21,206.34,208.33,205.32,207.03,8393526.0,1858027959.0
2023-07-24,202.88,206.37,200.07,204.59,13719339.0,2990356787.0
2023-07-25,210.13,212.69,206.5,211.48,19286245.0,4336672444.0
2023-07-26,210.33,212.09,208.97,211.77,15456786.0,3484702635.0
2023-07-27,215.83,217.58,211.98,212.07,20859235.0,4786800628.0
2023-07-28,212.07,215.83,210.27,214.94,18803095.0,4304001295.0
2023-07-31,218.63,223.77,217.79,222.13,29902754.0,7103701375.0
2023-08-01,221.8,223.39,219.1,220.03,15615168.0,3695389757.0
2023-08-02,221.43,223.76,220.03,220.96,14147185.0,3350493845.0
2023-08-03,220.5,224.21,220.06,223.43,16180526.0,3859823089.0
2023-08-04,228.91,233.54,225.27,229.38,31569675.0,7737835221.0
2023-08-07,228.44,230.72,227.33,230.3,14927749.0,3665507786.0
2023-08-08,229.82,232.95,228.79,230.9,15066676.0,3733050029.0
2023-08-09,229.37,231.41,227.17,230.77,11684661.0,2873152335.0
2023-08-10,231.61,234.82,228.08,230.31,14040964.0,3469375411.0
2023-08-11,232.6,232.6,225.64,225.64,17204064.0,4212036440.0
2023-08-14,223.49,224.22,215.09,217.6,25693218.0,6000203547.0
2023-08-15,217.58,219.19,214.33,216.11,14610073.0,3378905588.0
2023-08-16,216.31,218.98,214.99,217.32,14009045.0,3263663519.0
2023-08-17,219.55,220.96,213.84,219.8,20442773.0,4767790092.0
2023-08-18,219.83,223.41,219.02,220.38,16769998.0,3977909566.0
2023-08-21,218.62,220.38,216.95,217.66,10780439.0,2524111214.0
2023-08-22,219.38,219.73,212.56,215.59,15188941.0,3507619500.0
2023-08-23,215.54,216.67,212.09,212.56,11874911.0,2721026998.0
2023-08-24,213.84,216.33,211.62,213.91,14157716.0,3254958700.0
2023-08-25,212.96,214.86,210.98,213.34,11185129.0,2549494197.0
2023-08-28,225.64,227.93,214.42,215.36,22311515.0,5230083380.0
2023-08-29,216.01,227.04,215.75,222.83,29174995.0,6966379986.0
2023-08-30,223.67,226.1,221.9,221.9,14591637.0,3492477898.0
2023-08-31,221.52,222.83,220.62,221.01,9671527.0,2294576162.0
2023-09-01,221.06,223.78,219.19,220.87,9101132.0,2157778481.0
2023-09-04,222.56,223.08,218.07,222.04,14052387.0,3327817522.0
2023-09-05,221.43,223.77,220.65,221.26,11581665.0,2752197345.0
2023-09-06,220.54,221.59,217.51,219.02,12474783.0,2921536582.0
2023-09-07,217.69,218.39,211.63,211.63,19266090.0,4405103044.0
2023-09-08,210.22,212.27,206.01,208.29,16499443.0,3670618815.0
2023-09-11,208.26,208.86,205.25,206.98,17060897.0,3774798959.0
2023-09-12,207.42,207.8,203.25,203.61,18231209.0,3994776422.0
2023-09-13,202.74,204.75,200.9,202.37,15135693.0,3278699755.0
2023-09-14,199.64,202.09,199.04,200.81,18294104.0,3919045406.0
2023-09-15,198.07,199.94,193.03,194.11,33679992.0,7033151411.0
2023-09-18,192.47,200.59,192.47,199.06,26593485.0,5645065103.0
2023-09-19,199.06,199.46,196.77,198.37,15024395.0,3183848137.0
2023-09-20,199.01,199.32,194.97,196.11,13087485.0,2750166643.0
2023-09-21,196.21,197.09,193.09,193.15,16214929.0,3368171870.0
2023-09-22,192.0,197.56,192.0,197.07,22509065.0,4696859644.0
2023-09-25,199.03,199.59,195.0,195.53,13605355.0,2864421900.0
2023-09-26,193.09,193.73,190.13,191.07,20253782.0,4150919715.0
2023-09-27,192.75,194.79,189.15,190.28,21848959.0,4470658973.0
2023-09-28,190.6,192.93,189.27,189.69,15809524.0,3223265861.0
2023-10-09,187.8,188.06,180.32,182.66,33742826.0,6617775154.0
2023-10-10,184.88,184.99,181.93,181.93,19865460.0,3895932692.0
2023-10-11,184.87,185.55,181.35,181.98,20248245.0,3964353023.0
2023-10-12,182.2,184.81,181.26,183.07,24205912.0,4744179131.0
2023-10-13,181.12,182.03,177.14,178.08,28422238.0,5429864563.0
2023-10-16,177.84,178.01,171.83,172.62,24683649.0,4603170883.0
2023-10-17,173.32,176.86,172.45,173.26,21558300.0,4027297388.0
2023-10-18,172.94,175.88,171.54,174.06,17651925.0,3284047971.0
2023-10-19,172.3,173.48,170.31,170.7,17454160.0,3209465700.0
2023-10-20,167.24,175.36,167.24,169.11,30026893.0,5478351217.0
2023-10-23,168.46,168.46,164.25,165.62,20223321.0,3597554198.0
2023-10-24,166.31,167.43,163.78,164.83,24379459.0,4310104361.0
2023-10-25,166.49,167.71,164.14,164.42,21534181.0,3818928277.0
2023-10-26,162.57,166.59,157.72,166.37,41420567.0,7175542947.0
2023-10-27,166.17,173.67,164.46,172.59,47795283.0,8729936698.0
2023-10-30,174.72,177.41,172.66,175.67,32259492.0,6050993029.0
2023-10-31,174.42,174.92,172.47,173.41,18152535.0,3369355372.0
2023-11-01,173.59,177.8,172.38,175.22,19727265.0,3695120176.0
2023-11-02,176.12,177.41,173.38,173.38,13762677.0,2577685559.0
2023-11-03,173.78,176.29,172.47,175.13,14365450.0,2683301612.0
2023-11-06,176.18,184.15,176.07,184.13,34968430.0,6798069247.0
2023-11-07,183.12,183.23,177.63,178.68,26080293.0,5008846046.0
2023-11-08,177.69,180.27,177.52,179.24,14652166.0,2809047605.0
2023-11-09,178.11,179.93,178.01,178.87,10997097.0,2104229338.0
2023-11-10,176.58,177.49,175.7,176.61,11609956.0,2189830819.0
2023-11-13,179.39,179.57,174.73,175.51,12519595.0,2362258976.0
2023-11-14,175.51,176.4,170.98,171.61,23488284.0,4346598777.0
2023-11-15,174.61,176.2,171.52,172.36,23807191.0,4423251195.0
2023-11-16,173.3,173.3,168.27,169.25,17466200.0,3180032495.0
2023-11-17,168.04,169.34,167.7,168.86,11084035.0,2000359414.0
2023-11-20,168.87,169.86,167.25,168.46,12408719.0,2235037633.0
2023-11-21,170.04,171.91,168.18,168.75,19766221.0,3601130910.0
2023-11-22,167.76,169.39,165.37,165.37,18688569.0,3332638164.0
2023-11-23,164.45,166.03,163.4,166.03,15720253.0,2771265525.0
2023-11-24,165.4,166.49,163.04,163.5,16621248.0,2918741661.0
2023-11-27,162.84,163.04,159.39,159.49,18422007.0,3161041988.0
2023-11-28,158.86,160.67,157.78,160.63,20210730.0,3443539750.0
2023-11-29,159.77,160.12,155.44,155.89,25188527.0,4235346582.0
2023-11-30,154.37,157.58,153.68,156.03,23027161.0,3834512349.0
2023-12-01,156.3,156.68,153.63,154.63,16962209.0,2816101715.0
2023-12-04,152.76,153.64,150.65,151.03,23930401.0,3892529225.0
2023-12-05,149.63,151.7,148.23,148.38,24807739.0,3978910664.0
2023-12-06,148.23,155.9,147.83,152.18,36769276.0,6024339620.0
2023-12-07,151.36,155.43,150.98,153.68,26908427.0,4410841808.0
2023-12-08,154.16,155.4,152.4,152.84,24502047.0,4030383347.0
2023-12-11,151.37,154.81,149.64,154.49,21489569.0,3497265740.0
2023-12-12,153.23,154.37,152.27,152.88,14733877.0,2415527909.0
2023-12-13,151.87,152.84,148.28,148.88,25259399.0,4045085654.0
2023-12-14,150.31,150.88,146.16,146.34,22751400.0,3596263196.0
2023-12-15,146.87,148.26,144.44,144.82,20204635.0,3158101585.0
2023-12-18,143.05,143.59,136.67,137.32,42912920.0,6398809829.0
2023-12-19,136.7,140.13,136.66,139.21,25185181.0,3734066913.0
2023-12-20,139.4,141.27,138.58,138.7,21249368.0,3174602188.0
2023-12-21,137.88,145.13,137.88,144.25,42131501.0,6433383993.0
2023-12-22,143.42,148.0,142.2,146.02,28032127.0,4359921762.0
2023-12-25,145.28,147.51,144.63,147.19,13005608.0,2036117775.0
2023-12-26,146.66,147.15,144.57,145.87,12767252.0,1994477782.0
2023-12-27,147.18,147.62,143.76,144.19,17356460.0,2686313989.0
2023-12-28,144.09,152.44,143.48,152.28,37850179.0,6079407755.0
2023-12-29,153.21,154.16,151.36,152.54,22683782.0,3707101874.0
2024-01-02,151.56,151.85,146.33,146.53,21403268.0,3390080350.0
2024-01-03,145.85,146.95,144.26,145.57,19757581.0,3070016674.0
2024-01-04,145.28,145.49,139.93,141.27,27241762.0,4114835335.0
2024-01-05,141.07,144.57,139.67,140.99,21035318.0,3195235677.0
2024-01-08,140.33,143.31,139.29,140.15,19385405.0,2926528362.0
2024-01-09,140.11,141.43,136.18,138.93,23391625.0,3473507460.0
2024-01-10,137.29,143.05,136.92,140.76,23211960.0,3500326620.0
2024-01-11,140.76,147.41,138.75,144.65,32801802.0,5037065544.0
2024-01-12,143.88,146.99,142.2,144.47,25462228.0,3943737151.0
2024-01-15,143.42,143.6,139.54,141.73,17272193.0,2618158008.0
2024-01-16,141.7,146.92,140.67,146.64,28469270.0,4421625829.0
2024-01-17,146.56,146.56,141.78,142.24,21761525.0,3343384132.0
2024-01-18,140.24,145.0,140.16,144.45,30778779.0,4688436698.0
2024-01-19,143.7,147.52,143.32,144.72,26594908.0,4136034233.0
2024-01-22,143.42,149.44,140.75,145.43,40488810.0,6323471153.0
2024-01-23,144.82,148.37,143.13,143.8,32305895.0,5033058276.0
2024-01-24,144.35,144.81,139.69,143.4,24870983.0,3776131708.0
2024-01-25,142.01,144.91,139.88,144.82,29479609.0,4503492568.0
2024-01-26,142.48,144.33,140.15,140.15,27181270.0,4118576148.0
2024-01-29,139.62,140.87,137.36,137.36,21767500.0,3235910043.0
2024-01-30,135.94,137.75,131.18,131.5,32727425.0,4680164654.0
2024-01-31,135.47,142.91,134.54,141.63,59522108.0,8943013793.0
2024-02-01,141.62,142.5,138.82,139.23,27968844.0,4197978843.0
2024-02-02,138.28,139.21,133.95,136.41,30706037.0,4494266568.0
2024-02-05,133.24,144.35,132.95,141.96,47132613.0,7035622773.0
2024-02-06,141.26,148.8,140.91,147.93,43745926.0,6828296924.0
2024-02-07,147.62,149.29,145.75,149.12,36607040.0,5800699416.0
2024-02-08,149.02,154.16,148.44,152.14,30901156.0,5016344779.0
2024-02-19,154.12,154.12,148.64,149.57,27092476.0,4355156563.0
2024-02-20,151.25,151.25,145.82,147.93,22194791.0,3506366283.0
2024-02-21,147.04,152.57,146.07,150.61,25782663.0,4135575624.0
2024-02-22,150.73,150.73,148.44,149.82,20955947.0,3349275887.0
2024-02-23,151.33,151.36,148.61,149.96,21017639.0,3368773226.0
2024-02-26,148.77,149.48,144.54,145.75,36066425.0,5638931754.0
2024-02-27,144.89,147.48,144.39,147.46,29040075.0,4531078101.0
2024-02-28,147.79,152.57,146.7,146.7,40091711.0,6423464926.0
2024-02-29,145.85,153.01,145.43,152.77,39167504.0,6315294345.0
2024-03-01,152.79,154.68,151.73,153.74,28101336.0,4610970231.0
2024-03-04,154.16,156.83,152.08,153.13,26808577.0,4424835390.0
2024-03-05,151.45,154.35,149.49,153.83,27549599.0,4478109344.0
2024-03-06,151.9,155.94,151.08,152.89,18718009.0,3067856205.0
2024-03-07,152.29,153.39,149.0,149.63,22145021.0,3568786297.0
2024-03-08,148.68,150.24,146.36,147.62,20217023.0,3194520067.0
2024-03-11,154.16,169.72,153.32,168.97,76335047.0,13248182793.0
2024-03-12,171.3,174.18,168.18,173.63,62164900.0,11428112945.0
2024-03-13,174.72,175.36,171.26,173.02,34795798.0,6444102062.0
2024-03-14,172.74,175.61,170.94,171.74,30535646.0,5642924971.0
2024-03-15,171.57,171.82,165.23,169.11,35483644.0,6371462215.0
2024-03-18,177.56,181.03,176.54,178.42,48305173.0,9229188790.0
2024-03-19,177.98,179.67,174.34,174.95,26957576.0,5099068939.0
2024-03-20,173.32,178.68,173.32,177.03,21031584.0,3987105282.0
2024-03-21,177.06,179.28,176.66,176.66,18756720.0,3571619014.0
2024-03-22,176.67,177.43,172.84,174.26,19103367.0,3563063417.0
2024-03-25,173.38,175.84,172.36,172.66,16413365.0,3046334226.0
2024-03-26,173.5,180.44,173.49,179.2,30247308.0,5746016496.0
2024-03-27,179.14,179.15,175.65,175.65,20645704.0,3910050276.0
2024-03-28,175.72,179.11,174.34,176.38,20036725.0,3792149245.0
2024-03-29,177.8,182.19,176.94,177.67,16464806.0,3154024729.0
2024-04-01,181.26,186.7,180.7,184.84,27513187.0,5438688735.0
2024-04-02,185.09,188.33,183.59,186.58,24038110.0,4793028387.0
2024-04-03,185.87,185.88,181.82,184.67,23489041.0,4635543376.0
2024-04-08,184.67,186.77,181.82,181.82,18957556.0,3729974587.0
2024-04-09,181.26,183.59,180.98,183.12,14570001.0,2845224467.0
2024-04-10,181.36,182.19,178.95,180.08,17961495.0,3459617611.0
2024-04-11,178.28,181.54,174.72,179.95,19295444.0,3681659228.0
2024-04-12,178.45,179.37,175.66,176.01,16625645.0,3153751599.0
2024-04-15,181.12,184.19,179.26,184.19,30548250.0,5978911501.0
2024-04-16,185.93,186.21,182.12,184.2,27623120.0,5450235801.0
2024-04-17,182.52,183.99,180.34,183.12,21619164.0,4211033978.0
2024-04-18,181.23,184.48,178.82,182.71,19539576.0,3808772287.0
2024-04-19,180.38,181.69,177.06,178.27,18491472.0,3533488436.0
2024-04-22,180.13,182.09,178.05,178.08,15098743.0,2903026006.0
2024-04-23,178.57,179.85,175.54,177.45,11113796.0,2113386950.0
2024-04-24,179.39,179.76,174.16,177.14,15154279.0,2865374635.0
2024-04-25,176.18,181.58,175.55,180.51,16418323.0,3150746112.0
2024-04-26,179.4,185.82,179.4,185.44,22488071.0,4413524313.0
2024-04-29,187.39,199.47,186.86,195.86,43863035.0,9119637969.0
2024-04-30,196.95,196.95,193.36,193.93,21433024.0,4377316692.0
2024-05-06,201.97,202.64,197.21,198.12,27099899.0,5634660010.0
2024-05-07,197.36,198.98,196.37,198.03,13179902.0,2722386148.0
2024-05-08,198.14,198.91,194.42,194.53,12432997.0,2544539626.0
2024-05-09,197.44,201.5,197.38,200.44,21921628.0,4575999960.0
2024-05-10,200.44,200.44,194.31,194.79,22801132.0,4675581900.0
2024-05-13,187.9,193.14,187.14,190.82,22196723.0,4425713328.0
2024-05-14,192.02,192.59,189.64,190.49,10694712.0,2131826964.0
2024-05-15,190.49,194.63,189.05,189.42,13074116.0,2607766832.0
2024-05-16,190.29,193.01,188.55,191.13,15378204.0,3065019509.0
2024-05-17,191.15,194.31,190.08,194.31,18496201.0,3727316446.0
2024-05-20,198.33,198.98,194.32,194.74,19917171.0,4083626153.0
2024-05-21,194.95,195.83,191.98,192.93,12296358.0,2480343310.0
2024-05-22,193.83,198.14,192.97,196.12,25236561.0,5153120079.0
2024-05-23,195.46,196.85,194.44,195.6,17654820.0,3602986569.0
2024-05-24,194.12,196.09,192.2,192.38,15510693.0,3136303497.0
2024-05-27,193.16,193.16,190.01,191.45,16361785.0,3261446783.0
2024-05-28,190.92,192.0,189.14,189.34,12689994.0,2517505166.0
2024-05-29,189.54,193.83,189.34,190.28,13338755.0,2663801635.0
2024-05-30,190.53,192.28,189.2,190.82,12784004.0,2548445865.0
2024-05-31,190.82,193.59,189.3,189.3,13808627.0,2760668471.0
2024-06-03,189.3,194.89,187.42,193.83,18718068.0,3757638840.0
2024-06-04,193.35,198.37,192.4,197.16,17714939.0,3639805938.0
2024-06-05,196.9,198.96,195.28,195.38,11777390.0,2420867502.0
2024-06-06,195.25,198.03,193.55,196.03,12412570.0,2544442658.0
2024-06-07,190.35,193.79,179.56,184.93,51686760.0,10008885041.0
2024-06-11,180.91,183.78,176.71,180.69,42072363.0,7876263876.0
2024-06-12,178.04,181.64,177.54,177.66,20310392.0,3788449182.0
2024-06-13,179.0,181.88,177.2,177.26,22117637.0,4134985666.0
2024-06-14,178.14,178.6,170.94,176.98,37184949.0,6764196086.0
2024-06-17,174.74,182.35,174.51,180.15,26929318.0,5044213365.0
2024-06-18,180.1,182.32,179.02,182.19,15652909.0,2959271843.0
2024-06-19,182.44,182.54,179.65,180.92,10753975.0,2030697600.0
2024-06-20,181.86,181.97,179.09,179.95,11562370.0,2172637229.0
2024-06-21,180.25,180.87,174.57,177.24,18467717.0,3416688220.0
2024-06-24,175.17,179.95,175.17,178.98,18035490.0,3363422626.0
2024-06-25,179.0,181.1,177.66,178.35,14414412.0,2696969882.0
2024-06-26,177.2,178.64,175.36,177.57,10481398.0,1940490559.0
2024-06-27,177.57,177.93,175.18,177.08,12653577.0,2330478211.0
2024-06-28,175.93,177.54,172.14,172.33,19420506.0,3539244333.0
2024-07-01,171.52,171.61,163.84,168.54,26995744.0,4709620521.0
2024-07-02,166.41,169.39,164.74,168.54,14415586.0,2529552189.0
2024-07-03,169.43,174.69,168.77,171.82,16205321.0,2906473774.0
2024-07-04,172.67,175.16,171.53,171.91,11834646.0,2137596470.0
2024-07-05,173.25,174.68,168.95,170.02,13524707.0,2414693954.0
2024-07-08,168.48,170.74,167.52,168.38,10806397.0,1907514420.0
2024-07-09,167.8,169.71,165.68,168.25,16443915.0,2876833390.0
2024-07-10,167.52,172.38,165.64,165.64,17772919.0,3123226777.0
2024-07-11,167.51,171.32,166.07,169.44,20811148.0,3678618340.0
2024-07-12,170.24,173.99,169.43,172.11,19550460.0,3523525354.0
2024-07-15,170.67,172.25,169.53,170.5,11469696.0,2041627402.0
2024-07-16,169.9,172.78,169.71,171.63,15148737.0,2710034963.0
2024-07-17,170.38,174.84,168.41,173.15,18590141.0,3346445646.0
2024-07-18,172.3,181.01,171.99,180.29,31994401.0,5957621426.0
2024-07-19,178.38,181.96,178.23,181.33,20847631.0,3929663335.0
2024-07-22,183.01,185.87,179.38,181.41,17168252.0,3259890053.0
2024-07-23,180.92,181.58,178.23,178.23,11903104.0,2233862306.0
2024-07-24,178.04,181.0,177.46,178.35,14468136.0,2708577543.0
2024-07-25,178.16,182.57,177.14,179.7,20595888.0,3863507112.0
2024-07-26,181.87,185.03,180.0,181.25,23347718.0,4436931315.0
2024-07-29,179.0,179.0,172.3,176.63,21362366.0,3918833598.0
2024-07-30,175.38,177.4,175.38,176.98,12725163.0,2349179518.0
2024-07-31,174.21,178.88,174.21,178.34,19896940.0,3690880179.0
2024-08-01,177.08,178.04,172.39,172.58,23012659.0,4180640118.0
2024-08-02,171.34,172.3,169.18,169.51,15493685.0,2753866402.0
2024-08-05,167.52,172.48,167.51,169.43,19347659.0,3451887572.0
2024-08-06,170.78,171.71,166.28,167.46,15768703.0,2771240102.0
2024-08-07,167.46,168.69,166.24,166.24,12753959.0,2230380711.0
2024-08-08,165.61,166.17,162.84,165.02,14658996.0,2520197340.0
2024-08-09,166.17,167.39,162.73,162.73,15412989.0,2646422840.0
2024-08-12,163.27,163.8,159.66,161.77,17415581.0,2934605438.0
2024-08-13,161.66,167.47,161.17,166.34,19389256.0,3336604796.0
2024-08-14,165.59,166.98,164.37,164.84,9966285.0,1720375362.0
2024-08-15,164.64,167.13,163.96,165.98,14481202.0,2511442939.0
2024-08-16,165.98,168.47,165.48,166.19,11150641.0,1941327489.0
2024-08-19,165.93,170.33,165.74,168.09,14035843.0,2473581501.0
2024-08-20,167.51,168.47,166.23,167.39,8436955.0,1475662466.0
2024-08-21,166.55,167.9,164.64,166.56,11147405.0,1940113038.0
2024-08-22,167.49,172.27,166.84,171.15,19901136.0,3536569764.0
2024-08-23,169.43,174.71,169.43,174.02,18415176.0,3332172741.0
2024-08-26,174.12,176.66,173.25,176.05,14838749.0,2717728514.0
2024-08-27,174.71,176.59,173.73,175.65,9976992.0,1827225122.0
2024-08-28,174.98,175.83,173.52,175.0,10639015.0,1940292275.0
2024-08-29,171.5,175.16,171.5,173.06,15670242.0,2839993927.0
2024-08-30,173.06,178.0,173.06,176.45,25429171.0,4689604094.0
2024-09-02,176.55,177.65,173.25,173.44,12985176.0,2371406002.0
2024-09-03,172.58,178.71,172.32,177.71,18196886.0,3362146073.0
2024-09-04,177.39,180.91,176.94,179.14,16564524.0,3101382415.0
2024-09-05,179.14,181.44,177.85,178.81,12318215.0,2302962597.0
2024-09-06,178.16,180.43,177.47,177.99,7525486.0,1404159125.0
2024-09-09,177.19,180.59,175.62,177.23,13475355.0,2494206446.0
2024-09-10,177.56,177.56,173.3,173.41,15424413.0,2809100737.0
2024-09-11,174.59,179.74,173.41,178.58,21197083.0,3938430663.0
2024-09-12,179.95,183.94,178.72,181.25,20709986.0,3931885573.0
2024-09-13,180.8,180.8,175.65,175.65,17287288.0,3202147524.0
2024-09-18,175.74,179.41,175.45,178.42,11377895.0,2116044596.0
2024-09-19,179.0,180.17,175.74,178.9,15769409.0,2940618897.0
2024-09-20,178.9,179.86,175.82,177.66,15502703.0,2874252972.0
2024-09-23,178.67,181.32,177.56,180.15,15792549.0,2968348168.0
2024-09-24,183.75,189.69,180.81,189.07,35451735.0,6891613102.0
2024-09-25,198.51,198.52,193.92,194.41,42010119.0,8606648806.0
2024-09-26,194.98,198.46,190.42,196.72,35489346.0,7190132217.0
2024-09-27,202.93,221.77,202.61,217.1,70181326.0,15567947397.0
2024-09-30,223.05,244.09,222.07,241.11,91361145.0,22246725636.0
2024-10-08,283.33,288.6,256.21,286.2,137646479.0,39285155658.0
2024-10-09,267.92,268.01,244.09,244.09,108691594.0,29017394645.0
2024-10-10,244.09,254.61,239.45,246.96,60833833.0,15786972611.0
2024-10-11,244.57,244.57,227.75,231.44,47640230.0,11668275358.0
2024-10-14,239.29,241.98,234.46,239.03,46759863.0,11671765786.0
2024-10-15,239.12,240.11,230.81,230.9,32765334.0,8057930637.0
2024-10-16,228.6,228.6,223.34,223.84,33585954.0,7918107276.0
2024-10-17,223.99,228.66,220.98,221.59,26164672.0,6135626737.0
2024-10-18,220.16,247.8,219.77,239.2,68013787.0,16734812130.0
2024-10-21,247.92,251.3,240.98,242.52,58455809.0,14972853360.0
2024-10-22,243.13,243.67,236.68,239.83,27876033.0,6986426719.0
2024-10-23,237.21,244.03,236.3,238.63,32154122.0,8076690148.0
2024-10-24,239.08,240.74,234.52,235.63,21465790.0,5297733386.0
2024-10-25,241.54,253.66,235.76,247.8,57898551.0,14887536978.0
2024-10-28,245.17,247.54,242.17,245.27,27601935.0,7053002720.0
2024-10-29,245.27,246.68,240.49,241.01,26994808.0,6853075171.0
2024-10-30,239.3,241.5,234.04,237.42,27134374.0,6734690047.0
2024-10-31,236.42,239.78,233.56,235.45,25500279.0,6286268643.0
2024-11-01,235.98,239.13,234.69,235.66,25915829.0,6418140473.0
2024-11-04,233.56,243.42,233.56,240.45,24247222.0,6074686403.0
2024-11-05,239.86,251.57,238.47,250.2,48482094.0,12547431635.0
2024-11-06,247.91,257.97,242.65,245.52,45239310.0,11840068810.0
2024-11-07,246.96,251.55,243.02,251.55,33571027.0,8698717049.0
2024-11-08,258.12,260.36,246.1,246.48,40294127.0,10612727375.0
2024-11-11,241.55,257.48,240.27,256.05,49153907.0,12844920272.0
2024-11-12,266.37,273.0,259.38,261.34,74403008.0,20764206510.0
2024-11-13,257.49,275.87,255.35,269.93,55773688.0,15410247018.0
2024-11-14,270.89,272.79,262.91,263.23,42657210.0,11940874424.0
2024-11-15,257.97,263.23,254.2,254.2,35198317.0,9488134618.0
2024-11-18,254.2,259.35,249.83,251.67,30650010.0,8135717136.0
2024-11-19,250.81,260.36,246.96,257.22,34812887.0,9211079121.0
2024-11-20,255.53,258.35,253.28,256.1,22708778.0,6060616029.0
2024-11-21,254.29,259.81,252.38,256.78,20550827.0,5510533650.0
2024-11-22,256.46,257.49,247.8,248.01,22555101.0,5937579845.0
2024-11-25,251.8,255.15,250.0,252.8,26239071.0,6923644963.0
2024-11-26,250.38,252.67,244.72,245.73,27360405.0,7076484876.0
2024-11-27,243.8,249.74,240.71,248.78,27400665.0,7033615362.0
2024-11-28,248.11,248.42,242.65,243.8,22355598.0,5728197560.0
2024-11-29,240.48,256.52,240.48,250.06,31366272.0,8192074188.0
2024-12-02,247.57,252.27,246.2,250.97,20647547.0,5387882834.0
2024-12-03,249.83,251.74,247.92,250.63,17310789.0,4514867562.0
2024-12-04,248.87,250.79,246.48,247.89,16181395.0,4186965339.0
2024-12-05,246.95,247.87,244.1,245.04,16021580.0,4109014222.0
2024-12-06,245.04,258.35,244.09,255.14,33038136.0,8719647874.0
2024-12-09,255.56,258.12,253.09,256.58,22456090.0,6005103479.0
2024-12-10,269.24,269.45,257.8,258.99,32904436.0,9035442040.0
2024-12-11,262.24,267.54,255.11,255.67,19400821.0,5262014872.0
2024-12-12,254.52,263.6,253.85,262.0,22329514.0,6055502392.0
2024-12-13,258.33,260.36,254.62,255.6,28316441.0,7596460115.0
2024-12-16,254.83,257.97,252.75,255.77,16257508.0,4333963457.0
2024-12-17,255.57,266.1,255.13,262.08,28214610.0,7746201691.0
2024-12-18,262.57,262.97,258.74,259.8,15085329.0,4110472403.0
2024-12-19,257.74,260.7,255.21,258.24,15346018.0,4137668599.0
2024-12-20,258.24,259.21,249.18,251.47,27740098.0,7313368051.0
2024-12-23,251.47,257.37,251.47,252.22,20639383.0,5482614221.0
2024-12-24,251.75,256.77,251.75,256.75,19615352.0,5229920632.0
2024-12-25,257.4,259.32,254.87,256.5,11413810.0,3058526680.0
2024-12-26,255.77,255.77,249.83,250.07,22443762.0,5898437344.0
2024-12-27,249.42,252.15,244.09,250.79,24351918.0,6338085457.0
2024-12-30,249.72,256.05,249.36,255.17,22631352.0,6013633017.0
2024-12-31,253.75,258.92,253.75,254.62,24933952.0,6694555731.0
2025-01-02,254.86,254.9,246.0,247.71,23354576.0,6090661831.0
2025-01-03,247.71,251.75,246.2,246.61,18523758.0,4812148522.0
2025-01-06,246.96,248.87,242.17,245.76,17289077.0,4433101113.0
2025-01-07,232.6,241.22,230.76,238.78,40103599.0,9934923664.0
2025-01-08,235.46,237.68,232.91,234.84,27185752.0,6681628785.0
2025-01-09,231.02,239.54,230.84,236.75,16932878.0,4168600176.0
2025-01-10,235.95,239.25,234.21,235.47,14729433.0,3643092329.0
2025-01-13,233.08,239.3,231.64,236.34,18092226.0,4467775091.0
2025-01-14,237.11,246.0,234.72,245.24,20246734.0,5108567635.0
2025-01-15,245.24,245.43,238.99,240.13,15062665.0,3798504600.0
2025-01-16,241.22,243.7,237.64,239.23,16188378.0,4056598314.0
2025-01-17,237.87,242.65,237.46,240.74,11106600.0,2786220135.0
2025-01-20,245.52,256.16,245.34,254.16,34283497.0,9048642227.0
2025-01-21,257.01,257.26,251.96,252.87,13893306.0,3681448144.0
2025-01-22,250.79,253.56,243.33,246.96,25040737.0,6440345376.0
2025-01-23,248.73,251.27,245.98,246.48,16553688.0,4291744662.0
2025-01-24,246.23,254.66,246.23,250.66,22439796.0,5876198260.0
2025-01-27,250.67,252.92,247.18,247.18,17102637.0,4460049869.0
2025-02-05,250.06,251.99,241.46,242.48,24048140.0,6141794779.0
2025-02-06,241.41,243.8,239.68,243.43,24896101.0,6261792980.0
2025-02-07,247.18,252.53,242.0,251.29,34441254.0,8922582684.0
2025-02-10,251.29,251.48,245.43,248.57,22926710.0,5928297101.0
2025-02-11,250.49,250.54,241.47,242.18,24791980.0,6268157350.0
2025-02-12,240.46,246.22,237.64,245.54,27382214.0,6902713445.0
2025-02-13,246.21,253.9,245.35,251.4,37534967.0,9803005761.0
2025-02-14,251.54,262.57,251.54,259.4,38780030.0,10409880413.0
2025-02-17,264.39,264.39,255.85,259.1,24182960.0,6513084026.0
2025-02-18,262.53,264.97,258.72,260.42,23845755.0,6497674093.0
2025-02-19,258.31,265.45,258.29,263.1,20445539.0,5580141096.0
2025-02-20,262.37,262.37,256.8,259.87,19589001.0,5267400819.0
2025-02-21,258.32,266.3,257.55,265.02,30951906.0,8443562273.0
2025-02-24,262.58,264.2,257.91,261.12,27753762.0,7510840228.0
2025-02-25,257.26,263.53,254.4,259.18,23209375.0,6243748571.0
2025-02-26,261.08,262.45,256.97,258.35,21173074.0,5698649750.0
2025-02-27,259.94,261.32,257.44,259.68,23185110.0,6250587950.0
2025-02-28,259.3,260.94,253.54,254.2,22265458.0,5935077345.0
2025-03-03,254.87,268.63,252.22,263.08,38736403.0,10603328988.0
2025-03-04,259.68,260.64,252.69,252.95,26836542.0,7115460892.0
2025-03-05,252.95,253.81,248.62,251.02,20869610.0,5438997026.0
2025-03-06,252.23,255.38,251.03,254.21,25027321.0,6601078272.0
2025-03-07,252.91,253.51,248.79,250.79,22287108.0,5812794649.0
2025-03-10,251.79,251.85,243.92,246.7,28675074.0,7355227161.0
2025-03-11,243.4,245.74,243.38,245.45,17135077.0,4355529583.0
2025-03-12,246.23,246.81,241.88,244.77,19914690.0,5058919204.0
2025-03-13,244.29,249.29,243.33,243.54,16885150.0,4316530459.0
2025-03-14,243.33,254.73,242.99,251.99,35108935.0,9148092797.0
2025-03-17,253.05,255.32,245.97,246.22,33515486.0,8685706367.0
2025-03-18,248.14,250.81,245.74,247.18,22576732.0,5817534421.0
2025-03-19,247.37,256.77,246.97,255.25,36954120.0,9737109379.0
2025-03-20,255.25,256.32,251.04,252.13,14424653.0,3794188020.0
2025-03-21,252.64,254.42,245.9,246.22,19432006.0,5026360932.0
2025-03-24,247.85,249.08,246.49,248.29,16730217.0,4311680873.0
2025-03-25,247.86,250.06,245.53,249.56,12785778.0,3303477320.0
2025-03-26,249.49,252.66,246.89,247.1,12904626.0,3336108308.0
2025-03-27,246.4,252.76,244.53,248.99,14179206.0,3675726420.0
2025-03-28,246.32,248.99,246.02,246.99,11242068.0,2888588258.0
2025-03-31,246.27,248.12,242.48,243.27,19463355.0,4951863266.0
2025-04-01,243.27,244.77,239.08,239.54,19416208.0,4862442756.0
2025-04-02,240.64,242.81,238.1,239.62,13732112.0,3433096886.0
2025-04-03,235.64,238.23,233.28,233.79,23281639.0,5693962717.0
2025-04-07,217.45,221.21,201.12,207.0,72364582.0,15811389636.0
2025-04-08,211.54,216.4,208.13,210.68,47659421.0,10471952816.0
2025-04-09,204.78,210.39,202.06,203.31,53602339.0,11459705354.0
2025-04-10,212.55,214.28,207.23,209.65,37274119.0,8168675412.0
2025-04-11,207.75,216.93,206.49,215.44,30299115.0,6696905325.0
2025-04-14,218.47,219.29,214.17,215.44,20696504.0,4642121045.0
2025-04-15,217.36,221.64,216.52,219.43,26686542.0,6087451730.0
2025-04-16,218.32,218.5,213.08,216.3,21655096.0,4838764472.0
2025-04-17,214.48,218.64,213.73,217.36,15737659.0,3551280611.0
2025-04-18,216.6,217.84,215.11,216.84,11512794.0,2588857715.0
2025-04-21,216.84,226.02,215.61,222.52,22008191.0,5088523082.0
2025-04-22,225.63,226.77,222.89,226.31,16935423.0,3885729764.0
2025-04-23,230.54,234.22,228.58,228.92,19197980.0,4507058716.0
2025-04-24,230.05,234.13,227.84,232.37,18155439.0,4297351278.0
2025-04-25,232.7,233.4,230.63,232.11,12761989.0,3016796565.0
2025-04-28,233.73,233.74,228.77,230.39,14312432.0,3357178149.0
2025-04-29,229.56,230.34,226.34,227.63,16742435.0,3892978724.0
2025-04-30,228.63,229.93,227.11,227.11,15632835.0,3635403837.0
2025-05-06,229.47,231.81,226.81,227.23,19687679.0,4591289270.0
2025-05-07,231.96,236.31,231.6,234.08,31280985.0,7444719327.0
2025-05-08,234.94,243.96,233.46,239.93,31285640.0,7666995082.0
2025-05-09,241.4,245.03,240.01,243.56,23693317.0,5858468264.0
2025-05-12,250.16,253.09,248.2,252.12,30231506.0,7731591601.0
2025-05-13,257.03,257.03,250.18,253.86,20480591.0,5281511475.0
2025-05-14,253.86,259.44,251.15,257.62,23146307.0,6020688165.0
2025-05-15,257.64,257.88,254.67,255.24,14111893.0,3685574614.0
2025-05-16,254.22,256.76,252.84,254.44,18900058.0,4904611048.0
2025-05-19,255.56,255.59,252.39,255.07,16974017.0,4399897903.0
2025-05-20,259.42,260.46,250.36,258.01,34642364.0,9053425367.0
2025-05-21,261.92,274.68,260.75,268.88,56524517.0,15470587405.0
2025-05-22,272.53,272.66,263.18,265.24,27608118.0,7470701467.0
2025-05-23,265.87,268.8,261.88,261.92,23000352.0,6218224097.0
2025-05-26,259.97,261.32,248.1,251.04,33012215.0,8477228630.0
2025-05-27,251.03,252.33,247.6,249.17,17667995.0,4491281266.0
2025-05-28,250.76,253.37,248.51,248.79,15456265.0,3946773465.0
2025-05-29,248.2,249.16,244.27,247.07,21788285.0,5487937548.0
2025-05-30,246.14,247.85,242.77,245.25,20433747.0,5107325148.0
2025-06-03,247.22,249.08,245.69,246.38,15841166.0,3989341996.0
2025-06-04,247.71,248.79,245.94,246.28,13040195.0,3285855859.0
2025-06-05,246.59,247.65,243.56,246.73,13525851.0,3386751735.0
2025-06-06,247.22,248.52,243.78,244.16,16551474.0,4138221070.0
2025-06-09,244.16,246.12,240.84,240.92,18549757.0,4593124638.0
2025-06-10,240.35,242.17,237.62,238.53,13932459.0,3406606343.0
2025-06-11,241.42,247.65,240.15,245.75,27993404.0,7006354613.0
2025-06-12,247.22,247.71,244.05,245.07,17569617.0,4386403721.0
2025-06-13,243.39,245.66,241.69,243.49,17403245.0,4322411796.0
2025-06-16,243.29,243.98,241.13,241.98,12217571.0,3013514215.0
2025-06-17,242.27,243.71,240.57,241.59,9765024.0,2407928750.0
2025-06-18,242.29,244.84,240.91,240.91,10460561.0,2586543839.0
2025-06-19,240.64,241.49,237.01,237.5,14798456.0,3604508604.0
2025-06-20,236.48,238.51,234.95,235.7,13688340.0,3293985957.0
2025-06-23,234.76,236.03,233.51,235.06,12709927.0,3040680713.0
2025-06-24,236.01,243.37,236.01,241.25,23501081.0,5767361454.0
2025-06-25,241.82,251.02,241.33,250.06,31537723.0,7930320892.0
2025-06-26,251.02,251.43,247.57,247.99,19914530.0,5062386537.0
2025-06-27,251.63,252.56,245.36,246.23,23620067.0,5985026676.0
2025-06-30,246.73,248.69,244.96,247.43,17623370.0,4434817078.0
2025-07-01,247.71,247.94,245.14,246.73,9532258.0,2395104336.0
2025-07-02,246.73,247.23,244.46,245.7,11571374.0,2897311834.0
2025-07-03,246.7,258.21,245.83,257.61,33803747.0,8746803693.0
2025-07-04,259.98,264.86,256.03,260.75,27206013.0,7214227943.0
2025-07-07,260.75,263.78,253.97,255.94,17466498.0,4568972965.0
2025-07-08,255.75,260.85,254.89,258.31,15592292.0,4104293094.0
2025-07-09,257.22,269.25,257.13,265.66,29388371.0,7948423739.0
2025-07-10,269.77,269.77,263.4,266.84,24239349.0,6594201202.0
2025-07-11,266.35,268.8,264.97,266.35,21328153.0,5798544034.0
2025-07-14,265.86,266.17,261.05,263.4,14978884.0,4013693003.0
2025-07-15,263.4,267.33,260.95,262.67,16952649.0,4553827628.0
2025-07-16,263.4,263.6,258.05,259.38,15626479.0,4135841242.0
2025-07-17,260.33,262.67,259.34,260.46,14511017.0,3852746251.0
2025-07-18,263.6,267.28,260.75,266.05,22186558.0,5981601235.0
2025-07-21,271.74,276.65,268.36,274.35,32486275.0,9047295149.0
2025-07-22,274.69,284.5,273.88,281.22,33309029.0,9468912161.0
2025-07-23,282.69,285.23,281.15,281.57,20018974.0,5772653126.0
2025-07-24,283.51,283.71,277.54,279.79,22389114.0,6394082072.0
2025-07-25,279.79,279.79,276.4,277.43,13432601.0,3802835260.0
2025-07-28,277.65,283.6,275.96,280.87,23897336.0,6830867029.0
2025-07-29,281.26,286.46,281.24,286.28,23394555.0,6785427583.0
2025-07-30,286.65,286.65,271.11,271.83,41594301.0,11712764593.0
2025-07-31,275.47,276.63,259.6,259.6,44710355.0,12088514551.0
2025-08-01,259.77,261.54,257.76,258.08,25250002.0,6682814646.0
2025-08-04,258.01,262.91,256.73,261.42,23768168.0,6286238371.0
2025-08-05,262.42,263.89,258.5,260.66,21976040.0,5844478670.0
2025-08-06,260.19,261.83,258.23,259.97,15323311.0,4058482396.0
2025-08-07,259.97,261.43,257.22,258.06,16548104.0,4363462114.0
2025-08-08,258.99,261.11,257.04,258.48,17428216.0,4604736203.0
2025-08-11,258.48,261.1,257.52,258.66,21330876.0,5627553110.0
2025-08-12,258.5,260.15,252.83,258.25,22240739.0,5829140856.0
2025-08-13,259.74,269.78,259.49,268.41,39466769.0,10661084797.0
2025-08-14,271.63,276.65,269.27,274.58,37170757.0,10378442059.0
2025-08-15,273.1,276.94,270.86,275.34,24109169.0,6735591187.0
2025-08-18,275.34,280.06,272.74,277.63,28528793.0,8056186542.0
2025-08-19,277.63,278.61,270.98,272.53,24428585.0,6816442573.0
2025-08-20,273.22,275.67,267.85,274.89,23353492.0,6414344337.0
2025-08-21,274.96,277.45,273.71,274.69,18269814.0,5103914721.0
2025-08-22,274.63,284.89,274.3,282.75,26421851.0,7543698628.0
2025-08-25,285.53,289.35,282.35,285.8,31229720.0,9046692965.0
2025-08-26,282.59,286.5,281.17,285.03,23024462.0,6648848315.0
2025-08-27,284.54,285.07,273.9,274.01,38258429.0,10859010300.0
2025-08-28,271.8,274.69,268.51,273.13,30466401.0,8407974991.0
2025-08-29,274.02,311.77,273.66,301.46,78013892.0,23482893637.0
2025-09-01,301.77,302.16,294.68,299.31,42996421.0,13012795663.0
2025-09-02,299.34,306.3,294.42,298.2,37116889.0,11289093083.0
2025-09-03,298.82,306.84,298.35,304.23,50897473.0,15640548986.0
2025-09-04,308.63,318.34,295.99,299.34,65754754.0,20442631453.0
2025-09-05,295.27,320.09,295.19,320.09,70819779.0,22440211716.0
2025-09-08,328.85,332.44,318.51,320.35,58834578.0,19349632049.0
2025-09-09,317.82,329.42,312.27,315.06,43402397.0,14085497658.0
2025-09-10,313.08,317.03,308.17,311.16,36752683.0,11649703595.0
2025-09-11,310.68,318.0,304.27,317.57,38034460.0,12060756827.0
2025-09-12,320.87,324.81,317.23,319.99,33871316.0,11031032653.0
2025-09-15,340.67,365.79,338.71,349.23,71841023.0,25586615241.0
2025-09-16,350.62,353.46,343.12,347.97,37744465.0,13325722242.0
2025-09-17,351.29,375.99,348.54,371.28,54377100.0,20113064234.0
2025-09-18,368.81,374.14,355.23,361.23,51889690.0,19308545614.0
2025-09-19,359.37,369.91,356.14,362.8,33914886.0,12515443887.0
2025-09-22,364.78,366.97,357.18,364.34,28527763.0,10474484764.0
2025-09-23,362.32,371.14,354.45,362.47,34849315.0,12813882350.0
2025-09-24,365.28,374.14,360.41,374.07,38314548.0,14311189086.0
2025-09-25,370.79,396.38,370.66,386.79,46639338.0,18251421708.0
2025-09-26,385.97,393.82,374.14,374.53,36263326.0,14106499742.0
2025-09-29,380.38,393.72,380.05,391.24,38964745.0,15381134070.0
2025-09-30,389.89,402.57,389.89,395.8,33031310.0,13278445667.0
2025-10-09,393.81,417.81,393.57,403.57,41208823.0,16989122538.0
2025-10-10,394.81,397.57,373.16,376.06,53311798.0,20684330795.0
2025-10-13,357.26,378.67,357.26,368.72,47150998.0,17618650277.0
2025-10-14,375.12,379.85,350.28,352.48,49639939.0,18319370881.0
2025-10-15,352.97,364.01,349.29,363.6,36993355.0,13383852917.0
2025-10-16,361.83,368.13,358.88,362.81,27629467.0,10185159269.0
2025-10-17,361.83,369.21,351.48,352.61,31905761.0,11588825855.0
2025-10-20,359.37,363.2,353.98,360.84,28432420.0,10372513059.0
2025-10-21,367.24,375.47,357.5,370.1,44632870.0,16784956526.0
2025-10-22,370.1,373.03,362.52,367.11,21945879.0,8178934535.0
2025-10-23,368.03,372.96,363.31,370.64,23998098.0,8982628027.0
2025-10-24,374.11,381.82,372.17,379.82,32041578.0,12276721104.0
2025-10-27,386.94,386.94,370.76,380.22,40451018.0,15542852577.0
2025-10-28,380.2,387.72,377.11,380.52,28708295.0,11160796766.0
2025-10-29,380.04,393.87,378.76,393.83,34474046.0,13644645226.0
2025-10-30,399.72,402.77,390.71,392.14,34306088.0,13797530229.0
2025-10-31,391.86,400.52,382.21,382.77,34048350.0,13515773431.0
2025-11-03,381.03,385.86,369.97,380.89,26368177.0,10106566781.0
2025-11-04,377.15,380.54,368.23,373.1,23939074.0,9091842153.0
2025-11-05,367.1,386.94,366.26,382.7,31142532.0,11937586811.0
2025-11-06,383.98,393.33,382.7,388.59,23447477.0,9261688312.0
2025-11-07,387.43,391.38,382.88,389.27,16554892.0,6516185371.0
2025-11-10,392.25,394.13,377.41,378.58,23895991.0,9267204047.0
2025-11-11,380.04,388.68,378.57,379.65,19303175.0,7500041113.0
2025-11-12,384.75,386.93,378.06,380.42,21299825.0,8261238197.0
2025-11-13,379.11,414.8,379.11,409.19,56265449.0,22945441956.0
2025-11-14,400.72,408.2,397.65,397.88,24172120.0,9879119548.0
2025-11-17,382.01,386.35,376.6,384.75,47685503.0,18542294255.0
2025-11-18,383.0,392.48,375.12,379.06,39565814.0,15353867657.0
2025-11-19,379.55,392.29,379.02,385.07,29266686.0,11462348543.0
2025-11-20,388.81,388.91,371.19,373.54,33674285.0,12895238923.0
2025-11-21,369.21,377.09,364.29,364.29,31631335.0,11850710342.0
2025-11-24,368.03,369.12,361.51,364.83,22845819.0,8464724008.0
2025-11-25,369.21,373.8,364.87,366.61,20633246.0,7733117132.0
2025-11-26,369.71,369.71,364.36,367.07,18910660.0,7048903988.0
2025-11-27,367.24,373.03,364.29,365.47,22200259.0,8289124681.0
2025-11-28,364.78,369.69,360.51,367.44,20340263.0,7542337298.0
2025-12-01,368.98,377.06,368.26,377.06,26751013.0,10120862871.0
2025-12-02,377.58,379.04,371.58,374.22,16348461.0,6220569502.0
2025-12-03,374.23,377.45,369.21,370.28,13991135.0,5294871743.0
2025-12-04,373.34,377.68,369.36,377.43,19165809.0,7299943081.0
2025-12-05,381.23,383.3,376.11,383.09,23291559.0,9004580816.0
2025-12-08,384.41,389.28,379.55,386.44,21659758.0,8476698700.0
2025-12-09,385.46,386.21,380.04,381.61,18691773.0,7255076087.0
2025-12-10,379.11,382.01,371.44,376.48,19433405.0,7399361241.0
2025-12-11,378.96,392.71,377.46,382.99,28215378.0,11089031995.0
2025-12-12,385.95,387.32,379.55,385.75,24002022.0,9355490916.0
2025-12-15,385.46,388.88,379.27,379.55,18274993.0,7099251459.0
2025-12-16,380.04,383.08,372.2,372.57,19121676.0,7292054835.0
2025-12-17,370.64,378.57,369.27,377.5,22257408.0,8453303234.0
2025-12-18,373.71,375.07,364.3,366.26,29639283.0,11079385459.0
2025-12-19,368.31,371.85,365.08,368.23,17559945.0,6572807890.0
2025-12-22,370.2,372.16,362.42,366.1,25493538.0,9489773616.0
2025-12-23,366.26,374.63,365.87,372.27,23604086.0,8879315764.0
2025-12-24,372.25,372.25,366.26,369.8,21088387.0,7902857946.0
2025-12-25,368.44,368.44,363.42,367.25,20343144.0,7559336244.0
2025-12-26,367.21,372.17,364.39,368.65,25723689.0,9616116053.0
2025-12-29,368.23,368.65,362.32,363.61,24124072.0,8924502783.0
2025-12-30,361.44,365.28,360.9,363.5,19030821.0,7014015794.0
2025-12-31,364.08,366.26,361.48,361.59,16026597.0,5920431545.0
2026-01-05,364.29,372.17,362.51,371.68,33688135.0,12583419574.0
2026-01-06,374.14,374.63,363.35,368.22,34147710.0,12764795667.0
2026-01-07,367.2,369.69,362.8,365.29,26228535.0,9730943679.0
2026-01-08,362.32,367.57,361.34,363.51,26959035.0,9962397480.0
2026-01-09,363.47,371.8,361.35,363.53,31477187.0,11681035309.0
2026-01-12,362.32,362.32,346.23,356.1,48830739.0,17505537199.0
2026-01-13,360.6,362.1,351.49,353.46,29670920.0,10745692370.0
2026-01-14,354.47,355.65,346.28,348.52,38083365.0,13553362724.0
2026-01-15,347.31,352.75,346.37,348.29,32370912.0,11474019060.0
2026-01-16,352.47,356.14,346.09,346.88,31981842.0,11350569563.0
2026-01-19,346.05,349.86,340.0,343.52,33864284.0,11842421264.0
2026-01-20,344.6,351.4,342.53,344.21,35440589.0,12466608900.0
2026-01-21,346.51,352.17,343.61,344.41,39393573.0,13919426405.0
2026-01-22,345.61,348.27,334.26,340.46,45994818.0,15851213229.0
2026-01-23,342.64,344.6,337.95,341.65,33976127.0,11775914386.0
2026-01-26,346.59,347.11,335.95,336.77,33291386.0,11468681279.0
2026-01-27,339.57,339.58,328.87,334.16,32294885.0,10953698562.0
2026-01-28,332.67,338.69,327.87,334.74,46308171.0,15638344009.0
2026-01-29,335.25,339.83,332.94,336.61,33844419.0,11569006794.0
2026-01-30,343.02,348.3,338.79,344.6,48650115.0,17048600000.0
2026-02-02,351.49,352.47,338.82,343.6,39191747.0,13766144458.0
2026-02-03,343.61,347.36,338.2,342.54,26516325.0,9220045792.0
2026-02-04,345.54,360.99,342.15,359.4,48531685.0,17369398062.0
2026-02-05,360.13,361.09,350.53,357.34,28427157.0,10268243283.0
2026-02-06,353.78,367.13,352.49,363.41,39372618.0,14514523059.0
2026-02-09,364.78,366.75,357.01,363.13,27448630.0,10080946319.0
2026-02-10,359.54,365.08,358.38,359.34,18563499.0,6798020174.0
2026-02-11,361.24,365.27,358.88,362.32,19653459.0,7239804071.0
2026-02-12,364.29,372.05,362.35,370.07,27754580.0,10410892196.0
2026-02-13,369.81,371.18,359.38,359.7,22314532.0,8229700941.0
2026-02-24,366.89,367.74,356.37,356.37,22695131.0,8316534693.0
2026-02-25,358.08,360.94,354.54,356.59,18716639.0,6802110619.0
2026-02-26,350.56,352.67,338.2,340.66,43541381.0,15108143010.0
2026-02-27,341.76,343.56,336.73,336.73,25446620.0,8775054149.0
2026-03-02,335.74,339.58,331.48,334.97,28351326.0,9643254984.0
2026-03-03,340.99,348.88,338.72,338.76,40007479.0,13919957238.0
2026-03-04,335.84,336.74,329.04,333.67,25080441.0,8468604902.0
2026-03-05,339.26,348.39,337.37,344.85,31006068.0,10819502021.0
2026-03-06,343.61,351.51,339.34,349.3,20963113.0,7388868682.0
2026-03-09,343.46,354.3,339.74,351.98,31797613.0,11217996825.0
2026-03-10,369.21,373.91,360.84,370.49,50741728.0,19049080513.0
2026-03-11,373.72,397.32,373.13,390.68,57598685.0,22642696276.0
2026-03-12,393.83,394.71,386.64,389.4,29150375.0,11537671607.0
2026-03-13,387.8,397.76,387.72,390.87,35582639.0,14201304444.0
2026-03-16,395.57,406.79,391.86,402.1,37352104.0,15195015005.0
2026-03-17,409.36,413.52,398.32,398.75,35980678.0,14787230790.0
2026-03-18,399.11,399.74,390.65,395.82,26529996.0,10653633584.0
2026-03-19,395.74,407.61,393.83,394.32,29286635.0,11867380765.0
2026-03-20,398.83,415.57,393.96,406.63,53729677.0,22252017693.0
2026-03-23,410.89,410.92,392.6,395.79,44614145.0,18193336487.0
2026-03-24,398.75,405.54,382.01,390.86,36410525.0,14439124610.0
2026-03-25,386.94,394.32,381.82,391.67,26752828.0,10553996247.0
2026-03-26,387.76,407.34,385.95,396.29,26763697.0,10811439764.0
2026-03-27,399.85,411.88,395.53,409.76,30258043.0,12465856864.0
2026-03-30,406.63,412.39,399.34,406.63,25348419.0,10440376424.0
2026-03-31,406.63,410.52,395.38,395.5,24925645.0,10159878346.0
2026-04-01,403.41,403.55,389.89,399.45,23170073.0,9384266504.0
2026-04-02,401.61,405.63,391.07,394.98,22305638.0,8988161794.0
2026-04-03,393.83,394.62,379.19,380.5,24751501.0,9640031385.0
2026-04-07,383.96,387.13,375.6,378.66,17257622.0,6675632984.0
2026-04-08,390.38,391.51,382.23,385.26,36418443.0,14315333338.0
2026-04-09,388.02,388.2,380.69,383.97,25955199.0,10132744607.0
2026-04-10,387.92,412.53,386.62,409.58,50788702.0,20752496341.0
2026-04-13,411.55,426.64,409.58,420.54,41239924.0,17625505878.0
2026-04-14,415.0,425.82,408.01,424.14,44220826.0,18663656303.0
2026-04-15,432.11,432.68,420.48,424.35,37353628.0,16122379460.0
2026-04-16,434.2,452.9,426.34,446.98,63506218.0,28517416468.0
2026-04-17,448.92,450.58,434.21,437.35,36535848.0,16290232436.0
2026-04-20,426.32,431.14,419.44,425.83,52927821.0,22768028850.0
2026-04-21,428.29,443.18,418.54,440.69,57774562.0,25412275749.0
2026-04-22,441.01,447.97,433.13,436.35,46025432.0,20173924648.0
2026-04-23,443.5,443.6,435.0,438.9,35430966.0,15566836621.0
2026-04-24,442.0,448.45,438.0,444.9,39542497.0,17517374359.0
