date,open,high,low,close,volume,amount
2001-08-27,3.98,4.35,3.79,4.1,40631800.0,1410347179.0
2001-08-28,4.03,4.26,3.99,4.25,12964779.0,463463143.0
2001-08-29,4.26,4.26,4.16,4.19,5325275.0,194689620.0
2001-08-30,4.18,4.32,4.15,4.28,4801306.0,177558558.0
2001-08-31,4.28,4.34,4.24,4.27,2323148.0,86231237.0
2001-09-03,4.29,4.33,4.25,4.26,2211209.0,82129438.0
2001-09-04,4.27,4.39,4.25,4.32,3700677.0,139204380.0
2001-09-05,4.33,4.37,4.29,4.31,2606695.0,97796243.0
2001-09-06,4.3,4.32,4.21,4.23,2899703.0,107078403.0
2001-09-07,4.21,4.26,4.11,4.11,3155225.0,113868743.0
2001-09-10,4.08,4.25,4.03,4.23,1887889.0,68406471.0
2001-09-11,4.24,4.26,4.17,4.18,1139081.0,41579698.0
2001-09-12,4.07,4.17,4.07,4.15,2504519.0,89421380.0
2001-09-13,4.15,4.18,4.11,4.14,1098668.0,39512775.0
2001-09-14,4.15,4.21,4.13,4.18,767283.0,27740691.0
2001-09-17,4.16,4.18,4.09,4.13,898397.0,32183249.0
2001-09-18,4.14,4.21,4.13,4.18,1077326.0,39006062.0
2001-09-19,4.18,4.25,4.16,4.25,865053.0,31597369.0
2001-09-20,4.25,4.27,4.21,4.22,1117335.0,41189577.0
2001-09-21,4.18,4.22,4.15,4.16,787972.0,28638681.0
2001-09-24,4.16,4.19,4.15,4.15,406860.0,14703096.0
2001-09-25,4.18,4.21,4.15,4.18,348845.0,12639790.0
2001-09-26,4.16,4.2,4.15,4.16,495626.0,17892565.0
2001-09-27,4.16,4.26,4.15,4.23,877804.0,32085131.0
2001-09-28,4.25,4.29,4.21,4.27,1708847.0,63169143.0
2001-10-08,4.26,4.28,4.18,4.22,655217.0,24091149.0
2001-10-09,4.22,4.32,4.22,4.3,955852.0,35498605.0
2001-10-10,4.3,4.31,4.15,4.16,1754869.0,63956753.0
2001-10-11,4.15,4.21,4.11,4.12,1230684.0,44319896.0
2001-10-12,4.14,4.22,3.92,4.15,2001070.0,70897331.0
2001-10-15,4.14,4.15,4.02,4.07,975531.0,34501714.0
2001-10-16,4.05,4.13,4.0,4.01,831991.0,29068173.0
2001-10-17,4.01,4.01,3.91,3.94,1250768.0,42766283.0
2001-10-18,3.94,3.99,3.91,3.92,498346.0,16999063.0
2001-10-19,3.92,3.94,3.8,3.86,1568754.0,52422843.0
2001-10-22,3.84,3.88,3.77,3.78,976065.0,32268911.0
2001-10-23,4.15,4.16,4.03,4.16,4059824.0,145710538.0
2001-10-24,4.24,4.24,4.05,4.13,4068239.0,147001102.0
2001-10-25,4.11,4.13,4.02,4.02,1603686.0,56527283.0
2001-10-26,4.0,4.05,3.97,4.03,900220.0,31280145.0
2001-10-29,4.02,4.11,4.02,4.07,458786.0,16205054.0
2001-10-30,4.06,4.09,4.02,4.03,348417.0,12214728.0
2001-10-31,4.03,4.04,4.01,4.04,476247.0,16633345.0
2001-11-01,4.04,4.11,4.03,4.1,664303.0,23511580.0
2001-11-02,4.07,4.12,4.05,4.08,343520.0,12189356.0
2001-11-05,4.03,4.06,4.0,4.02,369076.0,12879737.0
2001-11-06,4.01,4.07,4.0,4.05,260931.0,9138666.0
2001-11-07,4.03,4.03,3.9,3.9,932538.0,31791131.0
2001-11-08,3.84,3.91,3.8,3.88,740216.0,24682905.0
2001-11-09,3.88,3.97,3.84,3.94,376076.0,12737203.0
2001-11-12,3.96,3.96,3.86,3.87,268333.0,9088858.0
2001-11-13,3.84,3.88,3.83,3.88,267381.0,8965279.0
2001-11-14,3.88,3.92,3.88,3.88,76900.0,2599260.0
2001-11-15,3.88,3.9,3.86,3.88,219345.0,7378238.0
2001-11-16,4.17,4.17,3.92,3.93,995470.0,34600364.0
2001-11-19,3.94,4.04,3.93,4.04,373461.0,12950484.0
2001-11-20,4.06,4.09,4.02,4.08,806908.0,28559195.0
2001-11-21,4.09,4.09,4.02,4.05,511442.0,17957630.0
2001-11-22,4.06,4.07,4.02,4.05,419879.0,14713840.0
2001-11-23,4.03,4.06,4.01,4.03,396090.0,13866447.0
2001-11-26,4.03,4.03,3.98,3.99,310099.0,10749495.0
2001-11-27,3.99,4.04,3.99,4.03,256948.0,8954894.0
2001-11-28,4.04,4.08,4.02,4.04,377362.0,13256608.0
2001-11-29,4.03,4.06,4.01,4.01,304618.0,10658762.0
2001-11-30,4.01,4.09,4.01,4.07,407097.0,14292950.0
2001-12-03,4.07,4.18,4.07,4.17,1603705.0,57741700.0
2001-12-04,4.18,4.18,4.13,4.17,689499.0,24859860.0
2001-12-05,4.26,4.26,4.14,4.15,1502835.0,54737513.0
2001-12-06,4.14,4.18,4.13,4.16,637222.0,23004767.0
2001-12-07,4.16,4.17,4.13,4.13,390820.0,14031912.0
2001-12-10,4.15,4.16,4.12,4.15,416156.0,14941666.0
2001-12-11,4.15,4.15,4.1,4.11,358002.0,12821499.0
2001-12-12,4.1,4.16,4.1,4.12,463267.0,16611472.0
2001-12-13,4.1,4.15,4.06,4.06,354045.0,12580276.0
2001-12-14,4.04,4.09,4.04,4.06,284125.0,10026619.0
2001-12-17,4.05,4.1,4.04,4.08,441389.0,15611050.0
2001-12-18,4.09,4.14,4.05,4.14,482120.0,17167382.0
2001-12-19,4.14,4.21,4.11,4.14,962001.0,34761229.0
2001-12-20,4.14,4.14,3.99,4.01,1136223.0,39988830.0
2001-12-21,4.0,4.15,4.0,4.13,813504.0,28861442.0
2001-12-24,4.15,4.29,4.13,4.2,2725079.0,99947172.0
2001-12-25,4.2,4.23,4.14,4.21,1218260.0,44420025.0
2001-12-26,4.21,4.29,4.16,4.29,1680952.0,62127143.0
2001-12-27,4.29,4.36,4.25,4.3,2328478.0,87052679.0
2001-12-28,4.3,4.33,4.25,4.3,1227932.0,45692306.0
2001-12-31,4.34,4.53,4.32,4.44,5219541.0,202281565.0
2002-01-04,4.46,4.47,4.32,4.33,2910962.0,111030307.0
2002-01-07,4.28,4.32,4.23,4.3,1894295.0,70279717.0
2002-01-08,4.26,4.33,4.2,4.22,1328664.0,48947614.0
2002-01-09,4.21,4.28,4.19,4.25,1060682.0,38912708.0
2002-01-10,4.26,4.31,4.19,4.29,1881555.0,69093753.0
2002-01-11,4.27,4.28,4.15,4.15,1183475.0,43306414.0
2002-01-14,4.11,4.19,4.08,4.16,1871851.0,67196713.0
2002-01-15,4.15,4.27,4.14,4.21,1824741.0,66666866.0
2002-01-16,4.2,4.26,4.08,4.19,1397433.0,50700232.0
2002-01-17,4.17,4.21,4.0,4.04,2418031.0,85418339.0
2002-01-18,4.01,4.25,4.0,4.22,3226208.0,116437266.0
2002-01-21,4.18,4.22,4.1,4.13,1575593.0,56764193.0
2002-01-22,4.13,4.26,4.13,4.2,1348567.0,49186214.0
2002-01-23,4.22,4.34,4.17,4.34,2333648.0,86396947.0
2002-01-24,4.31,4.36,4.24,4.3,2661580.0,99483236.0
2002-01-25,4.29,4.33,4.24,4.28,1394112.0,51685502.0
2002-01-28,4.26,4.3,4.07,4.09,2166782.0,77886073.0
2002-01-29,4.06,4.17,4.03,4.11,1187200.0,42283085.0
2002-01-30,4.1,4.18,4.06,4.1,841922.0,30030708.0
2002-01-31,4.15,4.38,4.15,4.33,4082830.0,152780902.0
2002-02-01,4.32,4.38,4.25,4.27,1734503.0,64926556.0
2002-02-04,4.28,4.4,4.26,4.37,1651019.0,62395237.0
2002-02-05,4.37,4.46,4.34,4.37,1119573.0,42691507.0
2002-02-06,4.36,4.39,4.27,4.28,966854.0,36137656.0
2002-02-07,4.28,4.37,4.28,4.31,668817.0,25158901.0
2002-02-08,4.33,4.4,4.33,4.34,1256931.0,47643920.0
2002-02-26,4.38,4.44,4.32,4.35,1481599.0,56234511.0
2002-02-27,4.36,4.39,4.32,4.37,829081.0,31387541.0
2002-02-28,4.38,4.43,4.35,4.38,1250698.0,47786791.0
2002-03-01,4.37,4.4,4.29,4.31,742145.0,27907358.0
2002-03-04,4.3,4.39,4.28,4.38,522485.0,19593096.0
2002-03-05,4.39,4.51,4.36,4.45,2218887.0,85787001.0
2002-03-06,4.47,4.5,4.38,4.42,1862014.0,71904848.0
2002-03-07,4.4,4.45,4.39,4.44,1361602.0,52163426.0
2002-03-08,4.44,4.58,4.44,4.57,3532681.0,137988821.0
2002-03-11,4.57,4.57,4.5,4.55,1760600.0,69191402.0
2002-03-12,4.55,4.55,4.44,4.44,1725185.0,66875879.0
2002-03-13,4.42,4.47,4.4,4.41,779399.0,29935169.0
2002-03-14,4.39,4.46,4.39,4.45,638774.0,24487493.0
2002-03-15,4.38,4.48,4.36,4.37,1189288.0,45551718.0
2002-03-18,4.39,4.47,4.37,4.38,607027.0,23162182.0
2002-03-19,4.39,4.48,4.38,4.47,677404.0,26123110.0
2002-03-20,4.47,4.55,4.46,4.49,1503133.0,58767953.0
2002-03-21,4.53,4.56,4.46,4.49,1503721.0,58789396.0
2002-03-22,4.49,4.49,4.43,4.44,797276.0,30733685.0
2002-03-25,4.44,4.48,4.41,4.47,431507.0,16693141.0
2002-03-26,4.46,4.47,4.39,4.4,623909.0,23950585.0
2002-03-27,4.4,4.43,4.37,4.39,499101.0,19022433.0
2002-03-28,4.38,4.41,4.38,4.38,529157.0,20150615.0
2002-03-29,4.38,4.39,4.28,4.29,1062547.0,39865325.0
2002-04-01,4.28,4.36,4.28,4.33,276605.0,10386559.0
2002-04-02,4.33,4.35,4.24,4.27,732933.0,27163339.0
2002-04-03,4.27,4.3,4.24,4.26,601945.0,22255856.0
2002-04-04,4.26,4.33,4.21,4.33,516143.0,19068025.0
2002-04-05,4.35,4.37,4.28,4.3,304685.0,11402145.0
2002-04-08,4.3,4.31,4.26,4.26,230046.0,8539346.0
2002-04-09,4.26,4.32,4.25,4.31,329157.0,12257478.0
2002-04-10,4.31,4.35,4.29,4.32,342383.0,12828309.0
2002-04-11,4.32,4.37,4.31,4.32,679799.0,25576043.0
2002-04-12,4.34,4.4,4.32,4.38,451928.0,17168808.0
2002-04-15,4.43,4.44,4.33,4.37,292594.0,11085699.0
2002-04-16,4.37,4.41,4.37,4.41,603615.0,23013458.0
2002-04-17,4.44,4.44,4.25,4.26,1321928.0,48993045.0
2002-04-18,4.26,4.29,4.19,4.19,853815.0,31299469.0
2002-04-19,4.19,4.2,4.14,4.17,885432.0,31912486.0
2002-04-22,4.15,4.19,4.14,4.17,411365.0,14831735.0
2002-04-23,4.17,4.17,4.09,4.09,408822.0,14622595.0
2002-04-24,4.09,4.14,4.05,4.06,505088.0,17876338.0
2002-04-25,4.05,4.11,4.05,4.09,259676.0,9206508.0
2002-04-26,4.09,4.16,4.08,4.15,238123.0,8537641.0
2002-04-29,4.17,4.26,4.17,4.19,466521.0,17015082.0
2002-04-30,4.2,4.22,4.14,4.17,597847.0,21592851.0
2002-05-08,4.18,4.21,4.15,4.18,170049.0,6152534.0
2002-05-09,4.15,4.2,4.15,4.15,171221.0,6186437.0
2002-05-10,4.15,4.16,4.11,4.11,268850.0,9625820.0
2002-05-13,4.1,4.11,4.08,4.08,283074.0,10033864.0
2002-05-14,4.08,4.2,4.06,4.09,507003.0,18159637.0
2002-05-15,4.11,4.11,4.06,4.07,224430.0,7948908.0
2002-05-16,4.06,4.08,4.02,4.03,554983.0,19465458.0
2002-05-17,4.02,4.1,4.0,4.04,385968.0,13508333.0
2002-05-20,4.03,4.03,3.98,3.98,335369.0,11623861.0
2002-05-21,4.1,4.1,4.02,4.04,570700.0,20081800.0
2002-05-22,4.05,4.09,4.03,4.04,297406.0,10442708.0
2002-05-23,4.14,4.14,4.05,4.06,161990.0,5705093.0
2002-05-24,4.03,4.06,4.0,4.02,240735.0,8401313.0
2002-05-27,4.03,4.07,4.02,4.05,165326.0,5801250.0
2002-05-28,4.06,4.1,4.05,4.05,261490.0,9258306.0
2002-05-29,4.06,4.08,3.99,4.01,268474.0,9340641.0
2002-05-30,4.02,4.04,3.99,4.02,196225.0,6813508.0
2002-05-31,4.03,4.05,4.01,4.03,180610.0,6326360.0
2002-06-03,4.02,4.03,3.98,4.03,229022.0,7966689.0
2002-06-04,4.02,4.03,3.92,3.98,197600.0,6831604.0
2002-06-05,3.98,3.98,3.93,3.96,222475.0,7636262.0
2002-06-06,3.96,4.09,3.93,4.03,575740.0,19928860.0
2002-06-07,4.01,4.05,3.99,4.02,362216.0,12686067.0
2002-06-10,4.03,4.04,3.98,3.99,183253.0,6371263.0
2002-06-11,4.0,4.04,3.99,4.01,153920.0,5368576.0
2002-06-12,4.01,4.05,3.98,4.05,208220.0,7240715.0
2002-06-13,4.05,4.07,4.02,4.02,162300.0,5701623.0
2002-06-14,4.02,4.06,3.99,3.99,94711.0,3289645.0
2002-06-17,3.98,3.99,3.95,3.99,135810.0,4678657.0
2002-06-18,4.0,4.04,4.0,4.03,163699.0,5721280.0
2002-06-19,4.02,4.03,4.0,4.0,83350.0,2900266.0
2002-06-20,4.03,4.04,4.01,4.02,131920.0,4609083.0
2002-06-21,4.03,4.11,4.02,4.09,426651.0,15107102.0
2002-06-24,4.5,4.5,4.26,4.4,6125441.0,234474989.0
2002-06-26,4.3,4.31,4.21,4.25,1542300.0,56971879.0
2002-06-27,4.25,4.28,4.22,4.24,558178.0,20574559.0
2002-06-28,4.23,4.31,4.23,4.27,1076373.0,39735942.0
2002-07-01,4.27,4.32,4.24,4.24,432000.0,16032014.0
2002-07-02,4.24,4.24,4.22,4.24,393507.0,14439880.0
2002-07-03,4.24,4.25,4.21,4.22,533312.0,19520104.0
2002-07-04,4.23,4.23,4.15,4.16,666987.0,24199148.0
2002-07-05,4.16,4.17,4.15,4.17,681567.0,24596151.0
2002-07-08,4.17,4.2,4.16,4.17,319272.0,11563090.0
2002-07-09,4.17,4.18,4.15,4.16,352323.0,12721871.0
2002-07-10,4.16,4.18,4.11,4.12,462279.0,16561215.0
2002-07-11,4.11,4.18,4.11,4.14,235761.0,8471292.0
2002-07-12,4.15,4.17,4.13,4.15,158849.0,5724883.0
2002-07-15,4.15,4.17,4.14,4.14,130858.0,4708941.0
2002-07-16,4.11,4.16,4.11,4.14,231649.0,8339593.0
2002-07-17,4.14,4.15,4.11,4.14,134219.0,4803760.0
2002-07-18,4.15,4.21,4.15,4.18,589389.0,21394400.0
2002-07-19,4.19,4.2,4.18,4.19,251689.0,9151205.0
2002-07-22,4.23,4.23,4.19,4.19,610357.0,22267992.0
2002-07-23,4.2,4.2,4.15,4.18,290158.0,10500988.0
2002-07-24,4.18,4.21,4.16,4.19,466387.0,16952456.0
2002-07-25,4.2,4.23,4.14,4.16,170042.0,5497155.0
2002-07-26,4.19,4.19,4.13,4.14,155824.0,5017641.0
2002-07-29,4.15,4.16,4.07,4.08,255748.0,8122111.0
2002-07-30,4.08,4.09,4.06,4.06,344596.0,10878707.0
2002-07-31,4.06,4.09,4.03,4.04,257985.0,8116149.0
2002-08-01,4.03,4.06,4.02,4.03,200089.0,6261720.0
2002-08-02,4.03,4.1,4.0,4.05,125388.0,3927364.0
2002-08-05,4.05,4.06,4.03,4.04,107812.0,3381678.0
2002-08-06,4.04,4.07,4.02,4.05,209237.0,6575058.0
2002-08-07,4.05,4.06,4.04,4.05,135579.0,4259610.0
2002-08-08,4.05,4.07,4.02,4.03,126460.0,3969885.0
2002-08-09,4.02,4.04,3.99,3.99,249020.0,7741685.0
2002-08-12,3.97,3.98,3.94,3.94,225050.0,6900600.0
2002-08-13,3.96,3.96,3.92,3.94,170413.0,5204223.0
2002-08-14,3.99,3.99,3.94,3.99,247246.0,7621220.0
2002-08-15,3.99,3.99,3.96,3.96,125955.0,3886298.0
2002-08-16,3.93,3.98,3.91,3.97,224098.0,6857222.0
2002-08-19,3.97,3.98,3.95,3.95,110896.0,3407937.0
2002-08-20,3.94,3.99,3.94,3.98,237211.0,7316845.0
2002-08-21,4.0,4.0,3.97,3.98,169451.0,5229829.0
2002-08-22,4.0,4.04,3.98,4.02,422034.0,13173485.0
2002-08-23,4.02,4.04,4.02,4.03,243141.0,7592485.0
2002-08-26,4.02,4.02,3.96,3.96,263149.0,8109133.0
2002-08-27,3.96,3.98,3.94,3.98,258441.0,7938100.0
2002-08-28,3.98,4.01,3.93,3.94,376582.0,11550533.0
2002-08-29,3.94,3.95,3.92,3.93,289937.0,8846652.0
2002-08-30,3.94,3.94,3.92,3.93,188668.0,5751168.0
2002-09-02,3.92,3.93,3.91,3.92,234130.0,7119903.0
2002-09-03,3.92,3.98,3.92,3.95,227701.0,6981608.0
2002-09-04,3.95,3.97,3.92,3.94,178869.0,5457397.0
2002-09-05,3.93,3.93,3.91,3.91,289369.0,8795149.0
2002-09-06,3.91,3.93,3.89,3.91,185962.0,5634774.0
2002-09-09,3.91,3.91,3.87,3.88,261390.0,7873842.0
2002-09-10,3.87,3.88,3.8,3.82,805712.0,23941530.0
2002-09-11,3.8,3.82,3.69,3.75,984529.0,28552916.0
2002-09-12,3.74,3.77,3.71,3.75,171659.0,4984486.0
2002-09-13,3.74,3.76,3.73,3.76,107173.0,3119148.0
2002-09-16,3.75,3.76,3.7,3.7,392351.0,11280816.0
2002-09-17,3.71,3.75,3.69,3.73,261349.0,7538521.0
2002-09-18,3.74,3.74,3.7,3.72,161606.0,4660761.0
2002-09-19,3.71,3.76,3.68,3.74,365015.0,10478770.0
2002-09-20,3.73,3.73,3.7,3.7,137298.0,3949578.0
2002-09-23,3.7,3.7,3.66,3.66,212110.0,6061634.0
2002-09-24,3.66,3.66,3.6,3.61,714854.0,20063143.0
2002-09-25,3.61,3.68,3.61,3.65,355709.0,10075783.0
2002-09-26,3.66,3.66,3.61,3.61,216807.0,6093149.0
2002-09-27,3.62,3.65,3.61,3.63,150545.0,4234851.0
2002-10-08,3.63,3.63,3.6,3.62,358977.0,10069826.0
2002-10-09,3.61,3.62,3.55,3.57,245871.0,6822147.0
2002-10-10,3.57,3.61,3.56,3.58,108767.0,3018141.0
2002-10-11,3.57,3.6,3.54,3.55,121705.0,3366265.0
2002-10-14,3.6,3.6,3.55,3.56,109529.0,3024408.0
2002-10-15,3.56,3.58,3.55,3.58,206594.0,5710573.0
2002-10-16,3.58,3.63,3.58,3.6,226133.0,6327939.0
2002-10-17,3.6,3.61,3.54,3.56,156480.0,4336014.0
2002-10-18,3.54,3.57,3.42,3.46,463533.0,12464187.0
2002-10-21,3.45,3.52,3.42,3.46,164605.0,4391499.0
2002-10-22,3.48,3.55,3.47,3.53,210571.0,5735513.0
2002-10-23,3.54,3.54,3.48,3.5,108078.0,2938025.0
2002-10-24,3.49,3.53,3.49,3.49,97060.0,2637743.0
2002-10-25,3.49,3.5,3.43,3.44,236812.0,6346386.0
2002-10-28,3.43,3.43,3.34,3.35,447153.0,11679872.0
2002-10-29,3.42,3.42,3.3,3.38,319869.0,8294858.0
2002-10-30,3.38,3.39,3.35,3.36,203557.0,5323624.0
2002-10-31,3.36,3.41,3.35,3.36,281730.0,7375701.0
2002-11-01,3.36,3.39,3.35,3.38,147119.0,3830309.0
2002-11-04,3.38,3.44,3.38,3.44,199503.0,5271415.0
2002-11-05,3.44,3.51,3.42,3.47,348538.0,9402742.0
2002-11-06,3.47,3.48,3.44,3.44,162265.0,4344756.0
2002-11-07,3.45,3.46,3.42,3.43,241652.0,6446131.0
2002-11-08,3.51,3.51,3.35,3.36,271756.0,7151816.0
2002-11-11,3.37,3.4,3.33,3.35,188282.0,4915876.0
2002-11-12,3.36,3.39,3.32,3.33,239589.0,6207445.0
2002-11-13,3.32,3.35,3.31,3.35,195368.0,5035473.0
2002-11-14,3.35,3.37,3.33,3.33,168832.0,4380220.0
2002-11-15,3.33,3.36,3.31,3.33,234901.0,6065973.0
2002-11-18,3.33,3.36,3.33,3.35,194719.0,5049727.0
2002-11-19,3.35,3.42,3.34,3.41,321819.0,8450560.0
2002-11-20,3.41,3.44,3.34,3.4,957938.0,25196773.0
2002-11-21,3.38,3.4,3.33,3.33,401953.0,10494850.0
2002-11-22,3.35,3.38,3.3,3.34,242925.0,6292793.0
2002-11-25,3.34,3.39,3.3,3.37,398796.0,10418495.0
2002-11-26,3.39,3.4,3.31,3.31,205454.0,5354392.0
2002-11-27,3.3,3.35,3.28,3.3,332091.0,8506108.0
2002-11-28,3.31,3.4,3.3,3.39,249203.0,6508407.0
2002-12-02,3.42,3.44,3.34,3.35,585087.0,15455370.0
2002-12-03,3.34,3.41,3.31,3.4,310385.0,8113029.0
2002-12-04,3.36,3.45,3.36,3.41,415100.0,11045716.0
2002-12-05,3.4,3.53,3.39,3.49,1302018.0,35246694.0
2002-12-06,3.48,3.51,3.46,3.48,374154.0,10116516.0
2002-12-09,3.48,3.49,3.44,3.45,290258.0,7793264.0
2002-12-10,3.46,3.47,3.4,3.41,261198.0,6946196.0
2002-12-11,3.4,3.41,3.36,3.39,254680.0,6682742.0
2002-12-12,3.39,3.43,3.37,3.42,398933.0,10541432.0
2002-12-13,3.33,3.45,3.33,3.41,222310.0,5860451.0
2002-12-16,3.41,3.48,3.4,3.47,797694.0,21310704.0
2002-12-17,3.47,3.49,3.44,3.47,292615.0,7886188.0
2002-12-18,3.46,3.48,3.44,3.45,202853.0,5434639.0
2002-12-19,3.45,3.45,3.42,3.43,231004.0,6160134.0
2002-12-20,3.43,3.47,3.43,3.46,162474.0,4353432.0
2002-12-23,3.49,3.49,3.44,3.45,198455.0,5333977.0
2002-12-24,3.46,3.47,3.41,3.45,84816.0,2257524.0
2002-12-25,3.45,3.45,3.41,3.41,148138.0,3939760.0
2002-12-26,3.41,3.42,3.3,3.31,514561.0,13383935.0
2002-12-27,3.31,3.35,3.29,3.33,339021.0,8693114.0
2002-12-30,3.33,3.33,3.28,3.29,300220.0,7672458.0
2002-12-31,3.3,3.32,3.28,3.28,164478.0,4200254.0
2003-01-02,3.29,3.29,3.18,3.19,356530.0,8921541.0
2003-01-03,3.18,3.21,3.16,3.18,174368.0,4300516.0
2003-01-06,3.17,3.21,3.16,3.2,98636.0,2438329.0
2003-01-07,3.2,3.22,3.17,3.17,145050.0,3595101.0
2003-01-08,3.22,3.26,3.18,3.26,176802.0,4438021.0
2003-01-09,3.26,3.31,3.22,3.29,260257.0,6616310.0
2003-01-10,3.29,3.34,3.26,3.28,234638.0,6010671.0
2003-01-13,3.25,3.29,3.25,3.27,140380.0,3560912.0
2003-01-14,3.27,3.44,3.25,3.4,958825.0,25012085.0
2003-01-15,3.41,3.5,3.4,3.44,1145168.0,30551168.0
2003-01-16,3.46,3.5,3.44,3.49,735908.0,19870062.0
2003-01-17,3.5,3.5,3.44,3.44,379518.0,10187340.0
2003-01-20,3.43,3.43,3.38,3.42,207090.0,5466246.0
2003-01-21,3.42,3.48,3.42,3.42,478744.0,12816356.0
2003-01-22,3.42,3.42,3.39,3.4,163310.0,4309306.0
2003-01-23,3.39,3.42,3.39,3.4,216749.0,5719869.0
2003-01-24,3.39,3.41,3.39,3.4,244119.0,6438339.0
2003-01-27,3.39,3.47,3.39,3.46,395568.0,10571327.0
2003-01-28,3.45,3.48,3.44,3.46,349496.0,9383544.0
2003-01-29,3.46,3.48,3.45,3.46,330219.0,8889672.0
2003-02-10,3.46,3.46,3.42,3.43,169378.0,4508037.0
2003-02-11,3.4,3.44,3.4,3.44,82150.0,2174401.0
2003-02-12,3.44,3.47,3.42,3.46,147730.0,3959442.0
2003-02-13,3.46,3.48,3.44,3.44,271832.0,7302546.0
2003-02-14,3.43,3.48,3.43,3.46,190475.0,5111392.0
2003-02-17,3.44,3.47,3.42,3.42,156776.0,4181515.0
2003-02-18,3.42,3.43,3.4,3.42,104819.0,2772836.0
2003-02-19,3.42,3.43,3.41,3.43,102970.0,2732606.0
2003-02-20,3.43,3.45,3.42,3.44,85120.0,2269016.0
2003-02-21,3.42,3.43,3.38,3.4,226893.0,5978463.0
2003-02-24,3.41,3.41,3.38,3.39,61566.0,1625901.0
2003-02-25,3.39,3.47,3.39,3.47,187859.0,4998648.0
2003-02-26,3.47,3.49,3.44,3.44,108215.0,2904654.0
2003-02-27,3.45,3.48,3.42,3.45,169761.0,4531823.0
2003-02-28,3.46,3.46,3.43,3.45,136045.0,3636053.0
2003-03-03,3.46,3.54,3.46,3.53,600093.0,16398104.0
2003-03-04,3.53,3.54,3.49,3.51,190950.0,5200922.0
2003-03-05,3.51,3.61,3.49,3.59,940501.0,26031534.0
2003-03-06,3.6,3.6,3.52,3.54,450769.0,12426005.0
2003-03-07,3.55,3.56,3.51,3.52,247545.0,6781984.0
2003-03-10,3.53,3.53,3.46,3.47,310340.0,8423721.0
2003-03-11,3.46,3.47,3.42,3.45,196449.0,5253243.0
2003-03-12,3.45,3.47,3.43,3.46,117717.0,3146322.0
2003-03-13,3.46,3.51,3.46,3.47,199758.0,5398370.0
2003-03-14,3.46,3.47,3.44,3.46,275642.0,7388968.0
2003-03-17,3.45,3.45,3.41,3.43,469292.0,12465705.0
2003-03-18,3.43,3.44,3.37,3.39,314790.0,8320204.0
2003-03-19,3.35,3.39,3.33,3.34,339792.0,8841844.0
2003-03-20,3.35,3.41,3.34,3.35,196840.0,5120173.0
2003-03-21,3.35,3.41,3.35,3.41,202107.0,5285370.0
2003-03-24,3.41,3.42,3.38,3.39,171870.0,4522748.0
2003-03-25,3.38,3.39,3.34,3.35,206238.0,5372767.0
2003-03-26,3.35,3.41,3.29,3.31,358951.0,9202596.0
2003-03-27,3.31,3.39,3.28,3.37,210565.0,5430724.0
2003-03-28,3.38,3.38,3.35,3.36,381070.0,9946659.0
2003-03-31,3.35,3.37,3.35,3.36,304730.0,7935303.0
2003-04-01,3.36,3.38,3.35,3.38,372984.0,9730810.0
2003-04-02,3.38,3.41,3.37,3.4,371320.0,9769605.0
2003-04-03,3.4,3.42,3.38,3.39,519367.0,13726384.0
2003-04-04,3.39,3.39,3.34,3.36,498473.0,12980379.0
2003-04-07,3.35,3.36,3.3,3.31,446211.0,11509954.0
2003-04-08,3.31,3.31,3.27,3.3,611287.0,15568085.0
2003-04-09,3.3,3.36,3.27,3.35,1012377.0,26059689.0
2003-04-10,3.35,3.36,3.3,3.34,1078913.0,27753599.0
2003-04-11,3.34,3.42,3.33,3.41,2996684.0,78671196.0
2003-04-14,3.43,3.5,3.43,3.49,1261241.0,33863674.0
2003-04-15,3.49,3.5,3.43,3.47,779783.0,20927730.0
2003-04-16,3.47,3.53,3.41,3.41,1701715.0,45879208.0
2003-04-17,3.42,3.44,3.38,3.39,759887.0,20049212.0
2003-04-18,3.4,3.45,3.4,3.4,533932.0,14169319.0
2003-04-21,3.4,3.4,3.29,3.3,1130153.0,29053506.0
2003-04-22,3.29,3.33,3.28,3.28,513114.0,13111434.0
2003-04-23,3.28,3.29,3.22,3.23,581664.0,14679641.0
2003-04-24,3.23,3.24,3.18,3.18,974938.0,24258559.0
2003-04-25,3.21,3.27,3.2,3.22,700841.0,17541876.0
2003-04-28,3.22,3.25,3.16,3.24,784532.0,19413811.0
2003-04-29,3.27,3.27,3.16,3.19,984093.0,24464578.0
2003-04-30,3.2,3.28,3.19,3.25,1349930.0,33816176.0
2003-05-12,3.25,3.27,3.22,3.22,735120.0,18413860.0
2003-05-13,3.22,3.22,3.05,3.05,1523540.0,36698786.0
2003-05-14,3.06,3.09,3.04,3.07,934222.0,22223327.0
2003-05-15,3.08,3.17,3.07,3.16,1041706.0,25192950.0
2003-05-16,3.17,3.18,3.11,3.14,965805.0,23550103.0
2003-05-19,3.16,3.26,3.16,3.23,1289908.0,32321424.0
2003-05-20,3.22,3.23,3.18,3.19,514816.0,12771620.0
2003-05-21,3.19,3.23,3.18,3.18,316358.0,7874689.0
2003-05-22,3.17,3.22,3.17,3.21,309946.0,7672879.0
2003-05-23,3.21,3.21,3.16,3.19,688996.0,17042735.0
2003-05-26,3.18,3.23,3.18,3.2,998501.0,24833946.0
2003-05-27,3.2,3.22,3.18,3.21,362268.0,8973935.0
2003-05-28,3.22,3.32,3.21,3.24,961797.0,24413346.0
2003-05-29,3.24,3.3,3.22,3.27,515602.0,13025241.0
2003-05-30,3.32,3.39,3.28,3.37,1818094.0,47295540.0
2003-06-02,3.38,3.38,3.33,3.36,625851.0,16282794.0
2003-06-03,3.36,3.37,3.31,3.31,553665.0,14325999.0
2003-06-04,3.31,3.32,3.26,3.29,399590.0,10206523.0
2003-06-05,3.29,3.35,3.28,3.29,679898.0,17422312.0
2003-06-06,3.29,3.3,3.25,3.27,359633.0,9123796.0
2003-06-09,3.27,3.28,3.25,3.26,243618.0,6174170.0
2003-06-10,3.27,3.31,3.27,3.28,162842.0,4142275.0
2003-06-11,3.28,3.31,3.28,3.3,301825.0,7712445.0
2003-06-13,3.3,3.34,3.29,3.31,320027.0,8241151.0
2003-06-16,3.31,3.31,3.26,3.27,201265.0,5108268.0
2003-06-17,3.27,3.27,3.22,3.24,299430.0,7523686.0
2003-06-18,3.24,3.28,3.22,3.22,318483.0,8004964.0
2003-06-19,3.23,3.25,3.19,3.21,326009.0,8113184.0
2003-06-20,3.22,3.25,3.2,3.22,167090.0,4175134.0
2003-06-23,3.22,3.32,3.22,3.28,781120.0,19907731.0
2003-06-24,3.28,3.3,3.26,3.28,169436.0,4313862.0
2003-06-25,3.28,3.34,3.27,3.28,420470.0,10783228.0
2003-06-26,3.28,3.31,3.2,3.25,447705.0,11265141.0
2003-06-27,3.25,3.27,3.21,3.22,271970.0,6835321.0
2003-06-30,3.22,3.24,3.22,3.22,352014.0,8803181.0
2003-07-01,3.21,3.26,3.21,3.25,488577.0,12302828.0
2003-07-02,3.25,3.25,3.22,3.24,133689.0,3354437.0
2003-07-03,3.24,3.25,3.21,3.23,287867.0,7192931.0
2003-07-04,3.22,3.24,3.22,3.22,219720.0,5492526.0
2003-07-07,3.22,3.23,3.2,3.21,166992.0,4154239.0
2003-07-08,3.22,3.25,3.21,3.24,227232.0,5693893.0
2003-07-09,3.24,3.25,3.22,3.23,148399.0,3722710.0
2003-07-10,3.25,3.32,3.23,3.3,628810.0,16057693.0
2003-07-11,3.31,3.34,3.3,3.31,576371.0,14825594.0
2003-07-14,3.35,3.43,3.32,3.4,867430.0,20533771.0
2003-07-15,3.39,3.46,3.37,3.41,666082.0,15884705.0
2003-07-16,3.42,3.46,3.41,3.43,779619.0,18717481.0
2003-07-17,3.44,3.5,3.43,3.46,997825.0,24185340.0
2003-07-18,3.46,3.47,3.36,3.37,962967.0,23126678.0
2003-07-21,3.36,3.4,3.34,3.39,711248.0,16722758.0
2003-07-22,3.37,3.42,3.37,3.4,310943.0,7381958.0
2003-07-23,3.4,3.42,3.37,3.41,559227.0,13316655.0
2003-07-24,3.41,3.41,3.37,3.38,145051.0,3437577.0
2003-07-25,3.38,3.39,3.3,3.33,287594.0,6717751.0
2003-07-28,3.34,3.34,3.32,3.32,188548.0,4383607.0
2003-07-29,3.34,3.36,3.32,3.34,130378.0,3043368.0
2003-07-30,3.37,3.37,3.31,3.34,273090.0,6375509.0
2003-07-31,3.34,3.34,3.28,3.31,224938.0,5205478.0
2003-08-01,3.29,3.31,3.25,3.27,325583.0,7459787.0
2003-08-04,3.26,3.27,3.23,3.27,270968.0,6168033.0
2003-08-05,3.27,3.3,3.25,3.3,193039.0,4411194.0
2003-08-06,3.3,3.32,3.27,3.32,228444.0,5272928.0
2003-08-07,3.29,3.3,3.28,3.29,75057.0,1725955.0
2003-08-08,3.27,3.29,3.25,3.26,186507.0,4268481.0
2003-08-11,3.23,3.26,3.23,3.25,99632.0,2260732.0
2003-08-12,3.25,3.3,3.25,3.29,75207.0,1725279.0
2003-08-13,3.27,3.29,3.27,3.28,180270.0,4138095.0
2003-08-14,3.26,3.29,3.25,3.26,190650.0,4369482.0
2003-08-15,3.26,3.27,3.25,3.26,92840.0,2117303.0
2003-08-18,3.26,3.27,3.25,3.25,89030.0,2029145.0
2003-08-19,3.25,3.27,3.24,3.26,114097.0,2595147.0
2003-08-20,3.26,3.26,3.23,3.24,86875.0,1967310.0
2003-08-21,3.24,3.26,3.0,3.17,455128.0,9879703.0
2003-08-22,3.17,3.21,3.1,3.11,386467.0,8446625.0
2003-08-25,3.09,3.09,3.04,3.05,234532.0,5036822.0
2003-08-26,3.05,3.07,3.04,3.05,100100.0,2141565.0
2003-08-27,3.05,3.28,3.05,3.13,424621.0,9547143.0
2003-08-28,3.09,3.14,3.08,3.1,144678.0,3148383.0
2003-08-29,3.11,3.12,3.04,3.07,275200.0,5896174.0
2003-09-01,3.1,3.13,3.05,3.12,495174.0,10737291.0
2003-09-02,3.12,3.22,3.12,3.16,720637.0,15963063.0
2003-09-03,3.16,3.18,3.13,3.15,116140.0,2555237.0
2003-09-04,3.16,3.18,3.12,3.13,124451.0,2733564.0
2003-09-05,3.13,3.13,3.0,3.07,581204.0,12436931.0
2003-09-08,3.05,3.07,3.03,3.06,181364.0,3877014.0
2003-09-09,3.06,3.07,3.0,3.05,356254.0,7588439.0
2003-09-10,3.05,3.12,3.02,3.06,204150.0,4387546.0
2003-09-11,3.06,3.07,3.04,3.05,100995.0,2160179.0
2003-09-12,3.05,3.05,3.02,3.03,280319.0,5941702.0
2003-09-15,3.03,3.05,3.0,3.02,264887.0,5601667.0
2003-09-16,3.02,3.04,2.98,3.02,181172.0,3803937.0
2003-09-17,3.04,3.05,3.0,3.0,678865.0,14360717.0
2003-09-18,2.99,3.01,2.99,3.0,119568.0,2508659.0
2003-09-19,2.99,3.02,2.99,3.0,383015.0,8044199.0
2003-09-22,3.02,3.02,2.97,2.98,118686.0,2488640.0
2003-09-23,2.99,3.0,2.96,2.98,95552.0,1991592.0
2003-09-24,3.02,3.03,2.99,3.03,228521.0,4821609.0
2003-09-25,3.03,3.03,2.99,3.03,213830.0,4498042.0
2003-09-26,3.03,3.06,3.0,3.03,265450.0,5638160.0
2003-09-29,3.02,3.03,3.01,3.02,188806.0,3986232.0
2003-09-30,3.02,3.06,3.02,3.04,144327.0,3068648.0
2003-10-08,3.02,3.04,3.0,3.04,85201.0,1802810.0
2003-10-09,3.03,3.04,3.02,3.03,113520.0,2406369.0
2003-10-10,3.02,3.09,3.01,3.09,133710.0,2869291.0
2003-10-13,3.09,3.1,3.06,3.09,161982.0,3500004.0
2003-10-14,3.08,3.1,3.06,3.1,179218.0,3875773.0
2003-10-15,3.11,3.12,3.09,3.1,116127.0,2523298.0
2003-10-16,3.1,3.11,3.06,3.07,149039.0,3206207.0
2003-10-17,3.07,3.07,3.04,3.05,82288.0,1759531.0
2003-10-20,3.06,3.07,3.05,3.05,92842.0,1986082.0
2003-10-21,3.06,3.08,3.05,3.06,66391.0,1421413.0
2003-10-22,3.07,3.13,3.07,3.12,216321.0,4701448.0
2003-10-23,3.12,3.13,3.1,3.1,225161.0,4898910.0
2003-10-24,3.09,3.09,3.07,3.07,97100.0,2091740.0
2003-10-27,3.07,3.07,3.02,3.03,365566.0,7761245.0
2003-10-28,3.03,3.09,3.03,3.05,298328.0,6367834.0
2003-10-29,3.05,3.15,3.05,3.14,708496.0,15341314.0
2003-10-30,3.16,3.19,3.12,3.16,930982.0,20522203.0
2003-10-31,3.22,3.22,3.15,3.2,578462.0,12895253.0
2003-11-03,3.24,3.26,3.19,3.25,487826.0,11043553.0
2003-11-04,3.25,3.37,3.25,3.33,1538786.0,35781199.0
2003-11-05,3.32,3.41,3.31,3.37,1731226.0,40944023.0
2003-11-06,3.38,3.39,3.33,3.35,627370.0,14718968.0
2003-11-07,3.33,3.34,3.24,3.27,749701.0,17267141.0
2003-11-10,3.29,3.31,3.26,3.29,276093.0,6335394.0
2003-11-11,3.29,3.34,3.28,3.32,260167.0,6018093.0
2003-11-12,3.29,3.33,3.29,3.29,296058.0,6839594.0
2003-11-13,3.29,3.3,3.24,3.26,210393.0,4796537.0
2003-11-14,3.26,3.3,3.24,3.29,227357.0,5200996.0
2003-11-17,3.3,3.3,3.27,3.28,180028.0,4141789.0
2003-11-18,3.29,3.29,3.24,3.25,244993.0,5590828.0
2003-11-19,3.25,3.29,3.23,3.28,314682.0,7192949.0
2003-11-20,3.27,3.31,3.26,3.29,498785.0,11467710.0
2003-11-21,3.34,3.34,3.27,3.28,182592.0,4207140.0
2003-11-24,3.3,3.33,3.26,3.32,249784.0,5751645.0
2003-11-25,3.33,3.33,3.28,3.31,334901.0,7752298.0
2003-11-26,3.29,3.32,3.27,3.32,340195.0,7832142.0
2003-11-27,3.3,3.36,3.28,3.29,584705.0,13553445.0
2003-11-28,3.3,3.3,3.27,3.28,310480.0,7138329.0
2003-12-01,3.33,3.33,3.27,3.29,876473.0,20159528.0
2003-12-02,3.31,3.32,3.29,3.31,694387.0,16075321.0
2003-12-03,3.32,3.4,3.31,3.36,1357229.0,31788191.0
2003-12-04,3.37,3.38,3.33,3.35,816032.0,19152457.0
2003-12-05,3.34,3.42,3.33,3.41,2033561.0,48018185.0
2003-12-08,3.42,3.42,3.37,3.39,353292.0,8392000.0
2003-12-09,3.38,3.4,3.35,3.37,379646.0,8935849.0
2003-12-10,3.4,3.4,3.36,3.39,536001.0,12660246.0
2003-12-11,3.39,3.41,3.36,3.36,464016.0,10986759.0
2003-12-12,3.36,3.37,3.35,3.36,193225.0,4539656.0
2003-12-15,3.36,3.39,3.35,3.37,186242.0,4392702.0
2003-12-16,3.37,3.39,3.32,3.36,333216.0,7816685.0
2003-12-17,3.37,3.47,3.37,3.43,828265.0,19926940.0
2003-12-18,3.43,3.47,3.4,3.46,570803.0,13788180.0
2003-12-19,3.47,3.47,3.4,3.43,582724.0,14005567.0
2003-12-22,3.43,3.5,3.39,3.49,625396.0,15017997.0
2003-12-23,3.49,3.55,3.47,3.52,1033364.0,25513368.0
2003-12-24,3.53,3.61,3.5,3.6,704315.0,17578282.0
2003-12-25,3.6,3.62,3.57,3.58,743141.0,18686453.0
2003-12-26,3.57,3.64,3.56,3.61,515311.0,12938394.0
2003-12-30,3.6,3.67,3.55,3.64,413823.0,10461733.0
2003-12-31,3.64,3.64,3.61,3.63,551077.0,13951355.0
2004-01-02,3.57,3.64,3.57,3.6,651376.0,16401867.0
2004-01-05,3.59,3.78,3.59,3.77,853975.0,22096848.0
2004-01-06,3.79,3.88,3.79,3.85,946736.0,25293426.0
2004-01-07,3.84,3.88,3.76,3.85,1133619.0,30614269.0
2004-01-08,3.86,3.93,3.84,3.92,860742.0,23401787.0
2004-01-09,3.93,3.93,3.72,3.75,882159.0,23829502.0
2004-01-12,3.72,3.8,3.69,3.79,649072.0,16933810.0
2004-01-13,3.83,3.96,3.83,3.94,1342121.0,36807002.0
2004-01-14,3.94,4.17,3.91,4.13,2509574.0,71681040.0
2004-01-15,4.07,4.13,4.0,4.04,1017093.0,29112473.0
2004-01-16,4.02,4.12,4.0,4.07,740755.0,21179706.0
2004-01-29,4.0,4.15,4.0,4.14,535372.0,15425466.0
2004-01-30,4.14,4.15,4.02,4.02,778523.0,22429306.0
2004-02-02,4.07,4.19,4.04,4.13,3130494.0,90694934.0
2004-02-03,4.14,4.17,4.1,4.14,812768.0,23508437.0
2004-02-04,4.14,4.17,4.12,4.14,864639.0,25042786.0
2004-02-05,4.13,4.14,4.02,4.03,925663.0,26274156.0
2004-02-06,4.0,4.09,3.95,3.98,1292587.0,36392591.0
2004-02-09,3.98,4.06,3.96,4.02,577836.0,16136748.0
2004-02-10,4.03,4.04,3.96,3.97,289139.0,8054689.0
2004-02-11,4.0,4.0,3.92,3.95,448803.0,12391205.0
2004-02-12,3.96,4.03,3.93,3.95,223103.0,6196653.0
2004-02-13,3.96,4.02,3.94,3.99,253139.0,7068284.0
2004-02-16,3.99,4.1,3.99,4.09,408151.0,11599148.0
2004-02-17,4.11,4.11,4.07,4.08,723631.0,20708523.0
2004-02-18,4.08,4.21,4.04,4.16,970385.0,28085541.0
2004-02-19,4.16,4.17,4.1,4.12,615535.0,17792327.0
2004-02-20,4.09,4.13,4.06,4.11,325602.0,9294561.0
2004-02-23,4.14,4.14,3.99,4.0,423426.0,11943403.0
2004-02-24,3.98,4.06,3.94,4.03,824540.0,22993324.0
2004-02-25,4.04,4.11,3.9,3.9,559568.0,15651947.0
2004-02-26,3.92,4.04,3.89,4.04,1031348.0,28613246.0
2004-02-27,4.04,4.06,3.97,4.06,443137.0,12479813.0
2004-03-01,4.05,4.08,4.0,4.08,293833.0,8324629.0
2004-03-02,4.03,4.48,4.03,4.45,2518762.0,75299463.0
2004-03-03,4.46,4.52,4.34,4.39,2466123.0,76280342.0
2004-03-04,4.37,4.4,4.32,4.36,571829.0,17429571.0
2004-03-05,4.37,4.46,4.33,4.38,411731.0,12628392.0
2004-03-08,4.37,4.43,4.24,4.3,632755.0,19124563.0
2004-03-09,4.3,4.33,4.25,4.27,449214.0,13474582.0
2004-03-10,4.25,4.34,4.25,4.34,311677.0,9368573.0
2004-03-11,4.29,4.42,4.29,4.41,696695.0,21204913.0
2004-03-12,4.57,4.76,4.51,4.67,3785209.0,123629708.0
2004-03-15,4.67,4.79,4.63,4.78,1898572.0,62741210.0
2004-03-16,4.78,5.06,4.73,4.99,3095761.0,106413222.0
2004-03-17,4.97,5.04,4.9,4.99,1341120.0,46683001.0
2004-03-18,4.99,5.04,4.96,5.0,1570380.0,55053859.0
2004-03-19,4.99,5.05,4.94,4.98,1474395.0,51625581.0
2004-03-22,5.0,5.03,4.93,4.93,1020625.0,35526463.0
2004-03-23,4.91,4.93,4.79,4.83,1390974.0,47091718.0
2004-03-24,4.82,5.03,4.8,5.01,1329574.0,46222270.0
2004-03-25,4.98,5.03,4.84,4.87,1493138.0,51190803.0
2004-03-26,4.93,4.98,4.74,4.96,1741546.0,59748602.0
2004-03-29,4.96,5.08,4.89,4.9,1128175.0,39480878.0
2004-03-30,4.89,4.97,4.87,4.96,587654.0,20288601.0
2004-03-31,4.96,5.03,4.94,5.01,731013.0,25543352.0
2004-04-01,4.97,5.07,4.97,5.06,850421.0,29966660.0
2004-04-02,5.05,5.22,5.05,5.19,1881821.0,67825517.0
2004-04-05,5.19,5.34,5.19,5.32,1863134.0,68785082.0
2004-04-06,5.34,5.34,5.27,5.32,713567.0,26461490.0
2004-04-07,5.32,5.58,5.32,5.55,1869220.0,72038041.0
2004-04-08,5.56,5.79,5.53,5.78,1591324.0,63361314.0
2004-04-09,5.78,5.78,5.6,5.6,3432280.0,135738045.0
2004-04-12,5.56,5.64,5.47,5.54,1027224.0,39974344.0
2004-04-13,5.56,5.63,5.52,5.59,1552441.0,60506087.0
2004-04-14,5.55,5.57,5.37,5.45,1554383.0,59198319.0
2004-04-15,5.43,5.52,5.4,5.42,595863.0,22690028.0
2004-04-16,5.4,5.5,5.34,5.43,449778.0,17042489.0
2004-04-19,5.43,5.43,5.26,5.27,589701.0,22127813.0
2004-04-20,5.26,5.36,5.19,5.32,770592.0,28305520.0
2004-04-21,5.34,5.36,5.17,5.23,399419.0,14703155.0
2004-04-22,5.22,5.26,5.17,5.23,825244.0,30019962.0
2004-04-23,5.2,5.26,5.17,5.25,806507.0,29417711.0
2004-04-26,5.22,5.34,5.2,5.32,660339.0,24414409.0
2004-04-27,5.32,5.57,5.32,5.42,2059748.0,78913119.0
2004-04-28,5.42,5.42,5.3,5.37,559678.0,21005617.0
2004-04-29,5.5,5.54,5.07,5.24,1738326.0,62795124.0
2004-04-30,5.19,5.36,5.15,5.35,1296166.0,47858161.0
2004-05-10,5.33,5.34,5.08,5.18,800364.0,28883861.0
2004-05-11,5.11,5.26,5.11,5.15,673423.0,24441916.0
2004-05-12,5.15,5.27,5.15,5.26,868446.0,31635698.0
2004-05-13,5.22,5.4,5.22,5.4,1472022.0,55043074.0
2004-05-14,5.41,5.43,5.26,5.35,602882.0,22432732.0
2004-05-17,5.33,5.33,5.19,5.25,338903.0,12486993.0
2004-05-18,5.25,5.32,5.0,5.17,1938338.0,70073744.0
2004-05-19,5.22,5.3,5.15,5.23,480010.0,17709875.0
2004-05-20,5.2,5.24,5.17,5.21,249530.0,9068633.0
2004-05-21,5.21,5.24,5.12,5.2,129100.0,4704499.0
2004-05-24,5.2,5.22,5.14,5.14,156303.0,5641346.0
2004-05-25,5.13,5.22,5.12,5.12,514661.0,18589609.0
2004-05-26,5.12,5.16,5.09,5.15,277641.0,10011880.0
2004-05-27,5.23,5.28,5.14,5.22,375869.0,13778597.0
2004-05-28,5.2,5.28,5.19,5.27,195159.0,7168549.0
2004-06-01,5.27,5.35,5.27,5.34,363771.0,13507855.0
2004-06-02,5.34,5.34,5.26,5.26,238130.0,8832775.0
2004-06-03,5.27,5.33,5.22,5.26,78244.0,2869881.0
2004-06-04,5.17,5.27,5.16,5.18,207044.0,7529168.0
2004-06-07,5.15,5.21,5.14,5.2,245352.0,8856253.0
2004-06-08,5.15,5.21,5.13,5.19,335716.0,12115216.0
2004-06-09,5.15,5.2,5.12,5.14,472471.0,17036585.0
2004-06-10,5.14,5.19,4.87,4.9,2441416.0,84607735.0
2004-06-11,4.87,5.02,4.87,4.93,923677.0,31913342.0
2004-06-14,4.9,4.91,4.74,4.77,1193222.0,40393296.0
2004-06-15,4.76,4.81,4.63,4.8,2148447.0,70392158.0
2004-06-16,4.79,4.95,4.76,4.92,662343.0,22482333.0
2004-06-17,4.92,4.92,4.69,4.73,1481615.0,49602583.0
2004-06-18,4.72,4.77,4.6,4.76,1167068.0,38053133.0
2004-06-21,4.69,4.8,4.67,4.79,103422.0,3441885.0
2004-06-22,4.8,4.86,4.79,4.86,125447.0,4238393.0
2004-06-23,4.85,4.85,4.72,4.75,59593.0,1987467.0
2004-06-24,4.75,4.83,4.74,4.75,124164.0,4133360.0
2004-06-25,4.78,4.96,4.73,4.83,369681.0,12619117.0
2004-06-28,4.79,4.92,4.79,4.88,308020.0,10476223.0
2004-06-29,4.88,4.89,4.83,4.87,689080.0,23479163.0
2004-06-30,4.87,4.89,4.72,4.84,410281.0,13952503.0
2004-07-01,4.69,5.02,4.69,5.01,278162.0,7361258.0
2004-07-02,5.02,5.12,4.94,5.11,287337.0,7731847.0
2004-07-05,5.06,5.32,5.06,5.31,520229.0,14545862.0
2004-07-06,5.34,5.51,5.29,5.29,1635940.0,47067614.0
2004-07-07,5.28,5.44,5.19,5.4,1324498.0,38002932.0
2004-07-08,5.43,5.44,5.34,5.36,235799.0,6779704.0
2004-07-09,5.33,5.41,5.33,5.34,163563.0,4678105.0
2004-07-12,5.34,5.41,5.27,5.37,432808.0,12351574.0
2004-07-13,5.34,5.53,5.34,5.52,641932.0,18772253.0
2004-07-14,5.51,5.54,5.44,5.54,447865.0,13176396.0
2004-07-15,5.54,5.75,5.54,5.74,2818618.0,85455066.0
2004-07-16,5.74,5.78,5.62,5.73,587664.0,17947709.0
2004-07-19,5.73,5.77,5.61,5.73,850801.0,25718864.0
2004-07-20,5.71,5.73,5.63,5.72,786877.0,23908753.0
2004-07-21,5.72,5.79,5.66,5.78,753375.0,23041353.0
2004-07-22,5.77,5.97,5.74,5.77,2793623.0,87061727.0
2004-07-23,5.72,5.9,5.7,5.9,1055181.0,32608304.0
2004-07-26,5.92,5.92,5.68,5.78,661689.0,20362836.0
2004-07-27,5.79,5.79,5.58,5.59,1111274.0,33370357.0
2004-07-28,5.75,5.75,5.4,5.53,884660.0,25861812.0
2004-07-29,5.49,5.56,5.44,5.55,341364.0,10010293.0
2004-07-30,5.53,5.69,5.53,5.64,249072.0,7475971.0
2004-08-02,5.63,5.68,5.53,5.58,732758.0,21734520.0
2004-08-03,5.53,5.61,5.49,5.51,776010.0,22860312.0
2004-08-04,5.47,5.62,5.46,5.6,474149.0,13978388.0
2004-08-05,5.59,5.59,5.49,5.54,216903.0,6399271.0
2004-08-06,5.51,5.6,5.46,5.58,265717.0,7857159.0
2004-08-09,5.53,5.62,5.53,5.61,245738.0,7317440.0
2004-08-10,5.57,5.66,5.56,5.65,260996.0,7820329.0
2004-08-11,5.62,5.64,5.59,5.61,104278.0,3119880.0
2004-08-12,5.53,5.64,5.53,5.64,281838.0,8383159.0
2004-08-13,5.6,5.66,5.57,5.64,371948.0,11134747.0
2004-08-16,5.6,5.64,5.59,5.6,178329.0,5336450.0
2004-08-17,5.59,5.64,5.54,5.62,197053.0,5905094.0
2004-08-18,5.66,5.68,5.6,5.65,551093.0,16624721.0
2004-08-19,5.62,5.66,5.59,5.61,588962.0,17653366.0
2004-08-20,5.61,5.66,5.59,5.61,563068.0,16868762.0
2004-08-23,5.59,5.59,5.46,5.47,573309.0,16839797.0
2004-08-24,5.44,5.51,5.44,5.5,285989.0,8339871.0
2004-08-25,5.53,5.53,5.45,5.52,163089.0,4768554.0
2004-08-26,5.47,5.55,5.47,5.53,216110.0,6353347.0
2004-08-27,5.53,5.56,5.49,5.52,132490.0,3898855.0
2004-08-30,5.47,5.51,5.4,5.43,349173.0,10126801.0
2004-08-31,5.49,5.6,5.42,5.47,241383.0,7032456.0
2004-09-01,5.44,5.44,5.36,5.36,379803.0,10907461.0
2004-09-02,5.34,5.38,5.23,5.38,439983.0,12428743.0
2004-09-03,5.34,5.38,5.27,5.37,272964.0,7734124.0
2004-09-06,5.31,5.4,5.31,5.38,232713.0,6677838.0
2004-09-07,5.43,5.46,5.4,5.44,263540.0,7621058.0
2004-09-08,5.45,5.55,5.44,5.54,469634.0,13766558.0
2004-09-09,5.54,5.62,5.5,5.56,1020881.0,30324405.0
2004-09-10,5.55,5.59,5.49,5.56,220635.0,6519369.0
2004-09-13,5.56,5.56,5.44,5.51,324288.0,9459180.0
2004-09-14,5.51,5.62,5.44,5.59,612594.0,18071359.0
2004-09-15,5.58,5.85,5.55,5.84,1140958.0,35117697.0
2004-09-16,5.83,6.0,5.81,5.93,1147161.0,36213781.0
2004-09-17,5.95,6.07,5.83,6.05,1319689.0,42076514.0
2004-09-20,6.1,6.19,6.04,6.13,1202166.0,39168091.0
2004-09-21,6.01,6.18,6.01,6.05,837413.0,27222818.0
2004-09-22,6.0,6.09,6.0,6.03,434812.0,13965168.0
2004-09-23,6.02,6.28,6.02,6.26,1766748.0,58219692.0
2004-09-24,6.3,6.73,6.3,6.46,3098137.0,108295826.0
2004-09-27,6.55,6.74,6.47,6.55,606663.0,21339456.0
2004-09-28,6.54,6.74,6.52,6.71,674055.0,23948625.0
2004-09-29,6.71,6.78,6.63,6.66,1362842.0,48864987.0
2004-09-30,6.65,6.76,6.48,6.74,736647.0,26230672.0
2004-10-08,6.65,6.85,6.56,6.84,966784.0,34809243.0
2004-10-11,6.85,7.14,6.85,6.97,1019776.0,38270567.0
2004-10-12,6.92,6.92,6.67,6.75,745222.0,26810800.0
2004-10-13,6.7,6.74,6.58,6.69,664517.0,23571291.0
2004-10-14,6.69,6.91,6.59,6.63,647914.0,23199283.0
2004-10-15,6.56,6.75,6.5,6.63,512154.0,18189199.0
2004-10-18,6.61,6.62,6.49,6.53,233687.0,8190572.0
2004-10-19,6.52,6.78,6.5,6.74,1058364.0,37755969.0
2004-10-20,6.75,7.03,6.71,6.87,1593384.0,58326643.0
2004-10-21,6.85,7.03,6.71,6.95,599603.0,22003540.0
2004-10-22,6.94,7.39,6.93,7.34,1816145.0,70151234.0
2004-10-25,7.4,7.55,7.33,7.4,1560178.0,61900269.0
2004-10-26,7.34,7.47,7.25,7.46,497347.0,19618432.0
2004-10-27,7.47,7.61,7.37,7.38,1187804.0,47630068.0
2004-10-28,7.33,7.43,7.24,7.31,933820.0,36495905.0
2004-10-29,7.12,7.37,7.12,7.3,1436314.0,55678746.0
2004-11-01,7.23,7.42,7.22,7.38,367318.0,14302880.0
2004-11-02,7.31,7.33,7.14,7.33,335602.0,12926156.0
2004-11-03,7.31,7.35,7.2,7.3,761586.0,29484721.0
2004-11-04,7.23,7.31,7.15,7.18,678567.0,26198028.0
2004-11-05,7.13,7.13,6.75,6.84,2599409.0,95080945.0
2004-11-08,6.84,6.93,6.75,6.93,358553.0,13062547.0
2004-11-09,6.99,7.18,6.93,7.18,731479.0,27801916.0
2004-11-10,7.12,7.47,7.12,7.39,1128862.0,44436007.0
2004-11-11,7.38,7.46,7.27,7.27,833013.0,32780357.0
2004-11-12,7.25,7.33,7.17,7.22,566794.0,21837428.0
2004-11-15,7.22,7.27,7.05,7.26,894776.0,34292416.0
2004-11-16,7.22,7.26,7.12,7.12,329847.0,12563653.0
2004-11-17,7.12,7.16,7.07,7.12,803272.0,30415917.0
2004-11-18,7.12,7.17,7.04,7.12,262416.0,9967008.0
2004-11-19,7.12,7.12,7.07,7.11,319634.0,12098840.0
2004-11-22,7.09,7.1,6.95,7.01,642908.0,24094050.0
2004-11-23,6.98,7.05,6.9,6.91,615590.0,22797433.0
2004-11-24,6.9,6.97,6.84,6.85,429206.0,15819097.0
2004-11-25,6.82,7.14,6.82,7.05,592414.0,22286271.0
2004-11-26,7.05,7.11,6.99,7.05,197401.0,7411584.0
2004-11-29,7.06,7.23,7.05,7.14,544253.0,20728652.0
2004-11-30,7.0,7.12,6.93,6.94,161830.0,6026605.0
2004-12-01,7.03,7.03,6.9,6.93,78490.0,2900938.0
2004-12-02,6.97,6.97,6.84,6.93,398528.0,14671547.0
2004-12-03,6.9,6.95,6.86,6.89,62624.0,2303971.0
2004-12-06,6.93,6.93,6.84,6.88,111117.0,4068796.0
2004-12-07,6.84,6.95,6.84,6.89,189908.0,6998528.0
2004-12-08,6.93,6.97,6.84,6.9,1029083.0,37575758.0
2004-12-09,6.9,7.03,6.86,6.86,1134904.0,41890865.0
2004-12-10,6.87,6.94,6.87,6.93,89703.0,3311205.0
2004-12-13,6.86,6.97,6.86,6.95,220832.0,8189873.0
2004-12-14,6.93,6.95,6.89,6.89,124544.0,4601617.0
2004-12-15,6.86,6.95,6.84,6.84,1096973.0,40055481.0
2004-12-16,6.84,6.91,6.8,6.89,1150003.0,42361519.0
2004-12-17,6.84,6.85,6.76,6.78,104903.0,3805636.0
2004-12-20,6.75,6.84,6.53,6.54,245930.0,8749161.0
2004-12-21,6.56,6.63,6.5,6.51,219868.0,7700170.0
2004-12-22,6.5,6.63,6.41,6.62,316854.0,11055083.0
2004-12-23,6.62,6.7,6.6,6.6,688348.0,24351861.0
2004-12-24,6.56,6.72,6.56,6.65,446959.0,15920008.0
2004-12-27,6.65,6.76,6.65,6.75,157084.0,5614076.0
2004-12-28,6.65,6.92,6.65,6.87,292412.0,10655265.0
2004-12-29,6.93,7.02,6.87,6.99,565478.0,21025179.0
2004-12-30,6.92,6.98,6.81,6.9,334500.0,12358921.0
2004-12-31,6.88,7.07,6.76,6.87,586990.0,21514898.0
2005-01-04,6.82,6.9,6.75,6.83,234881.0,8566179.0
2005-01-05,6.82,6.99,6.79,6.98,613933.0,22582400.0
2005-01-06,6.93,6.95,6.84,6.86,552372.0,20282548.0
2005-01-07,6.84,6.97,6.84,6.92,300274.0,11115440.0
2005-01-10,6.92,7.18,6.92,7.17,1071811.0,40597723.0
2005-01-11,7.17,7.23,7.16,7.18,500356.0,19240403.0
2005-01-12,7.17,7.21,7.1,7.2,338903.0,12949338.0
2005-01-13,7.14,7.28,7.14,7.24,288383.0,11159242.0
2005-01-14,7.21,7.25,7.07,7.11,333847.0,12691131.0
2005-01-17,7.02,7.16,6.96,7.1,181239.0,6845213.0
2005-01-18,7.1,7.22,7.07,7.22,263820.0,10016326.0
2005-01-19,7.12,7.29,7.1,7.11,265200.0,10180585.0
2005-01-20,7.09,7.12,7.03,7.11,97405.0,3670093.0
2005-01-21,7.05,7.12,6.84,7.1,317736.0,11879307.0
2005-01-24,7.11,7.23,7.06,7.17,417340.0,15943177.0
2005-01-25,7.22,7.4,7.15,7.38,581665.0,22704867.0
2005-01-26,7.39,7.46,7.31,7.38,373498.0,14767520.0
2005-01-27,7.33,7.39,7.33,7.35,102162.0,4007784.0
2005-01-28,7.35,7.35,7.24,7.33,134123.0,5226481.0
2005-01-31,7.23,7.38,7.23,7.38,116507.0,4552532.0
2005-02-01,7.31,7.37,7.25,7.31,400260.0,15598247.0
2005-02-02,7.29,7.49,7.29,7.47,537817.0,21280023.0
2005-02-03,7.47,7.47,7.31,7.38,444264.0,17455936.0
2005-02-04,7.38,7.47,7.31,7.43,400838.0,15785371.0
2005-02-16,7.49,7.5,7.42,7.46,444063.0,17660778.0
2005-02-17,7.49,7.49,7.27,7.31,1159168.0,45296879.0
2005-02-18,7.28,7.37,7.28,7.36,959549.0,37550338.0
2005-02-21,7.36,7.59,7.36,7.55,1062998.0,42401501.0
2005-02-22,7.55,7.59,7.5,7.57,562902.0,22687067.0
2005-02-23,7.59,7.78,7.53,7.76,564706.0,23056177.0
2005-02-24,7.74,8.09,7.69,8.06,944726.0,40046102.0
2005-02-25,8.11,8.11,7.97,8.06,599053.0,25777149.0
2005-02-28,8.06,8.3,8.0,8.15,448344.0,19453353.0
2005-03-01,8.23,8.23,8.02,8.15,550609.0,23670511.0
2005-03-02,8.04,8.13,7.97,7.97,1139674.0,48820913.0
2005-03-03,7.92,8.06,7.91,8.02,342985.0,14586728.0
2005-03-04,7.95,8.13,7.95,8.1,436496.0,18804824.0
2005-03-07,8.11,8.43,8.11,8.37,1022284.0,45290496.0
2005-03-08,8.43,8.51,8.3,8.48,658554.0,29575338.0
2005-03-09,8.55,8.77,8.49,8.64,471303.0,21694338.0
2005-03-10,8.81,8.81,8.3,8.55,472621.0,21498741.0
2005-03-11,8.55,8.77,8.38,8.69,936231.0,42521284.0
2005-03-14,8.58,9.17,8.55,8.87,1037897.0,48987452.0
2005-03-15,8.87,8.91,8.73,8.79,578303.0,27220784.0
2005-03-16,8.72,8.81,8.61,8.79,682964.0,31720439.0
2005-03-17,8.75,9.05,8.66,8.9,501569.0,23726912.0
2005-03-18,8.9,8.92,8.72,8.84,240549.0,11319532.0
2005-03-21,8.81,8.89,8.62,8.81,270126.0,12692125.0
2005-03-22,8.81,9.26,8.77,9.14,1225920.0,59468831.0
2005-03-23,9.17,9.41,9.14,9.19,1255123.0,62550272.0
2005-03-24,9.18,9.21,8.72,8.81,916267.0,43515225.0
2005-03-25,8.81,8.98,8.66,8.86,232946.0,10960985.0
2005-03-28,8.87,9.26,8.81,9.2,242851.0,11802982.0
2005-03-29,9.2,9.35,9.0,9.02,244856.0,11989719.0
2005-03-30,9.0,9.0,8.83,8.88,248040.0,11744620.0
2005-03-31,8.81,9.03,8.77,9.02,150718.0,7129716.0
2005-04-01,9.01,9.39,9.0,9.18,341085.0,16774374.0
2005-04-04,9.18,9.39,9.08,9.36,542751.0,26985512.0
2005-04-05,9.41,9.56,9.32,9.36,490233.0,24660016.0
2005-04-06,9.4,9.61,9.29,9.59,567488.0,28795816.0
2005-04-07,9.6,9.84,9.37,9.39,1243752.0,64340829.0
2005-04-08,9.39,9.39,9.05,9.35,450513.0,22165004.0
2005-04-11,9.33,9.33,8.94,9.03,912619.0,44306742.0
2005-04-12,9.04,9.05,8.87,8.92,199491.0,9516181.0
2005-04-13,9.05,9.26,9.0,9.16,868912.0,42332154.0
2005-04-14,9.17,9.22,9.02,9.18,191460.0,9295179.0
2005-04-15,9.28,9.28,9.09,9.15,163559.0,7963442.0
2005-04-18,9.12,9.13,8.91,8.91,295745.0,14168640.0
2005-04-19,8.9,8.96,8.7,8.72,780795.0,36608850.0
2005-04-20,8.71,8.81,8.68,8.78,535762.0,24960623.0
2005-04-21,8.73,9.09,8.72,9.05,280896.0,13403617.0
2005-04-22,9.06,9.14,8.98,9.02,352043.0,16950065.0
2005-04-25,9.2,9.84,9.11,9.75,1270437.0,65092003.0
2005-04-26,9.74,10.03,9.71,9.8,1360923.0,71600714.0
2005-04-27,9.72,9.96,9.71,9.9,747270.0,39437614.0
2005-04-28,9.9,10.03,9.79,9.93,852121.0,45118705.0
2005-04-29,9.8,9.96,9.75,9.93,682503.0,35950860.0
2005-05-09,9.84,9.92,9.62,9.66,765575.0,39655697.0
2005-05-10,9.56,9.61,9.33,9.49,644694.0,32384041.0
2005-05-11,9.5,9.5,9.22,9.25,678491.0,33782884.0
2005-05-12,9.09,9.46,9.01,9.17,1425051.0,69749251.0
2005-05-13,9.09,9.35,8.99,9.13,1507669.0,73784829.0
2005-05-16,9.09,9.24,9.03,9.17,259641.0,12703148.0
2005-05-17,9.18,9.39,9.17,9.31,772452.0,38326325.0
2005-05-18,9.35,9.35,8.72,9.0,967809.0,46208050.0
2005-05-19,9.0,9.31,8.82,9.22,512332.0,25028891.0
2005-05-20,9.19,9.4,9.19,9.21,584502.0,29146429.0
2005-05-23,9.19,9.35,9.0,9.07,261457.0,12730239.0
2005-05-24,9.07,9.12,9.01,9.03,137917.0,6674005.0
2005-05-25,9.01,9.02,8.92,8.96,320833.0,15348058.0
2005-05-26,8.98,9.0,8.58,8.63,1063427.0,49432691.0
2005-05-27,8.53,8.6,8.27,8.4,1594979.0,71377627.0
2005-05-30,8.25,8.47,8.12,8.38,903473.0,40352669.0
2005-05-31,8.37,8.47,8.3,8.35,1187976.0,53080356.0
2005-06-01,8.36,8.43,8.16,8.38,865843.0,38201051.0
2005-06-02,8.34,8.34,7.59,7.7,2529774.0,105700729.0
2005-06-03,7.59,7.97,7.43,7.91,714669.0,29143703.0
2005-06-06,7.84,8.4,7.75,8.37,421356.0,18349446.0
2005-06-07,8.42,8.66,8.37,8.48,598946.0,27080944.0
2005-06-08,8.4,9.32,8.4,9.26,1103910.0,52789496.0
2005-06-09,9.24,9.41,9.0,9.06,777000.0,38204045.0
2005-06-10,9.02,9.16,8.73,8.81,416509.0,19681140.0
2005-06-13,8.84,9.0,8.72,8.85,706973.0,33389071.0
2005-06-14,8.81,9.08,8.81,8.93,727149.0,34530651.0
2005-06-15,8.83,9.0,8.83,8.93,159677.0,7599370.0
2005-06-16,8.94,9.09,8.9,9.09,593153.0,28452404.0
2005-06-17,9.09,9.18,8.93,9.09,326299.0,15703945.0
2005-06-20,9.18,9.95,9.09,9.71,1236889.0,62906075.0
2005-06-21,9.65,9.74,9.48,9.52,259792.0,13347957.0
2005-06-22,9.52,9.84,9.52,9.8,612174.0,31728393.0
2005-06-23,9.8,9.85,9.69,9.76,527645.0,27503937.0
2005-06-24,9.68,9.86,9.2,9.84,615049.0,31786457.0
2005-06-27,9.9,10.3,9.82,10.28,1082423.0,58344425.0
2005-06-28,10.12,10.21,9.94,10.01,376636.0,20129464.0
2005-06-30,9.93,10.19,9.93,10.06,1277817.0,68740725.0
2005-07-01,10.31,10.31,9.6,9.81,610431.0,32182036.0
2005-07-04,9.75,9.9,9.66,9.8,301851.0,15730157.0
2005-07-05,9.75,9.75,9.66,9.74,224838.0,11662288.0
2005-07-06,9.7,9.75,9.37,9.43,631676.0,32226601.0
2005-07-07,9.37,9.55,9.31,9.47,578532.0,29052550.0
2005-07-08,9.4,9.78,9.4,9.73,693076.0,35940472.0
2005-07-11,9.75,9.95,9.7,9.74,656277.0,34538170.0
2005-07-12,9.72,10.06,9.6,10.03,571243.0,30210107.0
2005-07-13,10.01,10.02,9.47,9.84,385796.0,19981575.0
2005-07-14,9.75,9.93,9.74,9.91,201266.0,10624551.0
2005-07-15,9.84,9.99,9.84,9.93,100290.0,5300561.0
2005-07-18,9.92,9.97,9.85,9.88,156407.0,8258010.0
2005-07-19,9.87,10.0,9.86,9.92,132540.0,7015760.0
2005-07-20,9.92,9.93,9.73,9.77,301229.0,15767931.0
2005-07-21,9.77,9.85,9.61,9.74,253682.0,13127981.0
2005-07-22,9.75,9.91,9.67,9.76,609596.0,31708848.0
2005-07-25,9.75,9.8,9.57,9.63,696189.0,35971529.0
2005-07-26,9.56,9.76,9.56,9.71,800824.0,41433496.0
2005-07-27,9.8,9.97,9.75,9.91,536982.0,28350004.0
2005-07-28,9.91,10.02,9.85,9.99,859252.0,45732284.0
2005-07-29,9.94,10.03,9.93,9.96,242518.0,12951117.0
2005-08-01,9.98,10.08,9.93,10.04,384030.0,20465514.0
2005-08-02,10.03,10.06,9.89,10.0,426287.0,22676468.0
2005-08-03,9.97,10.06,9.93,10.04,818421.0,43619808.0
2005-08-04,10.06,10.46,10.06,10.4,1056044.0,58044426.0
2005-08-05,10.59,10.77,10.44,10.59,636516.0,29678263.0
2005-08-08,10.6,10.66,10.17,10.46,854555.0,39434837.0
2005-08-09,10.44,10.44,10.24,10.31,584198.0,26540331.0
2005-08-10,10.24,10.55,10.24,10.48,580027.0,26665195.0
2005-08-11,10.44,10.76,10.44,10.75,1359360.0,63589532.0
2005-08-12,10.75,10.76,10.52,10.67,471545.0,22081209.0
2005-08-15,10.64,11.03,10.44,10.89,702040.0,32711316.0
2005-08-16,10.89,10.89,10.65,10.78,575151.0,27203993.0
2005-08-17,11.28,11.85,10.55,11.08,1250674.0,60400828.0
2005-08-18,11.23,11.3,10.67,10.69,1098909.0,52638476.0
2005-08-19,10.64,10.77,10.59,10.69,497271.0,23314587.0
2005-08-22,10.66,10.85,10.55,10.78,692987.0,32877617.0
2005-08-23,10.71,10.91,10.71,10.9,478600.0,22825313.0
2005-08-24,10.89,10.94,10.79,10.88,321412.0,15394347.0
2005-08-25,10.88,10.91,10.8,10.88,354008.0,16937359.0
2005-08-26,10.83,11.06,10.83,10.99,458241.0,22162003.0
2005-08-29,11.01,11.09,10.98,11.05,512830.0,24984384.0
2005-08-30,11.03,11.09,10.92,10.98,245326.0,11883761.0
2005-08-31,10.92,11.12,10.9,11.09,239434.0,11660189.0
2005-09-01,11.07,11.42,11.07,11.35,548726.0,27342423.0
2005-09-02,11.3,11.61,11.3,11.47,499816.0,25226079.0
2005-09-05,11.46,11.71,11.46,11.56,391058.0,19986278.0
2005-09-06,11.57,11.64,11.35,11.37,319483.0,16132458.0
2005-09-07,11.37,11.5,11.35,11.47,518627.0,26062481.0
2005-09-08,11.47,11.47,11.28,11.35,630752.0,31589421.0
2005-09-09,11.35,11.36,11.12,11.3,425447.0,21034934.0
2005-09-12,11.3,11.3,11.08,11.26,159547.0,7856513.0
2005-09-13,11.19,11.53,11.19,11.53,490115.0,24688592.0
2005-09-14,11.51,11.62,11.37,11.54,329947.0,16772020.0
2005-09-15,11.52,11.65,11.43,11.52,174066.0,8846890.0
2005-09-16,11.49,11.62,11.49,11.57,321733.0,16398350.0
2005-09-19,11.48,11.66,11.43,11.46,204025.0,10355074.0
2005-09-20,11.47,11.47,11.39,11.45,179522.0,9041752.0
2005-09-21,11.37,11.48,11.23,11.28,294927.0,14686809.0
2005-09-22,11.21,11.34,10.93,11.13,335826.0,16372929.0
2005-09-23,11.1,11.23,10.97,11.1,306446.0,15048364.0
2005-09-26,11.11,11.2,11.01,11.03,176660.0,8657470.0
2005-09-27,11.02,11.06,10.93,10.95,170921.0,8278850.0
2005-09-28,10.9,11.12,10.9,11.07,233695.0,11331850.0
2005-09-29,11.11,11.3,11.08,11.28,208496.0,10308512.0
2005-09-30,11.28,11.28,11.01,11.23,332415.0,16352331.0
2005-10-10,11.14,11.28,11.03,11.04,264795.0,12946800.0
2005-10-11,11.01,11.11,10.94,11.08,135909.0,6622928.0
2005-10-12,11.12,11.12,10.76,10.78,832795.0,39835259.0
2005-10-13,10.79,10.87,10.6,10.69,1090753.0,51553349.0
2005-10-14,10.66,10.77,10.28,10.34,494258.0,22786107.0
2005-10-17,10.25,10.55,10.19,10.37,946838.0,43391916.0
2005-10-18,10.37,10.64,10.37,10.64,964218.0,44960711.0
2005-10-19,10.69,10.77,10.55,10.64,792451.0,37063755.0
2005-10-20,10.6,10.69,10.45,10.49,572162.0,26662088.0
2005-10-21,10.46,10.54,10.44,10.51,339538.0,15694623.0
2005-10-24,10.49,10.7,10.49,10.68,444467.0,20771238.0
2005-10-25,10.74,10.85,10.73,10.81,1159486.0,55177336.0
2005-10-26,10.81,10.83,10.73,10.8,963579.0,45847901.0
2005-10-27,10.79,10.79,10.56,10.66,974815.0,45785210.0
2005-10-28,10.66,10.92,10.66,10.79,698231.0,33237651.0
2005-10-31,10.78,11.08,10.69,10.94,668572.0,32099219.0
2005-11-01,10.98,11.02,10.85,10.96,854288.0,41028115.0
2005-11-02,10.89,11.02,10.8,10.93,276609.0,13366082.0
2005-11-03,10.98,11.0,10.71,10.71,253970.0,12120721.0
2005-11-04,10.72,10.8,10.53,10.72,489562.0,22899009.0
2005-11-07,10.56,10.67,10.53,10.65,247517.0,11545343.0
2005-11-08,10.65,10.67,10.64,10.65,607730.0,28543068.0
2005-11-09,10.71,10.78,10.56,10.6,602073.0,28203162.0
2005-11-10,10.64,10.64,10.48,10.58,395013.0,18352311.0
2005-11-11,10.49,10.59,10.44,10.53,292691.0,13501333.0
2005-11-14,10.45,10.51,10.34,10.35,216289.0,9877960.0
2005-11-15,10.38,10.41,10.3,10.3,776760.0,35512394.0
2005-11-16,10.3,10.43,10.21,10.41,724856.0,33007959.0
2005-11-17,10.39,10.41,9.8,10.2,1100802.0,49497150.0
2005-11-18,10.21,10.39,9.99,10.28,694123.0,31397165.0
2005-11-21,10.21,10.38,10.17,10.36,457517.0,20639360.0
2005-11-22,10.32,10.57,10.1,10.47,353881.0,16131067.0
2005-11-23,10.38,10.53,10.35,10.5,137141.0,6306488.0
2005-11-24,10.44,10.44,10.21,10.3,1088295.0,49193081.0
2005-11-25,10.24,10.35,10.19,10.33,391387.0,17618489.0
2005-11-28,10.32,10.37,10.1,10.32,152378.0,6903246.0
2005-11-29,10.32,10.37,9.76,10.07,248880.0,11117104.0
2005-11-30,9.99,10.02,9.74,9.93,650820.0,28172021.0
2005-12-01,9.87,9.95,9.81,9.83,535424.0,23266367.0
2005-12-02,9.83,10.17,9.83,10.1,963383.0,42441653.0
2005-12-05,10.1,10.13,9.9,10.02,275743.0,12151492.0
2005-12-06,9.92,10.02,9.87,9.93,1491667.0,65529318.0
2005-12-07,9.87,10.02,9.87,9.93,430998.0,18878496.0
2005-12-08,9.88,9.99,9.88,9.9,365778.0,16002582.0
2005-12-09,9.92,9.92,9.71,9.73,1546206.0,66478204.0
2005-12-12,9.71,9.71,9.45,9.45,1510220.0,63383458.0
2005-12-13,9.46,9.52,9.19,9.39,2041441.0,83729902.0
2005-12-14,9.32,9.71,9.31,9.64,1797593.0,75326820.0
2005-12-15,9.65,9.74,9.53,9.73,593465.0,25306079.0
2005-12-16,9.71,9.91,9.65,9.87,667061.0,28659038.0
2005-12-19,9.87,10.0,9.82,9.95,470267.0,20587488.0
2005-12-20,10.0,10.0,9.76,9.85,454042.0,19679338.0
2005-12-21,9.78,9.9,9.7,9.75,495917.0,21349222.0
2005-12-22,9.68,9.9,9.65,9.81,334067.0,14361625.0
2005-12-23,9.74,10.03,9.74,10.0,629183.0,27434932.0
2005-12-26,10.03,10.1,9.94,10.03,699235.0,30863111.0
2005-12-27,10.05,10.21,10.02,10.19,729017.0,32574560.0
2005-12-28,10.21,10.33,10.16,10.32,625035.0,28274416.0
2005-12-29,10.33,10.62,10.33,10.61,1567435.0,72783428.0
2005-12-30,10.55,10.56,10.19,10.35,3664756.0,167469295.0
2006-01-04,10.3,10.3,10.01,10.05,3550713.0,157456208.0
2006-01-05,10.03,10.28,10.01,10.16,1699230.0,75918198.0
2006-01-06,10.17,10.32,10.07,10.27,1716230.0,77233333.0
2006-01-09,10.29,10.73,10.28,10.62,2077080.0,96726018.0
2006-01-10,10.67,10.8,10.56,10.66,1745682.0,82153545.0
2006-01-11,10.66,10.8,10.56,10.57,831515.0,39227536.0
2006-01-12,10.53,10.68,10.46,10.67,998972.0,46568064.0
2006-01-13,10.67,10.96,10.55,10.78,993688.0,47330433.0
2006-01-16,10.84,10.87,10.56,10.56,773084.0,36255138.0
2006-01-17,10.44,10.58,10.39,10.45,1382470.0,63618353.0
2006-01-18,10.44,10.66,10.44,10.48,970685.0,45114697.0
2006-01-19,10.62,10.62,10.39,10.46,728303.0,33651491.0
2006-01-20,10.46,10.52,10.29,10.44,1421637.0,65092507.0
2006-01-23,10.44,10.44,10.19,10.21,1328642.0,59899023.0
2006-01-24,10.22,10.5,10.21,10.33,1145289.0,52535743.0
2006-01-25,10.35,10.78,10.29,10.72,1573073.0,73251753.0
2006-02-06,10.79,10.83,10.55,10.76,1569141.0,74143388.0
2006-02-07,10.76,11.35,10.7,11.35,2866581.0,140985315.0
2006-02-08,11.27,11.37,11.09,11.31,2226437.0,110727360.0
2006-02-09,11.29,11.35,10.96,11.0,777030.0,38004186.0
2006-02-10,10.98,12.03,10.91,11.92,3187395.0,160573342.0
2006-02-13,13.11,13.11,13.11,13.11,1696600.0,98029548.0
2006-02-15,13.5,13.5,12.89,13.18,2899655.0,168845650.0
2006-02-16,13.08,13.62,13.0,13.32,1897750.0,110783125.0
2006-02-17,13.31,13.36,13.19,13.22,890782.0,51929488.0
2006-02-20,13.11,13.19,12.75,13.02,1084398.0,62004351.0
2006-02-21,12.91,13.29,12.91,13.29,1023900.0,59431946.0
2006-02-22,13.24,13.39,13.16,13.32,1033510.0,60384853.0
2006-02-23,13.32,14.18,13.23,14.13,1173027.0,69601180.0
2006-04-17,15.55,15.55,15.55,15.55,23810.0,1630985.0
2006-04-18,17.1,17.1,17.1,17.1,32444.0,2444655.0
2006-04-19,18.81,18.81,18.63,18.81,4396751.0,364421942.0
2006-04-20,20.42,20.42,18.17,19.07,5561501.0,475176332.0
2006-04-21,19.01,20.54,18.84,20.18,3188609.0,278281209.0
2006-04-24,20.31,20.83,19.81,20.23,3624898.0,322955394.0
2006-04-25,20.2,21.15,19.88,20.75,3970465.0,357994221.0
2006-05-25,24.04,25.11,20.36,21.15,19811697.0,811908674.0
2006-05-26,21.1,21.38,20.13,21.37,9180196.0,360661885.0
2006-05-29,21.37,23.5,21.37,23.5,8068362.0,345986865.0
2006-05-30,25.16,25.85,24.37,25.85,13875854.0,664776550.0
2006-05-31,25.89,27.73,25.05,25.66,15173103.0,747411522.0
2006-06-01,25.66,26.77,25.1,26.45,9033167.0,438913211.0
2006-06-02,26.45,26.45,24.9,25.17,7310473.0,348052311.0
2006-06-05,24.9,24.9,23.4,23.97,6874756.0,308294272.0
2006-06-06,23.63,23.63,22.97,23.0,5664197.0,246688992.0
2006-06-07,22.74,23.5,22.28,22.46,7100113.0,302769993.0
2006-06-08,22.35,23.02,21.91,22.82,5845435.0,247094039.0
2006-06-09,22.82,23.08,22.17,22.76,5841082.0,247306955.0
2006-06-12,22.44,24.14,22.17,24.09,7134449.0,311536764.0
2006-06-13,24.09,25.2,24.09,24.54,7482948.0,347247357.0
2006-06-14,24.31,25.22,23.24,25.0,6223384.0,287725376.0
2006-06-15,25.0,25.75,24.52,24.79,5131147.0,242480009.0
2006-06-16,24.79,25.27,24.68,24.97,4008029.0,188160360.0
2006-06-19,24.84,26.49,24.42,25.93,7630589.0,368697291.0
2006-06-20,25.73,26.1,25.49,25.83,3760892.0,181973717.0
2006-06-21,25.83,25.91,24.98,25.29,3632394.0,172805456.0
2006-06-22,25.11,25.37,24.95,24.99,2365379.0,111205968.0
2006-06-23,24.84,25.27,24.74,24.94,2792408.0,130091791.0
2006-06-26,24.95,25.83,24.95,25.5,4786959.0,227823194.0
2006-06-27,25.58,26.5,25.55,26.16,5146617.0,252140738.0
2006-06-28,26.1,26.1,25.43,25.57,2680057.0,128599786.0
2006-06-29,25.59,25.91,25.43,25.7,3719105.0,178456804.0
2006-06-30,25.78,26.05,25.0,25.35,3903278.0,185164398.0
2006-07-03,25.34,25.34,24.78,25.0,4828774.0,225238880.0
2006-07-04,24.84,25.14,24.39,25.11,5250666.0,242839931.0
2006-07-05,25.22,25.22,24.68,24.87,1557263.0,72575812.0
2006-07-06,24.84,25.16,24.63,24.94,2205560.0,103048532.0
2006-07-07,24.96,25.11,24.53,24.57,2802363.0,129587181.0
2006-07-10,24.51,24.51,23.96,24.06,2769775.0,125019271.0
2006-07-11,24.04,24.29,23.83,23.91,2721409.0,122211032.0
2006-07-12,23.88,23.91,23.27,23.5,3312513.0,145831734.0
2006-07-13,23.37,24.26,23.12,23.87,3942420.0,175231413.0
2006-07-14,23.62,23.91,23.31,23.81,1834374.0,80947648.0
2006-07-17,23.67,24.34,23.43,23.97,2568418.0,115482082.0
2006-07-18,23.95,23.97,23.52,23.68,1539232.0,68227611.0
2006-07-19,23.62,23.72,22.92,23.23,3132698.0,136738969.0
2006-07-20,23.2,23.72,22.91,23.66,1937201.0,85005958.0
2006-07-21,23.64,23.78,23.51,23.74,1075971.0,47693738.0
2006-07-24,23.56,25.04,23.4,24.69,4052541.0,185467434.0
2006-07-25,24.69,25.11,24.42,25.02,3254213.0,151329073.0
2006-07-26,25.02,25.11,24.5,24.84,1740430.0,80947127.0
2006-07-27,24.79,25.0,24.47,24.67,2451514.0,113653352.0
2006-07-28,24.58,24.63,24.18,24.31,2288646.0,104187953.0
2006-07-31,24.25,24.26,23.51,23.51,1594807.0,70945071.0
2006-08-01,23.51,24.04,23.45,23.9,1316838.0,58663703.0
2006-08-02,23.88,24.04,23.44,23.55,886022.0,39215950.0
2006-08-03,23.56,23.8,22.81,22.96,1665548.0,71947181.0
2006-08-04,22.97,23.18,22.44,22.81,1479341.0,63433581.0
2006-08-07,22.57,23.18,21.95,22.63,1414235.0,59874589.0
2006-08-08,22.44,23.1,22.44,23.09,777176.0,33435494.0
2006-08-09,23.11,23.67,22.97,23.43,1028841.0,44982771.0
2006-08-10,23.43,23.71,23.43,23.51,1310561.0,57720598.0
2006-08-11,23.55,23.78,23.54,23.55,724713.0,32036673.0
2006-08-14,23.55,23.66,23.08,23.41,1117366.0,49033692.0
2006-08-15,23.27,23.6,23.24,23.57,639825.0,28008387.0
2006-08-16,23.56,24.09,23.51,24.04,899888.0,40252021.0
2006-08-17,24.09,24.09,23.18,23.64,1092965.0,48410678.0
2006-08-18,23.45,23.75,23.27,23.58,338123.0,14888941.0
2006-08-21,22.96,23.62,22.89,23.6,729321.0,32062134.0
2006-08-22,23.51,24.23,23.51,24.14,1110875.0,49977253.0
2006-08-23,23.4,23.88,23.4,23.73,2105623.0,93035269.0
2006-08-24,23.51,23.72,23.44,23.57,1257407.0,55366636.0
2006-08-25,23.57,23.82,23.4,23.53,747487.0,32852244.0
2006-08-28,23.46,23.61,23.19,23.43,2557259.0,112066807.0
2006-08-29,23.49,24.69,23.49,24.4,3785440.0,171776439.0
2006-08-30,24.18,24.47,23.94,24.03,969292.0,43806887.0
2006-08-31,24.04,24.29,23.94,24.17,1235848.0,55827539.0
2006-09-01,24.23,24.24,23.98,24.08,1087394.0,48927412.0
2006-09-04,23.93,24.19,23.93,24.11,590376.0,26589669.0
2006-09-05,24.05,24.17,23.95,24.01,1235476.0,55522598.0
2006-09-06,23.99,24.28,23.94,24.11,1138069.0,51403210.0
2006-09-07,24.03,24.12,23.72,24.04,1051862.0,46987030.0
2006-09-08,23.78,23.99,23.59,23.75,589062.0,26157744.0
2006-09-11,23.62,23.73,23.45,23.58,830299.0,36625467.0
2006-09-12,23.58,23.58,23.35,23.4,1939305.0,85026963.0
2006-09-13,23.41,23.65,23.41,23.44,1842146.0,81014932.0
2006-09-14,23.51,24.65,23.08,24.63,6336687.0,284212834.0
2006-09-15,24.63,24.99,24.1,24.49,2924397.0,134841289.0
2006-09-18,24.51,24.63,24.19,24.49,3408476.0,155113047.0
2006-09-19,24.4,24.97,24.28,24.8,2999252.0,138992138.0
2006-09-20,24.73,25.28,24.62,25.11,2244246.0,105158852.0
2006-09-21,25.11,25.19,25.0,25.0,1631283.0,76643185.0
2006-09-22,24.98,25.11,24.63,25.01,1242597.0,57912198.0
2006-09-25,24.76,25.19,24.76,24.96,1047525.0,49168157.0
2006-09-26,24.93,24.94,24.56,24.57,1178972.0,54462375.0
2006-09-27,24.52,24.76,24.4,24.64,805218.0,36977026.0
2006-09-28,24.58,25.08,24.43,25.01,1677920.0,77577351.0
2006-09-29,25.0,25.58,24.84,25.34,2275622.0,107764446.0
2006-10-09,25.65,27.41,25.65,27.18,3797012.0,191569287.0
2006-10-10,27.52,28.05,26.98,27.1,2412448.0,124074029.0
2006-10-11,27.07,27.25,26.45,26.58,1211797.0,60357112.0
2006-10-12,26.58,26.85,26.22,26.52,1428689.0,70986726.0
2006-10-13,26.52,26.61,26.02,26.19,1489803.0,73257749.0
2006-10-16,26.18,26.18,25.0,25.32,3807675.0,180476685.0
2006-10-17,25.32,25.86,25.03,25.72,1537044.0,73212480.0
2006-10-18,25.65,26.83,25.38,26.61,2387883.0,118175550.0
2006-10-19,26.53,26.98,26.19,26.71,1661115.0,83199478.0
2006-10-20,26.69,26.79,26.48,26.5,1209540.0,60370256.0
2006-10-23,26.29,27.44,26.29,27.25,3899875.0,198293833.0
2006-10-24,27.28,28.09,27.14,27.87,2670912.0,138579123.0
2006-10-25,28.16,29.86,27.89,29.48,4747608.0,261743388.0
2006-10-26,29.39,29.58,28.85,29.39,2042850.0,112072591.0
2006-10-27,29.38,29.38,28.8,28.86,1479145.0,80382720.0
2006-10-30,28.85,29.04,28.48,28.87,1236943.0,66246109.0
2006-10-31,28.87,29.55,28.54,28.85,1126683.0,61092387.0
2006-11-01,28.64,28.85,28.31,28.42,1276204.0,67866974.0
2006-11-02,28.38,29.27,27.97,29.26,2331900.0,123978621.0
2006-11-03,29.38,29.65,28.69,29.26,1387640.0,75858369.0
2006-11-06,28.88,30.56,28.85,29.97,2674004.0,147856261.0
2006-11-07,29.97,30.4,29.65,29.81,2132645.0,119649818.0
2006-11-08,29.65,30.72,29.39,30.35,2534830.0,143238979.0
2006-11-09,30.21,30.56,29.98,30.54,1596243.0,90494365.0
2006-11-10,30.43,31.47,30.24,30.77,3315329.0,191717604.0
2006-11-13,30.72,30.72,29.87,30.41,2831549.0,161068513.0
2006-11-14,30.27,32.14,30.27,32.0,3130677.0,183957465.0
2006-11-15,32.31,33.66,31.84,33.04,3403376.0,211445126.0
2006-11-16,33.06,35.79,33.05,34.56,4862857.0,313184874.0
2006-11-17,34.72,35.0,33.66,34.49,3834146.0,244957666.0
2006-11-20,33.94,35.16,33.94,34.51,2706049.0,174396384.0
2006-11-21,34.55,34.58,33.13,33.73,3024121.0,190983784.0
2006-11-22,33.71,34.3,33.05,33.89,2890047.0,182237646.0
2006-11-23,33.67,34.46,33.67,33.91,1254785.0,79824997.0
2006-11-24,33.88,34.35,33.34,34.14,2349589.0,148702618.0
2006-11-27,34.14,35.08,34.08,34.35,1649849.0,106393463.0
2006-11-28,34.3,34.72,33.55,33.56,2832241.0,180775984.0
2006-11-29,33.13,35.34,32.55,34.41,2675401.0,172337879.0
2006-11-30,34.58,36.96,34.58,36.2,2101203.0,141522146.0
2006-12-01,36.2,38.31,36.2,36.87,4041469.0,282813533.0
2006-12-04,37.0,37.9,36.22,36.92,2688658.0,185669864.0
2006-12-05,36.81,38.08,36.76,37.44,3811783.0,266976425.0
2006-12-06,37.4,37.4,35.74,36.88,3749300.0,256408498.0
2006-12-07,36.6,37.45,36.6,37.15,2185538.0,151160168.0
2006-12-08,36.87,37.35,36.33,36.89,2206889.0,152466866.0
2006-12-11,36.38,38.74,36.38,38.63,2675430.0,188889525.0
2006-12-12,38.94,39.26,38.15,38.37,1176703.0,84919970.0
2006-12-13,38.62,38.7,37.75,38.09,3341653.0,239515640.0
2006-12-14,38.36,41.34,38.09,41.16,3762824.0,279885276.0
2006-12-15,41.14,42.72,40.62,42.28,2369730.0,185540482.0
2006-12-18,42.2,46.3,42.2,46.16,3523829.0,295726593.0
2006-12-19,46.16,47.44,44.82,45.14,3803816.0,326181880.0
2006-12-20,44.87,45.89,44.62,45.04,2519590.0,212351401.0
2006-12-21,45.04,45.68,44.08,44.33,3030146.0,256088471.0
2006-12-22,44.08,44.72,42.73,43.19,3043946.0,249249212.0
2006-12-25,43.31,44.98,43.31,44.46,2495441.0,207941105.0
2006-12-27,44.99,46.16,44.99,45.67,1985302.0,169858959.0
2006-12-28,45.84,45.95,44.61,45.67,2928105.0,248296941.0
2006-12-29,45.68,49.21,45.18,46.93,8297549.0,728497750.0
2007-01-04,48.09,48.18,45.68,45.86,4466467.0,394957199.0
2007-01-05,45.3,46.32,44.51,46.09,2780501.0,236787475.0
2007-01-08,46.11,46.27,44.82,45.34,4892359.0,417405505.0
2007-01-09,45.36,48.08,45.2,47.44,2830001.0,248096035.0
2007-01-10,47.55,48.35,46.8,47.53,2823940.0,249921322.0
2007-01-11,47.55,49.78,47.28,49.15,3748280.0,341540304.0
2007-01-12,49.1,51.93,48.09,51.8,3640208.0,347136997.0
2007-01-15,51.85,54.5,51.85,53.22,3067052.0,305993934.0
2007-01-16,53.09,53.84,51.44,52.22,3503970.0,344077710.0
2007-01-17,52.14,55.03,51.3,52.42,2591604.0,257353976.0
2007-01-18,52.36,56.36,51.83,56.22,3064535.0,315103130.0
2007-01-19,56.22,59.78,56.22,58.42,2225551.0,243504208.0
2007-01-22,58.82,61.98,58.77,60.48,2552122.0,290839225.0
2007-01-23,60.8,61.34,55.62,56.25,4178280.0,450098219.0
2007-01-24,56.37,60.37,56.37,58.65,1940422.0,212553649.0
2007-01-25,57.44,59.28,56.79,57.9,4484815.0,490557153.0
2007-01-26,57.17,58.74,52.36,58.18,3584570.0,380378208.0
2007-01-29,57.6,60.37,56.69,57.43,1856036.0,201345338.0
2007-01-30,57.02,59.36,56.89,58.64,2656109.0,287395106.0
2007-01-31,57.6,58.77,54.5,55.15,3326784.0,352147545.0
2007-02-01,53.42,56.62,53.16,56.1,2590975.0,265744453.0
2007-02-02,55.55,55.99,53.43,53.96,1498880.0,151508799.0
2007-02-05,53.96,53.96,51.68,51.83,1983799.0,194534210.0
2007-02-06,50.76,51.77,47.82,51.16,3952256.0,365914405.0
2007-02-07,50.85,53.42,50.76,52.08,1797622.0,175261713.0
2007-02-08,51.77,52.88,49.96,51.27,1837314.0,176642962.0
2007-02-09,50.85,51.6,49.69,50.31,1226217.0,116298291.0
2007-02-12,50.12,52.76,49.8,51.83,1251133.0,120701377.0
2007-02-13,52.3,53.34,51.83,53.32,1876710.0,184420201.0
2007-02-14,53.74,54.49,52.36,53.19,1561447.0,154853057.0
2007-02-15,53.78,56.09,53.43,55.14,1680518.0,173731362.0
2007-02-16,55.98,56.1,53.19,53.52,2507162.0,256784061.0
2007-02-26,53.32,53.32,51.3,51.84,1532146.0,150045013.0
2007-02-27,51.56,51.56,46.65,46.82,3186695.0,292514587.0
2007-03-01,51.5,51.5,49.62,51.5,4458245.0,429485218.0
2007-03-02,51.83,53.96,51.27,52.25,3477066.0,341362336.0
2007-03-05,52.31,52.31,50.65,50.7,2180501.0,208807884.0
2007-03-06,50.22,54.04,49.69,53.48,2435058.0,241040734.0
2007-03-07,54.12,55.27,53.43,54.21,2642534.0,271589373.0
2007-03-08,53.91,54.5,52.95,54.2,1380763.0,138217148.0
2007-03-09,53.48,54.75,52.95,53.43,1618595.0,162560220.0
2007-03-12,53.32,53.43,52.7,53.32,1944399.0,193188602.0
2007-03-13,52.87,53.32,51.3,52.58,1908052.0,186420809.0
2007-03-14,51.83,52.36,50.92,51.3,2160027.0,207586165.0
2007-03-15,50.76,52.36,50.76,52.05,2097319.0,201776897.0
2007-03-16,52.25,52.36,50.81,52.15,1463493.0,140836291.0
2007-03-19,50.76,52.48,50.65,52.03,2595161.0,253220579.0
2007-03-20,52.01,52.09,50.46,50.55,2118752.0,201378936.0
2007-03-21,50.57,51.45,48.95,50.22,2828956.0,266389529.0
2007-03-22,50.33,50.69,49.15,50.48,3139702.0,291678124.0
2007-03-23,49.96,50.81,49.26,50.75,3027938.0,283551750.0
2007-03-26,50.65,50.7,50.06,50.23,2265620.0,212983960.0
2007-03-27,50.1,50.22,49.07,49.58,3719764.0,345056807.0
2007-03-28,49.62,50.14,48.62,49.74,3492636.0,323233779.0
2007-03-29,49.78,51.55,49.3,51.49,4941537.0,465028032.0
2007-03-30,51.6,51.64,49.8,50.49,3098507.0,293158039.0
2007-04-02,50.76,50.76,49.1,50.16,2825719.0,261934932.0
2007-04-03,50.16,51.08,49.21,50.69,4280091.0,402378753.0
2007-04-04,50.75,52.35,50.75,52.01,4080726.0,395605830.0
2007-04-05,51.76,51.76,50.61,50.94,3746014.0,358362495.0
2007-04-06,50.54,50.76,49.96,50.22,2761536.0,259568009.0
2007-04-09,50.52,51.61,49.63,50.76,6283418.0,591101165.0
2007-04-10,50.87,51.18,50.28,50.43,6304682.0,597770870.0
2007-04-11,50.73,50.73,49.63,50.16,5382825.0,504663488.0
2007-04-12,50.06,53.48,49.68,52.81,7645857.0,739231914.0
2007-04-13,52.89,56.3,51.83,55.0,8478318.0,867089257.0
2007-04-16,54.44,55.54,53.7,54.35,3781242.0,383878218.0
2007-04-17,54.5,55.27,51.83,52.73,4461885.0,442356324.0
2007-04-18,52.73,52.73,51.02,51.61,4878084.0,470273102.0
2007-04-19,51.13,51.29,48.83,49.58,3988171.0,372975317.0
2007-04-20,49.69,51.02,49.63,50.53,4151694.0,392180310.0
2007-04-23,50.53,51.19,49.69,51.07,4748675.0,447869454.0
2007-04-24,51.25,51.28,49.96,50.48,3947857.0,372593709.0
2007-04-25,50.48,51.72,50.01,51.29,3782234.0,362266657.0
2007-04-26,51.33,52.62,50.76,52.01,3369828.0,325641558.0
2007-04-27,51.97,51.99,50.02,50.1,2647491.0,250199461.0
2007-04-30,49.69,52.02,49.45,50.98,4355729.0,414391808.0
2007-05-08,51.61,52.31,51.04,51.56,4602697.0,444700567.0
2007-05-09,51.56,51.56,48.03,49.15,15177660.0,1394029058.0
2007-05-14,50.01,53.84,49.25,50.43,13187045.0,1263779092.0
2007-05-15,50.48,50.48,48.54,48.58,7103792.0,655524409.0
2007-05-16,48.57,50.54,48.46,50.0,5043288.0,468228612.0
2007-05-17,49.88,53.45,49.86,52.9,9518160.0,930266093.0
2007-05-18,52.52,54.02,51.83,52.59,5183691.0,517580169.0
2007-05-21,50.92,52.99,50.29,51.63,4150822.0,402560491.0
2007-05-22,51.35,51.56,50.32,50.67,5990195.0,567699268.0
2007-05-23,50.57,52.89,50.56,51.81,4033890.0,391972671.0
2007-05-24,52.08,53.22,51.63,53.09,5579895.0,548678429.0
2007-05-25,53.44,58.4,53.44,56.84,8310533.0,883158731.0
2007-05-28,56.9,59.44,56.89,58.94,5551105.0,607604935.0
2007-05-29,59.04,61.66,57.86,58.35,4294511.0,480225991.0
2007-05-30,55.57,58.23,53.32,54.48,7290654.0,756701836.0
2007-06-01,58.24,59.93,57.81,59.01,6966650.0,775108764.0
2007-06-04,59.13,61.55,55.3,56.44,5694906.0,627231638.0
2007-06-05,55.03,57.16,50.79,56.67,5294878.0,544757934.0
2007-06-06,56.1,58.24,54.51,56.37,3138434.0,329128886.0
2007-06-07,56.38,57.44,55.66,56.45,5337084.0,562638223.0
2007-06-08,57.06,57.43,56.1,57.12,3581908.0,381067005.0
2007-06-11,57.49,62.83,57.15,62.83,5409546.0,620110688.0
2007-06-12,64.11,65.45,61.47,64.34,4419028.0,529299495.0
2007-06-13,63.84,65.96,63.05,64.04,3868378.0,465951672.0
2007-06-14,63.47,69.46,63.2,66.87,3488110.0,435609721.0
2007-06-15,66.23,67.43,66.14,67.26,1489786.0,185772690.0
2007-06-18,67.58,70.23,66.84,67.83,2172221.0,277680174.0
2007-06-19,67.1,67.85,65.18,65.93,2794684.0,348478544.0
2007-06-20,65.46,67.84,64.75,65.95,1917026.0,236303439.0
2007-06-21,64.97,66.67,64.65,66.16,1940141.0,238688175.0
2007-06-22,66.18,67.0,63.58,64.56,1785337.0,218079514.0
2007-06-25,64.17,66.52,63.31,63.63,3275657.0,398355115.0
2007-06-26,63.52,64.65,61.75,64.23,1227169.0,145796096.0
2007-06-27,64.76,66.58,63.69,66.51,2376647.0,293372111.0
2007-06-28,66.73,67.05,64.93,65.12,2621217.0,326430499.0
2007-06-29,63.85,65.96,63.13,63.94,1549939.0,186255139.0
2007-07-02,63.58,64.11,61.44,63.62,1960022.0,229624506.0
2007-07-03,63.69,63.85,61.98,63.16,1100903.0,129623748.0
2007-07-04,63.16,63.79,62.09,62.58,1155694.0,135460424.0
2007-07-05,61.98,63.05,60.43,60.92,1704363.0,194675509.0
2007-07-06,60.69,63.07,60.69,62.98,1559604.0,180456456.0
2007-07-09,63.15,64.49,62.78,64.19,1164344.0,138656746.0
2007-07-10,64.11,64.11,62.51,63.05,979370.0,115825748.0
2007-07-11,62.51,62.51,61.34,61.89,1212996.0,140017458.0
2007-07-12,61.98,62.23,60.85,61.11,1473914.0,168661711.0
2007-07-13,61.3,62.08,61.24,61.55,916686.0,104813064.0
2007-07-16,61.81,61.81,59.79,59.82,1074733.0,121378863.0
2007-07-17,59.78,61.93,58.76,61.89,1506588.0,168233760.0
2007-07-18,61.19,62.9,60.21,62.4,1135686.0,130799471.0
2007-07-19,61.87,64.01,61.82,63.84,1474677.0,173893104.0
2007-07-20,63.38,64.78,62.9,64.48,1429446.0,171502982.0
2007-07-23,64.94,68.09,64.0,67.44,1909284.0,237054485.0
2007-07-24,67.52,67.73,66.07,66.37,1310379.0,162555321.0
2007-07-25,65.85,66.66,65.31,65.58,1524167.0,186522568.0
2007-07-26,66.06,67.2,65.69,66.14,1305304.0,161489704.0
2007-07-27,64.8,65.85,63.98,64.24,1631215.0,196650321.0
2007-07-30,64.24,67.52,64.08,66.87,2787699.0,339526695.0
2007-07-31,66.59,69.88,66.24,69.38,2716592.0,344790131.0
2007-08-01,69.35,69.88,67.2,67.75,1996605.0,253670740.0
2007-08-02,68.0,70.69,68.0,69.84,2052129.0,264786522.0
2007-08-03,69.82,74.77,69.7,74.23,3410698.0,458343376.0
2007-08-06,74.25,75.25,73.12,74.22,1746992.0,239532860.0
2007-08-07,74.21,74.71,73.36,74.46,2387426.0,327024703.0
2007-08-08,74.46,78.47,72.98,74.64,1294506.0,183151083.0
2007-08-09,76.66,78.68,75.26,77.73,1547505.0,224211231.0
2007-08-10,77.5,78.22,74.72,75.24,2384176.0,338962358.0
2007-08-13,75.25,75.25,71.69,74.04,1914059.0,259481908.0
2007-08-14,73.11,74.18,72.15,73.61,1614446.0,218395050.0
2007-08-15,73.6,75.53,72.3,73.11,2351953.0,323360822.0
2007-08-16,72.31,74.18,70.69,72.58,2130630.0,286757937.0
2007-08-17,73.21,75.89,72.31,72.66,2416437.0,330979043.0
2007-08-20,73.7,77.84,73.7,77.14,1875135.0,265241753.0
2007-08-21,77.15,80.64,77.15,79.58,1881098.0,278103261.0
2007-08-22,78.49,84.29,78.22,83.45,2619515.0,401151824.0
2007-08-23,83.44,86.66,82.79,85.98,1926367.0,304024687.0
2007-08-24,85.95,87.08,83.86,84.48,2063017.0,326076166.0
2007-08-27,84.4,86.0,83.32,83.36,2082282.0,327422195.0
2007-08-28,82.79,83.86,82.3,82.67,1720550.0,265824520.0
2007-08-29,82.13,84.65,81.71,82.57,1199701.0,186047475.0
2007-08-30,82.73,83.75,82.49,83.32,919487.0,142153246.0
2007-08-31,83.32,86.07,82.79,85.97,1000740.0,158100458.0
2007-09-03,86.5,87.84,85.74,85.91,1874914.0,303353295.0
2007-09-04,85.8,85.8,81.17,82.14,4722008.0,723864066.0
2007-09-05,82.21,83.3,79.87,81.61,2287969.0,343653908.0
2007-09-06,81.71,81.71,80.04,80.63,2752558.0,412746126.0
2007-09-07,80.63,80.63,77.36,77.66,3301169.0,480091647.0
2007-09-10,75.39,77.58,75.39,76.39,4080208.0,577753207.0
2007-09-11,76.34,78.74,76.34,77.3,2586608.0,374651914.0
2007-09-12,76.87,78.49,75.44,77.26,1219184.0,173598048.0
2007-09-13,77.41,77.68,75.8,77.32,2116570.0,302740276.0
2007-09-14,77.41,80.64,76.19,79.77,3662580.0,533527808.0
2007-09-17,79.56,82.24,78.36,81.69,3881924.0,581454298.0
2007-09-18,81.82,81.82,77.88,78.74,1483666.0,218334186.0
2007-09-19,78.0,78.22,75.14,76.07,2901321.0,410862934.0
2007-09-20,76.18,78.4,76.18,77.96,1290305.0,185888065.0
2007-09-21,77.98,78.21,76.23,77.87,1278793.0,183153720.0
2007-09-24,77.41,78.38,75.53,76.07,3170462.0,450160399.0
2007-09-25,76.04,77.03,74.5,75.75,3024982.0,424466923.0
2007-09-26,74.73,79.29,74.73,78.31,3095959.0,450482553.0
2007-09-27,78.31,79.29,76.63,78.53,1271470.0,185721030.0
2007-09-28,78.47,82.03,78.23,80.89,2693713.0,406110739.0
2007-10-08,81.46,83.22,79.02,79.1,2339280.0,349755743.0
2007-10-09,78.75,86.55,78.75,85.34,3771099.0,587350510.0
2007-10-10,86.39,90.53,84.4,88.41,2265111.0,370471299.0
2007-10-11,88.61,95.15,88.43,93.14,3055829.0,530601955.0
2007-10-12,94.13,96.98,90.31,96.12,2600908.0,456041256.0
2007-10-15,94.67,104.29,94.67,101.38,2090812.0,388728699.0
2007-10-16,101.6,101.6,97.36,99.47,2109353.0,389861626.0
2007-10-17,98.91,98.91,97.3,97.84,1470772.0,267399495.0
2007-10-18,96.05,97.84,93.54,95.04,1995408.0,355237068.0
2007-10-19,94.88,99.99,94.88,96.85,1772868.0,320347389.0
2007-10-22,95.69,97.84,94.34,96.18,779737.0,139362375.0
2007-10-23,98.64,103.75,98.54,101.06,2229093.0,420266818.0
2007-10-24,101.09,106.98,90.96,103.21,2546944.0,485816458.0
2007-10-25,101.6,106.44,99.99,104.15,2035328.0,394422086.0
2007-10-26,102.54,105.36,99.52,104.85,2001033.0,379656727.0
2007-10-29,103.76,106.17,101.54,102.54,1107361.0,212842981.0
2007-10-30,103.22,104.28,98.55,100.74,1256486.0,233823943.0
2007-10-31,100.96,103.43,100.96,102.68,1081422.0,206054370.0
2007-11-01,103.48,103.48,98.86,99.35,962049.0,178327384.0
2007-11-02,98.38,99.34,95.69,98.95,1383580.0,250008018.0
2007-11-05,98.91,99.99,96.76,97.84,527930.0,96705832.0
2007-11-06,96.81,99.78,96.81,97.8,245919.0,44828815.0
2007-11-07,98.11,99.45,95.37,96.05,908571.0,162628670.0
2007-11-08,96.07,96.76,92.47,93.55,572311.0,99837136.0
2007-11-09,92.47,95.31,91.66,92.2,512665.0,88657729.0
2007-11-12,92.25,92.78,90.04,91.56,1522422.0,256445671.0
2007-11-13,92.46,98.35,92.46,95.57,2391144.0,425423638.0
2007-11-14,95.57,100.71,95.57,100.51,1116403.0,203847742.0
2007-11-15,100.56,100.56,98.48,98.91,1055782.0,195317064.0
2007-11-16,98.64,98.64,96.4,96.76,371566.0,67016964.0
2007-11-19,96.76,99.99,95.47,98.11,539734.0,98848664.0
2007-11-20,98.11,99.99,97.84,99.73,947292.0,174670137.0
2007-11-21,99.99,100.69,98.1,99.22,1241100.0,229047999.0
2007-11-22,97.84,98.91,95.56,95.83,772689.0,140489848.0
2007-11-23,95.69,97.3,92.73,93.54,769224.0,134898312.0
2007-11-26,95.42,96.75,94.07,96.4,865649.0,154008451.0
2007-11-27,96.17,98.91,94.88,97.9,1103638.0,199433858.0
2007-11-28,96.87,97.95,92.46,94.95,1140600.0,201326440.0
2007-11-29,94.09,96.22,92.72,94.34,1846321.0,323298143.0
2007-11-30,95.58,95.58,93.0,93.26,1427292.0,248057710.0
2007-12-03,92.75,94.07,92.73,93.6,851564.0,147689836.0
2007-12-04,93.81,95.96,93.81,94.88,900989.0,158913696.0
2007-12-05,94.94,99.45,94.94,98.38,992985.0,180611804.0
2007-12-06,99.43,99.43,97.57,99.12,527399.0,96863844.0
2007-12-07,99.39,104.29,99.39,103.77,1161519.0,222166859.0
2007-12-11,106.98,110.85,106.71,108.44,2970227.0,596580876.0
2007-12-12,108.27,110.85,107.49,108.48,2528187.0,511973884.0
2007-12-13,107.51,109.4,105.9,107.78,1743749.0,349075780.0
2007-12-14,106.98,117.13,105.92,116.12,1600346.0,331667409.0
2007-12-17,115.63,120.95,111.28,113.43,1745132.0,373879346.0
2007-12-18,111.33,111.34,106.44,108.05,1850765.0,372844742.0
2007-12-19,109.56,110.69,105.9,109.1,1393365.0,278674107.0
2007-12-20,110.63,110.87,107.54,109.55,690341.0,140714576.0
2007-12-21,109.66,114.18,109.66,113.44,951587.0,198189104.0
2007-12-24,116.05,116.09,112.34,112.56,2120379.0,449776303.0
2007-12-25,112.56,117.39,112.56,116.38,1715678.0,368772023.0
2007-12-26,116.1,120.15,115.6,119.35,1459384.0,322367541.0
2007-12-27,119.34,121.11,116.76,120.87,2190698.0,485898989.0
2007-12-28,119.13,123.7,117.07,123.64,2662799.0,600445954.0
2008-01-02,122.03,123.07,118.8,119.35,1908575.0,428486871.0
2008-01-03,119.5,122.03,113.85,115.12,2979946.0,638361163.0
2008-01-04,113.97,116.16,111.81,115.71,3330368.0,704732968.0
2008-01-07,115.84,117.73,112.87,114.14,3040917.0,646078990.0
2008-01-08,113.43,116.97,112.14,115.59,3221828.0,682166585.0
2008-01-09,113.9,116.63,113.9,115.6,1200960.0,256589157.0
2008-01-10,116.12,118.03,114.72,116.7,2082664.0,450693940.0
2008-01-11,117.19,118.19,113.97,116.13,1981108.0,425014224.0
2008-01-14,120.95,122.89,117.46,120.48,4292507.0,959882221.0
2008-01-15,120.63,123.94,120.63,122.76,2130322.0,486145572.0
2008-01-16,121.92,122.03,119.34,119.79,2241908.0,502236876.0
2008-01-17,120.14,120.15,116.12,117.19,3161352.0,697313171.0
2008-01-18,117.22,118.0,114.5,115.56,2041694.0,441871091.0
2008-01-21,115.82,116.8,111.28,113.43,2498681.0,531115484.0
2008-01-22,111.27,118.24,108.05,113.17,4490866.0,949589574.0
2008-01-23,115.09,118.43,114.31,118.33,2314633.0,502720215.0
2008-01-24,119.34,120.58,116.65,119.34,1848556.0,408534678.0
2008-01-25,119.29,121.22,116.12,117.67,1799311.0,397838438.0
2008-01-28,115.85,118.27,112.3,115.46,1417041.0,303150636.0
2008-01-29,115.5,117.19,114.5,115.83,1010703.0,217278903.0
2008-01-30,116.65,116.65,110.85,115.45,2933197.0,621090086.0
2008-01-31,113.42,114.5,110.74,110.76,1390499.0,289075904.0
2008-02-01,110.2,110.2,106.92,108.86,2146695.0,431423198.0
2008-02-04,109.99,115.39,109.66,113.95,2954633.0,617972158.0
2008-02-05,113.97,113.97,111.81,112.56,847830.0,177590097.0
2008-02-13,111.81,111.81,108.59,109.13,497172.0,101444765.0
2008-02-14,110.2,110.69,108.64,109.19,755616.0,153806138.0
2008-02-15,109.11,109.13,106.44,108.09,1281110.0,256163700.0
2008-02-18,108.48,111.33,108.48,111.26,1257682.0,257765662.0
2008-02-19,111.25,111.81,109.13,111.27,728733.0,149403801.0
2008-02-20,111.28,112.84,110.28,110.79,970139.0,200650696.0
2008-02-21,112.08,112.29,110.09,110.44,1220408.0,250662269.0
2008-02-22,110.21,110.99,105.9,107.84,1942193.0,391675409.0
2008-02-25,107.46,107.51,105.36,105.83,1121779.0,222633128.0
2008-02-26,106.44,107.7,99.93,100.96,3514323.0,669275552.0
2008-02-27,100.53,104.83,98.48,103.31,1211616.0,231597749.0
2008-02-28,103.32,104.29,101.07,102.14,722637.0,137808743.0
2008-02-29,102.41,105.35,101.12,104.83,711440.0,137296143.0
2008-03-03,109.72,115.31,109.72,115.31,1778317.0,380241620.0
2008-03-04,121.39,123.05,116.68,118.77,3789826.0,847885908.0
2008-03-05,118.75,121.54,116.92,118.63,1403869.0,310232368.0
2008-03-06,118.63,120.42,116.55,116.66,819736.0,180277491.0
2008-03-07,116.25,116.39,112.41,114.59,1489627.0,315047844.0
2008-03-10,112.89,115.59,111.38,112.67,1067285.0,223726599.0
2008-03-11,111.55,116.38,110.77,115.46,1137728.0,241463106.0
2008-03-12,117.19,117.61,112.01,114.1,611960.0,130239209.0
2008-03-13,106.5,115.58,102.7,114.34,1669009.0,344992828.0
2008-03-14,112.78,112.78,109.66,110.22,1185808.0,244698923.0
2008-03-17,107.53,109.65,106.71,107.9,1718918.0,344059102.0
2008-03-18,105.82,107.51,99.99,101.89,3022486.0,577180431.0
2008-03-19,101.61,104.83,101.12,102.72,1857929.0,355372038.0
2008-03-20,102.08,105.36,96.49,103.72,1475599.0,275079993.0
2008-03-21,104.45,105.9,102.78,104.12,399904.0,77823413.0
2008-03-24,104.29,105.56,101.92,103.38,935677.0,179280128.0
2008-03-25,101.06,103.2,99.99,100.5,1128782.0,211875344.0
2008-03-26,100.79,102.14,98.38,99.71,447511.0,83590677.0
2008-03-27,97.3,101.05,97.25,97.33,1892465.0,344830534.0
2008-03-28,97.57,100.85,96.76,100.3,671620.0,123097898.0
2008-03-31,99.88,101.87,98.38,100.91,1502108.0,281358730.0
2008-04-01,101.87,101.87,97.84,99.26,1367900.0,252613478.0
2008-04-02,98.91,101.6,92.47,98.15,1643103.0,298960718.0
2008-04-03,96.23,97.84,94.07,95.69,1341976.0,237997145.0
2008-04-07,95.15,99.72,94.07,99.33,2196869.0,394870541.0
2008-04-08,99.18,103.75,97.84,102.96,1305819.0,247291459.0
2008-04-09,101.44,102.14,98.29,98.62,1250713.0,234604519.0
2008-04-10,97.84,98.38,94.56,95.9,2040977.0,365825520.0
2008-04-11,95.96,96.23,94.07,94.42,2395773.0,424169970.0
2008-04-14,94.06,94.06,90.14,90.36,2168437.0,369038598.0
2008-04-15,89.77,90.58,86.82,90.52,2014840.0,330691480.0
2008-04-16,90.31,93.0,88.19,90.91,1563877.0,265734673.0
2008-04-17,91.66,93.54,89.29,90.91,1040105.0,176634095.0
2008-04-18,89.59,92.73,88.16,91.42,1376797.0,229547374.0
2008-04-21,96.76,98.38,89.25,92.21,1452256.0,250079531.0
2008-04-22,89.24,92.46,83.32,88.81,2212942.0,359871902.0
2008-04-23,86.76,93.0,84.4,91.94,1266988.0,211089327.0
2008-04-24,98.38,101.13,95.15,99.97,3932187.0,718031257.0
2008-04-25,98.91,98.91,95.58,95.59,2384507.0,429087518.0
2008-04-28,94.61,95.4,91.48,94.94,1277232.0,220439148.0
2008-04-29,92.47,95.56,92.47,94.92,614926.0,107374297.0
2008-04-30,94.97,99.4,94.97,98.45,1188327.0,215284885.0
2008-05-05,98.59,99.76,97.77,98.73,808973.0,148396736.0
2008-05-06,98.38,98.38,95.73,96.64,848761.0,152222994.0
2008-05-07,95.69,97.62,94.33,94.37,735375.0,131020228.0
2008-05-08,94.07,96.66,91.92,96.24,886066.0,154116406.0
2008-05-09,96.76,96.76,94.35,95.55,577401.0,102419877.0
2008-05-12,93.8,98.13,92.89,97.3,920633.0,163594356.0
2008-05-13,94.87,98.32,94.18,96.2,514506.0,91723212.0
2008-05-14,95.31,97.46,95.21,97.17,600844.0,108222058.0
2008-05-15,97.84,100.79,96.23,98.69,1469044.0,271639672.0
2008-05-16,98.38,99.99,97.86,98.34,467332.0,85690776.0
2008-05-19,98.34,98.34,96.26,96.77,382832.0,68955076.0
2008-05-20,95.74,97.41,93.0,93.05,992735.0,176605312.0
2008-05-21,92.25,95.15,91.39,93.34,1954296.0,334549900.0
2008-05-22,93.18,94.07,90.55,92.91,753639.0,129331816.0
2008-05-23,91.39,93.0,91.39,92.46,1289114.0,220240585.0
2008-05-26,91.39,93.0,91.39,92.91,735452.0,125694889.0
2008-05-27,91.91,93.54,91.17,91.28,1545589.0,265513865.0
2008-05-29,91.32,92.46,89.91,91.3,943131.0,160096339.0
2008-05-30,91.23,91.66,89.78,90.39,520308.0,87809655.0
2008-06-02,90.74,92.46,88.16,92.02,842312.0,141068877.0
2008-06-03,91.39,92.46,91.12,91.81,657703.0,112098666.0
2008-06-04,90.33,91.39,90.15,90.41,677030.0,113903649.0
2008-06-05,90.31,91.86,88.54,88.69,392205.0,65373349.0
2008-06-06,88.69,88.7,86.55,88.06,781469.0,127119585.0
2008-06-10,85.51,86.54,83.92,84.84,1271558.0,201611524.0
2008-06-11,84.31,84.94,82.79,84.66,912631.0,142357442.0
2008-06-12,84.66,84.66,79.24,81.29,1378990.0,210043603.0
2008-06-13,79.62,81.39,79.62,80.36,618634.0,92612196.0
2008-06-16,79.85,80.01,78.08,78.12,1021954.0,148642350.0
2008-06-17,77.58,77.58,75.74,76.75,1747415.0,246424803.0
2008-06-18,75.86,78.39,75.46,78.0,1759240.0,250451606.0
2008-06-19,78.28,78.28,75.68,75.94,697038.0,98494725.0
2008-06-20,75.68,78.59,75.25,77.8,1417752.0,202610966.0
2008-06-23,76.76,76.76,72.45,72.93,1540615.0,212913434.0
2008-06-24,70.34,74.33,69.2,73.86,2205273.0,297466611.0
2008-06-25,73.09,78.39,72.45,78.12,1278254.0,180759313.0
2008-06-26,79.2,80.01,77.03,78.68,775352.0,111847423.0
2008-06-27,76.98,77.66,75.15,75.82,1626046.0,228606779.0
2008-06-30,74.6,76.76,74.12,74.92,849792.0,118554068.0
2008-07-01,74.92,74.92,73.52,73.9,767765.0,105264085.0
2008-07-02,73.79,74.6,72.99,73.58,604580.0,82567695.0
2008-07-03,72.83,77.31,72.67,76.24,789510.0,109603235.0
2008-07-04,76.24,76.9,75.16,76.38,398205.0,56193917.0
2008-07-07,76.38,79.2,75.68,78.93,1251457.0,180401010.0
2008-07-08,78.86,79.85,77.44,77.73,1364836.0,198628781.0
2008-07-09,78.12,80.01,78.12,78.82,1018303.0,149141345.0
2008-07-10,78.39,79.65,78.01,78.95,717003.0,104839731.0
2008-07-11,78.39,79.35,77.85,78.12,301677.0,43833508.0
2008-07-14,78.38,79.74,77.74,79.52,525811.0,77047467.0
2008-07-15,79.53,80.11,78.28,78.56,573525.0,83892162.0
2008-07-16,78.28,80.14,77.31,79.81,901048.0,132617391.0
2008-07-17,79.85,85.31,79.85,83.89,1801551.0,279088472.0
2008-07-18,82.71,85.68,82.44,85.39,921966.0,142269871.0
2008-07-21,84.75,87.58,84.33,87.31,819227.0,130639362.0
2008-07-22,87.31,89.19,85.41,85.94,427627.0,68299820.0
2008-07-23,85.47,86.24,83.8,84.72,452493.0,71187874.0
2008-07-24,85.04,87.31,85.04,87.22,444681.0,70637128.0
2008-07-25,86.54,88.12,85.75,87.31,527951.0,84972166.0
2008-07-28,87.77,88.39,87.31,87.58,256285.0,41662711.0
2008-07-29,87.57,88.11,85.69,87.46,359419.0,57706465.0
2008-07-30,87.58,87.74,85.95,87.01,349929.0,56168227.0
2008-07-31,86.6,87.01,85.7,86.44,475142.0,75934188.0
2008-08-01,85.85,87.04,84.7,85.98,323571.0,51369908.0
2008-08-04,84.99,86.47,84.77,84.95,285052.0,44858745.0
2008-08-05,84.71,85.47,84.33,84.54,236338.0,37049801.0
2008-08-06,85.08,85.58,84.09,85.12,330257.0,51922049.0
2008-08-07,84.63,85.41,82.44,83.0,427944.0,66288542.0
2008-08-08,82.82,83.4,81.52,82.45,611698.0,93064197.0
2008-08-11,80.55,82.71,78.93,78.96,799941.0,119572175.0
2008-08-12,78.33,80.55,77.36,79.81,453050.0,66330532.0
2008-08-13,79.46,80.32,79.09,79.99,637325.0,93902071.0
2008-08-14,80.0,82.49,79.29,80.55,1297055.0,195801266.0
2008-08-15,80.55,82.71,80.06,82.05,554096.0,83530667.0
2008-08-18,82.05,82.66,79.03,79.16,333925.0,50108017.0
2008-08-19,76.81,79.36,76.81,77.86,627008.0,90342081.0
2008-08-20,77.35,82.71,77.35,81.77,725041.0,107725247.0
2008-08-21,80.83,82.71,78.39,79.94,514322.0,76438604.0
2008-08-22,79.99,80.48,77.93,78.53,291123.0,42273682.0
2008-08-25,78.48,78.87,77.05,77.96,477613.0,69152201.0
2008-08-26,77.96,77.96,75.03,75.69,470471.0,66199366.0
2008-08-27,74.67,77.03,72.96,73.06,453888.0,62380812.0
2008-08-28,75.67,76.76,73.52,73.79,963350.0,132676988.0
2008-08-29,74.05,76.22,73.52,75.68,917211.0,127159473.0
2008-09-01,75.52,75.85,73.26,73.33,1385644.0,190733791.0
2008-09-02,73.34,73.34,69.11,70.27,2662945.0,345618729.0
2008-09-03,69.47,69.63,67.95,68.74,3545636.0,449922401.0
2008-09-04,68.74,70.28,68.44,69.97,805584.0,103033863.0
2008-09-05,69.06,71.25,68.17,70.95,860680.0,110693148.0
2008-09-08,71.02,71.66,69.69,70.58,804867.0,105669098.0
2008-09-09,69.76,72.14,69.76,71.79,414508.0,54748548.0
2008-09-10,71.09,73.52,71.09,71.77,660379.0,87984658.0
2008-09-11,72.37,72.37,71.36,71.56,465700.0,61859282.0
2008-09-12,71.53,72.62,71.53,71.9,620163.0,82660639.0
2008-09-16,71.78,71.8,69.75,70.94,1375774.0,179668933.0
2008-09-17,71.0,71.79,69.09,69.29,852372.0,110881400.0
2008-09-18,68.93,69.2,63.89,65.31,3058171.0,376114728.0
2008-09-19,71.85,71.85,70.28,71.85,4674712.0,620150766.0
2008-09-22,74.55,77.85,71.75,71.81,5648653.0,768578260.0
2008-09-23,70.32,70.32,64.9,65.04,3495594.0,429875015.0
2008-09-24,64.33,68.54,62.27,68.37,1419794.0,173930712.0
2008-09-25,68.39,71.09,68.39,69.84,1506991.0,194816771.0
2008-09-26,70.23,72.37,70.23,71.3,1368966.0,180847064.0
2008-10-06,70.71,71.3,67.57,68.75,610171.0,79100704.0
2008-10-07,67.58,68.11,65.43,67.06,995724.0,122750250.0
2008-10-08,65.9,66.49,64.94,65.03,1034410.0,125437058.0
2008-10-09,66.06,66.11,63.52,63.55,876721.0,104831467.0
2008-10-10,61.63,62.06,59.52,60.22,1354716.0,152282552.0
2008-10-13,60.01,60.32,55.25,60.26,2209322.0,235133757.0
2008-10-14,62.8,63.49,57.55,57.63,1184398.0,132830726.0
2008-10-15,56.1,57.84,55.41,56.34,884236.0,92239896.0
2008-10-16,54.33,56.28,53.52,54.37,1506136.0,153358634.0
2008-10-17,54.08,54.59,51.14,52.92,2881243.0,279732706.0
2008-10-20,51.77,52.87,50.55,52.3,3044762.0,290614960.0
2008-10-21,52.26,54.05,51.09,51.16,1308180.0,126303889.0
2008-10-22,50.69,52.44,50.21,52.1,1900644.0,180490227.0
2008-10-23,50.82,53.63,50.82,53.59,1465493.0,143747856.0
2008-10-24,54.06,54.25,51.36,53.13,897561.0,87060608.0
2008-10-27,51.36,52.71,48.71,49.33,2774307.0,256201120.0
2008-10-28,48.61,50.98,47.58,50.97,1399519.0,128811656.0
2008-10-29,50.82,51.92,49.76,51.45,1222683.0,115424336.0
2008-10-30,51.89,52.17,50.5,51.52,1015716.0,96284440.0
2008-10-31,50.98,51.41,49.77,49.84,870573.0,81109752.0
2008-11-03,49.2,50.55,49.2,49.57,630617.0,58047684.0
2008-11-04,49.63,49.8,48.46,48.56,1107660.0,100749264.0
2008-11-05,48.98,51.14,48.65,50.82,1165566.0,107649672.0
2008-11-06,49.73,50.27,48.71,48.85,599739.0,54677056.0
2008-11-07,47.89,48.38,45.52,46.37,3506714.0,300147104.0
2008-11-10,46.75,49.51,46.49,48.99,4070807.0,356262496.0
2008-11-11,48.33,48.33,47.24,47.36,2710401.0,238775072.0
2008-11-12,46.41,47.67,45.73,47.57,1840088.0,158558384.0
2008-11-13,47.03,48.66,45.96,48.45,3513508.0,308558176.0
2008-11-14,48.69,53.3,48.69,53.3,4730806.0,453503648.0
2008-11-17,54.06,55.42,52.98,54.92,2590585.0,259620384.0
2008-11-18,54.6,54.6,50.87,52.23,3008889.0,293853920.0
2008-11-19,52.23,55.7,51.73,55.37,1698748.0,169157856.0
2008-11-20,54.06,55.79,53.16,54.13,1567803.0,158050736.0
2008-11-21,52.96,55.95,51.71,54.35,2391762.0,240102784.0
2008-11-24,54.54,55.14,53.79,53.9,940207.0,94604336.0
2008-11-25,54.06,55.14,52.79,53.61,987335.0,98311600.0
2008-11-26,53.55,54.26,53.32,53.59,734047.0,72963472.0
2008-11-27,56.26,57.84,54.9,55.88,2677180.0,279561184.0
2008-11-28,55.24,55.66,54.19,55.03,1221804.0,124047776.0
2008-12-01,54.82,55.84,54.08,55.79,788328.0,80427904.0
2008-12-02,54.63,56.83,54.63,56.73,1488514.0,154215264.0
2008-12-03,56.76,58.5,56.76,58.28,1436995.0,154141968.0
2008-12-04,59.2,62.33,59.2,61.07,2633055.0,297576224.0
2008-12-05,60.28,63.84,60.25,62.41,1838462.0,212898256.0
2008-12-08,63.95,65.3,62.25,64.33,1742992.0,205494832.0
2008-12-09,64.36,64.64,62.06,62.73,1301335.0,152317568.0
2008-12-10,62.17,63.2,62.08,62.82,1349502.0,156049024.0
2008-12-11,63.01,65.2,62.71,63.75,2015809.0,238497424.0
2008-12-12,63.07,64.22,59.92,60.01,1631445.0,186650272.0
2008-12-15,60.55,63.28,60.54,61.77,1400771.0,160434272.0
2008-12-16,61.38,62.87,59.92,61.72,1236738.0,138960608.0
2008-12-17,61.74,63.52,61.74,62.5,1001362.0,116363448.0
2008-12-18,62.5,64.15,62.5,63.78,1177063.0,138647936.0
2008-12-19,64.01,64.6,62.71,63.59,1062197.0,125345376.0
2008-12-22,64.17,64.17,62.33,62.9,902842.0,105588568.0
2008-12-23,62.59,62.9,59.96,60.5,1827166.0,205256832.0
2008-12-24,60.01,61.09,59.36,60.2,787763.0,87320040.0
2008-12-25,60.54,60.54,58.92,59.48,902853.0,99538456.0
2008-12-26,59.03,60.27,59.03,59.5,894460.0,98854296.0
2008-12-29,59.16,59.74,56.85,58.79,3002856.0,323745152.0
2008-12-30,58.74,58.92,57.84,58.73,2182996.0,236161200.0
2008-12-31,58.49,59.19,58.11,58.76,1831313.0,198482896.0
2009-01-05,59.2,60.05,57.84,58.59,1350550.0,145941840.0
2009-01-06,58.11,59.03,56.91,58.77,3815408.0,406113056.0
2009-01-07,58.88,58.92,57.68,57.73,1523802.0,164245376.0
2009-01-08,56.9,58.69,56.33,58.67,1863467.0,198641984.0
2009-01-09,58.16,58.68,57.84,58.0,1180016.0,127445736.0
2009-01-12,57.84,58.27,57.12,57.25,1666790.0,176815200.0
2009-01-13,56.75,57.3,54.88,55.06,1809911.0,186485264.0
2009-01-14,54.74,56.22,53.83,55.14,3200370.0,323066496.0
2009-01-15,55.03,55.03,53.95,54.04,2982065.0,298447680.0
2009-01-16,54.05,56.43,53.99,54.88,9459955.0,955914880.0
2009-01-19,55.36,56.11,54.98,55.34,4856293.0,498196992.0
2009-01-20,55.3,55.3,54.04,54.92,4910405.0,493242112.0
2009-01-21,54.06,54.58,53.52,53.91,6052648.0,605392768.0
2009-01-22,54.06,54.71,54.01,54.49,2129344.0,214057664.0
2009-01-23,54.33,56.39,54.33,55.79,3274252.0,336252640.0
2009-02-02,56.49,56.49,54.06,54.77,3088726.0,312618464.0
2009-02-03,54.81,56.49,54.1,56.28,4812665.0,497248864.0
2009-02-04,56.33,57.99,56.33,57.45,4287890.0,454067232.0
2009-02-05,57.65,59.79,57.3,57.87,3823158.0,412164192.0
2009-02-06,57.85,60.54,57.85,60.12,3966141.0,433677728.0
2009-02-09,60.81,63.25,60.81,63.14,4543559.0,521391744.0
2009-02-10,62.98,62.98,61.63,62.69,2761349.0,317723296.0
2009-02-11,62.16,67.87,61.63,64.92,4038656.0,478088768.0
2009-02-12,64.87,65.68,64.07,65.16,5447034.0,653107968.0
2009-02-13,64.93,66.49,64.88,66.18,2492019.0,301643456.0
2009-02-16,66.74,67.74,65.47,66.33,2725648.0,334068256.0
2009-02-17,66.93,70.24,66.93,68.17,5652541.0,719184128.0
2009-02-18,67.03,68.11,65.35,65.61,4558128.0,566412032.0
2009-02-19,65.14,66.98,65.14,65.89,2467779.0,300896288.0
2009-02-20,65.95,68.81,65.95,67.62,3392422.0,424596416.0
2009-02-23,67.66,69.25,66.74,69.08,1944278.0,245915632.0
2009-02-24,68.93,71.36,68.47,69.62,3693633.0,480302656.0
2009-02-25,70.27,70.28,66.49,68.93,2691796.0,341607456.0
2009-02-26,68.39,70.22,65.68,66.18,2711209.0,343984128.0
2009-02-27,64.62,66.49,63.64,64.02,4117059.0,494464224.0
2009-03-02,63.25,64.02,62.1,63.27,2717285.0,318786720.0
2009-03-03,62.28,63.14,61.52,62.13,1878013.0,215625552.0
2009-03-04,62.44,68.28,62.13,67.48,4224525.0,510627168.0
2009-03-05,67.52,68.39,64.88,65.95,2353230.0,289227200.0
2009-03-06,64.87,65.3,63.62,63.91,2066413.0,245701376.0
2009-03-09,63.92,64.6,62.1,62.11,2315203.0,268799968.0
2009-03-10,61.57,64.44,61.41,63.86,1578292.0,185611680.0
2009-03-11,64.87,65.35,62.71,63.51,881494.0,104417184.0
2009-03-12,62.75,63.68,61.7,62.68,1129627.0,130769832.0
2009-03-13,63.14,63.52,61.51,61.53,2003820.0,230105104.0
2009-03-16,61.55,62.11,60.55,61.83,1339542.0,151397344.0
2009-03-17,61.87,64.33,61.63,63.43,1834473.0,213668064.0
2009-03-18,63.75,64.28,62.69,62.75,1776703.0,208086080.0
2009-03-19,62.98,64.48,62.76,64.21,1889193.0,223567504.0
2009-03-20,64.76,64.86,63.36,63.73,1539612.0,182170368.0
2009-03-23,63.78,64.43,63.47,64.16,3246311.0,384766624.0
2009-03-24,65.14,66.81,63.98,64.16,3529464.0,424130720.0
2009-03-25,62.71,62.71,60.9,61.64,8621716.0,984739008.0
2009-03-26,61.64,61.68,59.89,60.82,5929248.0,664500672.0
2009-03-27,61.34,62.17,60.98,61.62,4207572.0,479104608.0
2009-03-30,61.63,62.17,60.6,61.66,2426944.0,276929280.0
2009-03-31,61.27,62.11,61.09,62.03,2642862.0,301354048.0
2009-04-01,62.16,63.06,62.11,62.85,4038757.0,468753728.0
2009-04-02,63.01,64.55,63.01,63.79,3743051.0,441249376.0
2009-04-03,64.38,65.17,62.93,63.02,4144100.0,492530464.0
2009-04-07,63.02,63.89,62.93,63.79,2141919.0,251182416.0
2009-04-08,63.79,63.95,62.64,63.28,2565313.0,299738752.0
2009-04-09,63.18,63.78,62.82,63.69,1835185.0,214789856.0
2009-04-10,64.23,65.14,63.67,64.56,4063061.0,484222240.0
2009-04-13,65.19,66.6,65.19,65.98,3668776.0,448077472.0
2009-04-14,65.99,66.03,64.23,65.15,3802377.0,457162688.0
2009-04-15,64.85,65.56,63.52,65.21,3836163.0,457652480.0
2009-04-16,64.88,65.3,63.93,64.74,3863241.0,462321664.0
2009-04-17,64.51,66.68,63.95,65.5,3830956.0,466339520.0
2009-04-20,66.06,68.82,65.5,68.73,3241949.0,406055392.0
2009-04-21,67.7,68.98,67.63,68.93,3892770.0,492951200.0
2009-04-22,69.29,70.66,66.76,66.94,3970610.0,504087424.0
2009-04-23,66.22,66.97,64.87,65.71,2249701.0,274007776.0
2009-04-24,65.95,67.51,65.94,66.02,2271987.0,280863296.0
2009-04-27,65.68,65.7,63.47,64.06,2867031.0,339940608.0
2009-04-28,63.18,64.1,61.57,62.32,3430733.0,395869120.0
2009-04-29,62.33,63.41,62.3,63.13,3107715.0,360384160.0
2009-04-30,63.36,63.36,62.17,62.9,2051448.0,238142368.0
2009-05-04,63.19,64.53,62.9,64.45,2355551.0,278414624.0
2009-05-05,64.87,65.3,64.0,64.35,2269054.0,270072384.0
2009-05-06,64.12,64.33,63.2,63.39,3806462.0,447395072.0
2009-05-07,63.68,64.28,62.53,63.25,3472362.0,406117088.0
2009-05-08,62.98,63.57,62.38,63.53,3100720.0,359535968.0
2009-05-11,63.52,64.1,62.84,62.94,3277361.0,384272000.0
2009-05-12,62.44,63.55,62.34,62.97,2598890.0,300962112.0
2009-05-13,63.25,63.3,62.29,62.54,3579244.0,415020704.0
2009-05-14,62.17,63.03,62.06,62.9,2150481.0,249787984.0
2009-05-15,63.12,63.24,62.5,62.71,1679862.0,195071184.0
2009-05-18,62.65,64.17,62.55,64.03,3507236.0,412318368.0
2009-05-19,64.14,64.36,62.98,63.4,2655401.0,312662784.0
2009-05-20,63.28,63.76,62.7,62.75,1471127.0,171589136.0
2009-05-21,62.6,63.24,61.74,61.85,2578840.0,296204416.0
2009-05-25,60.99,61.37,60.58,61.28,3367628.0,380853024.0
2009-05-26,61.28,61.94,61.04,61.06,1680681.0,190817888.0
2009-05-27,61.16,62.45,61.06,62.04,2763000.0,316980544.0
2009-06-01,62.17,63.84,62.01,63.66,4592011.0,537473280.0
2009-06-02,63.26,65.39,63.26,64.81,5016813.0,600394432.0
2009-06-03,64.81,64.97,63.69,64.72,2924590.0,347246944.0
2009-06-04,64.76,64.88,63.74,64.47,4653332.0,553191424.0
2009-06-05,64.15,70.12,64.14,68.15,7774093.0,973345728.0
2009-06-08,68.76,69.76,67.57,68.98,3688621.0,469785120.0
2009-06-09,68.98,72.98,68.76,70.95,7330385.0,969552000.0
2009-06-10,71.19,71.92,70.28,70.98,2647692.0,348306240.0
2009-06-11,70.97,73.79,70.97,72.06,3973846.0,533435072.0
2009-06-12,72.26,73.41,69.84,70.61,2703533.0,357604704.0
2009-06-15,70.3,73.85,70.3,73.65,4408128.0,592083840.0
2009-06-16,73.41,74.14,72.44,73.35,2003920.0,271544256.0
2009-06-17,73.17,74.87,73.09,74.41,2258367.0,310521888.0
2009-06-18,74.06,74.87,73.25,74.53,4119002.0,564072320.0
2009-06-19,74.05,74.98,73.3,74.02,1853345.0,253253632.0
2009-06-22,74.33,74.71,71.83,71.88,2118112.0,285552160.0
2009-06-23,71.25,72.71,70.04,72.1,2758804.0,364099872.0
2009-06-24,72.06,72.44,70.82,71.35,2093623.0,276526144.0
2009-06-25,71.89,73.63,71.36,73.46,2183414.0,295200896.0
2009-06-26,73.52,74.6,73.52,74.06,1826249.0,250833616.0
2009-06-29,74.61,80.55,74.22,79.86,3801548.0,553072320.0
2009-06-30,80.28,81.25,78.28,80.01,2455349.0,359599488.0
2009-07-01,79.88,80.64,78.99,79.36,1935675.0,281759840.0
2009-07-02,79.33,82.25,78.29,80.61,2699019.0,395317152.0
2009-07-03,80.09,81.18,79.22,79.5,2573876.0,376552064.0
2009-07-06,79.0,79.54,77.8,78.41,2949182.0,423754912.0
2009-07-07,78.43,80.64,77.92,79.3,2740569.0,399773440.0
2009-07-08,78.19,79.08,77.1,78.42,2651579.0,378380320.0
2009-07-09,78.03,80.9,78.03,80.21,3464234.0,505222976.0
2009-07-10,80.42,83.63,80.29,82.91,2977018.0,451971136.0
2009-07-13,83.01,83.91,81.36,83.51,3976567.0,601703296.0
2009-07-14,83.47,84.1,82.82,83.53,2664455.0,408475424.0
2009-07-15,83.53,84.06,81.71,81.74,3159841.0,477906528.0
2009-07-16,82.01,82.27,80.61,80.88,3643057.0,542209792.0
2009-07-17,81.04,81.99,80.47,80.59,1410005.0,210098784.0
2009-07-20,80.64,81.51,80.08,80.7,3873799.0,572069312.0
2009-07-21,81.13,81.84,80.08,80.27,4222026.0,627819264.0
2009-07-22,80.09,80.85,79.38,80.32,2503621.0,366601440.0
2009-07-23,80.56,80.63,79.55,79.7,1724952.0,253176784.0
2009-07-24,79.86,82.16,79.7,80.09,4537056.0,673882688.0
2009-07-27,80.36,83.63,80.36,83.42,6453123.0,969451456.0
2009-07-28,83.42,86.61,83.14,83.47,3622961.0,564423488.0
2009-07-29,83.53,85.08,78.46,80.64,3695563.0,556652765.0
2009-07-30,82.65,82.65,79.83,81.63,2755049.0,410415136.0
2009-07-31,82.27,82.27,80.99,81.74,3299219.0,494144448.0
2009-08-03,82.82,86.4,82.82,84.84,4445840.0,693624960.0
2009-08-04,85.55,85.55,83.14,83.98,2143538.0,329545696.0
2009-08-05,84.29,89.3,84.29,89.23,5544896.0,893443520.0
2009-08-06,87.73,90.72,87.23,89.94,3944209.0,644496768.0
2009-08-07,90.88,92.62,88.03,89.29,5786746.0,953137984.0
2009-08-10,89.36,89.9,86.57,89.08,2929893.0,472002848.0
2009-08-11,89.29,93.99,88.08,92.62,3630736.0,611324928.0
2009-08-12,92.57,95.62,88.27,90.59,4140439.0,698628608.0
2009-08-13,88.75,90.58,87.07,88.78,3376867.0,544005120.0
2009-08-14,88.81,88.81,85.0,85.97,2470694.0,390424192.0
2009-08-17,84.51,85.79,80.57,81.48,2975040.0,451437984.0
2009-08-18,80.91,82.9,80.64,81.81,2983979.0,448107200.0
2009-08-19,82.8,84.51,80.64,81.52,3357636.0,509878560.0
2009-08-20,81.18,83.09,80.64,82.81,3459953.0,522724992.0
2009-08-21,82.82,85.54,82.28,85.27,2474337.0,383636512.0
2009-08-24,85.54,86.63,85.3,86.31,1341758.0,212008256.0
2009-08-25,86.03,86.03,82.87,84.95,2450125.0,377947424.0
2009-08-26,83.65,87.45,83.65,86.73,2235461.0,353413344.0
2009-08-27,86.57,88.64,86.09,87.91,2216114.0,356997184.0
2009-08-28,87.72,88.65,86.63,86.78,2404913.0,386203840.0
2009-08-31,86.09,86.09,81.46,81.72,3733394.0,568178112.0
2009-09-01,81.73,84.62,81.71,82.57,2063249.0,313194368.0
2009-09-02,82.26,82.79,81.49,82.17,1615629.0,243221072.0
2009-09-03,81.75,84.72,81.74,84.51,1915657.0,293428416.0
2009-09-04,84.45,85.0,83.36,84.65,2155402.0,332587072.0
2009-09-07,85.23,90.17,85.15,88.21,3884516.0,630053568.0
2009-09-08,88.21,91.64,86.7,90.69,3449008.0,572753408.0
2009-09-09,90.69,92.07,88.27,89.54,3120277.0,512038304.0
2009-09-10,89.52,90.5,88.54,90.42,1325477.0,218828432.0
2009-09-11,90.39,91.53,89.3,90.86,1347190.0,224260640.0
2009-09-14,91.56,92.08,90.88,91.03,1555148.0,260573648.0
2009-09-15,91.1,91.98,89.48,90.2,1781601.0,294648960.0
2009-09-16,89.92,90.94,88.75,89.77,1343134.0,219954112.0
2009-09-17,89.79,90.31,89.58,89.77,1669416.0,275360256.0
2009-09-18,89.79,89.82,88.27,88.69,1841155.0,301101120.0
2009-09-21,87.9,90.23,86.74,90.13,2612924.0,422889408.0
2009-09-22,89.96,93.55,89.62,92.4,4097482.0,697323648.0
2009-09-23,92.46,93.11,89.9,90.0,2121493.0,356415104.0
2009-09-24,89.9,89.9,87.05,88.06,1878660.0,302998976.0
2009-09-25,88.27,90.8,88.27,89.62,1852804.0,304628832.0
2009-09-28,89.68,90.72,89.36,89.41,1345344.0,222874128.0
2009-09-29,89.36,89.9,87.99,88.4,1542377.0,251534800.0
2009-09-30,89.35,90.87,88.81,89.82,1288249.0,212532256.0
2009-10-09,90.88,92.07,90.83,91.73,1250608.0,210257024.0
2009-10-12,92.08,92.62,90.94,91.0,876204.0,147502656.0
2009-10-13,90.45,91.8,89.63,90.39,1023723.0,170054048.0
2009-10-14,90.7,90.71,88.87,89.51,3729999.0,612459776.0
2009-10-15,89.83,89.83,87.4,87.8,2811233.0,454982752.0
2009-10-16,87.79,88.27,86.72,87.17,2798654.0,447651072.0
2009-10-19,87.29,88.54,86.6,88.53,4363978.0,698074688.0
2009-10-20,88.65,90.23,87.73,90.13,4078812.0,666676416.0
2009-10-21,89.9,89.9,87.61,87.66,3808393.0,617367744.0
2009-10-22,87.23,88.25,86.08,86.59,3681739.0,585366592.0
2009-10-23,86.59,87.28,86.25,86.8,4651561.0,739672640.0
2009-10-26,87.16,87.17,85.14,85.32,4564431.0,716061312.0
2009-10-27,85.32,85.54,84.72,84.99,2542841.0,396334912.0
2009-10-28,85.05,86.0,84.89,85.78,1914190.0,300201152.0
2009-10-29,85.21,86.29,84.78,85.19,2056523.0,323781024.0
2009-10-30,85.81,86.03,85.16,85.87,2750385.0,432308192.0
2009-11-02,85.0,87.23,84.71,87.18,3202027.0,506826784.0
2009-11-03,87.18,87.94,86.66,87.11,2011889.0,322722624.0
2009-11-04,87.11,88.82,86.63,88.55,3361238.0,543718720.0
2009-11-05,88.53,89.0,88.0,88.45,2002860.0,325198976.0
2009-11-06,88.87,88.91,87.34,87.74,2642166.0,427266656.0
2009-11-09,87.74,88.16,86.79,87.12,1847589.0,295938880.0
2009-11-10,87.41,88.05,86.63,87.37,3287833.0,527631008.0
2009-11-11,87.26,90.34,87.26,89.04,4275738.0,698929664.0
2009-11-12,89.06,91.32,88.92,90.72,4262095.0,706940288.0
2009-11-13,90.77,92.79,90.03,91.85,5010775.0,845848192.0
2009-11-16,92.01,95.64,92.01,94.74,4148038.0,721755712.0
2009-11-17,94.8,95.35,91.97,94.8,2939921.0,506410464.0
2009-11-18,94.16,95.02,93.09,93.15,1644019.0,282834432.0
2009-11-19,93.21,94.14,92.19,92.68,1710850.0,291816160.0
2009-11-20,92.64,92.9,91.79,92.0,2313306.0,391812960.0
2009-11-23,92.13,93.71,91.99,93.59,3533050.0,602278208.0
2009-11-24,94.2,96.5,92.41,92.54,4337935.0,757143616.0
2009-11-25,92.57,95.28,92.57,94.84,3223322.0,557388544.0
2009-11-26,95.29,95.29,91.75,91.8,2650131.0,452465248.0
2009-11-27,91.71,91.86,89.93,90.01,2466989.0,411859872.0
2009-11-30,90.98,95.04,90.12,94.75,4374659.0,749610432.0
2009-12-01,94.12,97.09,93.73,96.57,3957941.0,698056576.0
2009-12-02,96.57,96.68,94.74,95.97,2059622.0,362528928.0
2009-12-03,95.89,95.9,93.52,94.75,2500586.0,433467104.0
2009-12-04,94.75,94.75,92.09,93.11,3103525.0,530120192.0
2009-12-07,98.07,98.65,95.24,96.18,4568280.0,808969984.0
2009-12-08,96.2,96.98,94.53,95.11,2614410.0,456591104.0
2009-12-09,94.8,95.04,93.61,94.16,1782365.0,308029888.0
2009-12-10,94.81,95.1,93.92,95.03,1640437.0,284681536.0
2009-12-11,95.35,95.88,94.53,95.3,1659376.0,290069824.0
2009-12-14,95.62,95.62,94.18,95.01,2118208.0,368762144.0
2009-12-15,95.08,95.35,93.63,94.22,2079146.0,359287520.0
2009-12-16,94.2,94.21,91.97,92.3,3265028.0,555677952.0
2009-12-17,92.68,92.68,90.5,90.63,2795703.0,469717792.0
2009-12-18,90.45,90.49,89.08,90.04,1830917.0,302160704.0
2009-12-21,90.45,92.2,90.45,91.41,1812323.0,303592000.0
2009-12-22,91.64,91.81,90.17,90.92,1626432.0,271984512.0
2009-12-23,90.9,91.59,90.46,91.36,2091885.0,350286336.0
2009-12-24,90.99,94.77,90.89,93.96,3820366.0,655732992.0
2009-12-25,93.96,94.26,92.18,92.86,3184660.0,542382912.0
2009-12-28,92.73,93.69,92.35,92.84,2790543.0,474640192.0
2009-12-29,93.44,93.57,92.52,93.28,2152713.0,367265888.0
2009-12-30,93.44,93.44,91.53,92.12,4825415.0,815387584.0
2009-12-31,92.2,92.65,91.97,92.53,2993429.0,507306240.0
2010-01-04,93.71,93.71,92.25,92.59,4430488.0,753405632.0
2010-01-05,93.16,93.44,92.08,92.32,3151318.0,535720416.0
2010-01-06,92.07,92.35,90.61,90.86,3988903.0,666073283.0
2010-01-07,90.86,91.09,88.2,89.2,4882555.0,801445248.0
2010-01-08,89.36,89.36,87.23,88.27,3670209.0,593162176.0
2010-01-11,89.14,89.85,87.45,87.88,2446103.0,395563872.0
2010-01-12,87.97,90.54,87.51,90.25,3106340.0,509373871.0
2010-01-13,89.35,89.98,87.72,87.96,3792444.0,621261824.0
2010-01-14,88.27,92.19,88.27,91.83,4645464.0,775471616.0
2010-01-15,91.81,94.47,91.81,92.55,4593850.0,788328960.0
2010-01-18,92.62,93.86,92.57,93.16,2146153.0,368485888.0
2010-01-19,93.16,93.44,92.35,92.5,1781891.0,302797504.0
2010-01-20,92.58,92.71,90.34,90.4,2097295.0,353315680.0
2010-01-21,90.37,91.74,90.17,90.84,1725748.0,287779648.0
2010-01-22,90.77,91.15,88.21,89.43,2543294.0,416305088.0
2010-01-25,89.27,91.15,88.54,90.47,2323915.0,385581312.0
2010-01-26,91.68,92.72,89.68,90.83,3288916.0,553152640.0
2010-01-27,90.46,91.41,89.14,89.34,1931657.0,320765888.0
2010-01-28,89.28,92.82,89.08,92.19,3026752.0,507716288.0
2010-01-29,92.6,92.73,91.36,91.83,3717282.0,628192896.0
2010-02-01,92.01,92.4,91.0,92.02,2965594.0,499867008.0
2010-02-02,91.53,92.62,90.6,90.73,1549353.0,260426288.0
2010-02-03,90.56,91.59,89.46,90.41,2303465.0,382974400.0
2010-02-04,90.39,92.22,89.97,91.86,2247533.0,376703456.0
2010-02-05,91.32,93.65,90.99,93.31,2623430.0,445744672.0
2010-02-08,93.31,95.68,92.91,93.29,3149610.0,548228608.0
2010-02-09,93.71,94.44,92.91,93.23,1415124.0,243172992.0
2010-02-10,93.71,94.04,93.01,93.62,639814.0,109830208.0
2010-02-11,93.61,95.04,93.5,94.47,1494505.0,259254544.0
2010-02-12,94.79,94.91,93.82,94.31,934640.0,161899968.0
2010-02-22,94.26,94.31,92.12,92.12,1217808.0,207127840.0
2010-02-23,92.22,92.9,89.74,90.85,2356213.0,391601216.0
2010-02-24,90.86,91.86,90.17,91.49,990427.0,165405136.0
2010-02-25,90.94,92.62,90.94,91.67,1531396.0,258220832.0
2010-02-26,92.07,92.07,90.77,90.9,1033858.0,173028880.0
2010-03-01,90.69,91.24,90.44,90.58,2173474.0,361550336.0
2010-03-02,90.78,90.88,89.85,90.23,1718223.0,284524256.0
2010-03-03,90.44,90.58,89.86,90.26,1423286.0,235470736.0
2010-03-04,90.46,90.91,89.36,89.98,1416897.0,234440688.0
2010-03-05,89.98,90.15,89.51,89.58,977055.0,160821088.0
2010-03-08,89.62,89.89,88.7,88.91,2325944.0,380034368.0
2010-03-09,88.92,89.19,88.65,88.9,1234097.0,201437824.0
2010-03-10,88.96,89.19,88.76,89.17,1181406.0,192984032.0
2010-03-11,89.28,89.6,88.58,88.82,1351856.0,220769888.0
2010-03-12,88.82,89.18,88.04,88.22,1219227.0,197699616.0
2010-03-15,88.22,88.22,86.03,86.47,1580851.0,251338912.0
2010-03-16,86.47,86.99,86.03,86.6,776413.0,123284712.0
2010-03-17,86.62,87.49,86.58,87.45,1871093.0,298972352.0
2010-03-18,87.49,87.92,85.95,86.31,1472662.0,234364032.0
2010-03-19,86.57,86.82,86.09,86.5,1336163.0,212046432.0
2010-03-22,86.76,86.96,85.91,86.09,2300846.0,364454784.0
2010-03-23,85.98,86.35,85.5,85.69,1832990.0,288785280.0
2010-03-24,85.86,87.06,85.84,86.71,2017566.0,320611712.0
2010-03-25,86.58,86.58,85.98,86.03,981360.0,155141072.0
2010-03-26,86.18,87.66,86.13,86.99,2052737.0,328239744.0
2010-03-29,87.01,88.25,86.64,88.11,3147543.0,505626400.0
2010-03-30,88.13,88.24,86.9,87.18,1901210.0,304981152.0
2010-03-31,87.16,88.06,86.36,86.5,1490516.0,237596432.0
2010-04-01,86.51,87.45,86.5,87.21,2398083.0,383228768.0
2010-04-02,86.09,86.09,82.6,83.16,15428170.0,2359758848.0
2010-04-06,82.76,83.36,82.44,82.73,5312291.0,806704576.0
2010-04-07,82.75,83.28,82.39,82.89,4106108.0,623779264.0
2010-04-08,82.9,82.91,81.73,82.01,3292119.0,497205376.0
2010-04-09,81.73,82.05,80.52,81.26,5441818.0,809627264.0
2010-04-12,81.29,81.61,79.97,80.25,3851423.0,568871616.0
2010-04-13,80.31,82.27,80.04,81.66,5430527.0,807780224.0
2010-04-14,82.2,82.2,80.78,82.01,4636844.0,693802752.0
2010-04-15,82.08,82.08,80.09,80.35,4061730.0,602138304.0
2010-04-16,80.35,81.46,79.98,80.63,2939556.0,434500512.0
2010-04-19,80.64,81.48,79.47,79.64,4133219.0,609860416.0
2010-04-20,79.55,79.55,76.34,78.2,4938723.0,704502592.0
2010-04-21,78.19,80.75,77.21,80.65,6336587.0,922573376.0
2010-04-22,80.28,81.32,79.56,80.94,3706395.0,549560384.0
2010-04-23,80.64,81.51,77.97,78.37,6668694.0,972162176.0
2010-04-26,75.73,76.05,74.59,74.61,10703613.0,1480340480.0
2010-04-27,74.58,74.58,72.3,72.44,5823448.0,781868480.0
2010-04-28,71.92,72.68,71.38,71.99,2628743.0,347144544.0
2010-04-29,72.23,73.7,72.23,73.15,3450120.0,464124480.0
2010-04-30,71.61,71.61,69.6,70.3,8556670.0,1102902784.0
2010-05-04,69.74,70.59,69.14,70.09,2397516.0,308504576.0
2010-05-05,69.63,71.51,69.36,71.26,3383878.0,440483232.0
2010-05-06,71.38,71.38,69.36,69.39,2824034.0,364015616.0
2010-05-07,68.65,71.03,68.38,70.84,3125476.0,401357088.0
2010-05-10,71.92,74.1,71.92,72.76,6619258.0,888886080.0
2010-05-11,73.88,74.1,72.37,72.82,3363241.0,450668320.0
2010-05-12,72.62,73.01,70.83,72.56,2164319.0,285567360.0
2010-05-13,72.59,73.94,72.59,73.48,2704954.0,365164000.0
2010-05-14,73.49,74.16,73.01,73.53,1812616.0,245038800.0
2010-05-17,73.39,73.39,70.61,70.72,1764359.0,231880080.0
2010-05-18,70.83,71.36,68.75,70.89,2603747.0,334232096.0
2010-05-19,71.1,71.48,69.75,70.74,1079897.0,140244496.0
2010-05-20,70.53,72.64,70.29,71.64,2274045.0,300553536.0
2010-05-21,70.5,73.34,70.0,73.12,2734138.0,362007808.0
2010-05-24,73.55,74.37,73.17,74.08,2978347.0,404173632.0
2010-05-25,73.88,73.88,71.24,71.51,2205077.0,292444448.0
2010-05-26,71.65,72.28,70.92,71.89,1102531.0,145156080.0
2010-05-31,72.74,73.67,71.85,71.85,2354988.0,314717152.0
2010-06-01,71.78,72.72,71.1,72.26,2352557.0,311393504.0
2010-06-02,72.23,73.23,71.73,73.1,2188944.0,291694848.0
2010-06-03,73.55,74.37,72.68,73.57,2494942.0,338070624.0
2010-06-04,73.52,75.41,73.12,75.25,3003643.0,410658464.0
2010-06-07,74.64,77.52,74.1,76.86,3812507.0,535882240.0
2010-06-08,76.86,77.3,75.73,76.34,1439478.0,202331408.0
2010-06-09,76.4,77.7,76.32,77.05,1805393.0,255194304.0
2010-06-10,77.04,77.7,76.57,77.01,1178127.0,166835008.0
2010-06-11,77.13,77.64,75.49,75.58,1957275.0,274933792.0
2010-06-17,75.84,76.0,74.27,74.36,1252371.0,172316224.0
2010-06-18,74.11,74.54,71.38,72.06,2010229.0,270316832.0
2010-06-21,72.14,73.28,71.48,73.25,1895401.0,251513440.0
2010-06-22,72.61,72.98,71.59,72.02,2077910.0,275184096.0
2010-06-23,71.92,72.4,71.6,71.76,1281276.0,169174736.0
2010-06-24,71.87,72.18,70.66,70.81,2434403.0,317936256.0
2010-06-25,70.72,71.38,70.19,71.11,1901135.0,246313344.0
2010-06-28,70.94,70.95,69.64,69.75,1481698.0,190660624.0
2010-06-29,70.02,70.5,68.38,68.8,2778266.0,354061600.0
2010-06-30,68.65,69.47,68.46,69.39,1782412.0,225134752.0
2010-07-01,69.66,69.66,68.92,69.21,744969.0,94688256.0
2010-07-02,68.95,70.34,68.95,69.57,1645270.0,209978240.0
2010-07-05,69.57,69.73,68.5,69.19,1404074.0,176428080.0
2010-07-06,69.24,70.48,68.74,70.17,1530643.0,195146896.0
2010-07-07,70.17,70.67,69.57,70.02,878828.0,111689440.0
2010-07-08,69.9,70.67,69.9,70.57,851641.0,108893888.0
2010-07-09,70.71,72.7,70.23,72.08,2737851.0,357390432.0
2010-07-12,71.93,73.31,71.8,71.88,1783426.0,235347808.0
2010-07-13,71.9,71.9,70.67,71.25,743911.0,96225624.0
2010-07-14,71.16,72.13,70.96,71.63,964266.0,125763296.0
2010-07-15,71.77,73.25,71.69,72.5,1883333.0,248573680.0
2010-07-16,71.99,73.88,71.81,73.59,3294951.0,438987872.0
2010-07-19,73.17,74.9,73.09,74.68,1941232.0,261608080.0
2010-07-20,74.78,75.5,74.07,75.07,2688619.0,366053248.0
2010-07-21,75.07,77.21,75.07,75.83,2436302.0,338324512.0
2010-07-22,76.33,76.33,75.23,75.87,1622166.0,223560512.0
2010-07-23,75.99,77.55,75.99,77.38,3846600.0,539887872.0
2010-07-26,77.38,78.52,77.13,77.52,2201691.0,311555744.0
2010-07-27,77.05,78.19,77.05,78.09,2522904.0,357546816.0
2010-07-28,78.42,78.66,77.82,78.61,2774035.0,395352768.0
2010-07-29,78.6,78.7,76.53,76.67,4537287.0,636454912.0
2010-07-30,76.6,76.6,75.62,76.26,2943877.0,406203360.0
2010-08-02,76.24,79.89,76.24,78.95,4296573.0,614400256.0
2010-08-03,78.64,79.63,78.1,78.24,1757323.0,251858816.0
2010-08-04,78.09,79.3,77.94,79.2,1735013.0,249201024.0
2010-08-05,79.24,82.14,79.24,81.48,4196613.0,620781760.0
2010-08-06,81.28,81.83,80.95,81.5,2184053.0,323918720.0
2010-08-09,81.53,83.71,81.53,83.38,3870373.0,586147264.0
2010-08-10,83.38,84.47,80.57,80.71,2873994.0,427619904.0
2010-08-11,80.29,81.94,80.29,81.31,1519063.0,224550912.0
2010-08-12,81.28,83.54,80.41,81.9,3102587.0,463112768.0
2010-08-13,81.88,83.3,81.57,82.71,1577559.0,236758800.0
2010-08-16,82.72,84.3,82.72,84.09,2591045.0,395272896.0
2010-08-17,84.03,85.93,83.87,85.29,3574757.0,554777088.0
2010-08-18,85.23,86.02,83.76,84.05,3017378.0,464752256.0
2010-08-19,84.08,84.64,82.77,83.19,3543714.0,536485056.0
2010-08-20,83.15,83.15,81.66,81.88,2084159.0,311220160.0
2010-08-23,81.53,82.99,81.39,82.89,1321493.0,197952512.0
2010-08-24,82.67,84.14,82.0,83.27,1083825.0,164253360.0
2010-08-25,82.77,83.55,82.29,82.38,1650788.0,249067216.0
2010-08-26,82.44,82.8,81.67,82.7,1223254.0,183116480.0
2010-08-27,82.49,83.17,82.05,83.08,879939.0,132580368.0
2010-08-30,83.42,87.99,83.42,87.89,5378443.0,849497664.0
2010-08-31,87.18,88.54,86.83,87.57,3139997.0,501261376.0
2010-09-01,87.33,88.65,85.74,86.28,2558928.0,406904448.0
2010-09-02,86.89,89.14,86.82,87.99,2482198.0,399335616.0
2010-09-03,87.88,90.95,87.88,89.43,2776144.0,452832224.0
2010-09-06,90.19,92.72,90.19,91.69,2900844.0,485289344.0
2010-09-07,91.87,93.0,90.63,90.89,2237367.0,372434016.0
2010-09-08,90.74,92.12,90.74,91.56,1501080.0,250344688.0
2010-09-09,91.84,93.0,91.29,91.78,2150384.0,360593536.0
2010-09-10,92.12,93.44,91.57,93.21,1986768.0,335023680.0
2010-09-13,92.94,95.39,92.36,92.82,2806347.0,480493824.0
2010-09-14,92.8,93.61,91.07,92.0,2638343.0,441034016.0
2010-09-15,91.84,92.0,88.93,89.34,2103208.0,347008832.0
2010-09-16,89.15,90.22,86.28,87.63,2049773.0,327836608.0
2010-09-17,87.56,90.43,86.62,88.99,1797526.0,290800416.0
2010-09-20,89.57,91.29,89.09,90.55,1257607.0,206418544.0
2010-09-21,91.57,91.78,90.2,91.34,1494036.0,247684432.0
2010-09-27,91.35,92.94,90.91,92.85,1854846.0,310077024.0
2010-09-28,92.72,94.15,92.39,93.92,2258512.0,384574272.0
2010-09-29,93.71,94.34,91.85,91.93,1327200.0,225065392.0
2010-09-30,91.6,93.05,91.29,92.79,1457890.0,244719872.0
2010-10-08,92.94,96.52,92.94,95.43,3160889.0,549852992.0
2010-10-11,95.69,97.03,91.29,92.28,4374269.0,742024448.0
2010-10-12,92.29,93.48,90.35,91.62,2854304.0,473412992.0
2010-10-13,91.29,91.58,87.91,88.54,6028775.0,972450176.0
2010-10-14,88.55,88.71,86.24,87.13,5324373.0,842374784.0
2010-10-15,87.18,89.64,87.06,87.98,7209979.0,1152421888.0
2010-10-18,87.99,90.83,85.13,89.32,9656442.0,1522116992.0
2010-10-19,88.77,90.69,87.99,89.79,5344848.0,870135040.0
2010-10-20,88.05,92.89,88.04,92.07,4737289.0,788461632.0
2010-10-21,92.17,93.52,91.18,92.1,3762194.0,632118784.0
2010-10-22,92.11,94.37,91.66,92.45,4104654.0,697025664.0
2010-10-25,92.94,95.58,92.46,95.14,3619520.0,622609024.0
2010-10-26,95.03,95.08,92.4,92.95,2859063.0,484027264.0
2010-10-27,92.8,93.16,91.57,92.47,2891262.0,484076384.0
2010-10-28,92.34,92.56,91.69,91.86,1944068.0,325743872.0
2010-10-29,90.6,90.78,88.27,89.73,6546557.0,1064852160.0
2010-11-01,89.75,90.69,89.2,90.06,4965892.0,810910400.0
2010-11-02,90.48,90.48,88.87,89.46,6229217.0,1009953792.0
2010-11-03,89.64,91.1,88.82,89.84,4225317.0,693876480.0
2010-11-04,90.16,91.04,89.52,90.77,4462919.0,732196928.0
2010-11-05,90.91,91.29,89.81,90.18,3465491.0,569207552.0
2010-11-08,90.19,90.19,88.68,89.91,5689413.0,922801024.0
2010-11-09,89.97,91.62,89.49,91.22,6073790.0,1002019520.0
2010-11-10,91.62,100.34,91.57,98.84,15000509.0,2670067200.0
2010-11-11,100.09,100.09,95.75,96.75,7421720.0,1322968320.0
2010-11-12,96.54,103.44,96.53,97.63,12650029.0,2298576128.0
2010-11-15,100.09,103.39,100.09,101.02,7903878.0,1458250368.0
2010-11-16,102.29,102.29,95.97,97.45,7229177.0,1294350592.0
2010-11-17,96.74,96.74,90.08,90.74,8050906.0,1362362368.0
2010-11-18,91.59,94.03,91.29,93.21,4028604.0,680881280.0
2010-11-19,94.1,96.79,93.61,96.33,4895475.0,848958208.0
2010-11-22,96.18,100.3,95.58,98.17,4794081.0,857696512.0
2010-11-23,98.1,104.05,96.9,103.96,10846981.0,1995630336.0
2010-11-24,105.59,113.62,105.59,109.95,11079930.0,2220954880.0
2010-11-25,110.28,111.98,108.34,111.62,4557974.0,916382400.0
2010-11-26,111.62,116.96,110.33,113.97,6379942.0,1324934656.0
2010-11-29,112.88,122.09,112.88,119.03,6749939.0,1441023232.0
2010-11-30,118.99,118.99,110.17,112.64,6566539.0,1356812160.0
2010-12-01,111.64,114.39,110.0,111.31,3801622.0,773495040.0
2010-12-02,112.3,113.29,108.84,108.98,4294009.0,864862784.0
2010-12-03,108.89,111.91,108.73,109.88,4303732.0,863905856.0
2010-12-06,109.91,111.09,104.55,106.15,4328158.0,839963264.0
2010-12-07,105.53,109.33,104.41,108.65,3180480.0,621614976.0
2010-12-08,108.62,110.98,107.8,107.89,2833468.0,564539200.0
2010-12-09,107.79,108.22,105.76,107.38,2446140.0,474949024.0
2010-12-10,106.33,109.37,105.04,108.74,3958731.0,766519104.0
2010-12-13,108.62,108.62,106.42,108.34,5859283.0,1144043392.0
2010-12-14,108.51,110.82,108.23,108.84,6154272.0,1224103168.0
2010-12-15,108.89,111.82,108.89,110.38,4742380.0,953073600.0
2010-12-16,116.58,116.87,113.57,113.83,6681758.0,1396868352.0
2010-12-17,114.39,115.05,112.09,112.42,5176982.0,1060471104.0
2010-12-20,113.28,113.65,106.69,108.55,6855725.0,1361002112.0
2010-12-21,108.53,108.68,106.15,106.69,5935942.0,1153389568.0
2010-12-22,106.73,106.96,104.49,105.01,4415122.0,845830976.0
2010-12-23,104.96,105.98,104.49,104.88,3274389.0,626262016.0
2010-12-24,104.88,104.99,102.84,103.79,2940852.0,553596992.0
2010-12-27,103.94,104.49,100.26,100.64,4524640.0,844631488.0
2010-12-28,100.64,102.62,97.56,100.78,4817644.0,873676032.0
2010-12-29,100.7,102.33,100.09,102.29,3096760.0,569651392.0
2010-12-30,102.57,102.57,99.1,100.05,4177468.0,760950272.0
2010-12-31,99.98,101.35,99.57,101.15,4608487.0,843075712.0
2011-01-04,102.79,103.34,100.42,102.02,6046226.0,1116558336.0
2011-01-05,101.69,101.96,99.27,99.59,5819802.0,1064872704.0
2011-01-06,99.66,100.97,98.13,99.12,3758456.0,677984000.0
2011-01-07,99.09,99.92,98.17,98.84,3053380.0,548732352.0
2011-01-10,98.78,99.27,95.77,95.86,3878483.0,687881600.0
2011-01-11,95.52,96.52,94.16,95.45,4532210.0,787943040.0
2011-01-12,95.75,96.79,94.82,95.95,3132325.0,546334080.0
2011-01-13,96.52,99.54,95.96,98.71,4134174.0,740207616.0
2011-01-14,98.41,99.66,97.51,99.1,2577266.0,461741088.0
2011-01-17,98.83,100.2,96.25,96.57,3747516.0,673586240.0
2011-01-18,96.3,100.43,95.69,100.4,4096235.0,738283968.0
2011-01-19,100.4,100.96,99.6,100.55,2619867.0,478032608.0
2011-01-20,100.26,101.19,98.03,99.03,2452305.0,444085184.0
2011-01-21,98.88,99.82,96.6,96.73,2686737.0,479005920.0
2011-01-24,96.72,97.61,93.5,94.33,3477549.0,601577984.0
2011-01-25,94.03,94.81,93.49,93.88,1723864.0,294978976.0
2011-01-26,94.05,95.69,94.05,94.67,1432571.0,247045168.0
2011-01-27,94.57,96.4,93.26,95.18,2944427.0,507387584.0
2011-01-28,95.15,95.76,94.8,95.33,1959143.0,339796032.0
2011-01-31,95.42,99.5,95.15,97.89,3244243.0,577621824.0
2011-02-01,97.89,100.01,97.62,99.15,1775846.0,319648608.0
2011-02-09,98.99,99.44,97.34,97.87,1767531.0,317003712.0
2011-02-10,97.53,102.29,97.51,101.76,3600875.0,656695296.0
2011-02-11,101.6,103.64,101.35,101.7,3400141.0,634257216.0
2011-02-14,101.7,103.39,101.14,102.9,3663915.0,681621632.0
2011-02-15,102.9,103.83,101.63,101.87,2971640.0,554140672.0
2011-02-16,101.75,102.29,99.93,101.02,3644018.0,667440832.0
2011-02-17,100.64,101.03,99.45,99.68,3636380.0,662075968.0
2011-02-18,99.43,101.99,99.16,100.08,3682873.0,676343232.0
2011-02-21,100.09,101.63,99.65,100.91,2728985.0,498811360.0
2011-02-22,100.91,101.88,99.54,100.03,3829380.0,701713024.0
2011-02-23,99.6,100.9,99.6,100.51,1942229.0,353816768.0
2011-02-24,100.41,100.9,99.61,100.17,2047631.0,373539584.0
2011-02-25,100.58,100.58,98.55,98.78,2941343.0,532482176.0
2011-02-28,98.61,98.69,96.79,98.27,3909310.0,693295744.0
2011-03-01,98.28,98.95,97.78,98.24,2305941.0,411728224.0
2011-03-02,98.0,98.44,96.8,97.46,3209550.0,569125312.0
2011-03-03,97.49,98.27,96.1,96.24,3773509.0,663456192.0
2011-03-04,96.24,97.22,95.97,96.75,3335119.0,587411584.0
2011-03-07,96.7,97.63,96.7,97.55,3355369.0,593119936.0
2011-03-08,97.58,97.67,96.13,97.19,3186955.0,560058560.0
2011-03-09,97.61,98.0,96.82,97.89,2297146.0,406818016.0
2011-03-10,97.88,101.3,97.55,100.09,5449213.0,991540416.0
2011-03-11,99.87,100.86,98.93,99.01,2334545.0,424871808.0
2011-03-14,98.73,101.19,98.5,100.58,2237298.0,408383264.0
2011-03-15,99.89,100.76,97.36,98.59,3089855.0,554199744.0
2011-03-16,98.77,100.63,98.61,100.0,2417624.0,438681952.0
2011-03-17,99.49,104.23,99.09,103.96,8852277.0,1653009408.0
2011-03-18,104.24,106.75,102.91,105.12,6148407.0,1175141376.0
2011-03-21,104.38,105.03,101.49,102.91,4865124.0,910057856.0
2011-03-22,103.6,104.48,101.85,102.15,2788755.0,521369664.0
2011-03-23,102.3,102.67,100.92,102.59,4288185.0,792668096.0
2011-03-24,102.46,102.59,100.92,100.94,2135318.0,393924352.0
2011-03-25,100.64,102.06,100.64,100.88,2790552.0,513404256.0
2011-03-28,100.94,101.41,99.26,99.49,4029587.0,731052992.0
2011-03-29,99.54,99.71,98.17,98.41,2652330.0,476995776.0
2011-03-30,98.41,99.13,98.06,98.28,2060299.0,368964864.0
2011-03-31,98.28,100.53,98.17,98.91,1752586.0,316949408.0
2011-04-01,98.98,99.73,98.19,98.69,1822749.0,326554080.0
2011-04-06,98.66,98.94,97.18,97.33,2877481.0,510620640.0
2011-04-07,96.9,97.34,96.12,96.21,4683074.0,820484800.0
2011-04-08,96.22,97.07,96.13,96.6,2182315.0,383817088.0
2011-04-11,96.49,98.25,96.3,97.61,2617314.0,463960288.0
2011-04-12,97.62,98.63,97.18,97.57,3494568.0,623251648.0
2011-04-13,97.51,98.44,97.35,98.07,2938919.0,522953568.0
2011-04-14,98.06,98.17,96.51,96.65,3662196.0,644626752.0
2011-04-15,96.78,97.34,93.92,94.8,5332701.0,919620928.0
2011-04-18,94.69,95.36,94.16,95.18,1960899.0,338287712.0
2011-04-19,95.18,96.04,94.31,95.35,2288067.0,395248448.0
2011-04-20,95.35,96.34,95.14,96.13,2250928.0,392495936.0
2011-04-21,96.24,97.67,96.08,96.16,2868434.0,505336032.0
2011-04-22,96.52,97.01,95.98,96.87,1450023.0,254794864.0
2011-04-25,98.99,101.79,98.72,100.67,7022553.0,1280812416.0
2011-04-26,100.64,100.92,99.48,99.64,3109542.0,565862144.0
2011-04-27,99.87,101.74,99.54,99.62,2774847.0,508713440.0
2011-04-28,100.15,100.41,97.78,98.12,2535717.0,455048064.0
2011-04-29,98.11,100.69,97.72,100.26,2208382.0,401140704.0
2011-05-03,100.64,102.73,100.09,102.21,4127082.0,764382848.0
2011-05-04,101.46,103.44,100.88,100.92,3252106.0,604784384.0
2011-05-05,100.92,103.12,100.65,101.71,2669349.0,496448128.0
2011-05-06,101.19,102.84,100.65,102.19,2396065.0,444808832.0
2011-05-09,102.61,103.11,101.14,101.28,1217595.0,225581744.0
2011-05-10,101.23,101.47,100.52,100.97,1591880.0,292606304.0
2011-05-11,100.65,102.46,100.65,101.89,1289667.0,238855456.0
2011-05-12,101.74,104.22,101.52,103.02,2502771.0,470405152.0
2011-05-13,103.03,103.94,102.02,103.2,1225320.0,229207568.0
2011-05-16,103.12,103.93,102.57,103.21,1150557.0,216417136.0
2011-05-17,102.85,104.66,102.29,103.19,2086644.0,393848448.0
2011-05-18,103.01,108.58,103.01,107.21,6216505.0,1212084736.0
2011-05-19,107.79,110.9,107.79,109.92,8573805.0,1716471168.0
2011-05-20,110.38,110.9,109.34,110.45,4004386.0,801739968.0
2011-05-23,109.99,111.5,108.34,108.36,3942088.0,783913344.0
2011-05-24,107.52,108.62,106.97,107.03,2399707.0,470085888.0
2011-05-26,107.13,111.53,107.13,109.27,3897036.0,779314752.0
2011-05-27,109.92,110.42,106.26,106.55,3172958.0,626618176.0
2011-05-30,105.69,111.41,105.46,111.38,4728600.0,942388992.0
2011-05-31,111.45,112.18,110.71,112.08,3385483.0,685945984.0
2011-06-01,112.25,115.48,111.65,115.43,3909376.0,813188032.0
2011-06-02,114.67,115.3,111.97,113.62,3958543.0,818432000.0
2011-06-03,113.3,116.98,113.3,116.38,2948396.0,618505280.0
2011-06-07,116.58,116.58,113.44,114.32,2687617.0,559703872.0
2011-06-08,114.14,115.33,111.96,114.8,2507047.0,517190784.0
2011-06-09,114.42,114.56,110.96,110.99,3617970.0,737042688.0
2011-06-10,110.82,112.46,109.88,111.4,3427917.0,692444736.0
2011-06-13,111.37,112.14,109.33,110.81,2800457.0,562464128.0
2011-06-14,110.8,112.73,110.27,112.44,3748788.0,758192896.0
2011-06-15,112.2,112.45,111.2,111.76,1640856.0,333131872.0
2011-06-16,111.2,112.9,110.11,111.65,1773147.0,359795616.0
2011-06-17,111.92,115.48,111.45,114.74,3341100.0,690941504.0
2011-06-20,114.45,114.54,110.54,111.89,2990915.0,611059072.0
2011-06-21,111.11,112.65,111.11,111.81,1273817.0,259198208.0
2011-06-22,111.75,114.1,111.75,113.25,1618853.0,333499808.0
2011-06-23,112.91,115.05,112.74,114.38,2028098.0,421820416.0
2011-06-24,114.31,115.57,112.93,113.53,3706850.0,770684608.0
2011-06-27,113.95,114.92,113.17,114.54,2319042.0,480816704.0
2011-06-28,114.94,116.52,113.96,115.74,2554048.0,536916032.0
2011-06-29,115.97,117.07,114.34,116.01,1959670.0,412274528.0
2011-06-30,115.5,117.31,115.5,116.94,3270121.0,694508288.0
2011-07-01,117.73,117.73,116.14,117.19,1581050.0,302002752.0
2011-07-04,116.94,118.23,116.69,118.04,4633841.0,888995968.0
2011-07-05,118.03,118.04,116.07,117.07,2705785.0,516722464.0
2011-07-06,116.8,117.42,116.26,116.85,1975377.0,377527552.0
2011-07-07,116.81,119.92,116.81,118.71,4095675.0,793379776.0
2011-07-08,118.86,119.55,118.0,118.69,1718381.0,333151328.0
2011-07-11,118.68,121.13,118.31,120.37,2561574.0,502438496.0
2011-07-12,120.06,120.37,118.42,118.48,2848826.0,554927104.0
2011-07-13,118.7,119.55,118.25,119.0,2210907.0,429986688.0
2011-07-14,119.0,119.13,117.91,118.18,2482217.0,480420224.0
2011-07-15,117.78,119.74,117.78,119.35,1776389.0,346071488.0
2011-07-18,119.38,122.58,119.38,121.68,2852341.0,566196224.0
2011-07-19,121.64,122.33,120.6,121.6,2027661.0,403182848.0
2011-07-20,122.31,122.61,121.4,122.25,1896708.0,378689408.0
2011-07-21,122.42,125.68,122.31,124.41,4767686.0,968173568.0
2011-07-22,124.25,127.74,124.25,126.15,4986088.0,1029115264.0
2011-07-25,126.59,127.01,123.85,124.55,3526043.0,720951296.0
2011-07-26,124.45,124.75,123.54,124.49,2479175.0,503434816.0
2011-07-27,124.69,126.9,123.94,124.95,3067625.0,630035072.0
2011-07-28,124.69,127.14,123.54,127.05,2292323.0,468616896.0
2011-07-29,126.9,126.9,125.55,126.4,1910416.0,394180480.0
2011-08-01,126.8,126.8,124.03,124.38,1857289.0,378447552.0
2011-08-02,123.66,123.99,121.43,122.99,2784958.0,555745792.0
2011-08-03,121.83,124.03,121.7,123.41,1706132.0,344076864.0
2011-08-04,123.84,125.79,123.41,125.36,1777327.0,363287264.0
2011-08-05,122.36,125.74,122.36,124.23,2131985.0,433966208.0
2011-08-08,122.93,125.43,121.09,122.11,3688434.0,740883136.0
2011-08-09,120.14,124.15,118.03,122.99,3692433.0,726671488.0
2011-08-10,123.78,126.28,122.16,125.8,3843626.0,782644224.0
2011-08-11,124.76,131.85,124.76,131.3,6194915.0,1301728256.0
2011-08-12,131.49,133.08,130.26,132.57,3946631.0,851693632.0
2011-08-15,132.83,133.8,129.6,130.45,2945063.0,630341312.0
2011-08-16,130.66,131.66,127.37,128.24,3749156.0,788423424.0
2011-08-17,128.43,129.34,127.65,128.34,1355328.0,284382048.0
2011-08-18,128.01,128.34,126.2,127.33,2934173.0,609082944.0
2011-08-19,126.53,128.52,126.32,128.37,3748808.0,780729984.0
2011-08-22,128.49,128.98,124.51,124.95,2816438.0,581020736.0
2011-08-23,124.75,126.1,124.39,125.33,2357921.0,482616544.0
2011-08-24,125.37,127.2,124.81,125.86,1795707.0,370146592.0
2011-08-25,126.9,127.51,125.38,126.85,3008305.0,623188928.0
2011-08-26,126.83,130.26,126.5,130.19,2274888.0,477352672.0
2011-08-29,129.65,132.09,128.12,131.65,2608244.0,558335936.0
2011-08-30,131.79,132.97,130.27,131.38,2881601.0,619557312.0
2011-08-31,133.81,134.24,131.18,131.35,5001461.0,1079339648.0
2011-09-01,131.3,131.78,128.73,129.33,2568961.0,544632832.0
2011-09-02,128.95,129.77,128.37,129.57,1383257.0,292111776.0
2011-09-05,129.16,129.27,126.29,126.76,2734484.0,569905664.0
2011-09-06,125.98,127.39,123.71,124.15,3209469.0,656690816.0
2011-09-07,124.51,127.13,124.45,126.95,2008770.0,412012256.0
2011-09-08,127.21,127.81,125.75,125.9,1318267.0,274052384.0
2011-09-09,126.32,128.23,124.75,126.64,1422719.0,294079488.0
2011-09-13,125.12,125.98,122.97,123.31,1894913.0,384543776.0
2011-09-14,124.15,124.32,118.75,121.06,4762579.0,940641408.0
2011-09-15,121.09,122.44,120.95,121.39,1912200.0,380380032.0
2011-09-16,122.0,124.23,121.09,124.1,1802927.0,361574720.0
2011-09-19,124.58,125.06,123.49,123.98,1535204.0,311793472.0
2011-09-20,123.96,123.96,122.01,122.83,1278463.0,256651648.0
2011-09-21,122.81,125.39,122.62,124.98,2464016.0,501953376.0
2011-09-22,124.15,124.69,120.66,120.88,2433610.0,489514720.0
2011-09-23,118.7,119.87,116.13,118.67,7653720.0,1476263552.0
2011-09-26,117.33,118.8,114.97,115.05,4221118.0,803193664.0
2011-09-27,116.18,117.2,114.77,115.87,2474981.0,468028768.0
2011-09-28,116.69,116.69,113.89,114.44,3238984.0,611544832.0
2011-09-29,113.08,116.81,113.08,114.42,3003061.0,563567680.0
2011-09-30,114.46,116.87,114.46,116.56,1826966.0,346902272.0
2011-10-10,116.74,117.3,114.75,114.97,1428391.0,270790784.0
2011-10-11,117.41,117.41,111.92,114.34,2058625.0,387171392.0
2011-10-12,114.06,117.79,112.79,117.44,2977855.0,563092928.0
2011-10-13,117.44,119.16,116.2,117.46,2396172.0,460883872.0
2011-10-14,116.84,117.9,116.07,117.08,1246836.0,238319744.0
2011-10-17,117.52,120.79,117.18,120.56,2600851.0,509046240.0
2011-10-18,119.46,121.93,119.26,120.12,2278575.0,451487840.0
2011-10-19,120.74,123.23,120.48,121.16,2265785.0,451701344.0
2011-10-20,120.48,121.43,116.56,116.87,2931263.0,569297344.0
2011-10-21,116.6,119.26,116.6,118.88,1711645.0,330777248.0
2011-10-24,119.74,122.99,118.89,122.65,3239068.0,638275456.0
2011-10-25,121.82,124.35,121.82,122.69,3204192.0,643502592.0
2011-10-26,122.24,123.59,121.52,123.45,2949276.0,591834112.0
2011-10-27,123.57,124.98,123.25,123.54,2010454.0,407006048.0
2011-10-28,124.46,126.47,124.46,125.38,2605660.0,533715360.0
2011-10-31,125.55,126.09,123.95,124.89,2812199.0,574616384.0
2011-11-01,124.26,126.9,123.85,126.71,2714739.0,559038592.0
2011-11-02,125.34,128.21,125.13,128.17,2664701.0,550968576.0
2011-11-03,129.08,129.35,126.7,126.77,3046590.0,636306560.0
2011-11-04,127.13,128.43,126.18,127.06,1854675.0,384686880.0
2011-11-07,127.33,127.63,126.32,126.47,1657390.0,344437184.0
2011-11-08,127.0,127.16,124.75,125.22,2554641.0,525028352.0
2011-11-09,125.31,126.39,123.84,124.83,2469607.0,506506688.0
2011-11-10,124.32,125.74,124.23,125.38,1461770.0,298980864.0
2011-11-11,125.38,125.46,124.17,124.74,1169264.0,238543936.0
2011-11-14,125.67,127.3,124.88,126.75,1798624.0,371343616.0
2011-11-15,126.96,127.17,124.15,124.72,1778226.0,364242656.0
2011-11-16,124.73,124.73,122.25,122.78,2954580.0,592948928.0
2011-11-17,122.83,124.51,122.5,123.44,1558904.0,315328832.0
2011-11-18,123.46,124.07,122.13,122.66,1990746.0,401272256.0
2011-11-21,122.74,124.39,122.38,122.85,1838975.0,370926336.0
2011-11-22,122.86,126.53,122.68,126.03,3565252.0,729198912.0
2011-11-23,125.75,128.0,125.75,127.88,3153785.0,656169792.0
2011-11-24,127.57,127.93,126.9,127.02,2655899.0,554286400.0
2011-11-25,127.05,130.47,126.59,128.42,4023570.0,848244736.0
2011-11-28,128.62,131.35,128.01,130.8,5337998.0,1136929536.0
2011-11-29,130.75,132.15,129.53,129.99,4135500.0,884545024.0
2011-11-30,130.19,131.35,127.69,128.47,4026323.0,850997824.0
2011-12-01,130.39,131.6,128.59,130.17,3378549.0,719311296.0
2011-12-02,129.65,132.22,129.65,130.89,2726718.0,584935168.0
2011-12-05,131.15,131.15,126.23,126.42,3902560.0,816027264.0
2011-12-06,126.29,126.32,123.35,124.56,3715216.0,756470592.0
2011-12-07,124.58,126.29,124.58,125.8,2733376.0,562146752.0
2011-12-08,125.92,127.57,124.07,124.15,2466108.0,506265024.0
2011-12-09,124.06,124.67,122.13,122.2,3674573.0,737854848.0
2011-12-12,122.2,122.86,120.41,120.81,2952692.0,585362496.0
2011-12-13,120.43,121.08,119.85,120.02,2999583.0,591182080.0
2011-12-14,120.02,122.31,120.02,120.99,2081322.0,412444000.0
2011-12-15,120.4,121.63,119.29,120.47,2188003.0,430851264.0
2011-12-16,121.09,123.52,121.08,123.4,3064900.0,614353408.0
2011-12-19,122.91,123.16,121.88,122.92,2545636.0,510463392.0
2011-12-20,122.92,124.03,121.4,122.46,1710630.0,342834656.0
2011-12-21,123.03,123.22,120.47,120.62,2196281.0,437207584.0
2011-12-22,120.78,122.88,119.74,122.11,1744332.0,346785280.0
2011-12-23,122.25,123.17,121.7,122.78,1760956.0,353128160.0
2011-12-26,122.69,122.69,117.6,118.11,4699504.0,918253504.0
2011-12-27,118.03,118.03,115.17,115.6,3131498.0,594898816.0
2011-12-28,115.16,116.5,114.05,116.34,2773843.0,524088096.0
2011-12-29,115.65,117.96,115.65,117.55,2006213.0,384717984.0
2011-12-30,117.85,119.18,116.2,118.22,2946086.0,569875584.0
2012-01-04,117.11,117.89,113.14,113.3,3387828.0,637232832.0
2012-01-05,112.53,113.26,111.52,112.01,3012264.0,553347008.0
2012-01-06,111.98,115.0,111.09,114.14,2519062.0,464647456.0
2012-01-09,113.75,115.03,111.16,114.98,2616016.0,483282464.0
2012-01-10,114.36,119.05,113.82,118.94,3923560.0,749263296.0
2012-01-11,118.0,118.58,115.77,116.0,3989116.0,761167936.0
2012-01-12,115.33,117.15,115.33,116.41,2744036.0,522231552.0
2012-01-13,116.63,116.93,114.68,115.4,2054230.0,387615936.0
2012-01-16,114.6,114.6,107.43,108.5,5165579.0,933514112.0
2012-01-17,108.8,111.29,104.52,110.35,6122764.0,1077158912.0
2012-01-18,110.95,113.25,108.04,108.48,4729465.0,858725568.0
2012-01-19,108.79,111.06,107.34,110.51,2432942.0,437246144.0
2012-01-20,111.3,113.87,111.3,113.73,2968320.0,548292992.0
2012-01-30,113.74,114.36,111.95,112.41,3055021.0,563162752.0
2012-01-31,112.78,114.12,112.74,114.0,1585470.0,294490848.0
2012-02-01,113.87,115.29,113.07,113.84,2482436.0,464159680.0
2012-02-02,113.84,114.36,112.7,114.01,2037511.0,378596192.0
2012-02-03,114.03,114.12,112.22,114.04,2651789.0,490438848.0
2012-02-06,114.12,115.44,113.63,115.3,2974767.0,557205056.0
2012-02-07,114.55,115.25,113.38,113.67,1794210.0,334371744.0
2012-02-08,113.67,115.59,113.19,115.15,2308220.0,432175424.0
2012-02-09,114.97,116.9,114.77,116.66,3138479.0,596916608.0
2012-02-10,115.91,117.67,115.65,116.51,2227637.0,425266912.0
2012-02-13,115.89,119.36,115.38,118.29,2163921.0,416409696.0
2012-02-14,117.84,119.05,117.3,118.53,1514248.0,292922048.0
2012-02-15,117.87,119.81,117.87,119.13,2471409.0,481676736.0
2012-02-16,118.35,119.13,116.56,117.25,2201602.0,424963040.0
2012-02-17,118.57,118.57,116.42,117.08,1228791.0,235751776.0
2012-02-20,118.01,118.44,116.69,116.72,1853002.0,356774752.0
2012-02-21,117.29,117.78,116.44,117.39,1378929.0,264260512.0
2012-02-22,117.89,118.34,116.8,117.89,2235227.0,429952032.0
2012-02-23,117.74,119.28,117.74,118.83,3343326.0,649316736.0
2012-02-24,118.75,121.22,118.74,121.14,2394408.0,471970592.0
2012-02-27,121.57,122.33,120.78,121.4,2656235.0,528808000.0
2012-02-28,121.96,122.89,121.43,122.77,2569800.0,514122720.0
2012-02-29,122.92,125.37,122.62,125.04,3943224.0,802601088.0
2012-03-01,124.47,125.66,123.77,123.89,1692079.0,345438336.0
2012-03-02,123.92,124.58,122.01,122.86,3521672.0,706746816.0
2012-03-05,122.83,122.85,121.46,122.22,3055381.0,609500928.0
2012-03-06,121.7,122.22,119.87,119.9,3147400.0,621286464.0
2012-03-07,119.08,119.62,118.02,118.11,2919886.0,567286784.0
2012-03-08,118.16,119.93,118.02,118.91,2357465.0,458505184.0
2012-03-09,119.07,122.39,118.77,122.27,2923934.0,578119744.0
2012-03-12,122.39,123.3,121.72,122.64,2568162.0,514548192.0
2012-03-13,122.37,124.33,122.37,123.33,1831624.0,370157888.0
2012-03-14,123.29,124.79,121.09,121.5,4069986.0,820433728.0
2012-03-15,121.73,123.78,121.46,121.66,2809496.0,562966976.0
2012-03-16,122.8,127.21,122.5,126.95,5158356.0,1060740608.0
2012-03-19,127.08,129.39,125.72,126.99,4563576.0,952934080.0
2012-03-20,126.93,127.88,126.05,127.05,2340021.0,486464288.0
2012-03-21,127.08,127.82,124.67,125.43,2952771.0,607930944.0
2012-03-22,124.95,126.53,124.94,125.58,833187.0,171049552.0
2012-03-23,126.9,129.99,126.9,129.66,5487370.0,1159278464.0
2012-03-26,129.11,132.04,129.1,131.61,3765379.0,807094336.0
2012-03-27,128.56,129.03,122.92,123.23,7910614.0,1635757952.0
2012-03-28,121.7,125.37,121.28,123.17,5546101.0,1116354688.0
2012-03-29,122.8,125.68,122.31,123.02,3698279.0,751200384.0
2012-03-30,123.02,124.14,119.26,120.45,3795990.0,749355392.0
2012-04-05,119.93,126.23,119.93,125.98,4096098.0,831105664.0
2012-04-06,125.75,127.25,125.69,127.19,2672989.0,553033024.0
2012-04-09,126.93,128.38,125.74,127.98,1447453.0,300301664.0
2012-04-10,127.99,128.29,125.44,127.27,1664063.0,344431360.0
2012-04-11,125.37,129.35,124.46,127.73,3146072.0,655577472.0
2012-04-12,127.73,129.97,126.4,129.91,2842297.0,597232640.0
2012-04-13,129.96,130.91,129.28,130.28,2052730.0,436617440.0
2012-04-16,129.96,131.73,129.4,130.16,2089329.0,447725408.0
2012-04-17,130.17,130.27,128.43,128.54,1787226.0,377050656.0
2012-04-18,128.68,131.36,128.43,130.79,2281545.0,485407328.0
2012-04-19,130.74,131.1,127.09,128.11,2182370.0,459867200.0
2012-04-20,127.39,130.48,127.39,129.96,1704631.0,360265728.0
2012-04-23,129.48,131.04,128.34,129.55,1328165.0,281175040.0
2012-04-24,129.77,130.27,128.39,129.36,2178206.0,459834816.0
2012-04-25,129.93,130.42,128.43,130.21,1552942.0,329552768.0
2012-04-26,131.03,132.71,130.57,132.52,3501976.0,753334272.0
2012-04-27,132.52,137.9,132.52,137.33,4272823.0,954712960.0
2012-05-02,138.21,138.56,135.77,138.2,3533975.0,793434496.0
2012-05-03,138.2,139.01,136.75,138.64,2565446.0,579082880.0
2012-05-04,138.52,143.64,138.52,143.11,3187943.0,734789696.0
2012-05-07,143.6,145.41,142.67,143.42,3424466.0,805751872.0
2012-05-08,143.38,143.63,140.28,143.17,3666491.0,851128768.0
2012-05-09,141.34,142.28,138.95,141.17,3290959.0,756259712.0
2012-05-10,141.27,141.27,138.79,139.25,3057404.0,697959424.0
2012-05-11,139.44,139.74,138.15,139.25,2326071.0,528011712.0
2012-05-14,139.44,139.44,134.92,135.88,3879704.0,863502656.0
2012-05-15,135.22,136.78,134.61,136.45,1616874.0,359784512.0
2012-05-16,136.35,136.62,133.32,134.56,2813954.0,619595456.0
2012-05-17,134.62,135.4,133.69,134.49,3417233.0,751957376.0
2012-05-18,133.73,134.53,132.04,133.27,2627778.0,571816896.0
2012-05-21,133.06,137.31,133.06,136.5,2884345.0,638767872.0
2012-05-22,137.61,141.58,137.61,140.22,4145847.0,951034112.0
2012-05-23,140.2,141.94,139.44,140.95,2472263.0,570787776.0
2012-05-24,140.54,142.35,133.25,134.69,5374347.0,1201209600.0
2012-05-25,134.69,135.08,132.1,133.68,3056929.0,667952256.0
2012-05-28,133.33,138.15,133.2,137.9,2783372.0,618961088.0
2012-05-30,139.14,140.65,138.83,139.84,2570070.0,587866112.0
2012-05-31,139.56,145.43,139.44,144.75,3736705.0,877484800.0
2012-06-01,145.55,148.61,144.76,147.0,3850434.0,923904320.0
2012-06-04,145.55,148.6,144.62,144.65,2432761.0,581257536.0
2012-06-05,145.23,147.88,145.07,147.26,2456131.0,588242240.0
2012-06-06,147.39,148.0,144.58,144.68,1872894.0,445576928.0
2012-06-07,145.79,147.18,144.82,145.54,1967730.0,470452064.0
2012-06-08,146.16,146.89,144.33,146.15,1728624.0,411908864.0
2012-06-11,146.1,146.92,142.74,144.05,3306123.0,780468480.0
2012-06-12,143.23,144.63,141.96,143.01,1637252.0,382922336.0
2012-06-13,143.41,146.27,142.56,146.16,2046347.0,485626144.0
2012-06-14,145.55,150.32,145.08,149.58,2870473.0,698222400.0
2012-06-15,149.85,150.7,146.63,148.84,1985984.0,483582944.0
2012-06-18,148.86,151.86,148.86,150.73,1953835.0,482525472.0
2012-06-19,149.9,151.77,147.97,149.04,1729994.0,423906496.0
2012-06-20,149.12,149.46,148.0,148.95,1139346.0,277398336.0
2012-06-21,148.95,148.98,146.04,146.64,1703403.0,409685088.0
2012-06-25,145.61,147.97,145.25,145.31,1843405.0,440645792.0
2012-06-26,145.06,146.09,142.26,145.46,2612247.0,615182464.0
2012-06-27,145.55,148.19,145.55,147.94,2325714.0,559606592.0
2012-06-28,147.93,148.0,144.32,144.41,2221341.0,529704800.0
2012-06-29,143.94,147.39,143.94,146.26,2322419.0,555873152.0
2012-07-02,146.78,149.8,144.34,147.91,2573126.0,622505536.0
2012-07-03,147.57,155.95,147.39,155.91,5015863.0,1255671552.0
2012-07-04,157.17,158.95,154.11,158.19,4503524.0,1155572224.0
2012-07-05,156.28,157.77,154.77,156.32,2274937.0,572395264.0
2012-07-06,156.5,162.73,155.42,161.5,3915883.0,1005403264.0
2012-07-09,161.43,163.37,158.17,158.23,2852711.0,736832320.0
2012-07-10,158.09,159.76,155.21,155.54,2698710.0,683253824.0
2012-07-11,155.86,160.47,154.28,160.27,3200994.0,808688576.0
2012-07-12,160.33,164.61,158.4,159.06,3727302.0,968810624.0
2012-07-13,158.81,163.99,158.58,163.18,2954811.0,769107520.0
2012-07-16,162.81,165.28,162.68,162.9,2953356.0,779744576.0
2012-07-17,161.5,162.12,157.35,157.63,3603098.0,925218304.0
2012-07-18,157.53,158.96,149.02,152.16,7404692.0,1815273728.0
2012-07-19,151.56,154.39,150.97,152.94,2658099.0,654750784.0
2012-07-20,152.49,155.75,150.87,150.99,2605464.0,644548800.0
2012-07-23,149.0,151.23,148.46,150.68,1981140.0,477867232.0
2012-07-24,149.46,157.89,149.46,154.91,3437214.0,853488576.0
2012-07-25,155.29,158.89,154.99,158.74,2617022.0,664005632.0
2012-07-26,158.33,161.19,155.1,155.56,2341879.0,594576384.0
2012-07-27,155.84,156.53,153.3,154.95,1842165.0,458534528.0
2012-07-30,154.82,156.91,153.77,155.19,1749531.0,439211392.0
2012-07-31,154.98,157.78,152.84,153.08,1946572.0,487548448.0
2012-08-01,152.92,154.44,150.25,150.97,2671517.0,654397888.0
2012-08-02,151.01,152.49,149.79,150.42,1705477.0,414452992.0
2012-08-03,150.63,153.43,150.43,153.4,1647273.0,403397216.0
2012-08-06,153.2,155.04,152.31,154.56,1732099.0,428757440.0
2012-08-07,154.56,157.01,154.12,156.47,1811918.0,454543104.0
2012-08-08,156.82,157.78,154.67,157.03,1489341.0,375890816.0
2012-08-09,156.41,162.53,156.04,162.07,3067240.0,789861696.0
2012-08-10,155.91,158.21,151.58,154.18,9122580.0,2273430528.0
2012-08-13,154.35,155.09,153.3,154.05,2303706.0,572237184.0
2012-08-14,154.05,155.28,152.19,153.74,1878686.0,465808768.0
2012-08-15,153.41,153.68,151.25,151.64,2272348.0,556345600.0
2012-08-16,151.73,152.5,148.5,148.63,3148258.0,758259712.0
2012-08-17,148.1,148.1,141.94,142.63,5907195.0,1365745664.0
2012-08-20,142.63,144.53,140.37,144.51,2405208.0,554470080.0
2012-08-21,144.53,149.02,144.53,146.46,2632324.0,624105408.0
2012-08-22,147.17,147.17,142.87,144.22,2042310.0,473902048.0
2012-08-23,144.05,144.05,140.43,141.79,2795600.0,639443968.0
2012-08-24,141.13,144.68,141.04,144.04,2167620.0,500922592.0
2012-08-27,143.18,143.26,141.1,141.94,2089940.0,478778016.0
2012-08-28,142.25,143.23,139.77,140.09,2029476.0,461461664.0
2012-08-29,139.76,139.76,135.89,136.13,3042567.0,674492608.0
2012-08-30,134.79,136.15,132.62,135.34,4834871.0,1046698752.0
2012-08-31,135.41,137.9,134.92,136.51,2248472.0,496296864.0
2012-09-04,147.22,147.84,143.49,145.0,11150873.0,2606767872.0
2012-09-05,144.42,145.95,144.11,145.39,2749049.0,643292480.0
2012-09-06,145.51,145.66,142.31,143.95,2079419.0,481683552.0
2012-09-07,144.86,150.94,144.86,150.07,4281280.0,1023079168.0
2012-09-10,150.14,152.81,148.63,150.12,2816965.0,683513920.0
2012-09-11,149.27,149.27,147.82,148.91,1613572.0,385605472.0
2012-09-12,150.01,153.12,148.4,149.24,2902325.0,703237248.0
2012-09-13,149.36,150.04,148.02,149.07,1429423.0,342849632.0
2012-09-14,149.7,152.28,148.53,152.04,2458683.0,597041984.0
2012-09-17,152.19,153.23,149.82,149.89,2001452.0,488152576.0
2012-09-18,149.57,151.0,148.77,149.28,1827708.0,441080160.0
2012-09-19,148.79,149.7,142.96,143.84,4099132.0,958082560.0
2012-09-20,143.43,144.6,142.18,142.27,2151753.0,496309728.0
2012-09-21,141.82,144.73,141.7,143.23,1567968.0,361373280.0
2012-09-24,142.25,144.72,141.67,144.33,1763483.0,408195808.0
2012-09-25,144.4,148.2,143.8,148.15,2623050.0,619272064.0
2012-09-26,147.84,149.43,145.17,146.51,2036267.0,482230816.0
2012-09-27,145.97,150.06,145.68,149.51,2714042.0,650222912.0
2012-09-28,148.47,152.78,148.46,152.68,3128344.0,760146560.0
2012-10-08,152.37,152.37,147.51,149.04,2360828.0,566527552.0
2012-10-09,149.69,152.22,149.1,151.66,2341089.0,569554624.0
2012-10-10,150.94,152.08,149.55,151.45,1345670.0,327126304.0
2012-10-11,150.54,151.41,149.78,150.28,1062599.0,257483488.0
2012-10-12,150.71,152.05,150.15,151.26,1174212.0,285916672.0
2012-10-15,152.04,153.58,152.04,152.63,1888333.0,464547296.0
2012-10-16,152.25,155.96,152.25,155.17,2773791.0,690466816.0
2012-10-17,155.17,155.6,153.99,154.53,1598080.0,397637472.0
2012-10-18,154.82,158.09,154.67,156.05,2227806.0,561905408.0
2012-10-19,156.07,158.37,156.07,157.15,1862954.0,472389440.0
2012-10-22,156.96,157.48,153.92,155.63,1911744.0,478244288.0
2012-10-23,155.79,155.79,151.94,152.0,1870276.0,461008032.0
2012-10-24,151.94,153.5,151.63,152.98,1097208.0,269652768.0
2012-10-25,153.43,154.05,151.75,152.85,915980.0,225725456.0
2012-10-26,154.5,154.66,149.12,149.76,2455909.0,596652736.0
2012-10-29,150.07,151.32,148.49,150.21,1449080.0,349849280.0
2012-10-30,150.2,152.49,149.83,151.92,1561011.0,380664736.0
2012-10-31,151.89,154.01,151.35,153.64,1584535.0,390460768.0
2012-11-01,154.18,155.82,153.02,154.92,1819126.0,453437152.0
2012-11-02,154.79,155.6,152.98,154.27,1697481.0,420531712.0
2012-11-05,153.42,153.42,149.82,150.89,2266559.0,552311488.0
2012-11-06,150.58,150.58,146.28,146.55,4171323.0,991450624.0
2012-11-07,145.97,147.86,145.97,147.51,1621759.0,383915168.0
2012-11-08,146.59,147.18,145.26,145.41,1626181.0,382711584.0
2012-11-09,145.41,146.47,145.14,145.86,1167006.0,273825056.0
2012-11-12,145.97,146.46,142.18,143.77,2046433.0,472928288.0
2012-11-13,143.49,143.49,140.2,141.66,2044777.0,465306368.0
2012-11-14,141.86,143.49,140.69,143.27,1223848.0,280680256.0
2012-11-15,142.25,142.25,140.59,141.16,1140061.0,259657232.0
2012-11-16,140.88,140.97,138.21,139.39,1967713.0,441363648.0
2012-11-19,139.39,139.39,129.76,132.96,7048401.0,1508795008.0
2012-11-20,132.21,135.62,132.0,134.15,3807816.0,820492544.0
2012-11-21,134.08,136.53,131.56,135.82,3333464.0,719458112.0
2012-11-22,128.89,135.08,128.46,134.97,5152080.0,1093946880.0
2012-11-23,133.56,138.52,133.56,138.04,2984464.0,655947648.0
2012-11-26,137.53,137.77,133.86,134.82,2195475.0,478884320.0
2012-11-27,134.82,137.33,134.28,136.51,2045885.0,447807808.0
2012-11-28,136.19,136.19,134.79,135.66,1501708.0,328018464.0
2012-11-29,135.66,136.73,135.5,136.21,1567574.0,343521792.0
2012-11-30,136.16,136.16,132.44,134.18,2137137.0,459310336.0
2012-12-03,132.31,132.31,123.64,124.35,7937236.0,1620343296.0
2012-12-04,121.13,124.22,118.52,122.34,7870541.0,1534594304.0
2012-12-05,120.69,124.56,117.17,122.15,11170381.0,2172380160.0
2012-12-06,121.87,122.37,114.29,120.64,11756199.0,2244829184.0
2012-12-07,122.36,125.9,122.11,123.48,9950141.0,1983064704.0
2012-12-11,123.3,129.2,123.3,125.67,9223260.0,1869715840.0
2012-12-12,127.34,131.68,125.79,131.6,6432531.0,1327462784.0
2012-12-13,130.38,133.54,127.4,127.77,6199646.0,1297953920.0
2012-12-14,126.1,130.13,123.3,129.15,7892633.0,1609442048.0
2012-12-17,127.96,132.72,125.48,131.12,7136126.0,1488539520.0
2012-12-18,131.2,134.66,131.17,133.26,4694545.0,1005177408.0
2012-12-19,132.39,137.28,132.31,136.31,4756978.0,1039482944.0
2012-12-20,135.72,136.9,133.92,135.66,3443414.0,750851776.0
2012-12-21,135.22,136.03,134.07,134.54,2509281.0,544719360.0
2012-12-24,131.69,131.69,124.23,127.08,10005074.0,2054317696.0
2012-12-25,126.03,128.5,124.99,127.16,5953352.0,1218659200.0
2012-12-26,126.58,128.46,125.92,127.49,4486624.0,918674048.0
2012-12-27,127.52,130.13,126.56,128.94,6092624.0,1259078016.0
2012-12-28,128.95,133.91,128.95,131.87,5658924.0,1202787584.0
2012-12-31,132.5,133.43,128.18,129.84,5191483.0,1085776128.0
2013-01-04,131.69,131.69,127.34,128.54,5837034.0,1205796480.0
2013-01-07,127.89,127.89,125.79,126.9,4127139.0,840359808.0
2013-01-08,126.21,130.97,126.21,130.97,6528698.0,1362186112.0
2013-01-09,131.38,135.2,131.38,134.45,5374932.0,1159330304.0
2013-01-10,133.91,134.79,132.31,133.24,3052786.0,656830912.0
2013-01-11,132.76,133.64,130.37,131.23,3700999.0,784542976.0
2013-01-14,129.51,130.63,125.98,130.08,6818358.0,1410483968.0
2013-01-15,129.69,131.75,128.47,130.97,5263508.0,1103130880.0
2013-01-16,127.34,128.46,126.52,127.96,6950165.0,1427067136.0
2013-01-17,127.33,129.0,127.04,127.42,3620185.0,744614976.0
2013-01-18,128.05,128.26,124.3,126.57,5531807.0,1122848384.0
2013-01-21,125.97,125.97,121.93,122.56,7477928.0,1482664960.0
2013-01-22,121.63,124.06,117.4,123.51,7381541.0,1425054464.0
2013-01-23,121.75,123.93,120.38,123.6,5101393.0,1006483584.0
2013-01-24,122.93,124.29,121.0,121.72,5947438.0,1171137792.0
2013-01-25,117.4,119.14,115.6,117.43,8000786.0,1508197760.0
2013-01-28,115.54,116.65,110.57,110.88,15829058.0,2857092864.0
2013-01-29,109.32,111.8,106.84,110.67,11544787.0,2034723456.0
2013-01-30,109.98,113.36,109.75,111.88,7137678.0,1285436672.0
2013-01-31,112.55,112.93,110.42,111.13,3781623.0,678384704.0
2013-02-01,111.11,112.91,110.59,111.18,4526564.0,813241664.0
2013-02-04,111.81,112.4,108.08,108.78,6496402.0,1142311040.0
2013-02-05,108.67,114.6,107.96,114.56,8782540.0,1575281152.0
2013-02-06,114.9,114.96,113.05,114.25,4619517.0,849026112.0
2013-02-07,113.67,115.88,112.63,115.02,4856791.0,895061568.0
2013-02-08,115.01,117.03,114.48,116.69,4157253.0,778273792.0
2013-02-18,116.97,116.97,111.19,111.62,5656978.0,1024714880.0
2013-02-19,111.18,112.18,109.82,110.52,3773753.0,673362432.0
2013-02-20,109.95,111.8,108.72,110.5,3658226.0,650765312.0
2013-02-21,108.85,115.04,108.73,111.82,5383287.0,974530688.0
2013-02-22,112.43,115.91,112.43,115.28,6286418.0,1163340800.0
2013-02-25,114.29,115.13,111.97,112.49,3454909.0,629472576.0
2013-02-26,112.24,114.29,110.15,110.18,4375479.0,783158016.0
2013-02-27,109.7,111.0,109.05,109.8,3415815.0,602608256.0
2013-02-28,110.44,110.44,106.84,108.7,5678643.0,990766784.0
2013-03-01,108.27,109.3,107.46,107.97,3800345.0,661720768.0
2013-03-04,107.91,109.71,107.91,108.53,5207295.0,912360640.0
2013-03-05,108.96,109.61,108.0,108.7,3697471.0,648668800.0
2013-03-06,109.32,110.13,107.87,110.08,4922726.0,861725440.0
2013-03-07,111.42,117.15,111.39,114.21,8519062.0,1573676032.0
2013-03-08,115.54,116.47,114.09,114.37,3595978.0,667118400.0
2013-03-11,114.17,115.23,112.93,115.04,3496528.0,642927296.0
2013-03-12,115.54,115.6,111.81,113.16,2539365.0,465220576.0
2013-03-13,113.3,115.55,113.3,114.19,3076990.0,567812096.0
2013-03-14,113.36,114.77,110.98,111.15,3512400.0,635985856.0
2013-03-15,110.27,112.24,108.77,109.93,3596112.0,639236992.0
2013-03-18,109.88,109.88,104.47,105.26,7823153.0,1336285568.0
2013-03-19,104.48,105.49,102.19,102.6,6341403.0,1052322560.0
2013-03-20,102.65,105.96,101.93,105.54,7189498.0,1202347904.0
2013-03-21,105.29,105.29,102.99,103.6,6539272.0,1091400960.0
2013-03-22,103.41,105.54,102.93,105.01,4557863.0,767262016.0
2013-03-25,104.98,106.08,104.42,105.0,3196646.0,541959936.0
2013-03-26,105.04,106.35,104.61,105.52,3248009.0,551865792.0
2013-03-27,105.6,105.85,102.74,103.6,4766221.0,795809856.0
2013-03-28,103.16,104.47,100.82,103.62,4149090.0,685703936.0
2013-03-29,103.89,105.33,103.13,104.89,4771709.0,802924416.0
2013-04-01,104.41,104.64,102.23,102.46,2912880.0,483197216.0
2013-04-02,102.55,103.09,101.42,101.69,3252490.0,534554080.0
2013-04-03,101.67,102.49,101.36,101.78,2199050.0,360543776.0
2013-04-08,100.72,102.49,99.67,102.07,3773276.0,613230400.0
2013-04-09,101.8,102.43,101.06,101.62,2419465.0,396645792.0
2013-04-10,101.87,106.29,101.06,105.57,7085838.0,1194391168.0
2013-04-11,105.6,106.22,104.54,104.93,2972952.0,504695104.0
2013-04-12,104.93,108.33,104.67,106.98,5980006.0,1032119616.0
2013-04-15,107.01,107.87,105.61,107.3,2833673.0,487286240.0
2013-04-16,105.6,108.83,105.35,107.56,3913792.0,676673408.0
2013-04-17,107.83,111.05,107.8,110.87,4297408.0,760898368.0
2013-04-18,110.07,111.81,109.33,111.28,4195684.0,749007296.0
2013-04-19,111.44,111.73,109.88,111.33,3923838.0,701185024.0
2013-04-22,111.13,111.13,107.77,107.9,4274596.0,747616512.0
2013-04-23,107.77,108.69,106.65,106.72,3095262.0,535923136.0
2013-04-24,106.98,108.7,105.78,108.62,3040261.0,525381344.0
2013-04-25,108.09,110.29,107.6,109.76,2535969.0,446045088.0
2013-04-26,110.2,110.57,107.47,108.08,1630764.0,285787936.0
2013-05-02,107.46,107.49,105.0,106.29,2858679.0,489586432.0
2013-05-03,106.72,108.09,105.97,107.12,2146052.0,369986944.0
2013-05-06,107.46,110.55,106.83,110.44,3019639.0,529181408.0
2013-05-07,111.2,116.99,111.2,116.59,7102055.0,1305178752.0
2013-05-08,116.65,118.02,115.62,117.33,4241606.0,799534976.0
2013-05-09,117.56,122.49,117.56,122.48,7013468.0,1370326144.0
2013-05-10,122.38,124.8,121.75,122.44,4877659.0,970169984.0
2013-05-13,122.44,125.23,120.36,122.79,3257904.0,645155904.0
2013-05-14,121.81,122.43,118.03,118.76,3643160.0,701153984.0
2013-05-15,118.57,122.16,118.47,120.92,2326440.0,452499712.0
2013-05-16,120.51,124.55,119.26,121.03,4546227.0,893376384.0
2013-05-17,120.56,122.03,119.88,121.69,3355672.0,654713536.0
2013-05-20,122.24,123.29,120.79,121.13,3094406.0,605798016.0
2013-05-21,121.05,121.6,120.2,121.14,2310234.0,449227072.0
2013-05-22,121.53,124.61,121.19,123.9,4614964.0,917905216.0
2013-05-23,123.98,128.26,123.98,125.75,6224745.0,1272531712.0
2013-05-24,126.72,128.69,124.23,124.81,4507312.0,915894080.0
2013-05-27,125.46,125.54,122.99,125.25,2677812.0,536544416.0
2013-05-28,125.4,126.29,123.95,125.56,2367636.0,477386720.0
2013-05-29,126.1,128.5,125.07,125.16,3234002.0,659505344.0
2013-05-30,124.73,125.98,123.62,124.39,2501942.0,500916448.0
2013-05-31,124.84,125.1,122.37,122.43,2459056.0,490984256.0
2013-06-03,123.05,125.82,122.48,125.52,4025675.0,807356544.0
2013-06-04,125.66,127.52,125.26,125.29,4235692.0,862313600.0
2013-06-05,125.47,125.79,123.97,124.96,2372442.0,476555328.0
2013-06-06,124.98,127.21,124.98,125.26,3387735.0,688473472.0
2013-06-07,125.18,128.32,124.15,125.92,2547838.0,502253024.0
2013-06-13,125.19,127.34,123.19,124.92,4499864.0,876852224.0
2013-06-14,124.69,125.11,121.63,124.48,3251867.0,625711424.0
2013-06-17,124.64,125.1,121.39,121.57,2968927.0,568914688.0
2013-06-18,121.36,123.06,119.67,122.96,2737772.0,516512032.0
2013-06-19,122.47,125.43,120.75,125.0,2890918.0,556142144.0
2013-06-20,124.76,125.42,122.29,123.02,2558681.0,493350624.0
2013-06-21,121.93,125.67,120.3,122.65,3965419.0,762942592.0
2013-06-24,122.93,123.18,118.81,119.09,4080720.0,765344896.0
2013-06-25,119.05,122.09,112.94,121.8,5135249.0,952843648.0
2013-06-26,120.93,121.79,118.55,121.08,3290348.0,613847360.0
2013-06-27,121.08,123.41,120.68,121.63,3413576.0,651525184.0
2013-06-28,121.16,124.12,121.16,123.42,2807002.0,540002752.0
2013-07-01,123.2,125.09,122.56,124.65,2582852.0,498364224.0
2013-07-02,124.64,127.67,123.58,127.0,3345317.0,656544896.0
2013-07-03,127.61,128.19,125.83,127.01,3542464.0,702154048.0
2013-07-04,126.44,128.23,126.12,126.15,2421452.0,480333728.0
2013-07-05,126.33,127.91,126.33,126.47,1777954.0,351961184.0
2013-07-08,126.32,126.96,123.83,125.21,2411390.0,471887328.0
2013-07-09,125.94,125.94,122.36,123.22,2023361.0,390495520.0
2013-07-10,122.68,124.53,121.19,124.36,3324496.0,635969728.0
2013-07-11,124.82,126.07,123.2,125.73,4605661.0,897968896.0
2013-07-12,125.18,126.24,121.07,121.14,4299164.0,823551936.0
2013-07-15,121.5,121.97,118.65,120.59,3660735.0,683259584.0
2013-07-16,120.72,122.72,119.01,122.51,3701140.0,698456704.0
2013-07-17,122.22,122.41,119.85,119.93,2738846.0,517180736.0
2013-07-18,119.98,120.27,117.86,118.74,2569977.0,475329696.0
2013-07-19,118.7,118.7,111.98,112.93,7331922.0,1309145856.0
2013-07-22,112.7,113.62,111.03,112.2,2706232.0,472471712.0
2013-07-23,112.87,115.67,112.26,115.22,2875611.0,513622528.0
2013-07-24,115.1,115.1,111.06,112.03,4406723.0,772480640.0
2013-07-25,112.53,115.36,111.83,114.68,3954054.0,701690240.0
2013-07-26,113.56,114.07,112.21,112.26,1904567.0,334279520.0
2013-07-29,111.82,111.82,109.71,109.92,2688331.0,462873568.0
2013-07-30,109.26,109.89,106.24,108.06,4211397.0,708812288.0
2013-07-31,108.86,109.84,107.59,108.11,1459004.0,246901552.0
2013-08-01,109.06,110.67,108.47,110.28,2485259.0,426199168.0
2013-08-02,110.86,114.3,110.8,112.94,2924078.0,514840320.0
2013-08-05,112.94,113.41,111.57,112.6,1806507.0,316638080.0
2013-08-06,111.59,112.6,110.8,112.43,2656226.0,462053664.0
2013-08-07,112.15,114.63,111.46,113.16,2837775.0,501679200.0
2013-08-08,113.19,113.79,111.89,112.38,1607673.0,282184736.0
2013-08-09,112.57,112.98,109.67,110.89,2288924.0,396239808.0
2013-08-12,110.87,114.48,110.68,114.4,3939034.0,692000832.0
2013-08-13,114.21,115.81,113.24,115.45,2543583.0,453549728.0
2013-08-14,115.41,116.99,114.46,114.64,2172190.0,392821856.0
2013-08-15,114.75,116.26,113.81,113.86,1536566.0,274789280.0
2013-08-16,113.9,116.13,111.67,111.89,3497393.0,617783360.0
2013-08-19,112.53,112.86,110.99,112.39,1935761.0,337652096.0
2013-08-20,111.73,112.28,110.8,111.39,3125074.0,541646656.0
2013-08-21,112.28,112.37,110.61,112.08,2310320.0,401820448.0
2013-08-22,112.02,113.36,111.65,112.33,1550152.0,272139872.0
2013-08-23,112.9,112.91,110.03,110.99,1952964.0,338959488.0
2013-08-26,111.06,112.28,110.35,111.6,1688531.0,293255616.0
2013-08-27,111.49,111.49,110.35,111.09,2443655.0,422029088.0
2013-08-28,110.46,110.46,108.79,109.01,3060304.0,521639360.0
2013-08-29,109.07,109.29,107.86,108.09,2180402.0,368545664.0
2013-08-30,108.09,108.43,107.5,108.29,2586142.0,435606368.0
2013-09-02,103.17,103.17,97.46,97.47,22497074.0,3438418432.0
2013-09-03,96.88,98.03,95.6,97.3,12321105.0,1855978624.0
2013-09-04,97.52,98.52,97.26,97.59,7678998.0,1171694848.0
2013-09-05,97.43,98.03,95.79,96.41,7128326.0,1070129344.0
2013-09-06,96.3,96.82,96.09,96.42,3778366.0,567391488.0
2013-09-09,96.88,97.21,96.16,96.85,6927092.0,1042258752.0
2013-09-10,96.75,97.44,96.29,97.28,5409309.0,816720640.0
2013-09-11,97.36,98.02,96.24,97.89,6901293.0,1045733440.0
2013-09-12,97.93,98.29,97.01,97.35,4772311.0,725740672.0
2013-09-13,97.32,99.11,97.3,97.53,6825487.0,1044001984.0
2013-09-16,97.92,97.92,95.97,96.01,5887712.0,889024064.0
2013-09-17,95.6,95.72,90.15,90.66,10905797.0,1571781632.0
2013-09-18,90.46,91.35,89.5,91.04,6731766.0,949223040.0
2013-09-23,91.1,91.11,89.85,90.34,6540962.0,921212160.0
2013-09-24,90.46,91.27,87.7,87.77,9881915.0,1371542656.0
2013-09-25,87.61,88.22,85.34,86.72,6978901.0,943851520.0
2013-09-26,85.97,87.4,85.97,86.88,4722783.0,638421056.0
2013-09-27,86.93,87.36,85.84,86.01,3463925.0,465617856.0
2013-09-30,85.93,87.45,85.66,87.22,5046064.0,681360320.0
2013-10-08,87.1,88.15,86.09,87.69,5686725.0,773294144.0
2013-10-09,87.64,88.15,87.13,87.89,4081504.0,557664512.0
2013-10-10,87.9,88.14,87.42,87.92,2904552.0,397207808.0
2013-10-11,86.81,88.43,86.81,88.23,3645556.0,499830912.0
2013-10-14,88.51,89.65,88.1,89.6,5527479.0,767129536.0
2013-10-15,89.66,92.9,89.23,92.55,6927751.0,986261696.0
2013-10-16,93.86,94.76,91.17,92.54,9481320.0,1382754176.0
2013-10-17,92.77,93.54,92.07,92.51,4862119.0,703392000.0
2013-10-18,92.7,92.97,91.11,91.73,3557495.0,510349728.0
2013-10-21,92.07,93.22,91.23,93.09,4702298.0,677908672.0
2013-10-22,92.9,92.9,91.59,92.02,2458139.0,353140640.0
2013-10-23,91.91,92.82,91.24,92.19,2621511.0,375070080.0
2013-10-24,91.94,92.37,91.55,92.2,2625533.0,376580480.0
2013-10-25,91.75,91.75,87.0,87.72,5858415.0,807380224.0
2013-10-28,87.11,87.75,85.5,85.95,3214102.0,431472160.0
2013-10-29,86.07,86.4,84.37,85.2,3518294.0,468246848.0
2013-10-30,85.32,85.52,84.66,85.07,2534346.0,335579616.0
2013-10-31,85.11,87.58,85.01,86.68,3489343.0,471033920.0
2013-11-01,86.18,87.15,85.84,86.73,2215447.0,299057632.0
2013-11-04,86.9,87.88,86.79,87.47,1943628.0,264834000.0
2013-11-05,87.13,88.79,86.42,88.61,2784307.0,381603616.0
2013-11-06,88.72,90.47,88.22,89.6,4444925.0,619496960.0
2013-11-07,89.41,89.74,87.7,89.16,2135888.0,294635360.0
2013-11-08,88.92,89.82,87.26,87.35,2153743.0,298492256.0
2013-11-11,88.54,90.9,87.37,89.53,5232877.0,729491584.0
2013-11-12,89.45,93.25,89.21,92.93,6947801.0,997440448.0
2013-11-13,92.45,93.96,91.81,92.85,3188146.0,460888128.0
2013-11-14,93.03,93.03,90.91,92.43,2404202.0,344294688.0
2013-11-15,92.22,92.79,91.17,92.03,3359785.0,481164992.0
2013-11-18,92.39,92.94,91.62,92.06,4157171.0,596980160.0
2013-11-19,92.07,92.52,90.66,91.63,4116683.0,588099520.0
2013-11-20,91.58,91.7,90.72,91.14,2551780.0,362889664.0
2013-11-21,90.9,91.29,88.89,88.96,3299198.0,459524480.0
2013-11-22,88.96,89.4,88.53,88.84,2811090.0,389528928.0
2013-11-25,88.4,91.02,88.23,90.42,2618102.0,367831840.0
2013-11-26,90.46,91.0,89.68,89.81,1640604.0,230259504.0
2013-11-27,89.82,90.59,88.92,89.79,1567952.0,219358336.0
2013-11-28,89.81,91.52,89.81,91.0,2224051.0,315027616.0
2013-11-29,90.46,90.88,89.77,90.75,2042378.0,287184352.0
2013-12-02,89.83,90.0,87.58,87.76,4289240.0,591853952.0
2013-12-03,87.61,88.49,86.83,88.27,3288230.0,448934464.0
2013-12-04,88.19,89.19,87.62,88.85,3351042.0,463071200.0
2013-12-05,88.82,88.82,87.87,87.89,1932631.0,265765312.0
2013-12-06,87.75,89.24,87.26,89.02,2915072.0,402741312.0
2013-12-09,88.92,88.99,87.26,88.5,2537190.0,347999968.0
2013-12-10,88.22,88.47,87.38,87.87,2539266.0,347805536.0
2013-12-11,87.81,88.28,87.36,87.51,1986816.0,271716032.0
2013-12-12,87.47,88.12,87.38,87.51,1830695.0,250384800.0
2013-12-13,87.4,88.15,87.4,87.51,1926726.0,263371184.0
2013-12-16,87.26,87.53,85.25,85.31,3286944.0,439536256.0
2013-12-17,85.3,86.44,84.95,85.47,1564120.0,209082464.0
2013-12-18,85.32,85.65,84.89,85.0,2010517.0,266750704.0
2013-12-19,85.52,85.59,84.11,84.14,1781345.0,235156560.0
2013-12-20,84.21,84.53,80.84,81.26,3855601.0,495862848.0
2013-12-23,81.12,81.89,80.92,81.17,1922251.0,243709872.0
2013-12-24,81.48,81.93,81.08,81.23,2789714.0,354505536.0
2013-12-25,81.48,81.72,80.77,81.01,1843945.0,233016832.0
2013-12-26,80.84,80.99,79.65,80.03,3415622.0,427007200.0
2013-12-27,80.33,81.63,80.03,80.97,2545548.0,321517728.0
2013-12-30,81.13,81.47,79.55,79.85,3216672.0,401569216.0
2013-12-31,79.56,82.96,78.59,82.37,5754649.0,730676608.0
2014-01-02,82.12,82.12,80.58,80.83,2197666.0,277430208.0
2014-01-03,80.36,80.71,79.06,79.54,2334165.0,288934592.0
2014-01-06,78.84,80.13,77.44,77.46,3022921.0,367274752.0
2014-01-07,77.06,77.86,76.48,77.35,1803946.0,216936560.0
2014-01-08,77.3,77.75,75.71,76.61,3198959.0,380752960.0
2014-01-09,76.35,78.15,76.09,76.57,4788671.0,575090368.0
2014-01-10,76.36,77.27,75.74,76.52,2112663.0,251742736.0
2014-01-13,76.54,78.48,76.4,76.92,3764646.0,454274368.0
2014-01-14,77.12,78.14,76.28,77.83,2347499.0,282925536.0
2014-01-15,77.32,77.73,75.74,76.19,1972069.0,235363888.0
2014-01-16,76.25,78.56,76.18,78.27,3911963.0,474484832.0
2014-01-17,78.15,78.69,77.07,77.18,3236373.0,393324800.0
2014-01-20,78.21,81.67,77.64,81.35,6009063.0,751598272.0
2014-01-21,80.84,82.58,80.42,81.47,3540462.0,451224704.0
2014-01-22,81.47,86.49,81.03,86.08,7366781.0,975900224.0
2014-01-23,86.09,86.87,84.54,86.03,4025848.0,538497408.0
2014-01-24,85.65,87.06,85.02,86.93,3578070.0,482834464.0
2014-01-27,86.54,92.25,86.4,90.3,8351084.0,1170783872.0
2014-01-28,90.15,91.11,88.22,89.32,3640115.0,508739360.0
2014-01-29,89.68,90.5,87.57,87.9,3152040.0,434136672.0
2014-01-30,87.58,87.87,84.05,84.82,3722344.0,496967648.0
2014-02-07,84.73,86.37,84.09,85.9,2386561.0,317924192.0
2014-02-10,85.97,86.23,83.96,85.24,3625174.0,479835328.0
2014-02-11,85.2,86.99,84.75,86.0,4300694.0,578123072.0
2014-02-12,86.1,86.59,85.53,86.07,1928348.0,258332736.0
2014-02-13,85.99,88.79,85.98,87.04,3856747.0,528398496.0
2014-02-14,86.86,91.75,86.86,91.68,6741037.0,946589760.0
2014-02-17,92.45,96.87,92.45,96.23,8746517.0,1301703936.0
2014-02-18,95.88,95.88,93.75,94.32,3364035.0,496116928.0
2014-02-19,94.35,97.51,94.35,95.94,3148266.0,472702784.0
2014-02-20,95.92,97.25,94.95,95.59,2318897.0,346513536.0
2014-02-21,94.95,96.33,94.81,95.65,3412540.0,508426624.0
2014-02-24,95.66,96.93,93.42,94.71,3117865.0,463140896.0
2014-02-25,94.95,95.21,90.46,91.34,4627993.0,662701568.0
2014-02-26,90.18,93.02,89.21,91.12,2651394.0,377024800.0
2014-02-27,91.2,93.54,89.83,93.0,2564611.0,367761888.0
2014-02-28,93.03,96.75,93.0,96.25,4192617.0,626931584.0
2014-03-03,96.24,99.44,95.17,99.4,4881665.0,745535040.0
2014-03-04,97.6,102.2,97.52,98.42,5086676.0,795956992.0
2014-03-05,98.82,102.65,97.52,102.55,4721154.0,741664000.0
2014-03-06,102.79,104.13,100.73,103.94,4274121.0,684035136.0
2014-03-07,103.94,107.27,102.68,106.18,5811048.0,952251136.0
2014-03-10,105.73,106.37,98.82,100.69,4998548.0,797666944.0
2014-03-11,100.09,104.96,99.51,104.05,3856141.0,619885248.0
2014-03-12,103.35,104.96,99.95,101.71,3676392.0,582653248.0
2014-03-13,101.11,105.93,100.8,105.78,4263778.0,695571584.0
2014-03-14,105.26,106.5,103.81,105.14,2493355.0,407076128.0
2014-03-17,105.86,106.93,103.94,106.8,3219888.0,529609728.0
2014-03-18,107.98,113.05,107.98,109.92,5947371.0,1030329344.0
2014-03-19,109.01,112.28,108.43,111.87,3536579.0,613576512.0
2014-03-20,111.83,111.96,108.43,108.54,3389521.0,579777920.0
2014-03-21,108.07,110.34,106.18,109.97,4031881.0,680945728.0
2014-03-24,109.71,112.75,109.01,109.9,2632092.0,453477920.0
2014-03-25,108.04,108.04,99.82,107.02,6240383.0,1024298880.0
2014-03-26,105.93,106.57,101.6,101.68,5737639.0,927285376.0
2014-03-27,101.15,103.17,100.34,101.15,3804459.0,603835712.0
2014-03-28,101.26,102.01,96.89,97.93,4827296.0,740132800.0
2014-03-31,97.53,100.97,97.52,99.25,3058360.0,473939136.0
2014-04-01,99.26,104.29,99.06,104.25,3404689.0,544622720.0
2014-04-02,104.41,108.85,103.31,106.27,4669833.0,777378688.0
2014-04-03,107.5,107.59,104.9,106.06,2691848.0,444348448.0
2014-04-04,105.64,106.05,103.3,105.26,2320651.0,377896960.0
2014-04-08,105.17,106.13,103.3,105.57,2592749.0,423934496.0
2014-04-09,105.87,106.91,104.02,104.8,2161889.0,354031808.0
2014-04-10,104.75,109.72,102.33,108.76,5417787.0,897611264.0
2014-04-11,110.35,115.23,110.35,112.97,9022579.0,1593651840.0
2014-04-14,112.09,113.76,110.99,111.87,2682436.0,469646912.0
2014-04-15,111.12,112.84,111.12,111.95,2588021.0,452432800.0
2014-04-16,111.44,112.0,109.19,109.72,2204062.0,379301952.0
2014-04-17,109.58,112.92,109.2,112.41,2974441.0,517914688.0
2014-04-18,112.28,114.05,111.19,112.48,1960146.0,344825504.0
2014-04-21,111.64,112.91,110.35,110.38,1833379.0,318935968.0
2014-04-22,110.35,112.36,110.04,110.44,2234496.0,387206400.0
2014-04-23,110.4,113.23,110.37,112.96,3375573.0,592119552.0
2014-04-24,113.02,113.37,111.44,112.77,1258135.0,220213008.0
2014-04-25,107.77,107.79,103.8,105.66,9587743.0,1581409280.0
2014-04-28,103.99,105.58,102.53,104.44,3302860.0,535511104.0
2014-04-29,104.45,106.17,104.24,104.96,2799649.0,459181216.0
2014-04-30,105.19,105.41,104.28,105.14,1922066.0,314017280.0
2014-05-05,104.9,104.9,100.78,102.81,3674347.0,585326656.0
2014-05-06,102.65,104.39,102.65,103.16,1362295.0,219512512.0
2014-05-07,103.69,103.69,102.4,103.08,1196073.0,192090272.0
2014-05-08,103.17,104.25,102.92,103.08,1469786.0,237490048.0
2014-05-09,103.08,104.13,102.85,103.05,1672145.0,269803744.0
2014-05-12,104.12,104.13,102.33,103.24,2619478.0,420667488.0
2014-05-13,103.15,103.69,102.37,103.13,1593936.0,256197648.0
2014-05-14,102.65,103.25,98.81,99.62,3401655.0,534826240.0
2014-05-15,99.43,100.78,99.12,100.18,1698338.0,264995344.0
2014-05-16,100.18,100.79,99.23,99.55,1846730.0,286938912.0
2014-05-19,97.84,98.16,94.92,94.94,5625009.0,838456320.0
2014-05-20,95.02,95.88,92.13,93.02,4688591.0,682615744.0
2014-05-21,92.45,97.3,92.36,96.88,3873787.0,575063808.0
2014-05-22,96.82,98.55,96.01,96.27,1867894.0,281907872.0
2014-05-23,96.24,98.02,96.23,97.71,1400963.0,212338048.0
2014-05-26,99.38,99.38,98.07,98.53,891056.0,137024224.0
2014-05-27,98.16,99.93,98.07,98.29,1303507.0,201097680.0
2014-05-28,98.09,99.45,98.03,98.77,1250197.0,192903904.0
2014-05-29,98.63,100.04,98.46,98.99,1010682.0,156525424.0
2014-05-30,98.96,99.63,98.18,98.3,921765.0,141927536.0
2014-06-03,98.16,99.12,97.68,98.02,1304848.0,199563920.0
2014-06-04,98.16,98.41,96.25,96.98,1049431.0,158992000.0
2014-06-05,96.96,99.45,95.81,99.3,2067863.0,314507712.0
2014-06-06,99.24,99.86,97.71,98.54,947745.0,145936336.0
2014-06-09,97.71,99.06,97.71,98.31,1003481.0,154198992.0
2014-06-10,98.32,99.63,98.32,99.32,1930551.0,298186720.0
2014-06-11,99.29,99.69,98.3,98.77,1078145.0,166086240.0
2014-06-12,98.85,98.85,97.6,97.93,1149960.0,175855792.0
2014-06-13,97.96,98.7,96.98,98.04,1697046.0,259337712.0
2014-06-16,98.1,99.3,97.78,99.07,1623790.0,249568880.0
2014-06-17,99.0,99.0,97.65,98.28,1636486.0,250297888.0
2014-06-18,98.68,99.09,98.42,98.53,1402456.0,215965712.0
2014-06-19,98.52,98.93,97.84,97.99,1155144.0,176868336.0
2014-06-20,97.97,98.55,97.73,98.28,1201940.0,183993520.0
2014-06-23,98.48,100.33,98.39,100.29,2898385.0,449611776.0
2014-06-24,100.49,105.09,100.44,104.94,3853263.0,621636096.0
2014-06-25,105.38,105.38,102.61,103.14,3817111.0,546556416.0
2014-06-26,103.14,103.68,102.54,102.71,3634851.0,515915136.0
2014-06-27,102.55,102.55,100.95,101.79,2647792.0,371027136.0
2014-06-30,102.37,103.61,101.81,102.95,2439950.0,345880000.0
2014-07-01,103.4,103.4,102.1,102.8,1194668.0,168987424.0
2014-07-02,102.99,103.22,102.24,103.03,1206848.0,171127808.0
2014-07-03,103.12,103.98,102.53,103.88,1933167.0,275808352.0
2014-07-04,103.98,104.55,103.49,103.93,1540280.0,220860912.0
2014-07-07,103.55,104.62,103.12,104.54,2287987.0,327900736.0
2014-07-08,104.49,104.54,102.26,103.1,2109160.0,299615520.0
2014-07-09,102.97,103.6,102.26,102.42,1432860.0,203120912.0
2014-07-10,102.33,102.85,101.95,102.27,1215988.0,171762400.0
2014-07-11,102.58,103.76,102.33,102.87,1843286.0,262292688.0
2014-07-14,102.87,109.42,102.61,108.6,4653481.0,684819840.0
2014-07-15,108.12,114.57,108.12,111.53,5878798.0,913284352.0
2014-07-16,111.56,113.69,111.56,112.08,2445933.0,379071456.0
2014-07-17,111.74,112.79,110.22,111.49,2019117.0,309501856.0
2014-07-18,111.37,119.65,110.73,116.73,7489691.0,1200093440.0
2014-07-21,116.3,118.11,115.0,116.73,3014322.0,485174688.0
2014-07-22,115.73,118.92,115.73,118.34,2982062.0,483906528.0
2014-07-23,117.47,119.65,117.18,118.84,2783633.0,455655808.0
2014-07-24,118.75,122.62,117.69,118.58,3568240.0,595593152.0
2014-07-25,118.92,120.41,116.79,118.84,2783358.0,454235008.0
2014-07-28,119.09,121.82,118.14,119.1,4296899.0,706875712.0
2014-07-29,119.14,119.14,116.21,116.79,3601700.0,580708800.0
2014-07-30,116.56,116.56,113.48,114.94,5487629.0,865210176.0
2014-07-31,114.78,116.3,113.82,116.22,2520631.0,400860672.0
2014-08-01,116.14,119.14,115.75,118.18,4325999.0,704961984.0
2014-08-04,118.2,120.1,117.68,119.21,3884820.0,637175424.0
2014-08-05,118.92,120.85,117.23,120.55,3835797.0,627210368.0
2014-08-06,119.5,120.21,117.47,118.43,2031723.0,332041728.0
2014-08-07,118.27,119.2,116.38,116.46,2539649.0,411237184.0
2014-08-08,117.44,118.44,115.88,117.57,2381942.0,384676128.0
2014-08-11,117.82,118.34,117.12,118.25,2007072.0,326555328.0
2014-08-12,117.33,118.02,116.13,117.5,1960436.0,316255840.0
2014-08-13,117.5,119.49,116.6,117.83,3445403.0,560675712.0
2014-08-14,117.49,118.52,116.95,117.08,2295894.0,373085472.0
2014-08-15,117.62,117.83,116.84,117.14,2180268.0,352476096.0
2014-08-18,117.47,117.69,115.37,115.84,4169827.0,667452096.0
2014-08-19,115.84,115.84,114.9,115.06,3209577.0,509709632.0
2014-08-20,115.11,117.52,114.93,117.47,3708495.0,596509504.0
2014-08-21,117.47,117.7,115.3,116.0,1887273.0,301791008.0
2014-08-22,116.02,116.3,115.12,115.49,1863671.0,297023424.0
2014-08-25,115.49,116.13,114.79,115.12,1537672.0,244745472.0
2014-08-26,114.93,115.6,113.82,114.37,1658960.0,261850704.0
2014-08-27,114.37,114.41,113.25,113.39,1382867.0,216703376.0
2014-08-28,113.12,114.83,113.12,113.14,1761803.0,276811136.0
2014-08-29,113.12,115.0,112.4,114.74,2383883.0,375517440.0
2014-09-01,114.72,115.66,114.36,114.9,1645024.0,260760128.0
2014-09-02,115.16,117.94,114.59,117.88,4124613.0,664712704.0
2014-09-03,117.89,121.4,117.88,119.52,4204225.0,695551808.0
2014-09-04,119.43,120.33,118.69,119.69,2397587.0,395280320.0
2014-09-05,120.15,121.94,119.8,121.47,3473195.0,579714752.0
2014-09-09,121.57,121.8,118.92,118.98,2056281.0,339388096.0
2014-09-10,118.7,119.65,118.2,118.86,1786772.0,293245984.0
2014-09-11,118.83,119.52,117.09,117.46,3187554.0,519406656.0
2014-09-12,117.1,117.94,116.25,117.8,1735601.0,280548672.0
2014-09-15,117.4,117.41,115.15,115.59,3254386.0,519621408.0
2014-09-16,116.38,116.46,113.86,114.18,3482315.0,551314368.0
2014-09-17,114.91,115.69,114.09,114.74,2584128.0,408684992.0
2014-09-18,114.59,115.57,113.9,115.48,2648204.0,418432000.0
2014-09-19,115.48,116.73,114.93,116.64,2266599.0,362408992.0
2014-09-22,116.54,116.54,113.73,113.8,3719154.0,586709120.0
2014-09-23,113.63,114.21,113.38,114.19,3454611.0,541705792.0
2014-09-24,113.48,116.38,112.83,116.16,4344896.0,687426560.0
2014-09-25,116.69,118.91,116.67,117.61,5685144.0,924878336.0
2014-09-26,117.11,118.28,115.44,117.7,2271665.0,366907296.0
2014-09-29,117.71,118.34,117.03,117.81,2348859.0,381683072.0
2014-09-30,118.01,118.19,116.89,117.57,2157419.0,349657792.0
2014-10-08,116.75,116.82,114.43,116.55,4565282.0,725030208.0
2014-10-09,115.93,116.2,114.99,116.03,3624491.0,578151808.0
2014-10-10,115.31,115.88,114.35,115.31,4314771.0,684789376.0
2014-10-13,114.43,114.48,111.44,113.19,5317638.0,826349760.0
2014-10-14,112.4,113.84,111.99,112.33,2889594.0,449942592.0
2014-10-15,112.21,114.27,112.19,114.08,2223805.0,348033856.0
2014-10-16,113.19,114.71,113.19,114.08,2394969.0,377655680.0
2014-10-17,114.57,115.33,113.77,114.85,3097659.0,489885664.0
2014-10-20,114.85,114.93,113.41,113.79,3291008.0,517853728.0
2014-10-21,113.85,115.54,113.56,114.9,3991128.0,632422400.0
2014-10-22,114.89,115.63,114.21,115.35,2283641.0,363211424.0
2014-10-23,114.98,116.22,114.49,115.33,3191734.0,508245984.0
2014-10-24,115.26,115.94,114.35,115.21,1998007.0,317073600.0
2014-10-27,113.82,115.37,112.32,114.21,2797069.0,439570880.0
2014-10-28,114.08,115.37,113.98,115.11,2054841.0,325762176.0
2014-10-29,115.15,115.7,114.19,114.79,2142344.0,339064768.0
2014-10-30,114.57,114.57,112.47,112.7,4908702.0,764742336.0
2014-10-31,112.74,113.77,111.92,113.61,3642170.0,567067456.0
2014-11-03,113.66,113.76,112.72,112.82,2467006.0,384677504.0
2014-11-04,112.75,112.75,109.5,109.78,5594390.0,854409088.0
2014-11-05,109.53,109.53,105.51,105.98,7671979.0,1131348480.0
2014-11-06,105.98,106.95,105.88,106.7,3636297.0,533913216.0
2014-11-07,106.72,107.54,106.67,107.35,4150731.0,613638080.0
2014-11-10,108.77,111.51,108.05,111.5,6232521.0,945032832.0
2014-11-11,111.89,112.54,110.23,111.2,4770689.0,733026112.0
2014-11-12,110.93,111.37,108.92,110.87,3082375.0,467531840.0
2014-11-13,110.74,110.75,108.54,109.92,4915556.0,739602880.0
2014-11-14,109.9,114.3,109.43,114.06,7522508.0,1168803328.0
2014-11-17,121.82,121.82,116.02,116.06,15041623.0,2451673856.0
2014-11-18,116.75,117.34,112.4,112.87,6349780.0,1001883712.0
2014-11-19,112.81,112.87,110.66,111.0,4629074.0,710715264.0
2014-11-20,110.86,110.89,109.13,109.26,4625841.0,698848960.0
2014-11-21,109.18,111.09,108.92,111.04,4199078.0,638007360.0
2014-11-24,111.58,112.4,110.22,111.63,5387899.0,828662528.0
2014-11-25,111.25,112.29,110.8,112.13,5323130.0,816840960.0
2014-11-26,112.11,113.38,111.59,113.08,6385897.0,990302208.0
2014-11-27,112.4,114.01,111.67,113.61,9655151.0,1508603264.0
2014-11-28,113.53,113.53,111.07,113.01,8828818.0,1363855104.0
2014-12-01,113.53,116.75,113.12,116.07,12174001.0,1932844672.0
2014-12-02,115.33,116.89,114.75,116.85,9926819.0,1588412416.0
2014-12-03,117.79,122.04,117.73,119.52,11732264.0,1936848384.0
2014-12-04,120.73,126.54,120.73,126.27,11778143.0,2020248704.0
2014-12-05,129.07,129.77,122.26,123.94,11290144.0,1943937536.0
2014-12-08,122.43,127.98,121.24,125.43,10089431.0,1731248512.0
2014-12-09,124.72,135.32,124.36,125.35,15189028.0,2713372160.0
2014-12-10,126.9,133.06,126.9,130.47,10665611.0,1919193472.0
2014-12-11,130.52,131.93,127.11,127.54,5488215.0,975885696.0
2014-12-12,128.19,131.24,127.62,128.05,5105516.0,911591104.0
2014-12-15,128.06,133.5,127.21,133.45,7096432.0,1281924224.0
2014-12-16,133.21,133.21,129.15,130.98,5112944.0,918180160.0
2014-12-17,130.52,131.58,128.93,129.85,6002047.0,1071735168.0
2014-12-18,130.3,132.12,129.8,130.05,3856750.0,695500800.0
2014-12-19,129.84,131.96,129.07,131.12,4963106.0,892730624.0
2014-12-22,130.27,133.64,127.54,133.5,7362381.0,1327712512.0
2014-12-23,133.27,140.31,131.98,136.95,8565082.0,1611272960.0
2014-12-24,136.33,139.08,131.02,132.74,6355459.0,1187206272.0
2014-12-25,132.81,134.88,131.26,134.75,4407168.0,806958784.0
2014-12-26,134.22,137.05,132.7,136.01,4267749.0,793340608.0
2014-12-29,136.4,137.78,131.97,133.05,8983865.0,1678243840.0
2014-12-30,132.7,136.31,132.32,135.48,5617110.0,1043215616.0
2014-12-31,134.59,137.78,134.15,137.5,4626936.0,871581696.0
2015-01-05,137.5,148.1,136.83,146.85,9451517.0,1875063168.0
2015-01-06,145.03,146.88,142.14,143.45,5502001.0,1094977408.0
2015-01-07,142.16,144.66,137.77,139.91,5479784.0,1063925632.0
2015-01-08,140.68,141.05,137.88,139.05,4052530.0,777874688.0
2015-01-09,138.07,141.96,137.86,138.0,5398220.0,1039955136.0
2015-01-12,137.78,139.65,133.76,135.19,4991459.0,934643392.0
2015-01-13,135.6,136.72,133.86,134.06,3670808.0,683429632.0
2015-01-14,134.15,135.24,131.16,132.83,5240344.0,965036160.0
2015-01-15,133.35,135.17,132.32,134.93,4858552.0,895503104.0
2015-01-16,135.02,136.33,134.86,134.95,3997806.0,746304320.0
2015-01-19,131.25,132.84,124.34,127.25,6467937.0,1151544320.0
2015-01-20,127.64,130.89,125.45,129.13,6102274.0,1086018432.0
2015-01-21,129.27,132.63,128.49,132.24,5267474.0,950750400.0
2015-01-22,132.24,133.69,130.52,131.42,3825481.0,696541248.0
2015-01-23,130.61,132.9,130.6,131.26,3308455.0,600627328.0
2015-01-26,131.76,133.06,131.29,132.55,3564906.0,650642112.0
2015-01-27,132.57,132.57,129.07,130.6,4188362.0,755025856.0
2015-01-28,129.8,130.81,128.57,128.69,3068066.0,547979136.0
2015-01-29,127.77,129.07,126.9,127.73,3249254.0,571553408.0
2015-01-30,128.34,131.25,127.99,128.48,4750834.0,848744512.0
2015-02-02,127.27,127.91,125.81,126.77,3398336.0,593379648.0
2015-02-03,128.7,129.55,127.77,129.34,2779280.0,493512576.0
2015-02-04,129.91,132.03,128.35,128.53,3529371.0,634135296.0
2015-02-05,129.78,131.18,126.17,126.21,4123962.0,735861120.0
2015-02-06,126.64,127.99,125.88,126.61,3710238.0,648205632.0
2015-02-09,127.46,134.22,126.9,133.64,8729358.0,1584342272.0
2015-02-10,134.0,134.29,131.58,132.61,5363887.0,984795840.0
2015-02-11,132.26,133.61,132.03,132.81,2289479.0,420358848.0
2015-02-12,133.42,133.78,131.98,133.11,2505098.0,458818624.0
2015-02-13,133.5,133.79,131.54,132.33,4012705.0,734977408.0
2015-02-16,132.37,133.16,131.41,132.92,3952108.0,722512128.0
2015-02-17,133.1,133.35,131.91,132.13,3417255.0,624854080.0
2015-02-25,132.7,134.66,131.33,133.4,5993512.0,1104113280.0
2015-02-26,133.28,136.61,133.1,135.34,6229772.0,1163369600.0
2015-02-27,135.53,141.04,135.46,138.54,6337094.0,1217723136.0
2015-03-02,138.36,140.53,137.05,138.3,3109870.0,592027072.0
2015-03-03,137.27,139.23,134.27,134.84,4299960.0,812905792.0
2015-03-04,135.59,136.33,133.86,135.74,4066223.0,757815040.0
2015-03-05,134.16,135.62,133.46,134.53,3620624.0,670609792.0
2015-03-06,134.4,135.22,132.9,133.15,2547066.0,471454752.0
2015-03-09,134.73,139.94,133.28,138.91,4348603.0,815432192.0
2015-03-10,138.46,138.86,135.8,136.2,2963706.0,561292480.0
2015-03-11,136.2,139.95,136.18,139.21,4058339.0,778418688.0
2015-03-12,139.95,142.12,138.79,139.77,3849640.0,747203200.0
2015-03-13,139.73,140.6,136.75,137.71,2547927.0,486997376.0
2015-03-16,137.82,141.04,135.61,140.5,3116097.0,597313664.0
2015-03-17,141.39,144.08,141.32,142.68,4590408.0,903712768.0
2015-03-18,142.71,145.02,141.78,144.63,3930446.0,778884992.0
2015-03-19,143.97,144.29,140.72,141.6,3353977.0,658535488.0
2015-03-20,140.82,141.39,138.41,140.06,5137371.0,991294912.0
2015-03-23,141.16,142.67,140.1,141.46,4097901.0,799009920.0
2015-03-24,141.62,143.17,139.3,141.9,6007944.0,1172628480.0
2015-03-25,139.95,141.47,139.27,139.79,4224030.0,815963264.0
2015-03-26,140.35,144.95,139.23,143.98,6710525.0,1315872128.0
2015-03-27,143.58,143.98,139.91,141.07,4014459.0,784086656.0
2015-03-30,141.17,144.27,140.02,142.68,6345139.0,1237889280.0
2015-03-31,142.62,145.59,140.69,142.1,8813097.0,1746870272.0
2015-04-01,142.15,143.26,141.02,141.65,7687523.0,1504959744.0
2015-04-02,142.1,143.29,139.86,141.1,6298161.0,1228604416.0
2015-04-03,140.68,142.86,139.79,142.71,5121088.0,996536064.0
2015-04-07,142.74,145.81,141.98,145.51,5982433.0,1189027072.0
2015-04-08,146.84,152.77,146.18,148.29,13585716.0,2798381824.0
2015-04-09,148.28,149.29,144.34,145.03,6239973.0,1255308032.0
2015-04-10,145.02,147.2,144.74,145.19,10201946.0,2048914304.0
2015-04-13,146.15,148.28,144.26,147.85,9135609.0,1840018432.0
2015-04-14,147.93,151.76,147.9,149.38,8190313.0,1691094272.0
2015-04-15,151.63,152.12,148.04,149.16,5500520.0,1135635968.0
2015-04-16,151.23,164.08,150.7,164.08,8601417.0,1877332352.0
2015-04-17,173.23,180.34,165.53,168.64,19209492.0,4577503744.0
2015-04-20,166.78,178.17,166.06,169.7,13058871.0,3118764544.0
2015-04-21,174.03,186.67,174.03,186.67,12240188.0,3039244032.0
2015-04-22,194.92,195.06,186.44,191.36,13463506.0,3543576832.0
2015-04-23,191.44,191.56,183.44,185.66,8603012.0,2214737664.0
2015-04-24,182.65,188.3,177.67,187.44,10053123.0,2547399936.0
2015-04-27,186.78,194.19,183.45,185.48,7897335.0,2050832384.0
2015-04-28,184.18,187.52,179.14,179.75,8729177.0,2187970816.0
2015-04-29,178.46,183.46,178.46,181.12,5930057.0,1477767680.0
2015-04-30,182.12,184.84,179.65,182.9,6406407.0,1610937984.0
2015-05-04,183.21,187.81,181.3,184.89,5473902.0,1398337280.0
2015-05-05,182.73,182.73,173.95,174.72,7370003.0,1801146752.0
2015-05-06,176.92,179.1,174.04,175.98,6032432.0,1472597504.0
2015-05-07,177.66,182.65,175.89,177.61,6810290.0,1693825920.0
2015-05-08,178.47,184.82,178.31,184.31,5780559.0,1447670272.0
2015-05-11,182.37,187.08,181.28,186.68,6134570.0,1552417920.0
2015-05-12,186.5,186.5,182.73,184.49,4703129.0,1193035136.0
2015-05-13,184.04,190.69,183.1,185.92,5891341.0,1520374528.0
2015-05-14,185.82,188.17,182.17,182.31,4185329.0,1062504704.0
2015-05-15,182.31,183.81,175.2,177.78,5418507.0,1333031168.0
2015-05-18,177.66,177.66,174.1,174.86,3536324.0,856505088.0
2015-05-19,174.79,181.44,174.18,181.31,4763777.0,1174434432.0
2015-05-20,182.73,188.54,180.78,184.15,6377150.0,1631009408.0
2015-05-21,185.63,189.48,184.19,187.51,4766913.0,1230234880.0
2015-05-22,188.3,200.72,188.24,200.04,6664906.0,1779754368.0
2015-05-25,195.79,209.19,195.06,207.99,6747362.0,1868570240.0
2015-05-26,207.82,210.29,205.91,207.06,6091468.0,1746031104.0
2015-05-27,207.04,209.8,197.96,200.79,4693479.0,1309260032.0
2015-05-28,199.59,203.76,188.61,189.34,6088499.0,1650995584.0
2015-05-29,188.54,195.06,188.46,191.31,5778309.0,1531805568.0
2015-06-01,191.39,197.95,188.39,196.85,6581670.0,1747123712.0
2015-06-02,196.15,196.15,189.01,193.34,6463560.0,1708951680.0
2015-06-03,192.29,193.34,188.54,190.56,4642403.0,1218378752.0
2015-06-04,190.7,192.16,174.03,187.24,9236273.0,2332785408.0
2015-06-05,187.16,190.06,178.38,184.07,8573823.0,2188974592.0
2015-06-08,182.38,194.0,181.14,191.9,9600797.0,2462736640.0
2015-06-09,192.16,195.64,186.0,187.83,7785186.0,2045525376.0
2015-06-10,185.37,193.52,184.04,189.3,8046208.0,2096832896.0
2015-06-11,188.54,191.8,186.92,188.58,5295454.0,1378413696.0
2015-06-12,190.07,197.96,189.26,192.89,9090952.0,2438986496.0
2015-06-15,193.6,197.24,188.59,189.18,10001422.0,2664672512.0
2015-06-16,187.81,192.74,183.1,184.15,6930384.0,1789696000.0
2015-06-17,184.16,186.91,180.56,184.97,5838881.0,1478407040.0
2015-06-18,183.47,184.76,174.47,176.91,6150650.0,1530836096.0
2015-06-19,178.29,180.19,169.7,170.63,6760866.0,1646002816.0
2015-06-23,173.89,185.53,169.78,182.92,8124734.0,1989068160.0
2015-06-24,181.28,192.31,179.58,189.41,9570694.0,2463553792.0
2015-06-25,189.62,190.01,181.44,182.58,6652166.0,1707385600.0
2015-06-26,181.3,185.45,170.62,175.81,9933201.0,2451381504.0
2015-06-29,180.1,186.0,165.19,178.85,16507167.0,4057069824.0
2015-06-30,178.85,188.4,178.38,186.83,12629819.0,3205285632.0
2015-07-01,184.91,194.7,181.99,186.71,10332654.0,2696026112.0
2015-07-02,185.13,204.92,177.67,188.75,11845972.0,3011363584.0
2015-07-03,184.91,188.9,175.63,181.15,10960531.0,2772183040.0
2015-07-06,194.3,194.33,173.67,184.21,27279966.0,7012491264.0
2015-07-07,181.28,186.06,173.67,177.06,16756224.0,4121731584.0
2015-07-08,166.06,177.65,159.36,171.76,28914054.0,6738026496.0
2015-07-09,171.76,188.83,168.96,187.04,13820334.0,3409950464.0
2015-07-10,186.36,205.21,182.7,192.59,25614930.0,6888908288.0
2015-07-13,187.08,192.58,182.01,186.9,14892616.0,3838169344.0
2015-07-14,184.91,185.04,179.25,180.59,9676830.0,2425239296.0
2015-07-15,179.47,183.24,176.41,182.2,10407746.0,2585923328.0
2015-07-16,182.2,184.31,180.02,182.44,7281433.0,1826618368.0
2015-07-17,185.89,186.7,182.44,185.32,5641853.0,1284361216.0
2015-07-20,184.39,185.0,180.62,182.74,6793355.0,1531275648.0
2015-07-21,180.01,182.0,178.59,179.93,5178996.0,1148423296.0
2015-07-22,178.59,180.21,175.81,176.26,7085510.0,1552554880.0
2015-07-23,176.96,179.07,175.15,178.21,6474810.0,1411411712.0
2015-07-24,178.99,181.58,177.57,177.95,5739009.0,1271122176.0
2015-07-27,176.15,179.64,163.16,163.59,7694415.0,1628465536.0
2015-07-28,162.24,170.02,160.31,167.08,8670357.0,1766521472.0
2015-07-29,168.67,170.47,164.08,168.64,6650743.0,1364157568.0
2015-07-30,169.52,169.52,166.49,167.19,4113400.0,853284352.0
2015-07-31,167.79,167.98,164.79,167.9,4073664.0,835374144.0
2015-08-03,166.41,170.46,164.79,170.11,5455303.0,1117796096.0
2015-08-04,169.87,173.7,169.87,172.07,5953396.0,1260302976.0
2015-08-05,172.85,173.6,167.99,168.19,4314385.0,907597376.0
2015-08-06,167.41,168.44,164.79,166.38,3924980.0,805358592.0
2015-08-07,168.43,169.33,166.9,167.98,3952134.0,819022592.0
2015-08-10,168.04,172.91,166.52,172.34,5649643.0,1182083584.0
2015-08-11,172.34,172.43,170.48,171.08,5089705.0,1076261248.0
2015-08-12,170.46,173.95,169.46,170.04,4582434.0,968610624.0
2015-08-13,171.69,171.69,167.22,170.07,3518025.0,733202176.0
2015-08-14,170.88,171.61,169.86,170.45,3066690.0,645849792.0
2015-08-17,168.86,169.51,165.6,167.4,5385832.0,1108212096.0
2015-08-18,168.02,168.44,162.64,163.21,5128552.0,1047896512.0
2015-08-19,162.15,164.11,160.87,163.67,5026180.0,1004394368.0
2015-08-20,163.03,163.16,158.21,158.35,3964503.0,788892224.0
2015-08-21,155.47,158.18,151.08,151.26,7562061.0,1433277952.0
2015-08-24,146.93,147.33,136.54,137.71,8981284.0,1559048832.0
2015-08-25,135.94,148.15,134.91,143.35,12308058.0,2165823488.0
2015-08-26,143.49,153.02,142.06,149.27,9157253.0,1663612800.0
2015-08-27,154.23,162.27,150.09,159.97,8705201.0,1663248896.0
2015-08-28,158.29,158.53,151.9,156.39,8992583.0,1720106880.0
2015-08-31,153.7,158.7,150.32,158.59,6273019.0,1198184960.0
2015-09-01,155.71,158.29,152.61,157.78,8743269.0,1688392960.0
2015-09-02,154.32,158.29,153.59,157.98,10694546.0,2052413312.0
2015-09-07,156.35,157.48,153.14,153.19,3221642.0,615819776.0
2015-09-08,152.98,154.62,150.18,153.68,3309858.0,621914368.0
2015-09-09,154.35,157.38,154.35,155.74,3521516.0,676337472.0
2015-09-10,154.54,156.91,153.54,156.84,2685248.0,514766400.0
2015-09-11,155.76,157.56,155.09,156.6,1693214.0,326277632.0
2015-09-14,156.21,164.63,152.53,164.41,8617555.0,1678995840.0
2015-09-15,160.74,163.99,158.39,163.98,5188434.0,1035493504.0
2015-09-16,162.36,170.1,160.51,166.05,3719802.0,753188800.0
2015-09-17,164.46,167.06,160.41,160.73,2642300.0,533638528.0
2015-09-18,161.22,163.07,160.73,161.89,1564276.0,312040960.0
2015-09-21,160.74,162.92,160.73,161.78,1652767.0,329196736.0
2015-09-22,162.98,163.31,161.52,161.76,1645740.0,329161952.0
2015-09-23,160.04,161.53,157.56,158.07,2234432.0,438412352.0
2015-09-24,158.94,159.33,156.51,157.48,1388674.0,269653184.0
2015-09-25,157.47,158.21,153.83,157.04,2445597.0,470411104.0
2015-09-28,155.44,156.1,153.61,155.35,1234110.0,235369408.0
2015-09-29,153.87,155.35,152.85,154.37,1840982.0,348759200.0
2015-09-30,154.42,155.44,154.37,154.49,1163463.0,222178048.0
2015-10-08,161.36,163.63,159.92,160.34,3439179.0,684138048.0
2015-10-09,161.36,161.46,159.51,159.88,1572174.0,310187712.0
2015-10-12,161.54,166.0,160.61,160.8,4903000.0,982174144.0
2015-10-13,160.8,162.43,160.8,161.33,1575113.0,313495456.0
2015-10-14,161.52,161.95,159.93,160.59,1521339.0,301666752.0
2015-10-15,160.86,162.65,160.37,162.34,1655013.0,329836768.0
2015-10-16,163.34,164.3,161.87,162.95,1923843.0,386383072.0
2015-10-19,166.36,166.36,163.89,164.56,2612145.0,531101888.0
2015-10-20,163.99,164.69,163.31,163.95,1478429.0,298284288.0
2015-10-21,164.04,164.42,159.93,162.6,2234914.0,447195040.0
2015-10-22,162.55,164.57,161.89,164.41,2372030.0,478632736.0
2015-10-23,167.06,176.64,166.86,171.27,5627734.0,1189746944.0
2015-10-26,172.09,177.21,168.85,176.74,4334626.0,932490816.0
2015-10-27,176.23,176.7,172.56,174.73,2257279.0,484596992.0
2015-10-28,174.52,174.52,172.01,172.45,1655922.0,353020512.0
2015-10-29,172.09,174.36,172.09,172.91,1345435.0,287688320.0
2015-10-30,172.86,175.18,172.19,173.6,1225791.0,263117280.0
2015-11-02,174.2,175.23,172.5,172.55,1529820.0,328246688.0
2015-11-03,172.84,175.15,169.17,170.23,2317329.0,493565248.0
2015-11-04,170.94,175.34,170.56,174.51,3080972.0,659118976.0
2015-11-05,174.2,181.25,173.31,175.79,4998258.0,1087812224.0
2015-11-06,176.44,177.45,174.98,177.3,2169571.0,471929408.0
2015-11-09,180.21,182.37,177.78,179.26,4052729.0,900398656.0
2015-11-10,178.59,181.93,177.91,180.52,2872976.0,639416128.0
2015-11-11,180.22,181.02,177.45,178.71,2381550.0,524296320.0
2015-11-12,178.77,181.02,178.08,178.6,1618085.0,357408928.0
2015-11-13,177.05,178.18,174.39,174.62,2839718.0,614644800.0
2015-11-16,172.5,175.75,172.09,173.54,2391670.0,511461312.0
2015-11-17,174.3,176.56,173.02,174.01,2198635.0,473813952.0
2015-11-18,173.38,175.34,173.38,174.25,1972554.0,423815328.0
2015-11-19,173.72,175.34,173.64,174.55,1526276.0,327777824.0
2015-11-20,174.64,175.16,172.99,173.49,2227423.0,476413664.0
2015-11-23,172.91,173.59,172.51,172.6,2099473.0,446996448.0
2015-11-24,172.41,173.13,170.47,171.84,2046902.0,431548224.0
2015-11-25,171.85,172.91,170.79,172.89,2424981.0,512351424.0
2015-11-26,173.3,173.55,171.96,172.78,1880453.0,400523680.0
2015-11-27,172.49,172.53,167.73,168.64,1622072.0,339061440.0
2015-11-30,168.88,174.35,168.68,173.97,3344003.0,702029952.0
2015-12-01,172.91,173.68,171.28,173.55,1887754.0,400895904.0
2015-12-02,174.11,184.27,172.09,179.87,4789145.0,1055325952.0
2015-12-03,177.78,179.72,175.91,178.99,2238683.0,489928569.0
2015-12-04,178.55,178.55,174.54,174.78,2084871.0,452200736.0
2015-12-07,174.53,176.14,173.07,174.13,1925509.0,413697600.0
2015-12-08,174.16,174.16,171.66,172.04,1739368.0,370510944.0
2015-12-09,171.75,174.57,171.69,174.1,1411977.0,302039607.0
2015-12-10,174.53,175.5,172.09,172.87,1378671.0,295297568.0
2015-12-11,172.5,172.5,170.88,171.61,1303548.0,275655744.0
2015-12-14,170.62,174.43,169.66,173.8,2070134.0,439584128.0
2015-12-15,173.55,174.2,172.16,174.13,1508839.0,321828832.0
2015-12-16,174.05,174.24,172.57,173.64,2014480.0,430371552.0
2015-12-17,174.03,176.05,173.72,175.23,2425321.0,523818368.0
2015-12-18,174.93,177.9,174.62,176.05,2846020.0,618897536.0
2015-12-21,176.96,186.04,176.96,184.29,5939189.0,1341466624.0
2015-12-22,184.11,184.11,181.25,182.67,2840245.0,638684794.0
2015-12-23,183.01,184.02,180.78,181.02,2237497.0,501438272.0
2015-12-24,181.82,183.2,181.19,182.47,1557788.0,350137312.0
2015-12-25,182.65,183.18,180.93,182.24,1154295.0,258870006.0
2015-12-28,183.04,183.46,177.78,177.87,2559452.0,569404122.0
2015-12-29,177.47,178.94,177.38,178.45,1577433.0,345982477.0
2015-12-30,178.73,179.12,176.57,177.66,2014766.0,440489185.0
2015-12-31,177.14,178.18,176.82,177.12,1967387.0,429872169.0
2016-01-04,176.96,176.96,170.46,170.49,1734969.0,371909829.0
2016-01-05,170.47,173.69,168.45,172.76,3190891.0,672596329.0
2016-01-06,172.73,173.44,169.9,172.24,2376090.0,502483565.0
2016-01-07,169.65,169.65,162.38,164.16,814868.0,167829920.0
2016-01-08,165.74,168.85,162.35,166.11,4451009.0,911812833.0
2016-01-11,164.92,165.43,161.87,162.24,2970258.0,596838948.0
2016-01-12,163.25,164.06,159.11,159.75,4028723.0,801495583.0
2016-01-13,161.62,167.22,161.22,162.17,2920198.0,592420624.0
2016-01-14,160.01,167.21,158.71,166.26,3477606.0,699341426.0
2016-01-15,166.21,167.37,160.73,161.54,2668119.0,537750009.0
2016-01-18,160.73,164.3,160.08,161.89,2737123.0,548614385.0
2016-01-19,163.16,170.74,162.36,170.66,5911022.0,1224859286.0
2016-01-20,168.03,170.6,163.17,164.24,4096866.0,835946965.0
2016-01-21,163.38,166.08,162.27,162.56,2183229.0,439737651.0
2016-01-22,164.88,165.11,161.39,164.58,2273348.0,456952021.0
2016-01-25,164.79,165.19,163.57,164.6,1375045.0,278273547.0
2016-01-26,163.16,165.98,161.13,161.55,2228092.0,448487464.0
2016-01-27,162.34,163.07,158.86,162.3,2984041.0,589842577.0
2016-01-28,162.15,162.15,158.8,159.62,1790300.0,353744037.0
2016-01-29,160.31,164.38,159.92,162.88,2309024.0,461975279.0
2016-02-01,164.06,164.63,162.26,163.4,1917802.0,386028337.0
2016-02-02,163.98,166.25,162.87,166.05,1784208.0,362596993.0
2016-02-03,164.45,166.05,163.57,165.32,1515699.0,307933687.0
2016-02-04,166.25,167.13,165.23,166.4,1662475.0,340315128.0
2016-02-05,166.4,166.56,164.41,165.49,1422767.0,290691678.0
2016-02-15,162.35,164.79,162.03,162.69,1947018.0,390748384.0
2016-02-16,162.81,168.85,162.81,165.53,1922316.0,393326285.0
2016-02-17,165.39,166.35,162.77,164.22,2034911.0,411126979.0
2016-02-18,164.95,165.27,163.25,163.74,1889256.0,381696249.0
2016-02-19,163.67,164.93,163.27,164.88,1423846.0,287755552.0
2016-02-22,167.22,169.11,167.22,168.68,2775986.0,574540624.0
2016-02-23,168.66,174.51,168.05,172.43,3746089.0,795824522.0
2016-02-24,172.26,176.99,171.29,176.75,3312902.0,717612347.0
2016-02-25,177.61,178.98,172.2,172.43,3948065.0,855036777.0
2016-02-26,172.99,177.98,171.49,176.02,2833271.0,609924298.0
2016-02-29,177.77,179.3,167.87,174.46,4771246.0,1022532377.0
2016-03-01,175.31,178.83,170.79,177.3,3400459.0,736088847.0
2016-03-02,177.78,183.05,177.51,182.01,4794266.0,1073462814.0
2016-03-03,182.65,188.31,179.93,184.93,4019328.0,914557333.0
2016-03-04,184.17,194.95,182.65,193.83,8583869.0,2007278355.0
2016-03-07,193.29,194.82,187.56,189.66,3934555.0,924016283.0
2016-03-08,189.38,189.38,184.27,186.06,2614722.0,600938828.0
2016-03-09,184.27,188.86,183.54,184.63,1640260.0,375804071.0
2016-03-10,185.89,189.71,185.08,185.13,2572746.0,593953294.0
2016-03-11,183.9,188.23,183.05,185.12,1632008.0,373343712.0
2016-03-14,187.32,189.55,180.37,182.3,4527783.0,1029457824.0
2016-03-15,182.48,190.27,182.11,188.26,3635633.0,832373597.0
2016-03-16,186.88,188.73,182.65,185.58,2425097.0,555358085.0
2016-03-17,186.71,190.03,185.33,186.35,2882095.0,665454446.0
2016-03-18,188.33,188.54,183.28,183.46,7056894.0,1613934123.0
2016-03-21,183.99,188.34,183.99,188.31,3854745.0,885665711.0
2016-03-22,188.54,193.35,187.92,190.35,4176661.0,981582397.0
2016-03-23,190.93,192.39,188.88,190.74,2141206.0,503035650.0
2016-03-24,190.76,199.21,187.76,196.98,6206802.0,1487290878.0
2016-03-25,196.85,202.77,195.65,198.87,4475616.0,1100326150.0
2016-03-28,198.87,205.68,198.87,202.6,4833765.0,1207751715.0
2016-03-29,202.62,203.75,198.43,201.41,3668805.0,911522995.0
2016-03-30,202.13,203.26,199.27,201.85,2778260.0,688591402.0
2016-03-31,202.81,203.18,200.5,201.02,1945734.0,483196895.0
2016-04-01,202.09,203.34,198.51,198.95,2514607.0,620149506.0
2016-04-05,197.26,200.91,197.26,199.3,2504785.0,615354327.0
2016-04-06,199.53,209.11,199.53,208.79,4842492.0,1225137020.0
2016-04-07,208.53,209.01,205.07,206.28,2553639.0,650128766.0
2016-04-08,204.56,207.72,201.48,202.83,2315602.0,583704015.0
2016-04-11,203.35,207.15,197.66,197.84,11928468.0,2930751132.0
2016-04-12,197.83,198.88,196.53,198.82,2333909.0,568663727.0
2016-04-13,199.21,201.83,196.2,196.64,5427425.0,1328412389.0
2016-04-14,196.75,198.74,195.63,197.06,2866437.0,696651874.0
2016-04-15,196.97,198.87,195.8,198.8,1902926.0,463404859.0
2016-04-18,197.1,199.69,196.85,197.81,1859304.0,453989128.0
2016-04-19,198.55,199.04,196.0,197.4,1423668.0,345816837.0
2016-04-20,197.41,198.39,191.41,193.56,3370850.0,808354333.0
2016-04-21,195.23,196.69,193.44,195.12,2967222.0,713190665.0
2016-04-22,195.63,201.22,195.12,200.83,3545938.0,869560470.0
2016-04-25,200.6,201.4,197.5,198.49,2499028.0,614481805.0
2016-04-26,198.84,200.41,197.26,197.96,1515668.0,370224914.0
2016-04-27,198.48,199.27,197.66,198.78,1391510.0,340092448.0
2016-04-28,199.56,200.29,198.07,200.05,1715655.0,421012810.0
2016-04-29,200.82,204.91,200.82,203.91,4607949.0,1155915396.0
2016-05-03,203.39,212.91,203.39,211.06,5647486.0,1463972630.0
2016-05-04,211.06,213.0,207.8,207.98,2863626.0,743425170.0
2016-05-05,208.22,209.56,207.4,209.25,1351789.0,347050356.0
2016-05-06,208.87,209.86,203.85,204.74,2717369.0,689911421.0
2016-05-09,203.05,205.21,202.14,203.61,2779918.0,696784543.0
2016-05-10,202.53,206.19,202.22,204.63,3350589.0,843441777.0
2016-05-11,204.85,211.45,204.85,208.52,4927713.0,1268594578.0
2016-05-12,206.2,208.27,204.56,207.78,1889411.0,480711461.0
2016-05-13,207.79,210.16,203.35,203.72,2814561.0,714915405.0
2016-05-16,203.64,204.4,200.75,204.26,2220273.0,553627499.0
2016-05-17,203.76,204.89,202.8,202.96,1178569.0,295827986.0
2016-05-18,202.19,204.44,197.34,198.43,2838034.0,700172115.0
2016-05-19,199.01,201.72,198.48,199.51,2088943.0,514050851.0
2016-05-20,200.38,204.71,198.33,203.96,2550157.0,638079261.0
2016-05-23,202.71,206.99,202.71,206.35,1870618.0,474832790.0
2016-05-24,206.52,207.17,203.02,204.52,1167440.0,294383661.0
2016-05-25,206.58,206.95,203.76,204.45,1778534.0,450815932.0
2016-05-26,204.56,206.02,202.29,205.14,1812026.0,454859062.0
2016-05-27,205.15,206.75,204.06,204.92,1323044.0,334258004.0
2016-05-30,204.16,208.22,202.94,207.92,2980692.0,756013047.0
2016-05-31,207.81,216.43,207.16,214.69,5394965.0,1418668247.0
2016-06-01,215.44,215.52,213.49,214.13,2187669.0,578184009.0
2016-06-02,213.5,218.1,213.5,217.34,2476076.0,660335572.0
2016-06-03,216.74,232.76,216.25,230.45,6479813.0,1806172759.0
2016-06-06,228.92,229.73,223.23,224.09,3726166.0,1034692860.0
2016-06-07,224.45,226.07,223.24,225.55,1875353.0,518246021.0
2016-06-08,224.37,225.56,222.02,222.65,2388209.0,656530776.0
2016-06-13,221.89,224.58,216.13,216.79,3777506.0,1030012790.0
2016-06-14,217.32,222.26,217.32,221.41,2558729.0,696446744.0
2016-06-15,219.75,225.51,219.35,224.44,2732201.0,752172235.0
2016-06-16,223.12,225.51,222.24,222.44,1964357.0,540824570.0
2016-06-17,222.1,229.31,222.1,225.88,2470518.0,689165054.0
2016-06-20,227.11,227.18,222.42,224.14,1901926.0,523759587.0
2016-06-21,224.89,225.62,221.61,222.27,1674933.0,460067364.0
2016-06-22,222.24,226.77,221.42,226.03,2088448.0,577353686.0
2016-06-23,227.27,227.27,223.14,224.4,1398451.0,386801287.0
2016-06-24,223.46,224.86,216.9,222.24,2012951.0,550877435.0
2016-06-27,223.23,237.28,223.23,233.53,6364269.0,1823624051.0
2016-06-28,232.99,235.13,232.42,233.96,2428223.0,699351511.0
2016-06-29,233.42,234.96,230.7,233.93,2814760.0,805690468.0
2016-06-30,235.43,242.07,235.43,236.97,3802240.0,1116195906.0
2016-07-01,238.17,242.05,235.52,237.32,2601495.0,746622842.0
2016-07-04,238.01,244.97,237.18,243.73,2948864.0,859625100.0
2016-07-05,244.67,251.36,244.67,249.27,4170773.0,1252985739.0
2016-07-06,248.62,263.71,247.97,263.04,4734770.0,1463885917.0
2016-07-07,261.89,271.01,258.81,262.81,5072520.0,1619384207.0
2016-07-08,260.01,261.64,253.9,257.01,4554563.0,1412963905.0
2016-07-11,256.28,268.69,256.28,261.34,5748167.0,1825388220.0
2016-07-12,261.86,270.85,261.23,269.3,5311945.0,1712151169.0
2016-07-13,267.89,269.3,261.27,263.04,5344828.0,1697002627.0
2016-07-14,262.13,266.04,261.39,262.96,2923085.0,928017845.0
2016-07-15,262.99,263.74,261.28,263.32,2681101.0,848676195.0
2016-07-18,263.3,264.96,261.77,262.23,2335289.0,741065232.0
2016-07-19,261.64,262.31,253.39,255.51,4143166.0,1282256493.0
2016-07-20,255.94,257.8,255.01,255.89,1773384.0,548187889.0
2016-07-21,257.2,263.38,256.25,260.71,3300949.0,1041004812.0
2016-07-22,259.49,261.39,254.91,255.36,2887145.0,893047922.0
2016-07-25,255.09,260.56,254.59,258.13,2362353.0,736751814.0
2016-07-26,256.26,264.96,255.84,264.58,3555567.0,1121135548.0
2016-07-27,265.25,265.87,255.67,260.41,3922806.0,1235833182.0
2016-07-28,258.74,264.79,258.32,262.1,3964399.0,1254912053.0
2016-07-29,261.29,264.44,259.57,259.69,2900737.0,913987191.0
2016-08-01,259.57,260.36,252.93,254.56,3170185.0,980681835.0
2016-08-02,254.8,257.5,251.15,253.94,2654142.0,812078461.0
2016-08-03,254.59,255.34,252.23,254.44,2403907.0,735080442.0
2016-08-04,254.47,255.7,252.29,254.01,2179364.0,666165432.0
2016-08-05,254.17,255.73,252.96,253.71,2030848.0,622324412.0
2016-08-08,253.89,255.67,251.33,255.5,2200740.0,672724165.0
2016-08-09,255.56,263.44,254.11,261.85,3928967.0,1230571980.0
2016-08-10,261.27,262.47,259.84,260.24,2094471.0,659451040.0
2016-08-11,260.71,266.68,260.41,262.69,3193972.0,1016399255.0
2016-08-12,263.22,263.22,260.41,262.86,2335283.0,737487495.0
2016-08-15,261.89,266.77,260.52,264.36,3411013.0,1084418386.0
2016-08-16,267.03,267.43,255.42,256.68,8837869.0,2755749508.0
2016-08-17,256.75,257.88,254.18,255.55,4375406.0,1347397784.0
2016-08-18,255.38,256.79,253.04,254.12,3100599.0,951674783.0
2016-08-19,253.6,254.97,252.77,254.16,1914091.0,585467699.0
2016-08-22,253.87,256.73,253.76,254.86,2081270.0,640455200.0
2016-08-23,254.87,256.28,253.6,254.49,1991426.0,612752800.0
2016-08-24,254.61,255.0,251.96,253.17,2277942.0,695005299.0
2016-08-25,253.1,253.25,248.85,251.28,2536258.0,766099099.0
2016-08-26,251.39,252.56,249.12,249.99,2143645.0,648346749.0
2016-08-29,255.42,256.09,253.1,255.03,3805557.0,1169052449.0
2016-08-30,254.59,255.84,252.66,253.65,2117052.0,649198656.0
2016-08-31,254.34,257.71,253.38,257.24,4040144.0,1250762220.0
2016-09-01,256.83,258.74,255.63,256.01,1718597.0,532785268.0
2016-09-02,255.42,256.62,252.83,253.58,1857224.0,570909575.0
2016-09-05,253.93,256.25,253.61,255.84,1913870.0,589626257.0
2016-09-06,255.84,257.38,255.71,257.03,2062583.0,638681582.0
2016-09-07,256.82,256.82,253.35,254.26,2964515.0,908976239.0
2016-09-08,253.11,254.18,252.44,253.61,1670578.0,509979664.0
2016-09-09,254.3,254.48,252.1,252.63,1622251.0,494663720.0
2016-09-12,250.45,252.1,246.94,247.18,3823881.0,1148690134.0
2016-09-13,248.75,249.59,248.21,249.14,1625588.0,488095080.0
2016-09-14,248.87,250.61,247.14,248.43,1852765.0,556106069.0
2016-09-19,248.83,250.09,248.69,248.9,1285210.0,385804380.0
2016-09-20,249.43,249.45,243.81,244.61,3489260.0,1031649944.0
2016-09-21,244.69,244.96,239.76,243.85,3903723.0,1139374180.0
2016-09-22,244.06,248.77,243.82,246.28,2960617.0,879666027.0
2016-09-23,246.32,247.92,244.97,246.86,1267190.0,376554085.0
2016-09-26,246.3,246.31,239.29,239.44,3717608.0,1080278313.0
2016-09-27,239.57,242.14,239.47,241.46,1791582.0,520513707.0
2016-09-28,241.98,241.98,238.47,239.18,2236001.0,648736325.0
2016-09-29,238.71,242.98,238.71,241.31,2370569.0,688873467.0
2016-09-30,240.49,248.48,240.49,247.05,2960350.0,880477802.0
2016-10-10,247.55,251.99,247.55,251.24,2110362.0,637178860.0
2016-10-11,252.1,256.25,251.28,256.18,4173675.0,1279755341.0
2016-10-12,255.84,255.84,252.85,253.61,1928602.0,590793820.0
2016-10-13,254.43,254.54,251.7,252.01,1614398.0,491591611.0
2016-10-14,251.67,253.76,251.44,253.43,1269092.0,386317907.0
2016-10-17,253.31,253.35,250.03,250.82,1895703.0,574503340.0
2016-10-18,250.86,255.84,250.45,254.73,3038931.0,932443506.0
2016-10-19,255.84,256.04,253.02,254.14,1412328.0,433658685.0
2016-10-20,254.92,254.92,252.77,253.33,1407992.0,429896204.0
2016-10-21,253.0,253.33,250.94,252.26,1148332.0,349209701.0
2016-10-24,250.94,254.59,250.94,254.53,2624652.0,802002340.0
2016-10-25,254.92,259.57,254.92,259.52,4376239.0,1363211035.0
2016-10-26,259.57,263.97,258.45,260.13,4681307.0,1475976854.0
2016-10-27,259.56,263.9,257.92,262.78,3295162.0,1039017332.0
2016-10-28,263.3,264.07,260.4,262.93,2013733.0,637478016.0
2016-10-31,264.54,267.7,262.72,263.67,4359610.0,1394967912.0
2016-11-01,263.67,264.54,261.68,262.62,1951239.0,617880127.0
2016-11-02,262.13,263.02,260.13,261.38,2063642.0,650629063.0
2016-11-03,261.23,262.44,260.52,261.94,1869081.0,589861356.0
2016-11-04,262.05,263.92,260.38,261.08,2061927.0,650489997.0
2016-11-07,261.23,262.89,259.73,261.5,1604780.0,505304908.0
2016-11-08,262.47,267.18,261.79,265.37,3419383.0,1093003608.0
2016-11-09,265.37,267.01,260.23,262.73,3000449.0,951077199.0
2016-11-10,264.63,266.2,263.49,264.65,1780496.0,568571581.0
2016-11-11,263.71,263.96,261.06,261.29,3590265.0,1133744319.0
2016-11-14,261.68,261.95,257.07,257.9,3992049.0,1246340872.0
2016-11-15,257.11,261.77,257.11,260.41,2447055.0,766112493.0
2016-11-16,260.24,261.56,258.74,259.69,1339981.0,419672477.0
2016-11-17,258.81,259.57,257.52,257.94,1833776.0,570642087.0
2016-11-18,258.04,258.57,256.98,257.08,1937769.0,601883505.0
2016-11-21,257.93,258.46,255.73,256.67,2608384.0,807014528.0
2016-11-22,257.33,257.45,255.73,256.14,2642427.0,816561740.0
2016-11-23,257.91,259.57,256.34,259.53,3401504.0,1058266299.0
2016-11-24,259.73,262.89,258.26,262.83,3907870.0,1227937711.0
2016-11-25,262.92,263.71,259.92,262.79,2236967.0,706042467.0
2016-11-28,263.34,265.52,262.55,264.96,4925301.0,1568882892.0
2016-11-29,265.95,274.04,264.88,268.66,5883062.0,1911874428.0
2016-11-30,266.39,268.11,264.09,264.61,2675237.0,855564591.0
2016-12-01,265.37,269.18,264.28,266.22,2794182.0,896065026.0
2016-12-02,266.2,268.03,264.54,266.84,3062833.0,984836869.0
2016-12-05,264.71,269.14,261.91,262.0,4206081.0,1342647367.0
2016-12-06,262.25,270.83,262.25,270.7,3892309.0,1251764484.0
2016-12-07,271.28,272.42,268.67,271.55,2527174.0,825849253.0
2016-12-08,272.02,281.96,271.18,280.06,5447578.0,1825332444.0
2016-12-09,279.64,281.48,277.0,280.1,3449559.0,1162079790.0
2016-12-12,280.05,281.96,270.1,271.06,5033244.0,1667557014.0
2016-12-13,271.05,277.81,269.93,276.16,4178000.0,1384533791.0
2016-12-14,276.15,277.04,272.42,275.55,3202902.0,1062697134.0
2016-12-15,275.71,276.15,270.0,272.05,3920275.0,1285279911.0
2016-12-16,271.18,273.57,268.34,271.66,2505126.0,818412412.0
2016-12-19,270.35,277.29,270.03,270.32,3047187.0,1002365465.0
2016-12-20,270.38,271.18,266.87,270.75,3083159.0,1001345157.0
2016-12-21,271.1,273.08,268.33,272.56,2471124.0,807548103.0
2016-12-22,272.01,272.39,269.42,269.69,1467813.0,478750707.0
2016-12-23,268.32,269.11,264.65,265.4,3109555.0,1001068078.0
2016-12-26,264.57,269.51,262.22,269.09,2600143.0,835811094.0
2016-12-27,269.11,272.67,268.28,270.48,2006229.0,655887935.0
2016-12-28,271.17,272.01,268.13,268.46,1787811.0,581648979.0
2016-12-29,268.69,271.9,267.86,271.44,2122512.0,690986078.0
2016-12-30,270.86,278.05,270.86,277.11,3468767.0,1152982239.0
2017-01-03,277.22,279.47,276.0,277.45,2076389.0,695005298.0
2017-01-04,277.5,292.05,277.48,291.84,6525738.0,2245051865.0
2017-01-05,290.25,291.45,286.47,287.55,4170448.0,1449077676.0
2017-01-06,287.47,298.36,287.02,290.88,6809562.0,2402546296.0
2017-01-09,288.43,292.64,287.38,289.02,3540500.0,1233977973.0
2017-01-10,288.97,291.91,287.43,289.42,3172764.0,1108100804.0
2017-01-11,288.59,288.59,284.86,286.48,2359851.0,814074636.0
2017-01-12,287.39,288.1,285.7,287.81,1777940.0,614822051.0
2017-01-13,287.75,288.09,285.18,286.0,1828248.0,631734939.0
2017-01-16,285.38,285.94,280.96,283.18,3685545.0,1259384863.0
2017-01-17,284.12,291.5,283.62,289.53,3518838.0,1223967880.0
2017-01-18,289.32,295.87,287.94,294.46,4600570.0,1622110970.0
2017-01-19,294.4,297.28,291.66,294.17,2852392.0,1011320058.0
2017-01-20,294.32,296.39,292.76,294.39,2134417.0,758415995.0
2017-01-23,295.96,298.38,289.8,291.26,3258118.0,1151869289.0
2017-01-24,291.31,292.57,287.56,290.51,2691458.0,939129474.0
2017-01-25,290.24,290.24,287.1,288.29,2299036.0,799259963.0
2017-01-26,288.71,289.26,283.04,285.62,3782617.0,1303262151.0
2017-02-03,286.93,289.57,286.11,287.64,2093643.0,727140789.0
2017-02-06,289.0,289.33,286.07,287.64,1568079.0,543401899.0
2017-02-07,287.63,288.1,284.56,284.93,2051983.0,707114116.0
2017-02-08,285.08,286.52,284.17,285.45,1908854.0,656786314.0
2017-02-09,286.11,289.25,285.78,288.27,2332438.0,808958183.0
2017-02-10,289.11,290.1,286.11,286.17,2405659.0,835679322.0
2017-02-13,285.28,291.83,283.55,290.04,5358790.0,1869148354.0
2017-02-14,289.87,292.41,289.51,290.43,2655868.0,931733735.0
2017-02-15,291.5,292.28,287.93,289.03,2625696.0,917475854.0
2017-02-16,289.01,289.11,286.53,288.67,1764230.0,612607282.0
2017-02-17,289.34,293.93,288.18,290.72,2910234.0,1022647971.0
2017-02-20,290.59,300.47,290.26,299.61,6185340.0,2215563601.0
2017-02-21,300.1,300.56,296.21,297.5,2770577.0,994112865.0
2017-02-22,299.05,303.95,298.55,300.11,3713031.0,1347469102.0
2017-02-23,299.35,303.09,298.35,299.95,2332806.0,844123194.0
2017-02-24,300.2,300.94,298.59,300.72,1769278.0,639123205.0
2017-02-27,300.61,300.91,295.89,296.55,2540046.0,912927183.0
2017-02-28,296.06,297.88,293.22,294.12,2747351.0,975788668.0
2017-03-01,294.48,297.05,294.4,295.73,2194420.0,782349009.0
2017-03-02,295.82,296.06,294.01,295.91,2210362.0,785560420.0
2017-03-03,294.4,297.07,294.4,295.68,1415355.0,505108556.0
2017-03-06,296.6,298.16,295.68,297.68,2281884.0,818625871.0
2017-03-07,296.91,305.91,296.91,304.52,4628698.0,1694198549.0
2017-03-08,304.5,305.59,303.11,304.56,1603770.0,588667675.0
2017-03-09,304.35,306.82,303.16,306.76,2340606.0,860084024.0
2017-03-10,306.77,312.64,305.48,306.71,4095105.0,1524343094.0
2017-03-13,306.88,310.43,304.79,308.12,2767432.0,1027592800.0
2017-03-14,308.12,310.03,305.46,306.42,2041649.0,756359624.0
2017-03-15,306.42,311.11,306.02,310.72,2515526.0,935994827.0
2017-03-16,312.28,313.72,309.16,310.79,2502260.0,938231439.0
2017-03-17,309.41,318.82,309.41,313.87,3470026.0,1315336843.0
2017-03-20,315.55,320.7,314.2,320.45,3154594.0,1209603913.0
2017-03-21,320.56,328.81,320.52,326.75,4846096.0,1901883740.0
2017-03-22,323.86,327.24,319.28,327.14,4553271.0,1775217767.0
2017-03-23,325.11,326.73,320.6,323.25,3450481.0,1345058757.0
2017-03-24,325.35,326.09,319.28,320.79,3328772.0,1292313386.0
2017-03-27,320.13,322.81,313.8,314.15,5369028.0,2054742982.0
2017-03-28,315.09,316.08,312.36,315.35,4118717.0,1558258565.0
2017-03-29,315.97,319.94,315.05,318.16,3729967.0,1429610961.0
2017-03-30,317.62,320.84,317.29,320.22,3161299.0,1216016529.0
2017-03-31,320.27,321.77,318.6,320.41,2447422.0,945503282.0
2017-04-05,319.82,327.56,319.28,323.14,4078998.0,1594997313.0
2017-04-06,322.6,325.91,320.63,325.01,2885720.0,1125204238.0
2017-04-07,325.9,326.74,323.09,325.8,2409723.0,945589197.0
2017-04-10,326.74,326.74,321.77,322.76,2886948.0,1126296265.0
2017-04-11,321.81,324.0,315.63,319.52,4353072.0,1679537545.0
2017-04-12,319.52,324.25,319.11,323.61,2700291.0,1049245582.0
2017-04-13,324.07,330.55,323.85,330.38,4564835.0,1805008871.0
2017-04-14,331.24,331.62,327.57,327.94,2364656.0,938378987.0
2017-04-17,324.25,330.29,322.22,328.23,2879371.0,1136763705.0
2017-04-18,327.24,337.15,327.24,335.57,4958100.0,1987661267.0
2017-04-19,334.2,339.26,334.09,336.48,3755011.0,1521983651.0
2017-04-20,336.77,348.66,336.77,344.41,5045768.0,2091241453.0
2017-04-21,344.16,344.65,331.72,332.16,4933292.0,2015062634.0
2017-04-24,332.23,335.86,322.59,330.51,5003797.0,1986424986.0
2017-04-25,335.7,348.44,335.7,347.38,7619271.0,3143136343.0
2017-04-26,347.35,355.5,342.51,346.61,5662412.0,2384125120.0
2017-04-27,344.6,349.94,340.37,349.5,2824071.0,1180494894.0
2017-04-28,349.95,350.79,339.93,342.9,4950587.0,2052093809.0
2017-05-02,341.34,344.16,339.33,341.73,2329168.0,960137243.0
2017-05-03,340.84,346.36,340.84,346.32,2026791.0,842560358.0
2017-05-04,343.85,347.04,343.85,344.99,2670915.0,1111200116.0
2017-05-05,345.15,350.61,344.24,345.14,3743711.0,1566063418.0
2017-05-08,345.13,345.81,335.63,336.26,4072165.0,1671035538.0
2017-05-09,335.4,339.91,330.06,338.98,5280192.0,2126236509.0
2017-05-10,338.68,343.69,337.54,340.08,2603938.0,1070652714.0
2017-05-11,338.68,343.91,337.12,341.8,3046764.0,1254053012.0
2017-05-12,342.99,344.4,340.02,342.89,2233742.0,921621377.0
2017-05-15,342.6,348.59,342.6,347.93,3344735.0,1398908200.0
2017-05-16,347.97,357.61,346.86,356.7,5016490.0,2145037948.0
2017-05-17,355.77,356.75,352.35,353.78,2751521.0,1174696177.0
2017-05-18,352.49,357.18,352.46,356.21,2430080.0,1040535480.0
2017-05-19,356.24,366.38,356.24,365.57,3831083.0,1672948423.0
2017-05-22,364.09,369.87,361.74,366.36,3532149.0,1560087945.0
2017-05-23,366.75,376.89,366.75,376.66,4845439.0,2178738025.0
2017-05-24,375.59,378.56,369.86,373.45,4022618.0,1812513084.0
2017-05-25,372.11,375.64,371.11,373.68,2889842.0,1299628591.0
2017-05-26,373.86,377.83,371.52,374.77,2738664.0,1237323135.0
2017-05-31,373.18,373.6,364.98,367.33,4431225.0,1968887174.0
2017-06-01,366.96,373.14,365.73,372.58,4060478.0,1808305713.0
2017-06-02,373.18,373.97,369.53,370.95,2178526.0,974893318.0
2017-06-05,371.56,372.35,366.84,368.55,1924120.0,854876925.0
2017-06-06,369.01,372.35,368.37,372.2,2040244.0,912438705.0
2017-06-07,372.45,381.47,372.45,380.95,3883430.0,1774212484.0
2017-06-08,382.57,385.12,380.23,385.05,2895111.0,1338443407.0
2017-06-09,384.99,390.43,383.96,386.23,3143076.0,1467836835.0
2017-06-12,387.28,394.28,385.62,392.16,3510916.0,1654501999.0
2017-06-13,392.3,393.5,387.28,392.29,2423798.0,1141536364.0
2017-06-14,392.08,395.99,390.17,393.41,3376863.0,1600846629.0
2017-06-15,393.91,394.31,384.79,385.04,5020280.0,2347172380.0
2017-06-16,382.72,387.69,382.52,383.66,3333180.0,1544955944.0
2017-06-19,383.1,390.09,383.1,389.91,3853668.0,1803585246.0
2017-06-20,392.26,393.81,386.17,386.7,3450539.0,1614858151.0
2017-06-21,389.39,392.26,386.47,392.01,4203854.0,1974672846.0
2017-06-22,392.27,396.34,390.76,392.05,3824234.0,1815684370.0
2017-06-23,392.14,393.81,388.38,392.03,3130362.0,1473803782.0
2017-06-26,392.26,402.21,391.43,401.94,5293257.0,2536430501.0
2017-06-27,400.4,402.21,398.76,401.46,2798078.0,1350476765.0
2017-06-28,401.45,401.45,392.26,394.16,3772874.0,1799676818.0
2017-06-29,394.99,395.86,389.77,392.26,3509272.0,1657994404.0
2017-06-30,391.02,393.22,387.94,391.3,2242717.0,1056424784.0
2017-07-03,393.25,393.25,379.73,381.78,4962853.0,2298656458.0
2017-07-04,380.61,381.47,372.35,374.77,5648895.0,2563886390.0
2017-07-05,375.68,381.75,375.68,381.58,3754032.0,1718844532.0
2017-07-06,379.91,381.64,373.68,378.14,4204439.0,1913037511.0
2017-07-07,379.7,379.75,371.41,375.43,3779647.0,1681450715.0
2017-07-10,376.19,382.94,372.9,382.58,3662409.0,1648443670.0
2017-07-11,382.61,391.09,382.19,389.87,4460182.0,2054854503.0
2017-07-12,392.12,392.28,383.03,385.11,2895072.0,1330327923.0
2017-07-13,383.32,388.85,381.92,384.01,2595135.0,1183440452.0
2017-07-14,384.08,386.19,381.39,384.22,1772657.0,806510274.0
2017-07-17,384.75,385.59,375.69,378.88,3526368.0,1595292990.0
2017-07-18,380.5,382.18,377.14,380.97,3068449.0,1384468254.0
2017-07-19,382.19,390.29,381.18,384.59,5625994.0,2574934655.0
2017-07-20,383.75,393.04,383.75,392.68,4663487.0,2160731540.0
2017-07-21,393.1,399.87,390.32,398.35,4679241.0,2207195747.0
2017-07-24,399.76,408.58,399.76,402.22,4271643.0,2052709805.0
2017-07-25,405.93,406.43,400.79,402.36,2192999.0,1051446103.0
2017-07-26,402.43,405.45,392.76,397.03,3147018.0,1487729148.0
2017-07-27,397.03,400.58,396.58,398.91,1959503.0,928077230.0
2017-07-28,396.5,407.5,393.73,407.37,4661877.0,2235811533.0
2017-07-31,407.44,410.78,404.92,405.1,3841218.0,1861154799.0
2017-08-01,404.92,406.6,401.89,404.28,2750154.0,1318453670.0
2017-08-02,404.11,408.18,402.82,406.47,2677422.0,1289564021.0
2017-08-03,407.17,409.84,400.4,401.73,3176839.0,1522998147.0
2017-08-04,401.55,403.22,397.85,398.72,1868114.0,887074164.0
2017-08-07,397.76,406.09,396.61,405.39,2309937.0,1104715336.0
2017-08-08,405.76,407.63,403.65,406.25,1605158.0,773408185.0
2017-08-09,408.15,415.0,405.78,413.24,4179447.0,2045888052.0
2017-08-10,413.41,420.57,411.65,413.86,3536438.0,1747693641.0
2017-08-11,411.65,418.01,407.0,407.49,3657257.0,1785149162.0
2017-08-14,408.46,421.0,408.46,420.77,3933147.0,1952353920.0
2017-08-15,421.0,421.84,416.71,417.52,2716322.0,1350104673.0
2017-08-16,419.23,419.9,415.02,417.96,1858722.0,921412991.0
2017-08-17,418.89,418.89,412.32,414.76,2584673.0,1272341257.0
2017-08-18,414.85,416.23,410.81,412.2,2385775.0,1169732673.0
2017-08-21,410.81,416.2,409.92,412.27,2354662.0,1153168712.0
2017-08-22,410.3,412.05,400.71,410.15,4245703.0,2051271355.0
2017-08-23,408.66,416.39,407.71,415.87,2721499.0,1337347647.0
2017-08-24,415.85,417.88,414.19,414.86,1815678.0,896861683.0
2017-08-25,415.4,416.07,411.92,415.01,1729788.0,850598725.0
2017-08-28,415.02,418.63,413.36,414.21,2902107.0,1432545548.0
2017-08-29,415.04,416.6,410.82,412.02,2517662.0,1234431719.0
2017-08-30,412.24,415.65,411.79,414.99,1850364.0,910133939.0
2017-08-31,415.89,416.6,412.32,413.46,1873686.0,921659704.0
2017-09-01,412.66,417.78,412.52,416.85,3145100.0,1554634575.0
2017-09-04,416.85,418.1,413.56,414.53,1893162.0,932954810.0
2017-09-05,414.92,415.85,412.07,412.48,2262215.0,1112006392.0
2017-09-06,412.49,414.82,408.15,408.27,3300650.0,1608066103.0
2017-09-07,408.54,409.88,404.13,405.14,3332016.0,1605408576.0
2017-09-08,402.6,404.5,399.02,399.34,4117327.0,1962989430.0
2017-09-11,396.57,405.94,395.64,402.66,4537440.0,2161657241.0
2017-09-12,403.65,409.13,402.73,408.21,3434163.0,1661294228.0
2017-09-13,408.28,414.34,405.24,413.86,3307570.0,1618956527.0
2017-09-14,415.01,415.89,411.64,413.09,1939949.0,953145166.0
2017-09-15,414.6,414.6,410.81,412.36,1603946.0,786562205.0
2017-09-18,412.61,421.33,412.61,420.04,4220681.0,2101680376.0
2017-09-19,421.16,423.02,417.55,418.34,2305481.0,1151152851.0
2017-09-20,418.3,420.93,417.54,417.71,1731816.0,862024944.0
2017-09-21,417.49,421.4,414.92,419.88,1940268.0,963615276.0
2017-09-22,418.3,421.06,417.38,420.85,1634353.0,815718865.0
2017-09-25,421.17,427.81,421.16,427.01,3269756.0,1649582919.0
2017-09-26,426.54,429.33,423.94,428.73,2547049.0,1292872632.0
2017-09-27,428.42,430.2,426.02,427.82,1667111.0,847627355.0
2017-09-28,426.97,437.92,426.93,436.45,2596985.0,1340236075.0
2017-09-29,434.38,442.7,433.96,435.76,2243622.0,1166403112.0
2017-10-09,441.57,450.84,437.83,444.29,3489129.0,1844481600.0
2017-10-10,443.68,455.0,443.65,454.63,3100644.0,1662690453.0
2017-10-11,452.98,464.05,452.98,459.25,3340643.0,1824898708.0
2017-10-12,458.79,460.9,454.74,458.03,1964622.0,1067464518.0
2017-10-13,458.79,468.56,456.28,468.18,2785842.0,1534212916.0
2017-10-16,471.41,477.03,467.94,472.0,2990901.0,1676809992.0
2017-10-17,472.24,472.24,466.37,468.67,2097712.0,1168943280.0
2017-10-18,466.54,473.6,466.54,472.03,1917865.0,1072237528.0
2017-10-19,472.26,492.59,472.03,490.45,4065882.0,2338901855.0
2017-10-20,489.1,489.1,481.32,483.48,3153433.0,1812957242.0
2017-10-23,483.98,488.68,478.15,482.71,2377182.0,1362900409.0
2017-10-24,481.52,483.04,474.46,477.59,3127428.0,1775645971.0
2017-10-25,479.63,481.25,473.15,476.19,2507600.0,1418395221.0
2017-10-26,509.3,516.04,498.28,509.38,11543497.0,6957625411.0
2017-10-27,506.87,551.39,505.12,546.87,8438379.0,5284485766.0
2017-10-30,541.33,542.13,522.77,523.68,8100786.0,5099041747.0
2017-10-31,523.62,528.33,515.09,520.27,5187568.0,3206280600.0
2017-11-01,522.67,531.64,521.27,524.46,4343525.0,2712016939.0
2017-11-02,527.78,530.16,522.77,527.75,3424973.0,2144671943.0
2017-11-03,529.21,541.66,529.21,538.07,4818897.0,3075651167.0
2017-11-06,540.03,553.6,538.93,549.76,4851398.0,3153638704.0
2017-11-07,547.67,553.2,537.23,540.51,5556485.0,3592238407.0
2017-11-08,540.73,550.97,540.73,547.5,4395194.0,2855374070.0
2017-11-09,545.5,550.68,542.65,547.24,3364113.0,2183815390.0
2017-11-10,547.55,575.3,547.55,570.71,7407860.0,4967970730.0
2017-11-13,572.44,583.2,568.9,579.07,4986984.0,3402794002.0
2017-11-14,578.45,578.52,570.21,571.39,4636671.0,3159112664.0
2017-11-15,571.39,580.85,567.39,579.24,4503633.0,3074244081.0
2017-11-16,577.5,606.08,577.5,605.36,6071632.0,4299283186.0
2017-11-17,585.91,596.85,570.56,581.07,12386124.0,8548747991.0
2017-11-20,569.75,577.15,555.6,571.72,8830582.0,5954131851.0
2017-11-21,563.18,579.85,557.3,570.12,9601651.0,6491134446.0
2017-11-22,569.91,579.17,547.18,547.62,12849826.0,8528143403.0
2017-11-23,540.45,543.82,530.53,533.49,10959913.0,6984097475.0
2017-11-24,535.31,540.87,523.81,530.38,7654194.0,4835808966.0
2017-11-27,533.72,535.68,516.05,523.02,6354846.0,3975262024.0
2017-11-28,526.19,546.24,525.3,545.69,7029183.0,4491543613.0
2017-11-29,547.13,548.84,533.72,537.18,4676372.0,3005733412.0
2017-11-30,534.99,545.9,526.98,531.19,3801962.0,2419959854.0
2017-12-01,537.09,537.92,522.04,523.91,4719274.0,2959772009.0
2017-12-04,525.25,542.22,519.17,536.91,5426771.0,3436687377.0
2017-12-05,533.72,545.0,530.46,532.84,4746576.0,3026076465.0
2017-12-06,531.61,542.22,521.93,526.15,5817409.0,3657236582.0
2017-12-07,526.1,526.13,517.94,519.14,5103262.0,3155212010.0
2017-12-08,518.07,529.38,518.07,528.06,4550339.0,2842464437.0
2017-12-11,531.19,548.83,531.19,548.02,7284917.0,4702239221.0
2017-12-12,554.51,554.57,548.04,548.3,4788931.0,3138650306.0
2017-12-13,551.38,564.02,547.79,562.51,4850248.0,3197982045.0
2017-12-14,564.0,565.12,556.02,559.43,3196794.0,2126665894.0
2017-12-15,558.97,562.29,547.84,550.37,3225595.0,2126579404.0
2017-12-18,555.6,563.85,554.41,560.46,3916228.0,2599749872.0
2017-12-19,558.13,566.07,556.44,561.57,4407221.0,2944470867.0
2017-12-20,563.94,578.21,558.99,576.57,6360131.0,4321305755.0
2017-12-21,574.96,578.69,568.65,573.9,4668038.0,3178595839.0
2017-12-22,572.44,577.41,569.92,574.9,2831701.0,1930315469.0
2017-12-25,577.49,586.16,575.57,579.27,3621428.0,2497653982.0
2017-12-26,579.32,583.37,569.49,573.12,3186766.0,2174103282.0
2017-12-27,576.53,576.53,557.71,559.12,3772205.0,2539720696.0
2017-12-28,578.33,606.03,565.13,605.01,12414107.0,8656875718.0
2017-12-29,604.43,611.58,582.2,587.16,7603887.0,5372514665.0
2018-01-02,589.28,597.83,580.76,592.52,4961248.0,3482407646.0
2018-01-03,590.54,607.29,589.06,602.63,5201941.0,3713523701.0
2018-01-04,607.29,625.89,605.55,620.48,7220508.0,5309890210.0
2018-01-05,623.79,628.02,613.03,621.57,3998907.0,2946493013.0
2018-01-08,618.76,636.84,618.76,633.16,5220456.0,3899951720.0
2018-01-09,633.23,659.15,633.23,658.74,6459195.0,5001164506.0
2018-01-10,660.83,664.1,651.13,661.43,4771424.0,3731993154.0
2018-01-11,662.51,663.36,649.89,652.25,5065607.0,3942075854.0
2018-01-12,651.38,664.03,645.69,663.71,4598824.0,3577281776.0
2018-01-15,667.95,672.67,655.8,661.14,5247313.0,4136645487.0
2018-01-16,657.03,663.87,646.52,650.68,6542833.0,5084966063.0
2018-01-17,648.2,651.57,621.69,629.62,9070954.0,6835580477.0
2018-01-18,629.62,643.99,626.39,631.99,5897851.0,4443031234.0
2018-01-19,633.81,638.86,622.12,631.52,5092556.0,3818021990.0
2018-01-22,632.89,651.57,632.89,651.27,6712675.0,5129674653.0
2018-01-23,654.78,656.62,647.02,651.38,4954918.0,3836387690.0
2018-01-24,653.62,653.64,638.61,643.54,4329881.0,3311348774.0
2018-01-25,640.63,653.25,632.21,647.5,5004072.0,3821875040.0
2018-01-26,645.88,654.43,643.15,654.28,4397833.0,3389953777.0
2018-01-29,655.58,656.34,618.74,619.85,7453551.0,5637041971.0
2018-01-30,619.58,630.33,614.55,624.7,5191103.0,3852705098.0
2018-01-31,622.11,649.64,622.11,643.61,6040241.0,4601994781.0
2018-02-01,645.68,645.93,633.82,637.87,5058261.0,3846421613.0
2018-02-02,633.24,634.09,610.32,623.28,7542082.0,5583742782.0
2018-02-05,612.19,614.5,593.99,604.62,9899585.0,7104095616.0
2018-02-06,591.8,608.3,591.8,596.73,8816871.0,6270888575.0
2018-02-07,606.11,609.38,574.13,575.33,8828998.0,6231141116.0
2018-02-08,574.29,604.43,574.29,590.11,8340943.0,5860233484.0
2018-02-09,572.44,580.76,553.92,575.33,10557826.0,7160206330.0
2018-02-12,581.7,593.91,576.82,587.15,6417955.0,4466343242.0
2018-02-13,593.5,601.75,593.06,599.36,5338918.0,3793782378.0
2018-02-14,606.11,606.11,599.56,604.81,3065260.0,2198728707.0
2018-02-22,612.26,626.32,608.84,625.01,5076469.0,3717469267.0
2018-02-23,628.84,636.89,620.42,625.04,3815877.0,2844936758.0
2018-02-26,628.74,633.09,617.07,625.9,4365824.0,3243216345.0
2018-02-27,630.52,636.42,620.61,621.25,4260154.0,3181778842.0
2018-02-28,616.21,624.88,605.27,610.84,4833067.0,3522004686.0
2018-03-01,612.85,628.71,609.29,624.61,4479465.0,3303604159.0
2018-03-02,621.26,625.95,614.53,619.93,2599190.0,1912613830.0
2018-03-05,621.42,624.63,603.61,606.2,3723470.0,2703926955.0
2018-03-06,610.32,612.51,586.86,604.65,6457036.0,4581658583.0
2018-03-07,601.9,609.48,596.84,597.73,3459594.0,2480929043.0
2018-03-08,601.06,609.48,596.01,608.44,3534930.0,2540452000.0
2018-03-09,612.47,616.69,609.06,613.01,3017100.0,2199081672.0
2018-03-12,614.15,617.83,608.44,609.44,3988841.0,2900950557.0
2018-03-13,608.64,611.67,597.69,597.99,3857709.0,2764426996.0
2018-03-14,597.42,612.91,595.35,611.9,3735576.0,2683830110.0
2018-03-15,612.86,628.84,612.86,628.39,5614879.0,4161645760.0
2018-03-16,629.35,634.72,622.01,622.82,3585552.0,2676682524.0
2018-03-19,626.29,634.73,622.11,634.3,3866658.0,2897348542.0
2018-03-20,631.37,633.05,622.95,629.46,2887720.0,2154897794.0
2018-03-21,631.46,633.98,622.95,624.63,2674271.0,1996584261.0
2018-03-22,626.32,629.68,609.49,611.23,3748697.0,2748721669.0
2018-03-23,590.12,609.05,589.34,598.59,5254677.0,3727044980.0
2018-03-26,596.01,601.95,590.86,600.63,4625611.0,3276880070.0
2018-03-27,608.64,611.06,592.64,601.68,4754844.0,3399900239.0
2018-03-28,589.25,591.8,563.18,574.16,11353972.0,7786098263.0
2018-03-29,574.29,587.47,554.26,580.1,7908196.0,5362890034.0
2018-03-30,577.49,583.8,572.34,575.49,3654028.0,2502696336.0
2018-04-02,572.44,581.7,567.48,572.49,3203908.0,2185060765.0
2018-04-03,570.76,578.33,568.56,570.68,4023558.0,2737509485.0
2018-04-04,574.12,589.64,572.76,584.23,5689131.0,3948712791.0
2018-04-09,586.83,593.85,580.98,587.84,3083305.0,2149178951.0
2018-04-10,593.32,596.43,587.98,596.03,3204325.0,2252069676.0
2018-04-11,597.69,601.72,591.82,593.79,2572318.0,1822237882.0
2018-04-12,592.64,595.07,582.73,584.39,3071361.0,2139139504.0
2018-04-13,588.01,590.12,576.72,578.21,2754952.0,1904051062.0
2018-04-16,572.93,578.21,569.91,573.6,3293967.0,2241463093.0
2018-04-17,576.65,576.97,560.32,560.82,3517276.0,2377407817.0
2018-04-18,564.86,564.86,542.98,551.93,6261660.0,4104175827.0
2018-04-19,555.48,572.44,552.79,572.41,4420757.0,2976468492.0
2018-04-20,573.28,584.22,562.53,564.24,4151168.0,2831559751.0
2018-04-23,560.66,572.72,560.66,567.4,3265920.0,2196761047.0
2018-04-24,569.07,583.8,568.23,580.76,4728256.0,3252280969.0
2018-04-25,580.02,582.54,574.98,581.67,2525222.0,1738767067.0
2018-04-26,582.54,582.78,566.55,570.95,3504790.0,2378744475.0
2018-04-27,576.86,579.48,551.39,557.73,5791521.0,3866680412.0
2018-05-02,555.6,563.17,543.03,562.19,7025911.0,4589885607.0
2018-05-03,560.65,567.12,553.92,564.76,3632653.0,2426248236.0
2018-05-04,564.85,568.09,556.08,558.02,3737584.0,2492610223.0
2018-05-07,555.56,590.86,553.73,587.73,8559143.0,5858519223.0
2018-05-08,587.62,599.49,587.62,596.71,6249783.0,4414037853.0
2018-05-09,596.92,599.63,586.85,590.92,3233106.0,2267880036.0
2018-05-10,592.22,602.74,592.22,601.22,3929380.0,2794919589.0
2018-05-11,605.01,614.95,602.49,604.44,3914165.0,2826877192.0
2018-05-14,609.48,625.47,609.48,624.98,5101471.0,3753818029.0
2018-05-15,628.0,628.37,617.9,625.52,3805580.0,2811622722.0
2018-05-16,622.95,627.71,617.29,618.34,3079520.0,2275092450.0
2018-05-17,618.84,620.84,609.48,612.32,2851793.0,2077476640.0
2018-05-18,609.47,623.79,607.11,622.38,2925517.0,2140724039.0
2018-05-21,626.32,629.09,616.62,618.59,2905958.0,2150582003.0
2018-05-22,618.92,622.81,614.55,622.59,1699896.0,1250693946.0
2018-05-23,622.95,622.95,609.13,609.29,2826871.0,2061375201.0
2018-05-24,606.11,613.4,600.22,602.24,3041634.0,2191695815.0
2018-05-25,599.38,612.0,599.38,603.47,2651146.0,1908701139.0
2018-05-28,604.43,623.5,602.0,623.28,4280523.0,3129960293.0
2018-05-29,621.94,631.37,615.61,615.73,4082027.0,3029700817.0
2018-05-30,612.19,620.68,606.15,611.05,3714710.0,2706486799.0
2018-05-31,614.74,632.73,614.73,632.32,7185287.0,5356222572.0
2018-06-01,632.32,635.56,621.9,627.25,3617763.0,2694415012.0
2018-06-04,633.34,659.06,627.9,658.28,7380597.0,5697540359.0
2018-06-05,662.09,669.0,654.29,663.4,5262967.0,4136578583.0
2018-06-06,663.36,674.26,658.56,661.46,4896948.0,3870616725.0
2018-06-07,665.02,669.71,655.7,657.44,3916778.0,3078137471.0
2018-06-08,656.62,661.59,648.2,654.9,3495846.0,2712363711.0
2018-06-11,653.3,661.67,646.8,653.03,3654755.0,2837404005.0
2018-06-12,654.94,676.4,653.67,672.78,5528708.0,4385043270.0
2018-06-13,673.46,675.66,664.1,665.32,3524437.0,2803441679.0
2018-06-14,665.04,668.24,652.56,661.78,3615961.0,2830514231.0
2018-06-15,660.13,664.73,656.63,660.24,3170773.0,2455441877.0
2018-06-19,656.55,656.55,629.23,630.08,6019587.0,4535664030.0
2018-06-20,632.64,653.13,632.64,651.93,4583802.0,3454583693.0
2018-06-21,653.32,664.99,647.81,648.28,3918255.0,3013867644.0
2018-06-22,643.74,654.84,640.33,654.44,2885481.0,2190055865.0
2018-06-25,653.99,665.06,653.05,653.61,3293416.0,2543272262.0
2018-06-26,653.4,657.3,637.76,644.42,4657798.0,3516945435.0
2018-06-27,642.03,646.3,615.57,616.8,5729801.0,4194739085.0
2018-06-28,609.59,613.86,595.08,606.97,5083394.0,3610842734.0
2018-06-29,608.14,625.21,601.91,624.5,3292927.0,2378884218.0
2018-07-02,627.11,631.22,600.2,607.5,3755811.0,2709882026.0
2018-07-03,605.97,611.11,579.05,593.3,8283710.0,5743330241.0
2018-07-04,590.81,597.64,587.39,589.88,3799075.0,2637494710.0
2018-07-05,597.64,611.47,597.64,599.68,4712380.0,3333680083.0
2018-07-06,603.61,615.51,597.01,609.69,4415661.0,3140922350.0
2018-07-09,614.74,623.13,614.48,620.89,4057266.0,2944655287.0
2018-07-10,622.4,624.53,609.02,619.63,2901047.0,2096683487.0
2018-07-11,606.17,618.13,599.53,614.35,2427845.0,1736875980.0
2018-07-12,613.0,632.79,613.0,629.69,4017004.0,2947129140.0
2018-07-13,633.75,638.7,627.62,637.76,2890704.0,2152944602.0
2018-07-16,642.29,652.37,641.2,644.32,3247487.0,2454501604.0
2018-07-17,646.3,646.3,628.39,633.86,2780603.0,2064190615.0
2018-07-18,633.86,640.06,627.52,629.6,2452171.0,1818760392.0
2018-07-19,630.93,635.16,627.54,632.6,1807850.0,1337080011.0
2018-07-20,633.07,634.46,621.54,632.75,3054850.0,2249792135.0
2018-07-23,628.37,632.77,614.72,625.02,3596989.0,2621763717.0
2018-07-24,625.54,638.02,617.27,636.4,4180860.0,3091209135.0
2018-07-25,637.72,640.22,631.8,635.04,2174388.0,1618737612.0
2018-07-26,639.39,639.39,626.86,628.05,2306726.0,1707662628.0
2018-07-27,628.37,635.46,623.25,630.56,2091360.0,1546655260.0
2018-07-30,630.85,632.35,610.44,614.04,4217166.0,3058614520.0
2018-07-31,614.97,621.44,614.04,620.21,2068346.0,1499353469.0
2018-08-01,624.45,625.21,609.68,610.39,2523788.0,1821933661.0
2018-08-02,611.27,611.27,587.29,594.09,5500143.0,3840134516.0
2018-08-03,593.37,593.37,577.32,579.7,4733699.0,3230239085.0
2018-08-06,578.0,583.98,565.41,571.75,4524812.0,3039091096.0
2018-08-07,573.99,587.25,565.21,585.92,3908559.0,2645263310.0
2018-08-08,586.56,588.25,573.62,577.33,2968544.0,2016438669.0
2018-08-09,572.88,592.94,572.13,590.7,3448575.0,2368461339.0
2018-08-10,590.7,593.17,584.15,586.69,2381767.0,1643993563.0
2018-08-13,583.12,583.12,569.19,579.9,3457041.0,2329262063.0
2018-08-14,579.9,584.4,575.02,580.67,2169683.0,1474124248.0
2018-08-15,580.39,580.56,564.34,565.88,3499709.0,2336994709.0
2018-08-16,556.66,570.74,546.41,553.62,5993985.0,3908421566.0
2018-08-17,561.35,561.35,537.88,542.02,4657457.0,3001465861.0
2018-08-20,539.97,551.15,526.65,550.5,4885234.0,3081035729.0
2018-08-21,552.39,573.99,552.39,573.3,5224902.0,3460897975.0
2018-08-22,572.88,574.76,566.05,570.06,2067551.0,1381418422.0
2018-08-23,573.48,579.28,567.91,572.2,2735727.0,1836880236.0
2018-08-24,571.17,571.17,560.46,563.74,2609026.0,1725516320.0
2018-08-27,565.19,586.79,565.19,586.79,4801692.0,3261483990.0
2018-08-28,591.66,592.33,579.32,581.42,3248890.0,2222697903.0
2018-08-29,582.27,588.14,579.79,585.56,2740403.0,1877474370.0
2018-08-30,587.57,591.32,579.72,580.9,3378833.0,2312993223.0
2018-08-31,577.36,578.0,560.5,562.79,5898093.0,3911486180.0
2018-09-03,556.66,570.03,555.63,568.79,3017984.0,1992654934.0
2018-09-04,569.29,577.15,564.85,576.33,2154048.0,1441658194.0
2018-09-05,576.29,577.99,560.93,561.6,2898342.0,1927600143.0
2018-09-06,556.66,562.85,546.41,549.83,4237058.0,2744204071.0
2018-09-07,551.11,561.8,550.8,555.78,2924006.0,1903829724.0
2018-09-10,556.83,558.2,547.01,550.51,2120220.0,1369296442.0
2018-09-11,551.17,555.78,546.95,551.53,1949687.0,1258466309.0
2018-09-12,548.97,550.57,536.17,537.87,4115737.0,2612360007.0
2018-09-13,544.7,548.12,529.34,539.56,4771316.0,3004019091.0
2018-09-14,541.27,554.76,536.62,548.89,4090019.0,2617626839.0
2018-09-17,550.68,557.48,547.32,551.37,2911295.0,1884188491.0
2018-09-18,548.97,570.32,548.31,569.21,3785868.0,2480477388.0
2018-09-19,569.1,585.68,568.61,581.77,4822184.0,3277470608.0
2018-09-20,585.0,586.45,578.31,579.32,2751948.0,1878075359.0
2018-09-21,582.27,597.65,580.57,597.65,4261720.0,2945196257.0
2018-09-25,593.37,602.56,591.88,595.09,3063991.0,2142679110.0
2018-09-26,599.43,625.54,599.34,618.92,7228777.0,5200777033.0
2018-09-27,621.12,621.54,610.79,618.13,4050853.0,2918965007.0
2018-09-28,620.43,625.98,613.76,623.25,3508980.0,2551115844.0
2018-10-08,610.79,613.86,585.81,585.81,8274502.0,5798721501.0
2018-10-09,586.45,596.54,585.6,593.37,4022283.0,2785526957.0
2018-10-10,595.3,595.93,571.76,572.81,6309820.0,4288785948.0
2018-10-11,542.15,571.12,542.15,550.67,9158196.0,5953169079.0
2018-10-12,555.8,574.31,555.44,570.32,5447256.0,3599837217.0
2018-10-15,571.59,573.69,563.51,569.38,3560730.0,2372056680.0
2018-10-16,568.59,580.16,565.2,569.58,2639360.0,1766613793.0
2018-10-17,576.29,578.26,554.86,568.37,4307707.0,2846537063.0
2018-10-18,563.49,563.49,550.65,551.48,5215607.0,3394332712.0
2018-10-19,544.7,576.29,542.21,572.02,7619938.0,4973381203.0
2018-10-22,576.29,599.36,576.29,591.66,7310857.0,5036971569.0
2018-10-23,588.25,588.25,542.14,547.9,12311273.0,8076618589.0
2018-10-24,536.26,554.95,529.34,543.84,7611282.0,4818473584.0
2018-10-25,529.34,531.47,519.59,528.48,7556838.0,4657019123.0
2018-10-26,528.48,533.6,519.07,520.88,5532738.0,3388947805.0
2018-10-29,468.8,468.8,468.8,468.8,4907600.0,2694714084.0
2018-10-30,435.42,463.6,434.58,447.37,20439667.0,10663392394.0
2018-10-31,449.94,473.84,445.67,468.63,9688482.0,5239853122.0
2018-11-01,473.84,499.88,470.64,480.67,9810672.0,5581027253.0
2018-11-02,499.45,512.26,488.56,512.17,8915696.0,5227695093.0
2018-11-05,506.28,506.28,488.16,491.6,7551708.0,4373994135.0
2018-11-06,490.06,490.2,476.41,483.23,4556614.0,2572068930.0
2018-11-07,485.79,490.87,479.83,483.57,3810778.0,2165679706.0
2018-11-08,490.06,492.62,484.94,486.94,3376374.0,1933594956.0
2018-11-09,484.27,485.79,479.82,479.82,2433682.0,1374731688.0
2018-11-12,472.13,473.16,458.3,471.28,6782422.0,3709848786.0
2018-11-13,466.26,486.65,463.6,486.65,6642905.0,3695850099.0
2018-11-14,486.61,486.61,471.75,473.93,4176683.0,2331999884.0
2018-11-15,477.09,482.21,474.27,477.85,3083340.0,1728199015.0
2018-11-16,478.96,483.23,476.43,478.11,2893879.0,1625453517.0
2018-11-19,478.37,488.35,477.35,485.81,3617925.0,2052509531.0
2018-11-20,482.38,484.94,478.11,479.48,2694326.0,1514353125.0
2018-11-21,472.99,485.71,472.71,482.12,2710730.0,1527915052.0
2018-11-22,482.51,484.37,476.4,481.95,2121333.0,1193347565.0
2018-11-23,481.52,484.34,475.46,475.46,2012621.0,1126652921.0
2018-11-26,476.4,478.28,471.28,471.37,1912019.0,1063536979.0
2018-11-27,471.28,473.83,466.58,467.95,2023382.0,1112920631.0
2018-11-28,470.3,477.42,465.73,475.55,2773793.0,1535544366.0
2018-11-29,483.26,486.48,468.73,470.94,4506945.0,2524752310.0
2018-11-30,475.55,485.7,472.13,482.38,4901046.0,2762808219.0
2018-12-03,502.87,516.53,499.26,513.28,8341468.0,4964130146.0
2018-12-04,514.81,515.9,507.99,514.16,3147388.0,1888148735.0
2018-12-05,510.13,526.35,507.99,520.88,4158819.0,2523641849.0
2018-12-06,512.26,517.37,504.03,505.26,3775807.0,2250440655.0
2018-12-07,508.5,511.29,499.2,501.16,2684167.0,1583970320.0
2018-12-10,491.77,501.59,490.22,492.82,2464068.0,1427993218.0
2018-12-11,492.62,500.78,492.62,497.74,1631660.0,949962155.0
2018-12-12,502.69,503.04,497.58,502.87,1992154.0,1168089518.0
2018-12-13,503.72,518.13,503.38,513.75,4039941.0,2427823194.0
2018-12-14,510.56,512.09,505.43,506.25,2455448.0,1461585126.0
2018-12-17,505.92,508.82,499.46,504.17,2489585.0,1466942952.0
2018-12-18,500.21,505.04,499.45,504.53,1922218.0,1130221286.0
2018-12-19,502.87,504.57,491.8,493.31,2571596.0,1501321336.0
2018-12-20,491.96,496.47,485.7,490.49,2694098.0,1549600760.0
2018-12-21,487.5,489.59,480.0,484.44,3064043.0,1736537277.0
2018-12-24,481.1,487.42,476.4,484.94,1910986.0,1080787424.0
2018-12-25,480.01,484.51,472.65,483.05,2659286.0,1490157587.0
2018-12-26,481.36,485.28,476.4,478.18,1786620.0,1005617678.0
2018-12-27,486.65,488.23,480.01,480.67,2949357.0,1670211285.0
2018-12-28,480.93,509.19,478.11,503.73,6367837.0,3705150490.0
2019-01-02,520.78,522.51,508.0,511.39,6228649.0,3754387984.0
2019-01-03,512.23,513.68,500.14,503.72,3097735.0,1838179174.0
2019-01-04,501.4,518.81,496.91,513.97,3768347.0,2258501484.0
2019-01-07,519.09,522.51,514.16,516.95,3475013.0,2105981461.0
2019-01-08,516.96,522.51,512.5,516.35,2883813.0,1750413219.0
2019-01-09,520.79,534.59,519.98,526.02,4989227.0,3084214779.0
2019-01-10,526.89,533.5,521.01,528.29,2904390.0,1797683134.0
2019-01-11,533.6,543.85,528.27,542.89,3888421.0,2445929483.0
2019-01-14,540.43,542.9,530.66,533.26,2564890.0,1606308126.0
2019-01-15,536.05,564.77,533.6,563.47,5576485.0,3613919068.0
2019-01-16,561.78,568.31,558.02,564.43,4208364.0,2775103930.0
2019-01-17,566.05,571.77,559.9,562.85,3028476.0,2004454115.0
2019-01-18,567.76,589.27,564.77,583.64,6860918.0,4647515824.0
2019-01-21,589.1,596.68,582.17,586.52,4705193.0,3242615722.0
2019-01-22,585.68,585.68,567.94,572.88,4212221.0,2834735031.0
2019-01-23,569.65,575.87,566.16,568.32,3362481.0,2247371221.0
2019-01-24,572.28,578.71,567.48,574.16,2915527.0,1960227058.0
2019-01-25,577.04,584.75,571.96,580.31,2898635.0,1966232090.0
2019-01-28,583.98,592.5,577.17,578.0,3610287.0,2476277972.0
2019-01-29,578.43,587.39,570.32,584.83,3034259.0,2069407513.0
2019-01-30,584.82,585.87,577.15,577.15,2269996.0,1545353573.0
2019-01-31,580.56,588.76,578.48,588.76,3669657.0,2515374970.0
2019-02-01,595.11,596.78,588.77,591.38,3052062.0,2121326140.0
2019-02-11,593.37,622.82,587.55,619.24,5814075.0,4143849806.0
2019-02-12,617.27,619.4,610.61,612.94,3509143.0,2521840124.0
2019-02-13,617.27,628.51,612.34,627.73,3567706.0,2589623528.0
2019-02-14,624.27,634.91,623.37,629.36,3225813.0,2375987077.0
2019-02-15,627.42,627.42,617.29,618.79,2323798.0,1691515518.0
2019-02-18,624.1,636.01,624.1,631.79,3774589.0,2787522993.0
2019-02-19,632.61,633.92,620.4,623.9,2950150.0,2164408781.0
2019-02-20,627.52,627.52,611.35,616.42,3788237.0,2742919644.0
2019-02-21,614.71,623.66,612.15,614.93,2985040.0,2163554333.0
2019-02-22,612.15,621.96,609.68,619.84,2590877.0,1867253930.0
2019-02-25,623.89,635.58,613.0,633.78,8262259.0,6034261367.0
2019-02-26,638.45,639.63,619.84,620.99,5796466.0,4265279124.0
2019-02-27,625.81,647.17,624.1,632.39,6594227.0,4908445127.0
2019-02-28,629.99,651.78,629.18,644.6,5698625.0,4289145218.0
2019-03-01,650.14,674.48,649.72,673.88,6384023.0,4952509171.0
2019-03-04,678.74,681.59,663.56,667.53,8458596.0,6661386571.0
2019-03-05,670.21,674.09,662.42,665.75,4483056.0,3501155936.0
2019-03-06,661.67,665.51,653.88,655.69,4673137.0,3602140487.0
2019-03-07,650.76,650.76,636.53,639.13,6018053.0,4526351877.0
2019-03-08,629.99,637.62,626.37,629.65,5227525.0,3868415483.0
2019-03-11,631.82,654.8,631.82,647.62,5305724.0,4001728730.0
2019-03-12,652.12,652.13,630.93,636.07,5251001.0,3946382127.0
2019-03-13,636.48,649.5,636.48,643.74,4056136.0,3058080906.0
2019-03-14,646.3,670.21,643.74,664.23,6217256.0,4808607656.0
2019-03-15,662.52,672.34,653.0,663.63,5240071.0,4084798328.0
2019-03-18,664.91,695.42,663.38,691.63,8131880.0,6499566987.0
2019-03-19,685.58,689.78,676.44,676.7,4063493.0,3244967390.0
2019-03-20,674.48,684.98,670.21,676.87,3111752.0,2470811128.0
2019-03-21,672.77,676.87,667.22,670.85,3257328.0,2558222913.0
2019-03-22,672.96,683.0,670.21,677.89,3051750.0,2420497823.0
2019-03-25,671.06,672.77,660.22,662.18,3727046.0,2903744159.0
2019-03-26,665.94,671.01,652.36,659.96,3759569.0,2914112997.0
2019-03-27,666.79,677.79,661.67,673.2,4280739.0,3366132247.0
2019-03-28,677.4,695.38,670.79,688.82,5756676.0,4615969704.0
2019-03-29,712.9,739.94,708.77,729.11,9093396.0,7702154797.0
2019-04-01,734.24,741.88,726.56,733.39,6093461.0,5228521999.0
2019-04-02,734.23,734.23,713.8,725.7,5322705.0,4496538849.0
2019-04-03,717.27,727.19,712.22,721.01,4305680.0,3629854319.0
2019-04-04,717.16,739.19,713.92,738.51,5577236.0,4763897857.0
2019-04-08,768.39,775.22,759.96,768.56,6625193.0,5944780639.0
2019-04-09,770.95,775.39,762.0,772.66,4798980.0,4308645696.0
2019-04-10,770.95,812.7,768.39,809.36,6781438.0,6331858748.0
2019-04-11,809.37,811.08,773.13,789.91,6110254.0,5643817564.0
2019-04-12,776.07,785.46,768.4,780.34,4861217.0,4419349981.0
2019-04-15,794.86,801.69,774.37,774.37,4552264.0,4205548308.0
2019-04-16,772.57,802.46,769.43,802.46,4642344.0,4297385218.0
2019-04-17,800.83,815.78,789.73,812.79,4076102.0,3848216557.0
2019-04-18,807.16,815.07,799.31,807.24,1959852.0,1853076080.0
2019-04-19,805.92,820.43,795.12,813.26,3237978.0,3064971032.0
2019-04-22,819.19,835.74,803.06,810.4,4062796.0,3897168684.0
2019-04-23,811.93,837.73,810.4,832.38,4885205.0,4725480295.0
2019-04-24,836.59,845.23,812.12,828.15,4522700.0,4383873128.0
2019-04-25,827.12,831.56,812.12,813.1,3980134.0,3822767525.0
2019-04-26,807.92,819.51,806.81,806.81,4327768.0,4119727292.0
2019-04-29,806.81,844.38,798.27,829.84,5257230.0,5086408528.0
2019-04-30,826.45,840.93,822.27,831.57,3594318.0,3503937512.0
2019-05-06,790.16,798.27,762.41,773.51,13509968.0,12299395806.0
2019-05-07,762.65,780.29,742.97,759.85,10083726.0,9045117765.0
2019-05-08,734.24,769.93,734.24,755.07,8188298.0,7217709507.0
2019-05-09,747.05,751.2,719.3,733.22,9154515.0,7863312116.0
2019-05-10,747.61,777.59,741.23,774.47,7990738.0,7121198718.0
2019-05-13,767.42,777.76,754.73,761.56,4663718.0,4179329433.0
2019-05-14,755.58,773.51,745.34,756.92,5998312.0,5349455647.0
2019-05-15,760.06,796.56,760.06,791.44,6312425.0,5778791845.0
2019-05-16,784.61,795.71,772.66,793.93,4454012.0,4108281950.0
2019-05-17,791.46,795.97,768.48,774.19,4984161.0,4551116799.0
2019-05-20,768.39,768.39,743.63,755.55,4440799.0,3931645928.0
2019-05-21,755.58,776.93,744.5,764.12,4238565.0,3791406204.0
2019-05-22,764.1,771.81,751.32,758.15,3204158.0,2853872828.0
2019-05-23,752.17,754.71,731.01,735.09,5805863.0,5062812286.0
2019-05-24,738.51,755.58,738.03,750.03,4403409.0,3858962204.0
2019-05-27,750.55,753.87,734.28,750.46,3916191.0,3417213669.0
2019-05-28,749.6,774.79,747.06,758.15,7477277.0,6670856081.0
2019-05-29,758.15,789.69,758.15,778.56,6564696.0,5963755397.0
2019-05-30,776.93,785.46,760.89,772.92,4024720.0,3634187681.0
2019-05-31,768.84,774.36,759.85,759.85,3579380.0,3211384923.0
2019-06-03,761.56,769.54,756.68,761.56,3447924.0,3076922330.0
2019-06-04,764.12,764.49,743.63,747.3,3968948.0,3481384251.0
2019-06-05,754.73,756.66,742.78,744.14,3406736.0,2988114670.0
2019-06-06,747.58,747.7,732.53,736.06,3478685.0,3009567792.0
2019-06-10,732.52,750.42,717.16,743.7,5550246.0,4790052574.0
2019-06-11,747.9,781.72,747.05,777.69,8010644.0,7209086880.0
2019-06-12,773.7,777.77,763.27,774.11,3774740.0,3420899273.0
2019-06-13,776.93,778.89,765.83,776.93,3291742.0,2984741685.0
2019-06-14,777.78,795.97,776.95,779.49,4245504.0,3905679105.0
2019-06-17,774.37,791.39,773.53,778.29,3276903.0,3001512189.0
2019-06-18,782.9,785.47,770.61,782.9,2944138.0,2687679912.0
2019-06-19,802.54,808.26,795.72,795.72,5372640.0,5051192622.0
2019-06-20,796.14,832.85,795.88,832.42,6727197.0,6468666073.0
2019-06-21,828.13,840.53,823.46,833.53,4592675.0,4482726902.0
2019-06-24,835.24,853.5,832.42,842.75,4577920.0,4532526991.0
2019-06-25,846.94,852.91,825.59,839.24,5129595.0,5035624420.0
2019-06-26,840.96,840.96,829.2,836.57,2958818.0,2896585581.0
2019-06-27,840.96,854.62,837.65,850.65,4797845.0,4772724089.0
2019-06-28,854.27,856.78,841.57,852.55,3108840.0,3050739277.0
2019-07-01,870.33,897.25,866.6,894.01,5233723.0,5325575854.0
2019-07-02,888.07,891.97,880.27,888.07,3906109.0,3989722046.0
2019-07-03,883.74,886.34,850.38,855.93,6713932.0,6717755678.0
2019-07-04,854.11,858.44,841.47,850.12,4621668.0,4531686001.0
2019-07-05,854.28,871.61,845.88,866.25,5003271.0,4968920475.0
2019-07-08,862.12,864.59,844.75,853.29,3361352.0,3313713091.0
2019-07-09,848.48,856.88,838.99,845.67,3172332.0,3103986405.0
2019-07-10,849.89,858.25,846.48,851.27,2816670.0,2774054724.0
2019-07-11,857.71,865.01,845.62,850.38,3051419.0,3011117079.0
2019-07-12,850.21,859.05,849.09,854.36,2817385.0,2778937975.0
2019-07-15,838.51,849.17,824.07,845.56,5987040.0,5785726590.0
2019-07-16,845.14,851.07,836.09,838.68,3324524.0,3226755644.0
2019-07-17,838.68,843.01,833.6,834.79,2546887.0,2459954487.0
2019-07-18,833.05,834.35,820.65,820.92,3925295.0,3748507464.0
2019-07-19,827.42,832.45,821.36,828.18,2801481.0,2679887449.0
2019-07-22,831.75,835.22,823.31,829.17,2812549.0,2695084029.0
2019-07-23,833.75,834.0,817.77,826.54,3248395.0,3087319264.0
2019-07-24,830.29,831.67,818.49,819.94,4677120.0,4450509786.0
2019-07-25,819.6,834.66,812.82,834.35,3825570.0,3633246146.0
2019-07-26,833.46,841.28,830.5,836.11,2646759.0,2556208822.0
2019-07-29,833.51,848.65,831.76,845.97,2698133.0,2626793557.0
2019-07-30,846.05,851.68,841.28,848.15,1953797.0,1911965179.0
2019-07-31,844.75,850.62,837.46,842.67,2252620.0,2191909987.0
2019-08-01,846.06,846.48,825.71,831.15,3508952.0,3385045858.0
2019-08-02,817.89,830.0,817.02,826.95,3971940.0,3772328947.0
2019-08-05,818.76,826.56,814.43,816.53,3677431.0,3473341317.0
2019-08-06,806.63,821.36,800.39,819.88,4399116.0,4121445010.0
2019-08-07,822.66,827.88,818.76,818.76,2686998.0,2553463419.0
2019-08-08,826.12,843.88,824.82,841.87,3880813.0,3755086990.0
2019-08-09,847.78,849.91,830.88,833.51,2846170.0,2760764357.0
2019-08-12,875.34,883.82,862.09,882.55,8149895.0,8208540716.0
2019-08-13,880.41,888.94,875.66,881.96,3032970.0,3088013760.0
2019-08-14,892.42,911.38,892.42,903.95,4141095.0,4327071299.0
2019-08-15,890.67,906.68,890.67,905.31,2723739.0,2821331120.0
2019-08-16,909.59,931.89,901.93,913.72,3608673.0,3822488363.0
2019-08-19,919.26,927.04,908.91,914.83,3286758.0,3471558016.0
2019-08-20,914.06,930.25,909.73,927.06,2860213.0,3038219263.0
2019-08-21,927.15,933.1,919.83,923.59,2506662.0,2678841887.0
2019-08-22,929.65,956.52,927.06,956.52,3759078.0,4099045126.0
2019-08-23,957.38,982.13,949.26,979.13,4019230.0,4495782910.0
2019-08-26,964.31,977.31,950.17,955.61,4849789.0,5382792365.0
2019-08-27,967.78,980.18,960.85,960.85,5216421.0,5830617878.0
2019-08-28,960.85,973.14,938.33,953.15,4700967.0,5169778985.0
2019-08-29,957.38,968.8,946.55,964.4,2933042.0,3247704307.0
2019-08-30,974.71,992.91,972.98,989.44,4489077.0,5093877152.0
2019-09-02,987.7,992.02,978.18,986.63,2823433.0,3210850606.0
2019-09-03,987.71,997.26,977.8,987.71,2948509.0,3358578409.0
2019-09-04,988.4,990.23,970.47,974.72,3360022.0,3785904728.0
2019-09-05,978.18,991.95,977.31,991.17,3293084.0,3746608087.0
2019-09-06,991.61,993.04,979.91,989.86,2617659.0,2978155822.0
2019-09-09,992.04,994.64,983.38,984.69,2937934.0,3346080774.0
2019-09-10,982.77,983.38,970.39,973.72,2622707.0,2952753655.0
2019-09-11,969.7,970.35,925.33,926.64,8171654.0,8904690560.0
2019-09-12,923.59,961.7,923.59,952.18,4121133.0,4498210332.0
2019-09-16,938.32,956.47,938.32,952.18,3137180.0,3432292113.0
2019-09-17,947.85,958.82,941.79,947.86,2519693.0,2767385769.0
2019-09-18,960.42,996.37,960.14,995.42,6931447.0,7899560194.0
2019-09-19,994.64,996.37,985.19,992.04,2447980.0,2800064436.0
2019-09-20,997.24,1005.04,994.28,1002.8,3762666.0,4346138244.0
2019-09-23,1002.44,1002.44,979.91,995.51,3002633.0,3431058973.0
2019-09-24,1000.7,1026.61,998.1,1025.83,3626913.0,4259833998.0
2019-09-25,1022.36,1030.05,1014.13,1017.17,2402458.0,2832308420.0
2019-09-26,1017.98,1025.27,1004.0,1011.1,2608194.0,3050478322.0
2019-09-27,1008.5,1024.96,998.97,1017.82,2282661.0,2671754323.0
2019-09-30,1007.63,1013.21,996.37,996.37,3082514.0,3565988675.0
2019-10-08,998.97,1022.36,998.11,1011.19,3104527.0,3631091491.0
2019-10-09,1010.41,1010.41,983.42,993.61,3578857.0,4105282379.0
2019-10-10,976.44,1004.11,960.87,1000.7,4117370.0,4685560483.0
2019-10-11,1002.44,1018.03,998.29,1017.69,2868925.0,3343559812.0
2019-10-14,1027.56,1029.0,1013.7,1022.36,2718751.0,3209362988.0
2019-10-15,1022.36,1053.28,1019.79,1049.22,4003473.0,4806856333.0
2019-10-16,1011.97,1028.86,1005.04,1013.7,5915059.0,6935972684.0
2019-10-17,1018.9,1028.13,1007.2,1025.25,3050870.0,3578144114.0
2019-10-18,1021.5,1031.02,1015.16,1018.72,2829161.0,3335011086.0
2019-10-21,1015.31,1021.41,1007.89,1012.4,2527467.0,2955023935.0
2019-10-22,1020.63,1023.66,1008.41,1014.39,1930943.0,2262188262.0
2019-10-23,1011.97,1020.63,1001.67,1004.09,2308021.0,2684922174.0
2019-10-24,1009.32,1010.23,993.91,996.61,2617844.0,3025245582.0
2019-10-25,999.23,1015.87,990.33,1014.87,2599845.0,3015928985.0
2019-10-28,1010.24,1023.24,1009.37,1020.88,2248599.0,2644563044.0
2019-10-29,1023.33,1039.66,1020.43,1033.63,2780371.0,3314271728.0
2019-10-30,1031.03,1033.37,1018.9,1025.66,2125475.0,2516524166.0
2019-10-31,1036.23,1037.96,1019.03,1022.37,2590927.0,3068884874.0
2019-11-01,1023.23,1032.72,1015.87,1026.7,2281196.0,2697638375.0
2019-11-04,1031.03,1048.35,1030.16,1039.34,2673798.0,3209264033.0
2019-11-05,1039.26,1044.02,1032.76,1038.83,2225472.0,2667596023.0
2019-11-06,1037.09,1043.16,1030.06,1033.63,1973751.0,2362005422.0
2019-11-07,1036.67,1041.32,1030.16,1040.88,1616788.0,1933203877.0
2019-11-08,1044.02,1053.25,1041.0,1044.02,2451211.0,2964133776.0
2019-11-11,1040.99,1045.06,1034.07,1038.83,1734246.0,2082060830.0
2019-11-12,1043.16,1048.01,1038.14,1041.08,1915055.0,2303205539.0
2019-11-13,1045.76,1063.78,1039.69,1060.49,3197704.0,3890666569.0
2019-11-14,1063.09,1074.35,1058.75,1065.68,2352112.0,2898399700.0
2019-11-15,1065.68,1068.21,1058.32,1061.27,1634072.0,2003665313.0
2019-11-18,1061.46,1065.21,1055.29,1063.33,1803766.0,2204546132.0
2019-11-19,1063.95,1075.74,1061.37,1067.69,2062375.0,2542105913.0
2019-11-20,1065.68,1073.92,1064.0,1068.93,1528053.0,1884957278.0
2019-11-21,1066.55,1070.46,1057.94,1066.81,1918739.0,2356277766.0
2019-11-22,1059.62,1064.82,1026.7,1034.49,4705428.0,5677646465.0
2019-11-25,1029.34,1034.49,1015.48,1024.15,3828175.0,4518778939.0
2019-11-26,1028.15,1038.48,1024.96,1026.7,4023961.0,4794179893.0
2019-11-27,1033.45,1036.76,1026.27,1030.98,1984881.0,2363839726.0
2019-11-28,1035.33,1037.53,1012.85,1018.73,2884499.0,3405325549.0
2019-11-29,1009.8,1009.8,964.22,978.18,8239732.0,9338326554.0
2019-12-02,968.82,987.72,968.82,981.64,3078441.0,3479717421.0
2019-12-03,981.64,981.64,968.42,968.65,2734093.0,3066695648.0
2019-12-04,987.71,991.75,968.65,972.4,3528308.0,3980511004.0
2019-12-05,974.71,980.78,968.65,978.87,2133879.0,2402503470.0
2019-12-06,984.22,1013.7,979.13,1013.7,3950626.0,4565643688.0
2019-12-09,1018.03,1018.9,1001.66,1003.91,2182412.0,2543532527.0
2019-12-10,1004.69,1009.37,997.24,1008.85,1508658.0,1749356289.0
2019-12-11,1011.97,1014.35,1001.18,1004.15,1456799.0,1689987674.0
2019-12-12,1001.57,1004.98,979.11,985.11,2940916.0,3362699683.0
2019-12-13,992.91,1009.37,992.91,1007.63,3000059.0,3473927971.0
2019-12-16,1007.63,1007.63,985.92,994.57,3093642.0,3554133640.0
2019-12-17,996.11,1016.82,990.33,1013.68,4261696.0,4937041950.0
2019-12-18,1017.17,1018.21,1008.5,1011.97,1964009.0,2295963803.0
2019-12-19,1007.63,1007.63,998.1,1002.78,1955230.0,2262598597.0
2019-12-20,1006.92,1006.92,989.01,993.17,2356384.0,2703612358.0
2019-12-23,986.84,1007.2,984.24,995.77,2591918.0,2981937538.0
2019-12-24,998.97,1000.7,992.04,994.64,1182310.0,1358536199.0
2019-12-25,990.31,990.31,979.05,982.25,2430597.0,2755735164.0
2019-12-26,980.78,989.42,970.37,983.46,2287727.0,2585996501.0
2019-12-27,996.37,1015.43,996.37,1007.63,4706628.0,5486452901.0
2019-12-30,1013.87,1035.79,1013.87,1027.39,4076066.0,4827682057.0
2019-12-31,1024.96,1029.3,1019.34,1024.96,2258881.0,2666705100.0
2020-01-02,977.31,992.09,966.91,979.04,14809916.0,16696837095.0
2020-01-03,967.78,967.78,933.04,934.48,13031878.0,14266380596.0
2020-01-06,927.8,946.9,924.72,933.98,6341478.0,6853917601.0
2020-01-07,933.56,952.18,932.6,948.31,4785359.0,5220697068.0
2020-01-08,940.1,949.15,937.96,942.78,2500825.0,2720371915.0
2020-01-09,947.85,957.72,944.39,955.39,3740587.0,4110949814.0
2020-01-10,960.85,966.91,955.22,963.88,3597587.0,3993457118.0
2020-01-13,963.88,978.35,963.45,974.08,3851575.0,4325687959.0
2020-01-14,974.02,974.62,955.65,959.46,3514465.0,3916300790.0
2020-01-15,960.86,971.77,957.38,963.56,2602911.0,2895603674.0
2020-01-16,969.4,969.4,955.29,959.12,2319165.0,2571593141.0
2020-01-17,961.72,964.12,953.93,959.55,2347275.0,2599645144.0
2020-01-20,963.33,963.33,937.46,945.25,3539130.0,3858246844.0
2020-01-21,936.59,941.79,929.05,931.65,3287405.0,3542441308.0
2020-01-22,927.06,939.19,914.39,931.83,3620004.0,3875275065.0
2020-01-23,932.26,932.26,898.47,912.16,5346843.0,5638945742.0
2020-02-03,853.41,875.66,849.08,869.81,12344288.0,12314991759.0
2020-02-04,879.41,915.8,875.95,899.34,6262418.0,6490469043.0
2020-02-05,909.73,913.2,895.03,909.72,4741824.0,4956355235.0
2020-02-06,917.9,931.39,911.48,927.93,4717121.0,5011246407.0
2020-02-07,927.07,933.12,919.28,932.26,3127871.0,3348894576.0
2020-02-10,920.13,931.04,915.97,924.02,3053342.0,3251908506.0
2020-02-11,920.99,952.77,920.82,951.32,4791793.0,5222918915.0
2020-02-12,943.52,952.0,940.82,950.69,2812543.0,3072293973.0
2020-02-13,951.32,965.09,942.66,945.25,3035736.0,3335277425.0
2020-02-14,944.78,947.43,938.42,942.65,2328760.0,2534568401.0
2020-02-17,937.89,949.75,937.8,947.7,2702822.0,2946182657.0
2020-02-18,944.4,950.35,938.32,939.19,2666496.0,2897729692.0
2020-02-19,940.05,954.35,933.99,950.02,3705147.0,4052365602.0
2020-02-20,950.19,973.84,949.07,968.65,4680262.0,5220660940.0
2020-02-21,962.98,973.45,961.72,964.21,2894008.0,3225337160.0
2020-02-24,957.82,961.72,940.49,941.94,3865036.0,4221857466.0
2020-02-25,933.99,937.53,925.22,931.23,3838562.0,4127432130.0
2020-02-26,920.13,939.19,914.06,930.26,4356097.0,4663278433.0
2020-02-27,932.26,948.71,932.26,942.13,3449829.0,3758783810.0
2020-02-28,927.32,937.46,909.7,915.8,4994657.0,5307929213.0
2020-03-02,909.83,950.06,909.74,940.93,4766304.0,5154329159.0
2020-03-03,951.32,969.41,951.32,964.31,5025015.0,5585227657.0
2020-03-04,974.71,986.84,967.12,978.11,5379299.0,6080149243.0
2020-03-05,984.51,1018.02,979.53,1014.57,6242645.0,7210485104.0
2020-03-06,1007.63,1018.9,998.09,1001.14,3064100.0,3553622358.0
2020-03-09,983.38,983.38,962.85,965.19,4340409.0,4865288500.0
2020-03-10,964.31,1011.97,964.31,1001.57,5806293.0,6635936156.0
2020-03-11,1001.14,1013.34,988.57,1003.75,3554757.0,4124607952.0
2020-03-12,988.76,998.97,974.8,986.41,3663063.0,4172606105.0
2020-03-13,944.39,978.16,935.72,963.47,7588531.0,8348496480.0
2020-03-16,956.5,959.94,920.13,924.46,5123254.0,5548946745.0
2020-03-17,914.06,933.99,876.04,905.49,7935912.0,8277472787.0
2020-03-18,901.07,918.39,873.33,873.33,7345988.0,7582762547.0
2020-03-19,861.2,879.41,831.84,862.94,10226507.0,10075880470.0
2020-03-20,875.94,903.67,875.94,896.98,6013919.0,6169094444.0
2020-03-23,866.41,896.98,859.06,882.87,4847210.0,4918121944.0
2020-03-24,903.67,917.42,896.73,914.93,4665096.0,4900364144.0
2020-03-25,942.64,945.57,930.7,935.81,3704866.0,4015061222.0
2020-03-26,929.94,945.43,920.13,922.66,3004856.0,3231754298.0
2020-03-27,940.05,946.12,931.4,931.82,3626112.0,3931759353.0
2020-03-30,918.61,933.12,915.8,928.79,3068741.0,3279823025.0
2020-03-31,937.46,966.05,937.28,962.58,4798437.0,5293170703.0
2020-04-01,967.78,978.18,955.65,955.65,3320535.0,3700184247.0
2020-04-02,956.52,992.04,956.41,992.04,4520561.0,5095167594.0
2020-04-03,986.87,994.6,980.76,987.53,2761761.0,3148421866.0
2020-04-07,1006.73,1010.67,995.41,1004.99,4348800.0,5041525481.0
2020-04-08,998.1,1010.5,998.1,1004.83,2422442.0,2809422100.0
2020-04-09,1010.23,1012.83,994.6,1003.74,2281697.0,2640230492.0
2020-04-10,1003.2,1023.66,999.4,1009.37,2780434.0,3252600672.0
2020-04-13,1009.37,1013.68,995.07,1007.03,1598147.0,1854563731.0
2020-04-14,1018.9,1032.37,1010.23,1026.78,3679955.0,4340858665.0
2020-04-15,1032.76,1043.15,1028.52,1030.68,2933229.0,3501318260.0
2020-04-16,1033.6,1037.18,1025.92,1037.18,2172774.0,2588431844.0
2020-04-17,1048.36,1069.64,1044.03,1062.22,3824569.0,4676618151.0
2020-04-20,1057.89,1066.98,1054.25,1063.35,2423864.0,2963483323.0
2020-04-21,1057.9,1060.48,1033.63,1039.69,2922422.0,3517018487.0
2020-04-22,1044.89,1082.58,1041.62,1078.25,4403473.0,5430377598.0
2020-04-23,1083.01,1096.6,1081.08,1084.97,2689851.0,3377042463.0
2020-04-24,1081.28,1091.58,1070.17,1083.5,1912240.0,2390444036.0
2020-04-27,1089.08,1107.42,1083.84,1105.54,2590391.0,3284513346.0
2020-04-28,1113.61,1126.28,1101.97,1108.25,3466190.0,4458549425.0
2020-04-29,1107.1,1116.02,1089.94,1104.59,2344406.0,2976724957.0
2020-04-30,1101.21,1113.35,1090.71,1096.62,2466087.0,3134408881.0
2020-05-06,1083.88,1126.33,1083.01,1126.33,3583481.0,4598589768.0
2020-05-07,1125.81,1139.32,1120.27,1136.73,2793474.0,3647628296.0
2020-05-08,1141.06,1159.26,1133.71,1138.99,2907868.0,3839218026.0
2020-05-11,1143.66,1156.66,1138.18,1146.27,2367119.0,3135990964.0
2020-05-12,1141.93,1156.65,1140.2,1154.92,1972181.0,2621824685.0
2020-05-13,1154.92,1159.25,1146.16,1157.48,2201431.0,2931464950.0
2020-05-14,1152.33,1156.55,1148.09,1149.37,1857492.0,2467976357.0
2020-05-15,1151.46,1155.36,1127.96,1137.6,2639808.0,3469736812.0
2020-05-18,1131.53,1170.95,1130.78,1166.37,3436211.0,4587989708.0
2020-05-19,1181.78,1181.78,1159.26,1166.28,2478746.0,3342210487.0
2020-05-20,1166.28,1177.61,1158.23,1170.52,2118340.0,2859455106.0
2020-05-21,1173.99,1188.68,1172.13,1183.6,2305158.0,3147105462.0
2020-05-22,1183.52,1183.6,1146.16,1150.77,3442746.0,4608696074.0
2020-05-25,1152.33,1184.02,1144.53,1180.83,3156100.0,4260387678.0
2020-05-26,1186.88,1186.94,1173.99,1176.58,2247019.0,3056188321.0
2020-05-27,1177.45,1178.32,1154.92,1159.26,2677741.0,3596654307.0
2020-05-28,1159.23,1167.0,1144.64,1164.46,2648591.0,3536546893.0
2020-05-29,1154.14,1186.96,1154.14,1184.04,3044435.0,4144247222.0
2020-06-01,1196.51,1230.39,1196.51,1229.87,3547976.0,4986178912.0
2020-06-02,1226.85,1237.15,1218.74,1222.25,2596010.0,3679210598.0
2020-06-03,1225.97,1228.14,1209.31,1212.37,2355736.0,3308382799.0
2020-06-04,1209.51,1222.5,1209.51,1219.9,1803741.0,2534459742.0
2020-06-05,1217.52,1238.0,1213.91,1234.63,1834706.0,2597524609.0
2020-06-08,1234.63,1243.3,1214.72,1218.26,2930045.0,4145298455.0
2020-06-09,1219.91,1234.63,1213.56,1227.31,2261191.0,3199849660.0
2020-06-10,1234.63,1241.85,1227.7,1233.47,2270074.0,3234843851.0
2020-06-11,1222.51,1228.56,1210.37,1213.37,3071171.0,4314846228.0
2020-06-12,1201.86,1227.16,1198.51,1227.16,2842742.0,3992323389.0
2020-06-15,1214.71,1223.02,1196.51,1198.25,3461541.0,4819512189.0
2020-06-16,1211.67,1225.1,1207.02,1216.34,2920664.0,4099718932.0
2020-06-17,1223.25,1223.28,1208.66,1217.31,1945307.0,2730097120.0
2020-06-18,1217.22,1224.41,1213.06,1224.24,2101041.0,2956800081.0
2020-06-19,1230.3,1252.14,1226.06,1247.49,3895833.0,5603232657.0
2020-06-22,1243.39,1251.0,1241.74,1246.76,2324700.0,3343536637.0
2020-06-23,1243.3,1284.02,1242.02,1277.52,3393426.0,4963194685.0
2020-06-24,1282.89,1284.74,1266.59,1279.74,2513899.0,3663537115.0
2020-06-29,1269.22,1284.99,1259.58,1282.51,2808061.0,4064048236.0
2020-06-30,1282.47,1287.61,1275.46,1282.26,2244614.0,3281641199.0
2020-07-01,1286.75,1320.14,1283.26,1309.77,3868249.0,5759640251.0
2020-07-02,1313.92,1359.41,1310.41,1353.36,4588372.0,7014289615.0
2020-07-03,1358.62,1360.81,1329.59,1351.43,3512581.0,5395637032.0
2020-07-06,1348.1,1416.47,1342.68,1402.45,5182196.0,8228068998.0
2020-07-07,1405.16,1529.39,1403.33,1479.58,6666393.0,11219852098.0
2020-07-08,1472.57,1506.76,1455.04,1473.75,5316998.0,8963189092.0
2020-07-09,1482.21,1500.62,1474.32,1495.36,3503324.0,5951732803.0
2020-07-10,1480.46,1522.18,1480.41,1502.24,3710044.0,6352507468.0
2020-07-13,1502.97,1566.36,1502.97,1561.97,6072716.0,10679460274.0
2020-07-14,1561.97,1562.0,1532.53,1544.45,4609351.0,8135834910.0
2020-07-15,1529.44,1562.5,1529.29,1536.15,4071294.0,7176560649.0
2020-07-16,1516.32,1516.32,1402.45,1414.72,10224219.0,16901373196.0
2020-07-17,1419.98,1466.08,1419.98,1444.57,6590206.0,10863420089.0
2020-07-20,1448.47,1458.54,1392.7,1434.85,4528033.0,7363822989.0
2020-07-21,1443.33,1492.56,1429.61,1462.05,4196950.0,7026353151.0
2020-07-22,1453.29,1498.87,1453.29,1470.89,3920121.0,6637265372.0
2020-07-23,1465.56,1482.21,1446.28,1469.07,3432052.0,5739050333.0
2020-07-24,1450.53,1460.3,1389.3,1398.33,7875201.0,12705941887.0
2020-07-27,1416.48,1428.57,1402.45,1422.22,3878817.0,6279664444.0
2020-07-28,1428.75,1472.57,1428.75,1463.81,5491152.0,9133721867.0
2020-07-29,1481.34,1481.34,1431.37,1465.56,5074843.0,8411789967.0
2020-07-30,1464.86,1490.62,1464.24,1472.57,3837304.0,6486855475.0
2020-07-31,1476.95,1494.48,1442.77,1470.98,4068474.0,6846747330.0
2020-08-03,1478.6,1487.1,1455.04,1462.05,3466114.0,5790041422.0
2020-08-04,1468.19,1475.19,1455.04,1463.8,3194051.0,5337185768.0
2020-08-05,1456.87,1466.51,1440.41,1462.05,2552169.0,4236612469.0
2020-08-06,1463.81,1467.34,1428.75,1435.72,3264878.0,5372942645.0
2020-08-07,1441.69,1445.99,1401.13,1429.62,3424205.0,5560065753.0
2020-08-10,1426.97,1441.86,1409.56,1432.24,2362354.0,3857721122.0
2020-08-11,1437.51,1460.68,1437.51,1439.71,3581818.0,5936904876.0
2020-08-12,1431.37,1438.39,1407.05,1426.07,2793392.0,4529267493.0
2020-08-13,1428.75,1436.53,1410.34,1433.13,2054134.0,3341652186.0
2020-08-14,1437.42,1460.04,1429.62,1455.92,3765318.0,6230475427.0
2020-08-17,1467.31,1493.92,1463.81,1481.34,4357201.0,7363610867.0
2020-08-18,1487.81,1507.63,1482.21,1494.48,3042281.0,5192751797.0
2020-08-19,1490.1,1505.0,1475.19,1478.71,2691498.0,4578143762.0
2020-08-20,1467.31,1471.7,1451.53,1458.55,2238233.0,3727183935.0
2020-08-21,1466.44,1488.35,1464.68,1469.07,2508241.0,4217048420.0
2020-08-24,1490.1,1497.11,1482.22,1486.9,3093344.0,5260286523.0
2020-08-25,1494.31,1531.11,1488.9,1513.77,4187249.0,7227309774.0
2020-08-26,1519.9,1529.55,1503.27,1513.77,2621573.0,4530374186.0
2020-08-27,1518.14,1519.89,1494.48,1517.27,2263553.0,3896759446.0
2020-08-28,1517.27,1546.2,1508.95,1540.06,4229962.0,7389242302.0
2020-08-31,1551.97,1591.78,1551.97,1565.92,4781036.0,8608932570.0
2020-09-01,1570.74,1579.51,1555.85,1579.49,3163992.0,5661594315.0
2020-09-02,1599.67,1602.3,1551.46,1573.37,3200929.0,5746351923.0
2020-09-03,1573.37,1588.27,1559.96,1571.62,3043735.0,5471333880.0
2020-09-04,1547.95,1557.59,1530.42,1551.46,3085796.0,5433479408.0
2020-09-07,1542.69,1558.46,1493.58,1510.7,3111202.0,5446354619.0
2020-09-08,1518.15,1523.24,1470.0,1500.09,3447238.0,5865962724.0
2020-09-09,1489.81,1499.74,1472.61,1479.58,2596355.0,4401806095.0
2020-09-10,1493.38,1507.63,1490.1,1495.19,2477833.0,4236694402.0
2020-09-11,1479.58,1521.66,1479.58,1519.03,3108800.0,5339883408.0
2020-09-14,1529.55,1550.58,1516.91,1547.95,3105601.0,5448188995.0
2020-09-15,1551.45,1551.45,1531.96,1542.69,2082087.0,3654872009.0
2020-09-16,1542.69,1546.91,1506.76,1512.1,2251598.0,3916457762.0
2020-09-17,1490.1,1490.1,1453.29,1464.26,6367985.0,10683350187.0
2020-09-18,1459.42,1485.72,1433.14,1485.72,4720140.0,7853673241.0
2020-09-21,1483.76,1483.76,1460.88,1461.0,2244407.0,3756765108.0
2020-09-22,1446.28,1478.69,1446.28,1460.03,2326547.0,3890070212.0
2020-09-23,1433.13,1460.31,1420.87,1446.26,3572552.0,5878691069.0
2020-09-24,1433.98,1454.06,1425.94,1428.15,3005078.0,4915392273.0
2020-09-25,1428.75,1446.28,1424.36,1433.22,2258296.0,3700843486.0
2020-09-28,1433.29,1462.49,1433.29,1455.92,2423222.0,4019640150.0
2020-09-29,1463.22,1463.28,1448.29,1448.29,1743078.0,2895081366.0
2020-09-30,1455.04,1483.0,1455.04,1462.49,2708781.0,4536012540.0
2020-10-09,1483.09,1495.73,1479.58,1486.6,3423988.0,5817280605.0
2020-10-12,1490.1,1534.46,1490.1,1534.46,4372904.0,7597987786.0
2020-10-13,1534.47,1534.47,1520.78,1524.29,2294389.0,3995560518.0
2020-10-14,1525.16,1531.28,1512.89,1515.52,2048139.0,3554316589.0
2020-10-15,1508.62,1520.78,1508.51,1512.02,1620436.0,2801250556.0
2020-10-16,1512.02,1520.41,1492.73,1500.62,1737738.0,2991246892.0
2020-10-19,1512.02,1519.89,1483.0,1489.23,1922632.0,3284383415.0
2020-10-20,1490.09,1520.75,1485.72,1519.9,2773493.0,4787807536.0
2020-10-21,1519.99,1527.05,1510.26,1519.32,1890137.0,3275357440.0
2020-10-22,1516.4,1529.55,1503.7,1527.35,2248087.0,3897729793.0
2020-10-23,1525.85,1531.82,1502.37,1503.54,1929169.0,3339987454.0
2020-10-26,1419.1,1457.6,1402.45,1440.14,6601529.0,10821908227.0
2020-10-27,1440.14,1441.02,1416.58,1424.36,4394440.0,7156688307.0
2020-10-28,1425.24,1469.94,1424.43,1459.26,3463653.0,5739452181.0
2020-10-29,1450.52,1497.11,1443.65,1469.07,3937376.0,6633168613.0
2020-10-30,1470.82,1486.6,1459.42,1463.82,2605545.0,4379602068.0
2020-11-02,1468.19,1485.72,1465.56,1467.32,2106643.0,3544422245.0
2020-11-03,1476.95,1495.27,1468.63,1485.72,2349749.0,3976621208.0
2020-11-04,1490.1,1493.61,1476.95,1489.73,1644371.0,2788396253.0
2020-11-05,1505.0,1518.57,1500.71,1509.3,2352414.0,4053043271.0
2020-11-06,1516.88,1517.79,1481.34,1490.65,2305153.0,3932702367.0
2020-11-09,1491.31,1534.52,1490.65,1527.42,4146970.0,7198679683.0
2020-11-10,1536.49,1546.62,1521.66,1529.55,3018944.0,5287968173.0
2020-11-11,1529.55,1558.03,1517.27,1517.58,3485073.0,6122365404.0
2020-11-12,1516.41,1533.93,1509.62,1520.6,2347309.0,4071729792.0
2020-11-13,1511.14,1515.42,1482.21,1494.48,2815548.0,4791276459.0
2020-11-16,1499.74,1516.44,1487.7,1516.44,3061349.0,5247897161.0
2020-11-17,1525.16,1527.22,1491.04,1503.95,2522403.0,4355288047.0
2020-11-18,1503.25,1508.1,1475.34,1484.54,3517895.0,5973146815.0
2020-11-19,1476.52,1512.02,1473.1,1507.8,2781576.0,4767508753.0
2020-11-20,1507.63,1521.66,1501.19,1507.6,2187466.0,3771894859.0
2020-11-23,1552.34,1586.43,1552.34,1569.17,6663724.0,11926870595.0
2020-11-24,1551.45,1562.42,1535.22,1545.76,3246536.0,5736960168.0
2020-11-25,1544.01,1550.48,1511.14,1513.66,2822632.0,4910540741.0
2020-11-26,1512.89,1525.15,1512.17,1520.25,2322830.0,4027749313.0
2020-11-27,1518.73,1525.19,1505.88,1523.32,2156861.0,3737697985.0
2020-11-30,1520.78,1524.2,1502.29,1502.29,3194007.0,5520322173.0
2020-12-01,1512.89,1524.28,1507.64,1522.53,2819620.0,4891829153.0
2020-12-02,1530.42,1533.05,1517.27,1523.42,2357169.0,4101369306.0
2020-12-03,1523.42,1538.89,1518.24,1533.05,2950578.0,5147357781.0
2020-12-04,1535.68,1577.84,1535.68,1571.72,6249119.0,11176048847.0
2020-12-07,1580.12,1613.16,1578.24,1588.62,5833133.0,10617305104.0
2020-12-08,1590.9,1643.5,1589.15,1621.58,6145400.0,11333352154.0
2020-12-09,1635.56,1635.61,1611.94,1612.82,3115212.0,5766037609.0
2020-12-10,1612.82,1621.38,1602.3,1606.59,3265354.0,6009239911.0
2020-12-11,1608.24,1610.47,1581.97,1595.29,3077579.0,5595359665.0
2020-12-14,1602.1,1604.03,1590.9,1603.17,3305200.0,6026813428.0
2020-12-15,1607.12,1610.38,1582.14,1591.79,2960497.0,5383582284.0
2020-12-16,1604.49,1617.79,1595.47,1612.82,3215016.0,5901298275.0
2020-12-17,1617.64,1637.36,1612.82,1635.18,3603064.0,6683421886.0
2020-12-18,1623.17,1638.24,1613.76,1617.2,2707698.0,5020968993.0
2020-12-21,1612.82,1622.66,1610.71,1615.01,3069672.0,5663526809.0
2020-12-22,1621.56,1664.52,1615.02,1648.75,4065060.0,7618583444.0
2020-12-23,1663.65,1670.84,1596.18,1614.26,4770609.0,8901002262.0
2020-12-24,1593.53,1629.37,1573.39,1604.35,3785714.0,6921989374.0
2020-12-25,1580.38,1618.95,1577.76,1604.05,2308805.0,4218997634.0
2020-12-28,1601.07,1655.59,1600.59,1641.74,3008037.0,5616528738.0
2020-12-29,1641.74,1653.84,1625.96,1636.48,2286759.0,4275994834.0
2020-12-30,1639.11,1694.33,1639.1,1694.33,3445210.0,6604461376.0
2020-12-31,1701.35,1752.17,1699.59,1751.31,3886007.0,7682300728.0
2021-01-04,1753.04,1757.44,1738.87,1750.43,4351400.0,8686920261.0
2021-01-05,1744.3,1805.17,1737.69,1805.17,5211605.0,10592557370.0
2021-01-06,1809.86,1862.63,1784.64,1840.71,4741020.0,9882593867.0
2021-01-07,1838.09,1875.78,1818.8,1875.78,3793139.0,7991178754.0
2021-01-08,1877.53,1885.31,1808.3,1831.95,5386164.0,11345202869.0
2021-01-11,1831.95,1884.98,1804.43,1840.48,5107990.0,10768565415.0
2021-01-12,1830.2,1894.1,1827.57,1894.1,4105859.0,8800558288.0
2021-01-13,1896.81,1904.99,1871.39,1896.81,3438993.0,7418330854.0
2021-01-14,1889.8,1895.94,1854.84,1870.52,3615220.0,7722089684.0
2021-01-15,1853.86,1870.82,1778.48,1824.94,5950939.0,12372103227.0
2021-01-18,1806.58,1833.25,1788.36,1808.28,3914404.0,8076715790.0
2021-01-19,1817.14,1837.47,1759.07,1761.31,4634519.0,9479278513.0
2021-01-20,1760.07,1801.7,1737.72,1788.68,4508242.0,9126453277.0
2021-01-21,1795.14,1831.97,1789.0,1814.42,3831017.0,7953455967.0
2021-01-22,1813.54,1840.71,1805.74,1823.14,2924761.0,6090260364.0
2021-01-25,1825.81,1910.4,1825.81,1906.45,5595716.0,12029474558.0
2021-01-26,1915.22,1916.97,1862.72,1877.43,3174746.0,6820173362.0
2021-01-27,1877.43,1877.43,1827.57,1831.07,3712017.0,7809446387.0
2021-01-28,1823.18,1849.18,1805.67,1830.2,3512864.0,7337084455.0
2021-01-29,1841.76,1884.09,1832.14,1854.9,3370133.0,7166179277.0
2021-02-01,1867.01,1893.31,1836.33,1848.88,2934059.0,6219639111.0
2021-02-02,1851.43,1884.53,1842.56,1880.16,3458225.0,7372233582.0
2021-02-03,1884.54,1926.85,1875.78,1919.52,3871415.0,8384049314.0
2021-02-04,1920.48,2042.32,1920.48,2034.3,6385101.0,14596930188.0
2021-02-05,2037.93,2072.64,2008.13,2027.42,3972906.0,9253566205.0
2021-02-08,2048.45,2085.16,2027.42,2076.33,3578573.0,8420758625.0
2021-02-09,2076.33,2153.14,2059.85,2153.14,3329655.0,7972930045.0
2021-02-10,2178.18,2280.03,2178.18,2279.86,6137057.0,15675929714.0
2021-02-18,2268.44,2303.42,2160.65,2165.91,6591232.0,16704135269.0
2021-02-19,2148.52,2188.4,2087.55,2156.27,5938546.0,14525164525.0
2021-02-22,2151.88,2151.88,1996.93,2005.52,7893547.0,18498777223.0
2021-02-23,1985.46,2055.37,1985.34,2022.16,5745460.0,13316110795.0
2021-02-24,2023.02,2031.8,1893.74,1918.73,8211578.0,18195034445.0
2021-02-25,1936.26,1949.84,1859.31,1884.54,5972643.0,12982145755.0
2021-02-26,1840.71,1910.79,1812.05,1860.68,6652506.0,14097015494.0
2021-03-01,1909.96,1909.96,1858.25,1891.55,4491626.0,9686945529.0
2021-03-02,1910.84,1910.84,1781.99,1803.9,7076450.0,14796698646.0
2021-03-03,1788.12,1884.34,1781.99,1875.78,5421546.0,11366685429.0
2021-03-04,1836.33,1837.21,1761.91,1781.99,6508829.0,13297304316.0
2021-03-05,1753.06,1836.33,1742.54,1805.75,6377920.0,13100315985.0
2021-03-08,1818.77,1827.57,1718.0,1718.0,6309959.0,12724245990.0
2021-03-09,1713.62,1753.06,1665.57,1697.83,8226581.0,16100769579.0
2021-03-10,1732.9,1752.95,1724.14,1726.77,5117174.0,10136910284.0
2021-03-11,1731.15,1823.18,1719.3,1795.14,5676897.0,11521736384.0
2021-03-12,1814.42,1820.55,1754.82,1775.85,4032251.0,8181594631.0
2021-03-15,1796.89,1814.24,1710.24,1731.54,6248487.0,12459955712.0
2021-03-16,1731.09,1770.58,1722.38,1762.27,3464850.0,6918600717.0
2021-03-17,1753.06,1796.89,1732.03,1779.67,3137491.0,6352656523.0
2021-03-18,1783.74,1828.76,1783.74,1814.16,3386488.0,6997030294.0
2021-03-19,1783.74,1790.75,1746.25,1761.83,3578077.0,7211521835.0
2021-03-22,1753.15,1775.93,1714.1,1744.29,3691407.0,7323391311.0
2021-03-23,1752.08,1760.78,1726.77,1749.56,2744619.0,5459520703.0
2021-03-24,1736.41,1764.46,1736.41,1743.42,2935739.0,5857848160.0
2021-03-25,1726.77,1743.31,1706.43,1727.64,3157523.0,6216733244.0
2021-03-26,1739.91,1772.35,1716.25,1764.46,5001642.0,9987629444.0
2021-03-29,1790.93,1837.52,1775.98,1782.95,5699220.0,11740129413.0
2021-03-30,1788.12,1828.44,1783.81,1802.19,3262697.0,6717493350.0
2021-03-31,1792.59,1793.4,1753.06,1760.95,3715441.0,7489086233.0
2021-04-01,1771.47,1794.08,1754.13,1792.07,2658763.0,5379775870.0
2021-04-02,1802.15,1897.69,1802.15,1895.06,5202757.0,10981752658.0
2021-04-06,1894.18,1895.04,1842.73,1863.53,3274177.0,6967525037.0
2021-04-07,1844.27,1855.88,1796.89,1806.53,4020097.0,8317799925.0
2021-04-08,1794.28,1822.31,1791.63,1814.42,2854762.0,5893307514.0
2021-04-09,1789.88,1800.39,1757.45,1770.59,2880886.0,5832453812.0
2021-04-12,1762.7,1779.36,1745.79,1760.85,3194307.0,6409917318.0
2021-04-13,1770.59,1796.71,1760.95,1771.47,2899215.0,5883787293.0
2021-04-14,1783.74,1795.14,1767.09,1794.26,2411465.0,4908790023.0
2021-04-15,1780.15,1794.17,1744.3,1766.74,3436621.0,6903769490.0
2021-04-16,1775.04,1812.67,1763.58,1801.25,3029370.0,6183895054.0
2021-04-19,1801.27,1839.28,1781.99,1830.2,3175391.0,6610577917.0
2021-04-20,1815.38,1866.13,1814.42,1836.16,2829037.0,5949669953.0
2021-04-21,1819.68,1838.79,1810.12,1823.18,2614975.0,5446145952.0
2021-04-22,1831.86,1839.84,1798.2,1801.71,2685002.0,5539295656.0
2021-04-23,1802.12,1858.14,1799.08,1848.55,3346277.0,7002695288.0
2021-04-26,1868.76,1871.39,1817.57,1821.27,3404511.0,7160836874.0
2021-04-27,1829.39,1836.55,1810.11,1835.84,2210785.0,4607779002.0
2021-04-28,1761.83,1794.7,1755.69,1789.88,8134295.0,16463574637.0
2021-04-29,1794.29,1796.84,1765.33,1776.17,4128378.0,8370431228.0
2021-04-30,1775.85,1784.62,1756.31,1759.0,3840137.0,7723747038.0
2021-05-06,1753.06,1759.06,1711.86,1717.12,5354614.0,10584968907.0
2021-05-07,1722.38,1725.0,1666.29,1668.04,5249339.0,10101703446.0
2021-05-10,1665.41,1673.3,1635.62,1647.03,4600318.0,8677753608.0
2021-05-11,1644.37,1723.26,1642.01,1717.12,4249412.0,8209251914.0
2021-05-12,1708.43,1752.19,1708.36,1739.04,3269887.0,6473203286.0
2021-05-13,1723.04,1739.96,1711.86,1728.08,2507751.0,4934954969.0
2021-05-14,1737.28,1779.8,1732.02,1761.7,3561129.0,7150302044.0
2021-05-17,1775.06,1827.74,1775.06,1803.87,4452400.0,9178509985.0
2021-05-18,1810.04,1820.55,1792.56,1805.05,1750428.0,3595891742.0
2021-05-19,1804.78,1818.63,1788.12,1796.01,2240972.0,4606452358.0
2021-05-20,1817.92,1818.01,1792.82,1804.67,2185716.0,4500663211.0
2021-05-21,1801.34,1823.08,1785.51,1789.96,2424823.0,4976601458.0
2021-05-24,1797.76,1823.24,1780.23,1815.55,3254808.0,6705879397.0
2021-05-25,1827.57,1928.46,1827.57,1923.55,6775695.0,14636718750.0
2021-05-26,1935.36,1965.01,1922.3,1945.9,3860420.0,8558038174.0
2021-05-27,1938.03,2033.55,1929.33,1967.81,4537338.0,10240368980.0
2021-05-28,1964.28,1972.19,1933.2,1954.66,2580731.0,5741331986.0
2021-05-31,1941.95,1944.45,1903.82,1944.15,3173900.0,6960864260.0
2021-06-01,1947.65,1971.27,1933.63,1964.26,3061634.0,6832594466.0
2021-06-02,1972.19,1984.47,1935.54,1947.65,2286277.0,5088908384.0
2021-06-03,1945.9,1981.26,1937.2,1947.84,2345031.0,5242453019.0
2021-06-04,1941.52,2005.5,1940.67,1973.51,3142219.0,7058715115.0
2021-06-07,1985.34,1997.61,1963.44,1990.6,2546627.0,5756592694.0
2021-06-08,1980.96,1998.48,1894.31,1920.48,4731363.0,10479943156.0
2021-06-09,1921.36,1940.64,1893.4,1927.93,2550235.0,5591378817.0
2021-06-10,1923.99,1973.4,1919.67,1962.1,2556663.0,5707338424.0
2021-06-11,1962.55,1966.94,1909.79,1909.79,3397066.0,7513797036.0
2021-06-15,1924.07,1936.15,1882.79,1922.23,2936130.0,6412821567.0
2021-06-16,1921.36,1923.99,1882.79,1891.55,2759315.0,5978924528.0
2021-06-17,1889.49,1917.85,1879.6,1890.6,2106753.0,4558702643.0
2021-06-18,1881.91,1890.24,1810.04,1832.77,5402821.0,11329180836.0
2021-06-21,1827.57,1840.44,1796.89,1824.62,3548826.0,7367986471.0
2021-06-22,1833.7,1838.96,1800.3,1818.78,3322818.0,6900830616.0
2021-06-23,1823.18,1825.81,1783.0,1786.37,3707901.0,7596735684.0
2021-06-24,1788.13,1823.18,1771.47,1812.71,3147370.0,6452557073.0
2021-06-25,1813.77,1866.01,1807.26,1850.97,3587543.0,7459680452.0
2021-06-28,1858.05,1873.97,1834.16,1860.71,2745242.0,5750241214.0
2021-06-29,1865.13,1871.32,1814.69,1824.43,3303063.0,6835635172.0
2021-06-30,1827.08,1835.04,1810.54,1819.74,2191566.0,4511484217.0
2021-07-01,1822.63,1866.9,1797.53,1862.47,3370124.0,6970730878.0
2021-07-02,1835.93,1835.93,1779.75,1781.07,4627531.0,9388640194.0
2021-07-05,1769.57,1787.16,1756.3,1764.26,3442095.0,6872797768.0
2021-07-06,1765.15,1781.96,1734.19,1780.98,3528251.0,7015883091.0
2021-07-07,1778.42,1795.12,1768.69,1773.11,2812212.0,5658210730.0
2021-07-08,1769.66,1773.11,1741.26,1756.3,3551669.0,7027713780.0
2021-07-09,1738.18,1757.1,1720.91,1744.89,3090790.0,6072340993.0
2021-07-12,1747.94,1768.49,1716.93,1735.06,3901024.0,7658786228.0
2021-07-13,1741.26,1774.44,1738.6,1754.44,2992471.0,5946287259.0
2021-07-14,1746.57,1747.01,1720.91,1735.95,3077069.0,6011814880.0
2021-07-15,1729.77,1781.07,1725.86,1767.79,4219005.0,8391506229.0
2021-07-16,1751.87,1766.56,1725.33,1730.55,3540764.0,6958296859.0
2021-07-19,1730.54,1757.18,1717.37,1747.45,3005234.0,5900348210.0
2021-07-20,1747.45,1759.78,1735.43,1751.87,2347521.0,4639300956.0
2021-07-21,1759.84,1774.88,1735.96,1742.14,2978013.0,5902656221.0
2021-07-22,1734.18,1746.48,1715.56,1716.49,3909047.0,7619076855.0
2021-07-23,1714.55,1714.55,1676.75,1681.09,4758547.0,9057761876.0
2021-07-26,1662.51,1662.51,1574.92,1596.25,9861948.0,17894360803.0
2021-07-27,1595.27,1601.46,1506.79,1515.54,8657699.0,15230805685.0
2021-07-28,1506.79,1582.17,1488.31,1565.1,8536884.0,14792470948.0
2021-07-29,1601.47,1612.96,1534.52,1548.19,6386385.0,11299569857.0
2021-07-30,1526.25,1526.25,1466.76,1485.55,7773589.0,13109725032.0
2021-08-02,1472.28,1553.66,1433.99,1552.8,9740065.0,16515259089.0
2021-08-03,1530.68,1565.18,1494.22,1547.75,5437475.0,9447823227.0
2021-08-04,1534.27,1557.22,1520.06,1525.37,3817549.0,6614683378.0
2021-08-05,1497.83,1543.95,1483.22,1503.25,4805969.0,8177369851.0
2021-08-06,1494.4,1498.83,1456.89,1478.48,4568610.0,7616109615.0
2021-08-09,1460.78,1512.1,1459.9,1498.65,4769775.0,8028155490.0
2021-08-10,1504.13,1595.16,1482.01,1591.73,8328505.0,14549496463.0
2021-08-11,1574.93,1579.35,1548.38,1548.82,3866259.0,6821292779.0
2021-08-12,1532.45,1547.49,1491.92,1495.29,4755097.0,8130692626.0
2021-08-13,1495.29,1515.64,1485.55,1504.17,3790452.0,6418412544.0
2021-08-16,1500.6,1516.17,1490.93,1503.43,2805697.0,4773049794.0
2021-08-17,1504.13,1504.13,1441.21,1446.62,6120077.0,10140291982.0
2021-08-18,1437.47,1453.69,1415.66,1433.35,5997026.0,9701556273.0
2021-08-19,1435.32,1453.88,1415.66,1433.33,4129195.0,6682355678.0
2021-08-20,1375.99,1413.49,1349.74,1369.65,11454454.0,17825198286.0
2021-08-23,1360.69,1414.77,1359.71,1389.28,7159720.0,11218832883.0
2021-08-24,1393.54,1453.3,1385.37,1437.93,7259447.0,11703813764.0
2021-08-25,1457.81,1487.21,1453.7,1473.18,5423890.0,9037626406.0
2021-08-26,1473.16,1473.16,1410.98,1411.23,5402037.0,8722233201.0
2021-08-27,1405.92,1437.78,1401.59,1412.14,3609545.0,5791426192.0
2021-08-30,1420.08,1427.16,1367.83,1403.27,5158770.0,8098190333.0
2021-08-31,1406.63,1430.12,1375.93,1378.5,4367709.0,6888080927.0
2021-09-01,1379.38,1446.61,1354.69,1435.13,7731610.0,12370243405.0
2021-09-02,1444.85,1453.7,1416.44,1432.29,4283679.0,6939707277.0
2021-09-03,1424.52,1468.56,1399.73,1467.17,5283518.0,8631165696.0
2021-09-06,1459.01,1511.35,1438.79,1478.18,5533806.0,9306030671.0
2021-09-07,1469.65,1490.4,1460.78,1476.71,3121122.0,5204051657.0
2021-09-08,1468.74,1478.64,1440.5,1444.94,3306367.0,5428265636.0
2021-09-09,1438.66,1455.47,1436.9,1445.81,1995013.0,3257785762.0
2021-09-10,1445.81,1476.53,1444.85,1471.03,3338811.0,5528034093.0
2021-09-13,1473.17,1489.98,1451.14,1463.43,2772002.0,4605031711.0
2021-09-14,1467.86,1489.09,1462.55,1466.09,3376061.0,5638962654.0
2021-09-15,1459.9,1468.74,1424.5,1429.58,4157005.0,6781755393.0
2021-09-16,1418.31,1454.59,1402.38,1449.34,4596802.0,7458455126.0
2021-09-17,1433.35,1509.09,1433.35,1491.75,5513025.0,9242101552.0
2021-09-22,1467.71,1493.52,1446.62,1449.0,3174300.0,5227723003.0
2021-09-23,1449.28,1465.1,1437.85,1446.62,3034181.0,4964210091.0
2021-09-24,1440.43,1521.81,1440.43,1498.83,6953660.0,11756596091.0
2021-09-27,1548.37,1648.71,1548.37,1641.28,12686892.0,23270689702.0
2021-09-28,1635.08,1645.7,1588.19,1612.13,4922105.0,8973408813.0
2021-09-29,1600.58,1632.44,1580.14,1610.31,4329065.0,7870151768.0
2021-09-30,1608.7,1637.05,1595.62,1619.16,4053929.0,7411735790.0
2021-10-08,1612.45,1661.63,1599.01,1627.65,4745196.0,8780381118.0
2021-10-11,1627.57,1672.16,1620.05,1652.0,3767557.0,7040475327.0
2021-10-12,1651.01,1660.74,1630.15,1655.42,3060642.0,5688160837.0
2021-10-13,1654.55,1725.29,1647.47,1707.55,5014261.0,9625769127.0
2021-10-14,1706.69,1718.08,1677.55,1690.82,2662255.0,5097602232.0
2021-10-15,1672.33,1707.63,1672.33,1696.11,2856078.0,5452953879.0
2021-10-18,1670.47,1670.47,1581.11,1592.61,6965202.0,12651498607.0
2021-10-19,1592.61,1626.94,1592.51,1603.39,4031456.0,7330114082.0
2021-10-20,1621.81,1636.68,1597.93,1628.89,2866339.0,5246404615.0
2021-10-21,1628.98,1645.7,1618.27,1631.54,2301870.0,4238584294.0
2021-10-22,1641.28,1699.68,1640.39,1681.98,3596260.0,6794850056.0
2021-10-25,1663.4,1667.83,1643.93,1657.23,3246133.0,6076219948.0
2021-10-26,1649.27,1662.5,1631.54,1646.63,2113026.0,3934223714.0
2021-10-27,1638.89,1644.2,1592.7,1609.42,3464729.0,6302270905.0
2021-10-28,1614.91,1631.35,1594.38,1615.17,2949093.0,5383196101.0
2021-10-29,1614.73,1635.08,1604.12,1615.69,2877586.0,5266898950.0
2021-11-01,1574.92,1615.88,1557.22,1595.27,4168998.0,7486936394.0
2021-11-02,1589.69,1631.74,1582.0,1596.72,3250024.0,5875341369.0
2021-11-03,1592.61,1601.44,1558.27,1561.65,2782931.0,4958314535.0
2021-11-04,1573.09,1606.77,1565.56,1596.33,3113043.0,5592211731.0
2021-11-05,1596.34,1632.42,1596.34,1610.26,2707723.0,4956331383.0
2021-11-08,1610.31,1619.86,1594.43,1610.4,1770572.0,3220439334.0
2021-11-09,1610.29,1617.27,1576.69,1583.77,2735192.0,4915170028.0
2021-11-10,1583.77,1588.19,1535.1,1551.9,3534877.0,6204803250.0
2021-11-11,1550.97,1565.72,1540.85,1565.72,2265187.0,3987243285.0
2021-11-12,1573.15,1579.39,1563.11,1569.41,1760663.0,3124400972.0
2021-11-15,1569.33,1578.46,1548.37,1558.23,2494735.0,4410975373.0
2021-11-16,1564.3,1608.54,1561.65,1599.69,3352624.0,6033536262.0
2021-11-17,1597.04,1610.75,1583.77,1588.19,2450546.0,4411450908.0
2021-11-18,1576.0,1598.81,1566.07,1585.53,1952089.0,3485674964.0
2021-11-19,1587.47,1635.97,1582.17,1617.75,3115559.0,5699883800.0
2021-11-22,1635.97,1689.05,1635.08,1640.63,4257268.0,7994018410.0
2021-11-23,1638.62,1696.13,1638.62,1677.93,4578220.0,8676297616.0
2021-11-24,1681.09,1739.49,1678.44,1717.37,5451235.0,10555736753.0
2021-11-25,1727.99,1757.36,1722.01,1730.67,3975288.0,7803035266.0
2021-11-26,1738.45,1740.37,1703.21,1717.38,3265557.0,6337346211.0
2021-11-29,1734.18,1760.72,1726.29,1756.3,4239934.0,8372476083.0
2021-11-30,1756.65,1760.63,1705.42,1708.32,3692487.0,7192172533.0
2021-12-01,1725.33,1734.13,1697.92,1710.28,2625440.0,5071457098.0
2021-12-02,1716.48,1718.39,1698.43,1711.17,2042182.0,3939731543.0
2021-12-03,1709.4,1759.5,1708.56,1744.69,3581839.0,7045848180.0
2021-12-06,1754.53,1760.72,1725.33,1740.64,3106388.0,6122543819.0
2021-12-07,1752.53,1758.84,1722.44,1730.52,3697989.0,7286659622.0
2021-12-08,1738.5,1809.39,1725.33,1807.62,6104807.0,12285101988.0
2021-12-09,1818.18,1873.02,1809.39,1846.15,6423918.0,13404724467.0
2021-12-10,1822.66,1854.31,1819.12,1849.2,4314822.0,8944582265.0
2021-12-13,1905.83,1928.83,1873.97,1874.15,6580656.0,14139012290.0
2021-12-14,1874.15,1918.13,1858.05,1902.29,4044941.0,8673733691.0
2021-12-15,1895.34,1915.52,1880.19,1889.02,3007827.0,6444715086.0
2021-12-16,1871.32,1897.02,1845.87,1874.85,3721136.0,7865499278.0
2021-12-17,1858.49,1865.13,1801.42,1814.43,4840318.0,9988869785.0
2021-12-20,1814.43,1845.36,1805.85,1821.74,3225769.0,6654596508.0
2021-12-21,1809.39,1830.74,1780.92,1803.37,2628589.0,5354186590.0
2021-12-22,1804.96,1825.31,1804.96,1812.04,1743079.0,3570928372.0
2021-12-23,1816.46,1875.74,1791.69,1875.74,3909854.0,8126298013.0
2021-12-24,1901.3,1961.53,1901.3,1941.3,5612959.0,12295953400.0
2021-12-27,1918.21,1918.21,1868.67,1886.2,3755590.0,8020677686.0
2021-12-28,1887.25,1907.15,1872.74,1891.83,2765070.0,5901940633.0
2021-12-29,1902.29,1906.05,1805.85,1805.85,5404902.0,11195625154.0
2021-12-30,1805.85,1848.3,1794.34,1835.93,3526136.0,7272866657.0
2021-12-31,1831.5,1834.14,1794.34,1813.81,2966491.0,6061415344.0
2022-01-04,1818.23,1830.58,1781.96,1814.9,3384262.0,6913653122.0
2022-01-05,1809.39,1827.08,1785.5,1790.8,2839551.0,5774992117.0
2022-01-06,1789.04,1801.42,1715.16,1753.84,5179475.0,10226933847.0
2022-01-07,1747.45,1759.73,1715.88,1718.25,2981669.0,5831695311.0
2022-01-10,1705.87,1749.22,1696.62,1739.49,2962670.0,5792738145.0
2022-01-11,1723.56,1738.6,1708.67,1716.97,2227664.0,4332180604.0
2022-01-12,1723.56,1750.81,1723.56,1740.37,2747410.0,5384359628.0
2022-01-13,1738.44,1741.25,1650.62,1661.09,5674735.0,10781720544.0
2022-01-14,1661.09,1674.9,1648.35,1651.89,2932164.0,5506186026.0
2022-01-17,1652.78,1661.89,1623.88,1647.12,2735382.0,5074077665.0
2022-01-18,1647.19,1688.92,1638.62,1674.25,3121577.0,5906705861.0
2022-01-19,1697.9,1697.9,1671.25,1691.71,2637094.0,5026993463.0
2022-01-20,1695.25,1751.87,1695.25,1742.6,3401391.0,6665294954.0
2022-01-21,1734.18,1763.81,1726.22,1756.29,3081258.0,6091427695.0
2022-01-24,1729.75,1755.41,1708.91,1725.51,2398580.0,4685441775.0
2022-01-25,1719.14,1739.49,1708.52,1719.14,2551012.0,4971078498.0
2022-01-26,1718.29,1742.14,1697.9,1729.75,2390513.0,4655706528.0
2022-01-27,1770.46,1779.14,1727.1,1738.6,4266516.0,8450329058.0
2022-01-28,1729.75,1741.26,1663.4,1669.59,4102011.0,7889492895.0
2022-02-07,1681.97,1693.09,1636.85,1652.74,3515042.0,6601799703.0
2022-02-08,1653.56,1657.09,1583.77,1627.12,4171306.0,7585130459.0
2022-02-09,1627.2,1688.17,1616.48,1677.53,3388479.0,6346699784.0
2022-02-10,1681.09,1686.31,1643.39,1657.2,2303183.0,4315456868.0
2022-02-11,1643.05,1681.79,1628.89,1636.83,3374649.0,6296909575.0
2022-02-14,1628.0,1660.74,1625.62,1653.37,2019587.0,3762313349.0
2022-02-15,1653.49,1690.82,1644.82,1672.79,2710586.0,5131842112.0
2022-02-16,1681.09,1687.29,1670.47,1674.5,1458685.0,2769034316.0
2022-02-17,1681.63,1691.25,1664.28,1669.58,1821366.0,3450265032.0
2022-02-18,1661.3,1688.15,1650.71,1687.29,1938549.0,3670339742.0
2022-02-21,1681.09,1687.2,1653.62,1660.73,2081573.0,3920377358.0
2022-02-22,1645.71,1646.58,1592.63,1599.58,5229881.0,9473992638.0
2022-02-23,1602.71,1622.7,1592.68,1616.51,2811161.0,5118197820.0
2022-02-24,1599.69,1604.99,1546.69,1560.86,6535925.0,11578557075.0
2022-02-25,1570.49,1599.94,1570.49,1591.78,3897913.0,6999524161.0
2022-02-28,1581.16,1589.96,1563.42,1584.12,2892303.0,5158148387.0
2022-03-01,1594.38,1648.86,1594.38,1644.36,4737930.0,8721229267.0
2022-03-02,1628.0,1637.73,1614.73,1632.32,2007448.0,3690612341.0
2022-03-03,1633.14,1637.07,1587.3,1592.61,3154693.0,5703580558.0
2022-03-04,1567.84,1586.32,1552.89,1575.36,3104703.0,5509157654.0
2022-03-07,1557.4,1564.3,1507.5,1510.33,4915581.0,8487507372.0
2022-03-08,1557.2,1580.81,1532.45,1551.21,5721546.0,10087484369.0
2022-03-09,1560.85,1597.04,1522.81,1574.19,5643442.0,10018590069.0
2022-03-10,1599.69,1611.19,1584.65,1587.68,3646178.0,6587438866.0
2022-03-11,1562.53,1572.26,1520.13,1565.19,4772677.0,8335618341.0
2022-03-14,1530.68,1548.37,1504.13,1504.13,4900661.0,8416841920.0
2022-03-15,1459.9,1490.86,1418.31,1418.31,8905587.0,14567142622.0
2022-03-16,1445.74,1489.89,1409.46,1481.97,7759281.0,12753010156.0
2022-03-17,1521.83,1552.8,1514.45,1521.96,6835196.0,11843531813.0
2022-03-18,1520.06,1543.95,1497.3,1511.03,3834868.0,6564085394.0
2022-03-21,1525.37,1526.83,1499.72,1507.94,2787716.0,4763083283.0
2022-03-22,1525.26,1525.26,1492.04,1499.71,2105404.0,3578291198.0
2022-03-23,1508.56,1566.07,1501.48,1550.31,5806739.0,10096341448.0
2022-03-24,1537.76,1539.53,1519.49,1522.65,2581532.0,4457504430.0
2022-03-25,1514.75,1534.22,1490.86,1495.29,2970866.0,5054831352.0
2022-03-28,1437.78,1472.99,1419.2,1469.45,5754164.0,9392008017.0
2022-03-29,1470.07,1496.61,1470.07,1474.94,2593498.0,4343365464.0
2022-03-30,1502.36,1530.77,1499.71,1530.77,4243343.0,7276379091.0
2022-03-31,1521.83,1538.29,1511.92,1520.95,2517386.0,4338022922.0
2022-04-01,1530.62,1586.42,1523.33,1574.93,4486191.0,7936957252.0
2022-04-06,1551.03,1582.64,1551.03,1561.65,2781977.0,4910792426.0
2022-04-07,1555.45,1579.34,1548.46,1561.65,2019571.0,3568182341.0
2022-04-08,1564.3,1582.61,1563.01,1578.46,2294132.0,4081618543.0
2022-04-11,1566.07,1566.07,1509.47,1521.83,4386359.0,7568782591.0
2022-04-12,1529.79,1581.97,1511.21,1576.69,4162956.0,7284546261.0
2022-04-13,1563.42,1588.19,1549.33,1565.18,3114766.0,5534915753.0
2022-04-14,1582.0,1624.38,1575.09,1600.58,3764986.0,6834657201.0
2022-04-15,1594.56,1608.54,1588.98,1597.91,2104113.0,3800797635.0
2022-04-18,1575.92,1590.84,1564.3,1584.49,1979315.0,3525102977.0
2022-04-19,1592.61,1621.8,1570.94,1584.03,2420476.0,4359851980.0
2022-04-20,1594.11,1610.31,1564.9,1589.96,2415572.0,4342043328.0
2022-04-21,1583.94,1597.92,1566.07,1574.9,2895261.0,5160788004.0
2022-04-22,1559.88,1581.89,1557.38,1568.72,2789975.0,4955360846.0
2022-04-25,1548.37,1571.82,1505.9,1511.21,5365802.0,9352986852.0
2022-04-26,1507.08,1547.47,1504.13,1532.87,4456396.0,7692845226.0
2022-04-27,1563.52,1601.46,1563.52,1588.12,5740244.0,10289893014.0
2022-04-28,1586.42,1632.43,1580.67,1623.58,4401006.0,8038681950.0
2022-04-29,1624.47,1635.97,1602.33,1617.72,3488527.0,6384066537.0
2022-05-05,1619.16,1654.55,1618.25,1625.35,3366094.0,6235017580.0
2022-05-06,1605.88,1609.42,1575.8,1586.42,2859618.0,5138176680.0
2022-05-09,1574.92,1574.92,1537.76,1550.14,3035182.0,5324616273.0
2022-05-10,1521.83,1579.31,1508.57,1562.7,4011919.0,7018451097.0
2022-05-11,1552.8,1582.42,1550.14,1564.3,3031267.0,5372950033.0
2022-05-12,1551.03,1573.15,1548.37,1559.58,2203823.0,3888480084.0
2022-05-13,1574.92,1590.79,1562.53,1573.36,2073052.0,3690141231.0
2022-05-16,1589.96,1589.96,1541.89,1555.45,2776531.0,4881208653.0
2022-05-17,1565.96,1570.49,1552.8,1564.3,2014474.0,3557048801.0
2022-05-18,1569.31,1569.54,1542.2,1558.11,2485044.0,4362486907.0
2022-05-19,1543.95,1554.57,1538.64,1553.68,1977626.0,3459059182.0
2022-05-20,1557.21,1593.63,1550.14,1592.62,4194960.0,7493460272.0
2022-05-23,1592.61,1596.05,1567.84,1575.8,2215713.0,3950856594.0
2022-05-24,1580.23,1581.11,1553.24,1557.22,2734222.0,4824599922.0
2022-05-25,1561.88,1567.84,1545.72,1553.25,2238869.0,3929477102.0
2022-05-26,1558.11,1558.11,1530.68,1542.0,2805344.0,4888109192.0
2022-05-27,1557.21,1574.92,1551.04,1552.94,2511958.0,4436904896.0
2022-05-30,1562.53,1584.25,1562.53,1573.51,3446569.0,6135631304.0
2022-05-31,1570.29,1605.8,1563.4,1596.18,4075082.0,7329201058.0
2022-06-01,1594.38,1605.69,1574.03,1582.22,2176001.0,3897858999.0
2022-06-02,1581.97,1588.9,1574.92,1580.23,1691473.0,3019718032.0
2022-06-06,1583.77,1588.19,1555.45,1582.0,3674126.0,6535329352.0
2022-06-07,1578.58,1614.73,1566.34,1608.45,3504859.0,6356031009.0
2022-06-08,1614.73,1665.17,1614.73,1650.65,4435381.0,8236953846.0
2022-06-09,1656.32,1670.78,1635.97,1639.51,2632902.0,4897066622.0
2022-06-10,1632.44,1687.29,1623.58,1681.62,4734462.0,8882462598.0
2022-06-13,1672.24,1674.01,1635.15,1642.16,3675518.0,6847248995.0
2022-06-14,1622.7,1659.34,1620.93,1655.43,2941623.0,5467949348.0
2022-06-15,1654.55,1685.52,1648.35,1659.06,3366362.0,6354869100.0
2022-06-16,1676.3,1687.84,1659.26,1660.74,2688670.0,5087605391.0
2022-06-17,1661.71,1727.1,1661.71,1726.22,5054161.0,9749530916.0
2022-06-20,1725.33,1743.03,1707.64,1718.27,3497478.0,6802792459.0
2022-06-21,1724.45,1740.36,1705.87,1721.56,2371702.0,4617805127.0
2022-06-22,1729.75,1732.41,1709.4,1712.94,1964665.0,3813775294.0
2022-06-23,1718.87,1738.64,1716.48,1731.61,2684352.0,5239860443.0
2022-06-24,1743.03,1787.27,1738.6,1777.54,3963465.0,7921199792.0
2022-06-27,1787.21,1813.76,1769.84,1778.9,4011517.0,8124448900.0
2022-06-28,1787.04,1805.85,1770.45,1801.42,2524571.0,5112298787.0
2022-06-29,1794.34,1806.73,1779.31,1796.11,3036012.0,6142508408.0
2022-06-30,1788.67,1857.53,1788.66,1828.91,3898243.0,7984019438.0
2022-07-01,1837.86,1849.28,1802.27,1814.65,2159645.0,4385555299.0
2022-07-04,1806.56,1810.39,1789.57,1804.77,2507589.0,5042804258.0
2022-07-05,1811.28,1837.36,1797.61,1818.19,2632940.0,5345189852.0
2022-07-06,1817.29,1823.55,1776.15,1790.46,3275166.0,6566374982.0
2022-07-07,1793.14,1797.03,1775.26,1779.72,2093177.0,4179088240.0
2022-07-08,1793.14,1801.98,1785.23,1787.77,1564389.0,3134903462.0
2022-07-11,1779.9,1783.99,1744.4,1756.11,2394921.0,4709248310.0
2022-07-12,1757.37,1764.34,1726.12,1742.53,2344686.0,4562731381.0
2022-07-13,1739.48,1763.63,1735.61,1751.9,1985377.0,3893406034.0
2022-07-14,1752.89,1767.92,1735.9,1746.63,2052724.0,4014985518.0
2022-07-15,1739.58,1788.38,1739.04,1743.5,3341623.0,6588730699.0
2022-07-18,1746.06,1752.0,1718.91,1745.44,2422072.0,4701936868.0
2022-07-19,1739.48,1745.43,1722.49,1737.78,2195603.0,4250852886.0
2022-07-20,1751.78,1761.84,1739.48,1744.04,1870461.0,3659970961.0
2022-07-21,1737.78,1749.23,1730.1,1734.11,1406137.0,2735503093.0
2022-07-22,1743.25,1754.68,1730.54,1741.27,2511357.0,4894378605.0
2022-07-25,1743.51,1746.01,1726.96,1739.17,1691244.0,3285451347.0
2022-07-26,1746.63,1757.34,1741.29,1744.14,2068510.0,4041100077.0
2022-07-27,1736.8,1742.16,1714.44,1716.76,2148987.0,4149807166.0
2022-07-28,1718.11,1733.22,1692.67,1697.45,3486986.0,6669448409.0
2022-07-29,1694.85,1716.22,1679.65,1697.84,3703236.0,7028415881.0
2022-08-01,1690.3,1706.39,1682.4,1690.56,2103741.0,3988198590.0
2022-08-02,1681.35,1688.48,1661.68,1681.33,2822088.0,5284516568.0
2022-08-03,1690.28,1702.81,1678.67,1685.82,2459842.0,4642442196.0
2022-08-04,1690.29,1719.89,1681.46,1713.55,3035714.0,5797110733.0
2022-08-05,1724.1,1730.54,1703.62,1720.66,2008584.0,3857406327.0
2022-08-08,1712.78,1728.64,1705.95,1709.55,1679901.0,3220702892.0
2022-08-09,1709.55,1716.22,1703.71,1708.18,1387461.0,2651800008.0
2022-08-10,1708.16,1715.33,1667.56,1677.77,2792662.0,5259452686.0
2022-08-11,1686.71,1705.5,1679.57,1705.41,2606149.0,4940834195.0
2022-08-12,1705.41,1726.06,1699.23,1724.28,2025983.0,3882570566.0
2022-08-15,1717.53,1734.56,1713.14,1717.02,1932314.0,3717178491.0
2022-08-16,1720.65,1729.45,1713.54,1715.19,1483584.0,2854189586.0
2022-08-17,1726.06,1726.06,1694.76,1715.33,1836063.0,3508295541.0
2022-08-18,1706.39,1710.93,1682.31,1695.21,2316777.0,4384060205.0
2022-08-19,1697.45,1706.7,1688.5,1694.77,1354417.0,2572000762.0
2022-08-22,1685.83,1705.5,1682.58,1693.85,1542667.0,2925285473.0
2022-08-23,1697.98,1697.98,1669.72,1672.41,2375636.0,4452538978.0
2022-08-24,1672.4,1677.08,1655.41,1658.27,1872761.0,3486382969.0
2022-08-25,1662.57,1688.5,1658.27,1685.82,2192534.0,4107597895.0
2022-08-26,1699.23,1709.97,1686.71,1697.45,2314195.0,4397161135.0
2022-08-29,1684.03,1699.21,1675.98,1680.29,1356962.0,2555981192.0
2022-08-30,1683.45,1685.82,1658.27,1672.4,1823539.0,3400091358.0
2022-08-31,1663.55,1722.09,1663.47,1720.7,4469151.0,8518225337.0
2022-09-01,1710.1,1713.54,1682.14,1682.14,2684508.0,5088658955.0
2022-09-02,1690.24,1692.94,1668.98,1676.88,1939132.0,3635162804.0
2022-09-05,1665.82,1671.51,1627.69,1641.1,3682187.0,6764549173.0
2022-09-06,1641.43,1652.91,1632.16,1650.05,2083004.0,3832086313.0
2022-09-07,1641.13,1643.48,1619.65,1625.91,2830616.0,5151537330.0
2022-09-08,1627.69,1638.42,1623.22,1623.22,1659057.0,3026766448.0
2022-09-09,1632.16,1656.31,1624.11,1649.86,2708986.0,4991679523.0
2022-09-13,1681.35,1688.84,1661.88,1680.45,2869309.0,5387987148.0
2022-09-14,1667.05,1681.35,1666.14,1671.51,1604157.0,3002693247.0
2022-09-15,1672.4,1693.08,1672.37,1681.35,2081021.0,3917954256.0
2022-09-16,1674.01,1686.36,1659.09,1662.57,2412127.0,4501527357.0
2022-09-19,1658.99,1689.03,1657.09,1673.87,1858351.0,3479680771.0
2022-09-20,1672.39,1685.46,1662.16,1679.56,1411630.0,2645281859.0
2022-09-21,1678.37,1684.03,1652.73,1652.73,2099454.0,3904096421.0
2022-09-22,1645.57,1646.49,1624.87,1628.41,2270429.0,4147900996.0
2022-09-23,1628.41,1658.99,1628.41,1640.59,2828769.0,5191904760.0
2022-09-26,1627.69,1688.5,1627.67,1666.14,3513492.0,6566771227.0
2022-09-27,1671.39,1696.55,1655.51,1688.5,2882019.0,5422668135.0
2022-09-28,1681.8,1698.7,1675.99,1684.03,2144597.0,4042506330.0
2022-09-29,1697.43,1701.18,1673.42,1681.66,2158966.0,4075515187.0
2022-09-30,1698.0,1701.01,1668.83,1674.64,2128908.0,4000917951.0
2022-10-10,1690.29,1691.19,1592.09,1597.28,4858413.0,8865386496.0
2022-10-11,1599.96,1615.17,1574.03,1591.91,3204719.0,5712249507.0
2022-10-12,1586.24,1591.02,1527.52,1574.03,4819500.0,8372252823.0
2022-10-13,1538.67,1551.67,1517.69,1520.36,6396927.0,10919727537.0
2022-10-14,1529.31,1569.56,1522.1,1554.0,4651970.0,8045032623.0
2022-10-17,1543.62,1545.4,1518.4,1536.91,3354951.0,5740146639.0
2022-10-18,1542.73,1547.2,1521.26,1525.58,2808277.0,4800689502.0
2022-10-19,1522.14,1522.14,1473.86,1473.86,6012093.0,9997656284.0
2022-10-20,1449.72,1492.13,1440.77,1469.84,4277807.0,7020555512.0
2022-10-21,1466.71,1473.68,1439.88,1452.4,3890740.0,6317945876.0
2022-10-24,1404.1,1421.1,1330.78,1342.65,13209804.0,20217576174.0
2022-10-25,1323.1,1354.92,1316.46,1323.39,8136156.0,12136909034.0
2022-10-26,1331.48,1354.91,1305.73,1309.38,8178083.0,12120993864.0
2022-10-27,1323.61,1330.75,1237.62,1252.96,10710590.0,15258551283.0
2022-10-28,1243.81,1257.43,1215.14,1216.29,9314275.0,12823821843.0
2022-10-31,1207.35,1235.98,1192.15,1207.35,7184665.0,9758303071.0
2022-11-01,1215.4,1314.13,1215.4,1307.53,11876648.0,16859775304.0
2022-11-02,1305.73,1346.87,1284.26,1316.42,7977715.0,11717204099.0
2022-11-03,1291.03,1307.96,1277.2,1287.39,4515970.0,6509550787.0
2022-11-04,1286.02,1366.34,1286.02,1356.32,8000795.0,11996968945.0
2022-11-07,1336.18,1358.03,1329.51,1347.86,4269835.0,6414049133.0
2022-11-08,1348.66,1357.59,1313.74,1327.98,3932491.0,5842320995.0
2022-11-09,1327.15,1331.56,1296.78,1305.64,3609016.0,5276777530.0
2022-11-10,1291.42,1328.09,1283.5,1319.14,3771967.0,5518325849.0
2022-11-11,1366.54,1381.25,1337.01,1366.68,7394715.0,11252112275.0
2022-11-14,1380.4,1398.32,1366.54,1371.01,5737015.0,8858049581.0
2022-11-15,1370.12,1430.01,1360.28,1420.2,5631760.0,8858377894.0
2022-11-16,1413.94,1429.15,1402.32,1417.74,2684776.0,4250886805.0
2022-11-17,1422.44,1427.63,1388.79,1401.42,3057988.0,4793001162.0
2022-11-18,1409.47,1416.63,1391.58,1401.54,2360871.0,3703793426.0
2022-11-21,1378.48,1378.48,1340.19,1359.37,3909600.0,5917086070.0
2022-11-22,1357.1,1394.93,1355.91,1377.23,2990062.0,4582790131.0
2022-11-23,1366.54,1392.48,1360.32,1385.32,2217746.0,3428793052.0
2022-11-24,1394.27,1403.1,1354.0,1359.38,2768738.0,4241974248.0
2022-11-25,1359.84,1370.12,1350.44,1361.19,1862104.0,2833988373.0
2022-11-28,1327.89,1354.92,1297.68,1350.34,4772321.0,7040991068.0
2022-11-29,1403.71,1430.93,1387.11,1430.04,7342013.0,11587859176.0
2022-11-30,1419.42,1434.51,1417.52,1430.04,3149730.0,5019450678.0
2022-12-01,1484.59,1502.48,1458.47,1458.48,5135768.0,8480772923.0
2022-12-02,1462.24,1478.33,1449.89,1461.23,2388390.0,3910860618.0
2022-12-05,1491.75,1501.59,1474.76,1488.98,3612746.0,6018521304.0
2022-12-06,1480.12,1544.43,1477.44,1509.64,4414748.0,7477917194.0
2022-12-07,1500.52,1538.25,1493.56,1506.06,3552626.0,6012253045.0
2022-12-08,1504.27,1515.9,1489.07,1508.76,1972956.0,3323420877.0
2022-12-09,1513.21,1547.2,1504.27,1547.2,3921526.0,6716944493.0
2022-12-12,1534.55,1579.39,1533.78,1555.26,3475517.0,6063957619.0
2022-12-13,1553.46,1574.65,1547.2,1565.08,2138546.0,3735089152.0
2022-12-14,1558.82,1592.63,1558.82,1583.75,2909840.0,5141262368.0
2022-12-15,1614.27,1624.11,1591.91,1598.17,3063444.0,5497063390.0
2022-12-16,1585.88,1601.75,1558.82,1598.06,3330266.0,5901587128.0
2022-12-19,1608.73,1608.73,1574.18,1585.65,2498710.0,4447236356.0
2022-12-20,1578.79,1578.79,1504.67,1533.78,4619840.0,7944120661.0
2022-12-21,1541.83,1555.25,1536.15,1555.25,2281614.0,3948926227.0
2022-12-22,1571.08,1594.6,1560.61,1581.18,2317534.0,4093861570.0
2022-12-23,1567.23,1593.7,1560.61,1583.87,1731921.0,3063608409.0
2022-12-26,1583.87,1583.87,1551.69,1557.98,2138380.0,3749121030.0
2022-12-27,1574.15,1582.44,1562.83,1569.62,1790505.0,3109270166.0
2022-12-28,1581.29,1582.3,1546.99,1569.62,2143790.0,3699948995.0
2022-12-29,1555.13,1564.18,1540.68,1556.94,2241780.0,3844499655.0
2022-12-30,1572.34,1587.73,1564.19,1564.19,2533312.0,4409544297.0
2023-01-03,1567.99,1574.54,1545.18,1566.91,2603380.0,4487760231.0
2023-01-04,1566.91,1574.78,1554.22,1562.39,2041575.0,3523582306.0
2023-01-05,1573.25,1631.21,1569.62,1631.21,4794285.0,8541587089.0
2023-01-06,1635.85,1641.08,1618.53,1633.72,2490375.0,4480838898.0
2023-01-09,1662.01,1675.57,1637.39,1667.62,3097723.0,5684181147.0
2023-01-10,1665.68,1688.73,1657.93,1679.62,2273173.0,4204783734.0
2023-01-11,1681.03,1684.65,1663.67,1671.02,2272031.0,4201487773.0
2023-01-12,1673.78,1681.03,1660.19,1661.1,1719317.0,3162637136.0
2023-01-13,1670.32,1710.01,1666.53,1709.1,3193965.0,5969876222.0
2023-01-16,1708.2,1752.58,1703.67,1732.56,3684826.0,7059982640.0
2023-01-17,1732.8,1741.71,1716.35,1728.12,2129923.0,4068321409.0
2023-01-18,1733.56,1743.79,1711.82,1714.54,2106293.0,4008665438.0
2023-01-19,1714.09,1714.1,1690.08,1702.95,2343889.0,4401994437.0
2023-01-20,1711.09,1719.29,1682.84,1684.66,2560875.0,4807356071.0
2023-01-30,1729.03,1729.03,1702.76,1710.01,3592255.0,6799756571.0
2023-01-31,1717.71,1720.83,1660.26,1671.75,3299068.0,6128311548.0
2023-02-01,1680.1,1683.74,1640.63,1671.04,3397389.0,6244678925.0
2023-02-02,1674.12,1683.74,1653.85,1663.01,2975886.0,5465509510.0
2023-02-03,1648.42,1653.85,1626.39,1646.61,3494490.0,6324635031.0
2023-02-06,1612.19,1625.78,1594.08,1625.78,4266095.0,7595739044.0
2023-02-07,1637.62,1638.28,1619.19,1627.59,2432171.0,4373671735.0
2023-02-08,1630.31,1635.71,1607.66,1615.81,1667577.0,2980574806.0
2023-02-09,1610.38,1657.25,1607.67,1646.61,2975366.0,5401399088.0
2023-02-10,1639.45,1647.05,1631.26,1639.36,1798451.0,3253859317.0
2023-02-13,1639.36,1697.78,1639.36,1681.34,3814670.0,7058382498.0
2023-02-14,1681.44,1682.29,1662.01,1669.97,1956576.0,3601769574.0
2023-02-15,1669.96,1680.39,1662.74,1667.44,1817691.0,3351422211.0
2023-02-16,1667.75,1709.1,1655.67,1686.3,3324595.0,6196915130.0
2023-02-17,1675.74,1696.42,1648.47,1649.13,2644283.0,4880328952.0
2023-02-20,1649.33,1701.68,1645.88,1698.24,2966869.0,5488800056.0
2023-02-21,1697.33,1697.33,1676.5,1690.99,1875052.0,3491633510.0
2023-02-22,1680.13,1688.18,1659.11,1662.91,2186916.0,4031016045.0
2023-02-23,1666.53,1674.51,1635.06,1646.61,2188097.0,3983991208.0
2023-02-24,1639.46,1639.54,1614.17,1619.44,2463461.0,4415621498.0
2023-02-27,1610.83,1643.89,1607.68,1639.73,2206489.0,3978128676.0
2023-02-28,1647.51,1650.24,1615.18,1642.75,2395181.0,4314877096.0
2023-03-01,1642.08,1673.78,1633.23,1665.2,2445810.0,4475592195.0
2023-03-02,1656.57,1665.62,1649.42,1655.67,1314419.0,2405292304.0
2023-03-03,1666.33,1667.99,1632.55,1646.65,1619806.0,2946842659.0
2023-03-06,1646.77,1647.06,1627.38,1636.77,2064586.0,3730079522.0
2023-03-07,1635.72,1645.34,1619.44,1619.71,2278539.0,4101302456.0
2023-03-08,1612.21,1617.57,1595.09,1603.51,2276370.0,4035787172.0
2023-03-09,1601.32,1616.72,1575.96,1603.15,2761150.0,4881442710.0
2023-03-10,1586.44,1613.1,1585.02,1585.02,2116082.0,3725139075.0
2023-03-13,1585.93,1607.66,1584.11,1595.89,2056043.0,3626476291.0
2023-03-14,1597.5,1612.08,1574.6,1599.51,2370492.0,4177289027.0
2023-03-15,1610.72,1616.61,1585.13,1585.85,1921253.0,3392698490.0
2023-03-16,1575.96,1603.13,1575.07,1586.82,1764624.0,3096791142.0
2023-03-17,1603.13,1608.47,1572.34,1577.77,2702291.0,4744249369.0
2023-03-20,1585.93,1589.55,1565.09,1566.54,2049093.0,3557872017.0
2023-03-21,1571.43,1617.49,1561.44,1607.66,3114182.0,5491052284.0
2023-03-22,1612.19,1623.97,1599.1,1606.17,1533026.0,2727648674.0
2023-03-23,1599.51,1622.25,1598.61,1607.54,1735566.0,3082821551.0
2023-03-24,1602.3,1615.45,1599.51,1610.94,1276996.0,2269649179.0
2023-03-27,1610.92,1610.92,1590.45,1601.13,1529555.0,2700755933.0
2023-03-28,1603.13,1621.25,1598.62,1613.82,1726135.0,3073113077.0
2023-03-29,1629.4,1630.31,1616.78,1621.25,1539299.0,2761909333.0
2023-03-30,1623.97,1634.83,1611.29,1630.31,1925701.0,3453573052.0
2023-03-31,1652.95,1673.78,1647.51,1648.42,2744633.0,5024790356.0
2023-04-03,1652.95,1655.46,1630.38,1632.18,2141743.0,3875811673.0
2023-04-04,1641.17,1644.05,1618.53,1643.52,2006626.0,3614275263.0
2023-04-06,1634.83,1644.71,1619.64,1627.55,1487422.0,2676251956.0
2023-04-07,1625.78,1635.75,1619.75,1622.15,1352468.0,2428160574.0
2023-04-10,1622.05,1622.05,1579.59,1604.67,2941822.0,5171150567.0
2023-04-11,1623.97,1623.97,1579.59,1580.94,2920919.0,5138854627.0
2023-04-12,1582.54,1585.02,1533.23,1534.39,5110492.0,8732657376.0
2023-04-13,1530.68,1561.1,1525.25,1560.57,2954268.0,5049310126.0
2023-04-14,1563.28,1569.62,1544.08,1551.89,2123162.0,3646526766.0
2023-04-17,1575.96,1587.74,1565.09,1587.74,3046723.0,5303401395.0
2023-04-18,1587.74,1602.23,1581.41,1592.27,1831389.0,3220107647.0
2023-04-19,1595.89,1599.06,1585.02,1593.17,1460056.0,2568632845.0
2023-04-20,1594.18,1598.61,1566.0,1577.67,1988537.0,3468366835.0
2023-04-21,1581.4,1583.28,1559.01,1562.8,1851787.0,3210937222.0
2023-04-24,1558.75,1559.66,1540.64,1544.26,2023091.0,3456728718.0
2023-04-25,1545.17,1572.32,1541.54,1567.25,2058251.0,3534989917.0
2023-04-26,1579.59,1594.98,1557.85,1579.5,2789160.0,4861477657.0
2023-04-27,1583.21,1603.13,1566.91,1592.19,2560504.0,4489906864.0
2023-04-28,1596.8,1614.7,1588.62,1594.55,2622464.0,4636084177.0
2023-05-04,1602.23,1610.08,1572.34,1584.93,2746642.0,4818999650.0
2023-05-05,1599.51,1599.51,1572.69,1585.02,2071421.0,3621305973.0
2023-05-08,1601.61,1602.23,1555.28,1558.32,3317126.0,5742915994.0
2023-05-09,1553.32,1575.94,1546.14,1559.66,2937796.0,5057346564.0
2023-05-10,1553.49,1572.34,1553.32,1562.38,2077260.0,3588550877.0
2023-05-11,1567.81,1571.43,1553.32,1555.19,1524612.0,2623835905.0
2023-05-12,1553.32,1566.8,1544.27,1545.53,1946045.0,3335038590.0
2023-05-15,1541.54,1555.13,1531.76,1554.5,2574018.0,4384647977.0
2023-05-16,1552.4,1557.84,1537.02,1542.71,2222377.0,3785811907.0
2023-05-17,1546.98,1551.51,1538.84,1540.64,1677691.0,2858697942.0
2023-05-18,1544.25,1544.62,1530.68,1531.58,1921928.0,3260170684.0
2023-05-19,1513.47,1543.66,1499.47,1539.28,2674116.0,4504022549.0
2023-05-22,1530.69,1586.83,1530.68,1581.4,4128432.0,7165754129.0
2023-05-23,1588.63,1588.64,1561.97,1561.97,1689421.0,2934118394.0
2023-05-24,1569.02,1570.12,1548.89,1549.61,1847927.0,3182416491.0
2023-05-25,1545.16,1548.79,1530.68,1540.64,2246560.0,3814504093.0
2023-05-26,1541.54,1544.26,1517.1,1531.18,1829110.0,3090691546.0
2023-05-29,1537.02,1538.24,1519.81,1529.77,1777141.0,2998147159.0
2023-05-30,1529.77,1538.73,1502.2,1511.01,2645340.0,4424706688.0
2023-05-31,1504.42,1508.69,1473.32,1475.34,3695697.0,6053737281.0
2023-06-01,1465.46,1517.08,1465.46,1481.69,2864525.0,4708722933.0
2023-06-02,1489.92,1515.41,1481.87,1513.11,2505802.0,4163116244.0
2023-06-05,1509.08,1524.23,1506.22,1508.03,1620050.0,2704294313.0
2023-06-06,1512.56,1525.24,1495.85,1509.84,1991392.0,3326778183.0
2023-06-07,1515.27,1520.53,1494.45,1495.26,1788964.0,2971782064.0
2023-06-08,1499.73,1517.09,1494.46,1510.75,1470272.0,2441569677.0
2023-06-09,1514.36,1519.78,1508.94,1508.94,1758041.0,2938014322.0
2023-06-12,1508.96,1546.98,1504.88,1536.11,2702944.0,4562308599.0
2023-06-13,1534.19,1543.91,1526.15,1538.83,1466254.0,2485398902.0
2023-06-14,1556.94,1570.75,1545.36,1564.08,3150580.0,5438040356.0
2023-06-15,1567.21,1590.14,1560.57,1589.55,2522257.0,4395900802.0
2023-06-16,1591.36,1630.31,1585.11,1628.21,3791789.0,6742301361.0
2023-06-19,1621.25,1628.45,1574.15,1579.59,3169992.0,5584248725.0
2023-06-20,1575.96,1598.61,1571.43,1579.1,2094674.0,3659824529.0
2023-06-21,1575.96,1591.0,1571.43,1572.19,1772061.0,3088635934.0
2023-06-26,1557.95,1566.91,1535.2,1547.88,2399268.0,4098619510.0
2023-06-27,1548.78,1557.58,1539.81,1549.74,1517446.0,2598138744.0
2023-06-28,1551.67,1570.53,1549.7,1565.44,1857356.0,3199294221.0
2023-06-29,1567.81,1571.42,1551.52,1552.15,1423116.0,2446524134.0
2023-06-30,1563.37,1571.64,1550.94,1555.09,2045869.0,3472586730.0
2023-07-03,1562.45,1586.62,1556.01,1585.53,1913909.0,3286737792.0
2023-07-04,1585.63,1595.04,1580.0,1591.51,1247238.0,2155553635.0
2023-07-05,1590.96,1592.77,1563.37,1577.52,1474539.0,2523960725.0
2023-07-06,1571.8,1593.72,1563.37,1566.11,1514062.0,2589459002.0
2023-07-07,1564.29,1571.64,1554.17,1554.2,1516742.0,2571458553.0
2023-07-10,1567.97,1577.13,1563.37,1564.2,1347741.0,2298241728.0
2023-07-11,1572.57,1577.32,1565.3,1572.57,1258270.0,2151079270.0
2023-07-12,1575.36,1584.52,1573.79,1576.06,1328467.0,2280785351.0
2023-07-13,1583.59,1605.13,1580.85,1598.69,2580654.0,4479772500.0
2023-07-14,1614.87,1617.17,1601.26,1612.11,1855030.0,3245530255.0
2023-07-17,1610.27,1610.27,1587.83,1590.93,1433648.0,2482069846.0
2023-07-18,1594.25,1595.11,1582.68,1584.34,1473765.0,2544005063.0
2023-07-19,1577.17,1589.12,1576.06,1584.52,1248322.0,2147704435.0
2023-07-20,1589.11,1608.41,1583.6,1585.44,1669265.0,2897176490.0
2023-07-21,1592.69,1630.04,1587.28,1628.94,3937740.0,6931535726.0
2023-07-24,1609.83,1628.8,1609.83,1628.8,1971337.0,3476648177.0
2023-07-25,1655.33,1681.89,1655.33,1681.59,4308646.0,7837450019.0
2023-07-26,1681.59,1688.43,1669.2,1681.59,1961145.0,3580171484.0
2023-07-27,1688.44,1705.72,1681.73,1690.31,2034043.0,3749635290.0
2023-07-28,1684.76,1747.3,1681.09,1744.54,3901792.0,7330314112.0
2023-07-31,1754.65,1779.48,1723.39,1729.44,4537861.0,8615279839.0
2023-08-01,1727.07,1753.69,1726.96,1737.18,1923062.0,3635857283.0
2023-08-02,1732.03,1738.1,1716.77,1728.9,1850872.0,3478674239.0
2023-08-03,1719.71,1738.1,1701.78,1727.5,2154347.0,4031087705.0
2023-08-04,1736.1,1753.29,1730.74,1741.29,2457364.0,4655813751.0
2023-08-07,1729.78,1745.46,1720.66,1736.2,2389245.0,4491893140.0
2023-08-08,1728.93,1741.51,1714.26,1738.1,1773618.0,3333559505.0
2023-08-09,1738.1,1751.9,1731.63,1738.36,1852346.0,3506306394.0
2023-08-10,1730.74,1737.18,1712.63,1724.31,1843619.0,3454219140.0
2023-08-11,1733.5,1733.87,1686.49,1686.6,2678649.0,4959166751.0
2023-08-14,1664.53,1678.31,1651.66,1658.09,2373119.0,4285362053.0
2023-08-15,1663.61,1671.89,1656.26,1667.27,1481799.0,2682125119.0
2023-08-16,1662.31,1676.81,1660.85,1673.73,1318431.0,2396261791.0
2023-08-17,1660.93,1686.6,1656.76,1681.13,1729037.0,3141408018.0
2023-08-18,1684.75,1687.51,1657.72,1657.72,1702334.0,3084761577.0
2023-08-21,1648.9,1668.2,1646.2,1647.06,1891181.0,3405415645.0
2023-08-22,1656.24,1657.69,1628.68,1644.3,2665036.0,4763131152.0
2023-08-23,1652.58,1655.33,1627.82,1631.42,1991222.0,3556178584.0
2023-08-24,1636.59,1681.08,1632.34,1670.32,2605509.0,4703417600.0
2023-08-25,1663.42,1690.07,1660.86,1678.31,1883086.0,3433296756.0
2023-08-28,1745.99,1745.99,1684.65,1687.49,4105213.0,7633221012.0
2023-08-29,1681.08,1718.86,1681.08,1702.54,2895028.0,5371260173.0
2023-08-30,1717.78,1717.87,1695.49,1706.83,1981181.0,3672570260.0
2023-08-31,1710.51,1710.51,1693.05,1698.56,1482022.0,2738445519.0
2023-09-01,1703.92,1715.54,1697.66,1702.28,1314519.0,2438622738.0
2023-09-04,1712.9,1728.85,1704.56,1716.03,2387100.0,4453823216.0
2023-09-05,1717.87,1717.87,1707.57,1709.32,1565874.0,2915625961.0
2023-09-06,1708.67,1716.64,1700.41,1711.43,1112143.0,2067605990.0
2023-09-07,1703.71,1707.65,1684.02,1690.28,1698157.0,3128587116.0
2023-09-08,1687.47,1687.47,1669.08,1672.35,1221178.0,2224338144.0
2023-09-11,1662.69,1692.12,1662.69,1675.72,1592600.0,2902617736.0
2023-09-12,1679.8,1680.15,1670.07,1673.69,1216801.0,2214514112.0
2023-09-13,1682.85,1682.85,1655.38,1673.64,1950143.0,3540583633.0
2023-09-14,1676.05,1680.15,1660.85,1672.52,1750459.0,3180447848.0
2023-09-15,1672.81,1673.52,1638.14,1638.77,2843146.0,5105749077.0
2023-09-18,1633.55,1682.46,1630.5,1682.19,3255892.0,5905121000.0
2023-09-19,1675.75,1682.0,1662.69,1680.11,1498950.0,2727858953.0
2023-09-20,1675.57,1682.92,1671.93,1677.41,1250178.0,2281583949.0
2023-09-21,1671.9,1675.57,1653.85,1653.85,1948919.0,3521486755.0
2023-09-22,1660.51,1701.28,1648.35,1700.4,3439046.0,6287832575.0
2023-09-25,1699.02,1699.48,1679.79,1685.11,1397913.0,2565773541.0
2023-09-26,1681.08,1687.41,1667.38,1670.05,1576196.0,2870852363.0
2023-09-27,1669.13,1686.14,1657.91,1668.21,2087994.0,3791876119.0
2023-09-28,1678.31,1678.31,1653.31,1654.0,2053784.0,3704812960.0
2023-10-09,1652.52,1652.52,1623.06,1634.18,2976268.0,5279950406.0
2023-10-10,1639.6,1654.4,1625.91,1627.75,2028392.0,3615557182.0
2023-10-11,1641.22,1641.22,1625.91,1635.56,2194486.0,3896568648.0
2023-10-12,1653.4,1653.71,1634.37,1642.46,1486507.0,2657095942.0
2023-10-13,1628.55,1635.11,1598.49,1610.27,2502788.0,4387687934.0
2023-10-16,1610.25,1614.87,1584.02,1590.87,2078965.0,3603604610.0
2023-10-17,1599.24,1599.64,1578.09,1587.28,1494523.0,2577312288.0
2023-10-18,1580.66,1602.0,1579.17,1589.12,2031750.0,3511987514.0
2023-10-19,1563.37,1563.4,1495.35,1499.0,7349237.0,12146921769.0
2023-10-20,1499.0,1521.99,1486.35,1512.79,4537601.0,7421390806.0
2023-10-23,1498.97,1526.59,1491.27,1511.85,2523423.0,4138279588.0
2023-10-24,1515.55,1520.48,1490.91,1510.91,2986146.0,4894807617.0
2023-10-25,1535.88,1561.53,1533.04,1542.68,3617898.0,6075417064.0
2023-10-26,1533.02,1552.34,1528.43,1537.83,2238635.0,3741418874.0
2023-10-27,1530.26,1555.9,1527.14,1541.95,3426239.0,5754795486.0
2023-10-30,1534.86,1553.14,1534.86,1545.9,2408642.0,4050573178.0
2023-10-31,1544.98,1554.17,1533.81,1549.19,1985877.0,3335804699.0
2023-11-01,1701.32,1701.32,1631.23,1637.85,9314308.0,16747292689.0
2023-11-02,1650.74,1650.74,1633.32,1636.48,2790764.0,4982090753.0
2023-11-03,1636.94,1669.03,1631.42,1665.67,3017600.0,5433116881.0
2023-11-06,1673.73,1677.21,1656.36,1666.37,2552392.0,4624102375.0
2023-11-07,1659.93,1664.53,1640.69,1647.21,1958159.0,3511590028.0
2023-11-08,1640.67,1658.83,1639.58,1653.81,1454567.0,2610041959.0
2023-11-09,1646.24,1654.41,1639.7,1649.92,1280048.0,2291996819.0
2023-11-10,1637.45,1644.3,1630.6,1633.12,1646557.0,2928380668.0
2023-11-13,1629.84,1641.43,1615.77,1622.23,1836995.0,3244573621.0
2023-11-14,1622.23,1632.33,1618.56,1623.4,1281675.0,2263963957.0
2023-11-15,1636.02,1639.6,1624.99,1630.44,1843486.0,3271230275.0
2023-11-16,1631.42,1633.26,1618.6,1618.6,1255757.0,2215937273.0
2023-11-17,1611.19,1617.63,1598.23,1612.5,2171363.0,3793781119.0
2023-11-20,1613.95,1627.29,1597.08,1620.85,1860804.0,3265514010.0
2023-11-21,1640.09,1653.5,1627.84,1646.14,3009845.0,5383107810.0
2023-11-22,1639.98,1650.14,1637.44,1638.33,1266457.0,2263460167.0
2023-11-23,1635.38,1644.3,1628.66,1642.46,1154964.0,2055272193.0
2023-11-24,1645.22,1645.22,1632.34,1634.18,1308540.0,2329345658.0
2023-11-27,1630.78,1630.78,1613.95,1621.31,1626074.0,2865075217.0
2023-11-28,1619.47,1631.31,1616.71,1626.86,1451976.0,2562905659.0
2023-11-29,1625.91,1633.26,1616.71,1632.08,1714933.0,3034175614.0
2023-11-30,1633.93,1650.52,1628.74,1647.52,2135342.0,3817513545.0
2023-12-01,1645.5,1645.86,1607.51,1618.81,3305131.0,5830850111.0
2023-12-04,1618.81,1620.23,1605.01,1610.01,1844047.0,3233102118.0
2023-12-05,1608.23,1608.32,1570.75,1571.65,2990301.0,5168983317.0
2023-12-06,1565.79,1581.28,1564.41,1566.13,2385129.0,4078003022.0
2023-12-07,1567.05,1571.72,1551.69,1563.37,2504150.0,4249170906.0
2023-12-08,1563.37,1571.5,1556.22,1567.9,2628801.0,4474160126.0
2023-12-11,1554.17,1567.05,1523.83,1561.53,3683098.0,6172810248.0
2023-12-12,1551.97,1572.56,1548.66,1572.56,2101066.0,3564305866.0
2023-12-13,1568.17,1568.63,1523.9,1526.59,3878870.0,6480807500.0
2023-12-14,1532.07,1535.66,1503.61,1504.42,4067215.0,6703240107.0
2023-12-15,1515.76,1542.93,1511.88,1512.79,3709251.0,6140791726.0
2023-12-18,1508.19,1529.65,1503.6,1528.43,1989734.0,3292194757.0
2023-12-19,1531.18,1544.86,1512.87,1540.38,2220676.0,3706057587.0
2023-12-20,1542.34,1544.2,1528.39,1534.7,2309203.0,3816133219.0
2023-12-21,1525.6,1555.66,1525.6,1553.5,2901168.0,4827827888.0
2023-12-22,1553.22,1561.97,1542.35,1554.11,2166684.0,3613238325.0
2023-12-25,1554.43,1561.5,1551.64,1555.36,1247106.0,2086014390.0
2023-12-26,1555.83,1558.06,1541.87,1553.5,1477126.0,2457177339.0
2023-12-27,1551.64,1560.15,1545.13,1550.77,1605550.0,2679221365.0
2023-12-28,1554.42,1607.45,1550.77,1604.66,3833806.0,6537401380.0
2023-12-29,1600.01,1627.53,1600.01,1605.6,2753868.0,4768857531.0
2024-01-02,1595.36,1598.33,1561.04,1567.47,3215644.0,5440082548.0
2024-01-03,1563.84,1576.96,1559.39,1575.83,2022929.0,3411400667.0
2024-01-04,1574.9,1574.9,1546.93,1552.57,2155107.0,3603970147.0
2024-01-05,1545.44,1561.56,1536.86,1547.33,2024286.0,3373155627.0
2024-01-08,1545.13,1546.06,1525.6,1529.31,2558620.0,4211918629.0
2024-01-09,1526.53,1537.06,1521.01,1526.53,2441204.0,4009826496.0
2024-01-10,1526.62,1543.7,1523.73,1526.99,1735067.0,2856120718.0
2024-01-11,1525.69,1542.28,1523.79,1531.71,1644055.0,2708764500.0
2024-01-12,1525.57,1536.07,1525.04,1528.44,1160324.0,1908084612.0
2024-01-15,1520.94,1539.52,1520.43,1525.6,1785403.0,2931202343.0
2024-01-16,1524.2,1532.11,1511.59,1525.07,2590314.0,4236042960.0
2024-01-17,1516.29,1521.39,1466.99,1466.99,5163276.0,8251735591.0
2024-01-18,1464.2,1500.29,1447.04,1498.5,6043981.0,9566349514.0
2024-01-19,1496.64,1523.74,1489.2,1520.94,4637843.0,7550144389.0
2024-01-22,1515.36,1528.39,1505.95,1527.46,4694589.0,7678297836.0
2024-01-23,1518.16,1525.55,1496.76,1506.06,3483490.0,5659457115.0
2024-01-24,1515.36,1519.86,1491.7,1512.57,3321635.0,5373603703.0
2024-01-25,1513.33,1526.53,1508.85,1523.73,3120580.0,5094508165.0
2024-01-26,1516.63,1529.41,1509.78,1523.1,2695475.0,4402111882.0
2024-01-29,1525.87,1544.74,1525.87,1534.9,3142068.0,5189014946.0
2024-01-30,1534.88,1534.88,1497.69,1500.48,3086633.0,5010784454.0
2024-01-31,1500.48,1506.96,1486.65,1492.95,2964912.0,4770104891.0
2024-02-01,1493.5,1510.61,1489.32,1497.72,2648515.0,4272298576.0
2024-02-02,1502.34,1514.23,1470.71,1484.66,3938202.0,6336691194.0
2024-02-05,1484.66,1523.21,1483.97,1516.3,5313036.0,8590683071.0
2024-02-06,1516.3,1567.9,1512.66,1559.08,5247204.0,8740646588.0
2024-02-07,1563.76,1594.98,1545.7,1591.63,5260107.0,8899606867.0
2024-02-08,1600.02,1604.67,1567.46,1586.99,4675654.0,7953438044.0
2024-02-19,1616.64,1616.69,1570.25,1577.16,3697744.0,6288277980.0
2024-02-20,1578.95,1578.95,1541.0,1553.5,3447007.0,5755266893.0
2024-02-21,1549.8,1610.25,1546.06,1597.84,4615407.0,7868784082.0
2024-02-22,1588.39,1602.81,1581.9,1598.51,2279361.0,3905984695.0
2024-02-23,1591.74,1604.09,1581.43,1594.52,2730589.0,4670706950.0
2024-02-26,1588.85,1589.54,1567.47,1576.74,2731832.0,4625594409.0
2024-02-27,1565.6,1574.82,1560.94,1571.64,2207985.0,3718478358.0
2024-02-28,1571.1,1578.22,1557.23,1564.25,3186731.0,5371312847.0
2024-02-29,1564.25,1578.15,1562.06,1576.76,2475833.0,4184917973.0
2024-03-01,1572.11,1576.73,1559.72,1567.51,2686796.0,4526845398.0
2024-03-04,1561.87,1563.73,1553.55,1559.36,2648477.0,4434401015.0
2024-03-05,1554.26,1578.62,1550.41,1576.85,3623837.0,6102136582.0
2024-03-06,1573.04,1576.76,1560.96,1563.32,2214248.0,3725582802.0
2024-03-07,1562.8,1571.92,1560.94,1566.18,2159912.0,3633934774.0
2024-03-08,1563.33,1569.02,1553.55,1554.83,2215623.0,3710678522.0
2024-03-11,1558.15,1580.37,1556.46,1576.28,2989509.0,5048394347.0
2024-03-12,1575.77,1627.08,1572.57,1623.27,5422654.0,9393309052.0
2024-03-13,1618.59,1626.06,1600.11,1606.94,2649954.0,4588879420.0
2024-03-14,1599.08,1613.82,1592.11,1596.88,1940479.0,3338768308.0
2024-03-15,1593.04,1611.55,1592.57,1597.68,1783358.0,3066692399.0
2024-03-18,1595.36,1599.87,1580.48,1589.09,2605501.0,4446059130.0
2024-03-19,1584.2,1599.96,1575.0,1588.87,2394753.0,4093701261.0
2024-03-20,1584.54,1594.14,1581.62,1590.34,1524925.0,2604543856.0
2024-03-21,1588.94,1599.08,1585.6,1589.78,1659597.0,2839332631.0
2024-03-22,1586.09,1589.77,1570.25,1582.67,2545614.0,4318592818.0
2024-03-25,1580.05,1580.27,1563.34,1571.19,2447285.0,4131446237.0
2024-03-26,1569.74,1593.32,1569.74,1590.05,2806907.0,4782899074.0
2024-03-27,1586.06,1592.57,1580.48,1582.34,1811258.0,3087792980.0
2024-03-28,1576.76,1598.15,1575.08,1582.94,2464218.0,4201857059.0
2024-03-29,1582.94,1591.63,1579.64,1584.11,1345655.0,2290584417.0
2024-04-01,1590.7,1613.04,1589.5,1601.25,2713137.0,4679371035.0
2024-04-02,1601.88,1604.66,1586.11,1594.42,2544925.0,4360973684.0
2024-04-03,1613.04,1618.1,1590.73,1595.47,2904580.0,5002390042.0
2024-04-08,1576.76,1577.69,1546.62,1550.4,5916659.0,9907355766.0
2024-04-09,1544.82,1556.29,1542.76,1546.27,2558982.0,4256226333.0
2024-04-10,1546.31,1548.84,1530.25,1533.02,2763050.0,4562853880.0
2024-04-11,1525.7,1534.9,1520.66,1533.04,2276624.0,3736417595.0
2024-04-12,1535.83,1547.92,1520.04,1520.04,2674433.0,4403968129.0
2024-04-15,1520.95,1558.72,1520.93,1556.27,3581771.0,5960815532.0
2024-04-16,1549.31,1562.4,1543.27,1553.5,2626623.0,4382796962.0
2024-04-17,1551.64,1558.34,1542.34,1550.71,2481911.0,4130322018.0
2024-04-18,1543.28,1565.58,1542.51,1554.23,2656841.0,4445487745.0
2024-04-19,1544.93,1552.11,1526.79,1531.77,2349992.0,3879233242.0
2024-04-22,1538.62,1561.76,1530.25,1558.21,2995139.0,5001684635.0
2024-04-23,1558.15,1576.76,1558.15,1574.23,2497995.0,4217855279.0
2024-04-24,1578.6,1581.33,1565.9,1575.46,1708643.0,2893555635.0
2024-04-25,1572.41,1577.32,1564.9,1574.94,1447648.0,2447183879.0
2024-04-26,1575.83,1594.43,1575.81,1590.18,3099592.0,5290248521.0
2024-04-29,1578.57,1607.46,1575.66,1585.13,4133223.0,7072096590.0
2024-04-30,1586.07,1609.21,1586.06,1586.06,3075989.0,5273902374.0
2024-05-06,1613.01,1641.88,1606.53,1637.41,5990949.0,10504351712.0
2024-05-07,1642.61,1653.78,1634.14,1646.53,2492452.0,4413196426.0
2024-05-08,1646.24,1646.5,1633.2,1640.92,1476909.0,2603293863.0
2024-05-09,1635.36,1641.86,1627.92,1633.5,2238734.0,3929804849.0
2024-05-10,1638.25,1644.55,1613.03,1617.67,2620661.0,4571398242.0
2024-05-13,1611.2,1611.79,1582.54,1586.99,3766212.0,6435415674.0
2024-05-14,1586.98,1593.75,1581.42,1583.25,2127417.0,3623282672.0
2024-05-15,1583.81,1588.85,1580.1,1581.41,1573876.0,2677203002.0
2024-05-16,1586.06,1590.6,1572.11,1585.6,2967954.0,5048754769.0
2024-05-17,1581.42,1596.83,1581.41,1595.36,2892388.0,4936920634.0
2024-05-20,1598.14,1612.1,1588.95,1589.78,3142572.0,5401389335.0
2024-05-21,1588.85,1590.46,1579.7,1586.06,1629339.0,2776847499.0
2024-05-22,1584.2,1590.67,1573.04,1579.28,2028568.0,3443977767.0
2024-05-23,1581.41,1587.34,1572.18,1573.98,1888497.0,3199923320.0
2024-05-24,1574.9,1576.76,1560.01,1560.09,2021663.0,3401323915.0
2024-05-27,1560.94,1569.74,1551.65,1553.61,2509791.0,4199001866.0
2024-05-28,1553.87,1558.31,1546.99,1548.52,2352087.0,3923020375.0
2024-05-29,1549.78,1562.8,1548.85,1557.22,1965128.0,3289173345.0
2024-05-30,1558.15,1558.51,1533.97,1533.97,3220792.0,5333306808.0
2024-05-31,1535.36,1547.46,1533.46,1533.46,2185665.0,3617654788.0
2024-06-03,1534.9,1535.75,1521.05,1525.03,3026105.0,4966041477.0
2024-06-04,1526.06,1540.48,1522.39,1537.87,2084108.0,3432497303.0
2024-06-05,1536.76,1542.97,1528.41,1529.32,1905557.0,3140824328.0
2024-06-06,1529.0,1536.75,1521.79,1525.42,2561005.0,4205700983.0
2024-06-07,1531.3,1531.34,1506.07,1506.23,3352455.0,5453120695.0
2024-06-11,1491.17,1493.04,1457.69,1459.55,7024676.0,11090577610.0
2024-06-12,1460.48,1479.08,1460.48,1462.04,3317050.0,5230086503.0
2024-06-13,1466.78,1466.89,1444.8,1446.53,3618597.0,5654938942.0
2024-06-14,1446.52,1454.86,1414.39,1446.52,5951416.0,9177637168.0
2024-06-17,1425.4,1440.73,1405.6,1433.97,4831816.0,7400883243.0
2024-06-18,1424.1,1446.1,1410.88,1415.36,4125825.0,6317590943.0
2024-06-19,1422.36,1428.06,1407.27,1425.21,4126153.0,6167728416.0
2024-06-20,1424.26,1439.47,1422.37,1424.36,2471068.0,3715924984.0
2024-06-21,1424.74,1428.99,1395.99,1396.73,4331997.0,6418543742.0
2024-06-24,1351.15,1413.81,1342.62,1402.0,6383993.0,9319362390.0
2024-06-25,1402.43,1427.1,1402.43,1411.59,4209795.0,6273919386.0
2024-06-26,1405.27,1425.28,1403.19,1414.03,2956977.0,4414601922.0
2024-06-27,1416.67,1418.54,1393.88,1415.23,3282178.0,4857959457.0
2024-06-28,1405.27,1419.03,1390.08,1393.3,3858202.0,5699649047.0
2024-07-01,1394.72,1398.62,1355.9,1367.65,3216138.0,4636689118.0
2024-07-02,1360.65,1422.37,1360.65,1415.43,5185298.0,7659166816.0
2024-07-03,1423.31,1436.62,1412.89,1424.26,3157326.0,4740808130.0
2024-07-04,1429.01,1435.66,1406.35,1410.72,2437973.0,3637968895.0
2024-07-05,1404.32,1417.79,1376.79,1379.64,3882938.0,5664477336.0
2024-07-08,1370.14,1384.17,1347.49,1348.3,3952705.0,5657951348.0
2024-07-09,1348.3,1381.43,1338.9,1365.42,3362071.0,4807957927.0
2024-07-10,1366.58,1391.87,1362.55,1365.01,2376322.0,3436693365.0
2024-07-11,1376.76,1394.83,1367.49,1388.27,2902014.0,4236960596.0
2024-07-12,1398.64,1411.35,1391.46,1404.15,2338634.0,3451132648.0
2024-07-15,1395.78,1412.87,1395.78,1400.43,1917626.0,2835374730.0
2024-07-16,1401.48,1407.17,1391.08,1401.48,2031644.0,2998367128.0
2024-07-17,1401.57,1427.11,1395.8,1425.59,3431101.0,5115680654.0
2024-07-18,1423.79,1438.51,1417.17,1421.9,2887039.0,4337214601.0
2024-07-19,1415.54,1451.97,1409.08,1448.59,3894291.0,5888615145.0
2024-07-22,1448.03,1452.73,1416.34,1423.31,2854321.0,4300813310.0
2024-07-23,1423.31,1425.21,1381.54,1381.54,3094396.0,4555460198.0
2024-07-24,1376.98,1389.8,1362.55,1367.31,2412255.0,3490200973.0
2024-07-25,1367.31,1374.89,1348.31,1358.26,2834656.0,4054086714.0
2024-07-26,1358.26,1365.13,1339.66,1350.38,3235379.0,4594928574.0
2024-07-29,1343.56,1350.19,1327.41,1327.43,3086907.0,4342610100.0
2024-07-30,1316.0,1320.07,1292.57,1310.31,5177904.0,7103491566.0
2024-07-31,1303.77,1355.21,1303.77,1349.52,4327232.0,6098149721.0
2024-08-01,1346.4,1348.3,1314.79,1316.17,3203810.0,4470988088.0
2024-08-02,1304.25,1326.44,1304.25,1315.5,2192769.0,3041726372.0
2024-08-05,1318.75,1354.0,1315.56,1338.82,3773607.0,5327127147.0
2024-08-06,1350.2,1352.1,1323.63,1333.78,2744433.0,3860735014.0
2024-08-07,1334.54,1350.19,1327.7,1344.03,2062221.0,2910580747.0
2024-08-08,1339.76,1375.06,1337.86,1358.45,2513082.0,3592705430.0
2024-08-09,1386.31,1394.83,1364.26,1364.26,3013849.0,4368705515.0
2024-08-12,1357.8,1370.14,1354.55,1363.59,1363203.0,1956573438.0
2024-08-13,1360.65,1362.55,1340.72,1351.16,1630843.0,2317037756.0
2024-08-14,1351.16,1352.96,1340.73,1341.94,1341431.0,1898377426.0
2024-08-15,1334.09,1363.49,1333.06,1354.85,2303897.0,3275699572.0
2024-08-16,1354.75,1363.42,1345.46,1358.94,1645470.0,2349825846.0
2024-08-19,1359.7,1385.22,1353.05,1353.47,2043279.0,2942106435.0
2024-08-20,1357.7,1357.73,1342.61,1350.89,1859138.0,2644814344.0
2024-08-21,1348.3,1355.88,1344.21,1346.01,1509165.0,2144746551.0
2024-08-22,1344.51,1348.3,1329.32,1338.86,1952729.0,2750868073.0
2024-08-23,1336.91,1351.63,1335.12,1343.55,1532046.0,2166499202.0
2024-08-26,1345.45,1351.97,1332.3,1340.71,1562841.0,2207595461.0
2024-08-27,1340.71,1341.66,1330.37,1333.18,1365740.0,1920770570.0
2024-08-28,1333.18,1335.01,1305.58,1318.87,3166351.0,4388025875.0
2024-08-29,1310.32,1346.4,1310.32,1341.94,2747161.0,3864270621.0
2024-08-30,1341.66,1384.45,1334.06,1370.32,3873923.0,5576118649.0
2024-09-02,1357.8,1365.39,1324.57,1324.57,3413459.0,4801049927.0
2024-09-03,1327.41,1343.54,1322.69,1338.81,1788760.0,2516125842.0
2024-09-04,1331.21,1347.53,1329.07,1329.31,1421109.0,1995221417.0
2024-09-05,1329.79,1335.96,1326.46,1333.95,1450295.0,2033680839.0
2024-09-06,1334.06,1335.01,1327.41,1327.41,1032104.0,1445537257.0
2024-09-09,1310.33,1323.34,1300.9,1305.58,2863755.0,3950086825.0
2024-09-10,1300.85,1322.67,1300.85,1308.42,1980284.0,2737295644.0
2024-09-11,1306.15,1315.91,1296.08,1310.32,2099577.0,2892932794.0
2024-09-12,1310.32,1315.07,1267.51,1267.65,4794831.0,6482445000.0
2024-09-13,1263.8,1264.75,1231.8,1238.28,5600511.0,7329376917.0
2024-09-18,1234.36,1234.37,1202.71,1202.93,4618531.0,5895948011.0
2024-09-19,1198.28,1227.6,1182.93,1197.33,5998821.0,7623739997.0
2024-09-20,1197.81,1209.58,1186.92,1200.1,3998184.0,5038507835.0
2024-09-23,1203.98,1228.19,1197.01,1197.84,4554969.0,5809791682.0
2024-09-24,1220.21,1303.68,1201.22,1303.3,10041281.0,13297277523.0
2024-09-25,1329.36,1354.95,1326.19,1328.36,7395380.0,10420109655.0
2024-09-26,1329.28,1452.63,1325.52,1451.8,9727806.0,14269262657.0
2024-09-27,1519.22,1546.94,1486.32,1546.94,8792167.0,14050260569.0
2024-09-30,1606.57,1671.02,1568.59,1659.74,15729341.0,26982747037.0
2024-10-08,1813.56,1813.56,1595.35,1636.0,19470947.0,35114075007.0
2024-10-09,1614.17,1614.17,1509.72,1514.61,12019684.0,19708432734.0
2024-10-10,1540.35,1583.86,1510.67,1557.2,7460342.0,12198964035.0
2024-10-11,1533.84,1557.16,1509.72,1523.95,4191471.0,6764982707.0
2024-10-14,1531.56,1538.8,1501.34,1521.1,4481202.0,7181350822.0
2024-10-15,1518.27,1520.16,1474.6,1475.78,4357143.0,6884141869.0
2024-10-16,1463.08,1471.55,1433.76,1445.63,4666440.0,7140169692.0
2024-10-17,1459.4,1460.02,1418.01,1419.14,3945955.0,5964778958.0
2024-10-18,1417.62,1488.68,1404.29,1463.19,6861930.0,10418043492.0
2024-10-21,1463.39,1471.71,1444.4,1451.61,4200790.0,6433918335.0
2024-10-22,1449.48,1481.41,1447.24,1465.09,3626913.0,5607826492.0
2024-10-23,1466.15,1497.33,1454.65,1488.36,4008846.0,6259600035.0
2024-10-24,1482.18,1495.48,1467.0,1473.83,2392280.0,3723973209.0
2024-10-25,1468.89,1495.28,1467.95,1480.14,2774508.0,4328271351.0
2024-10-28,1481.23,1485.98,1445.37,1485.98,3912140.0,6064453668.0
2024-10-29,1481.23,1500.23,1452.75,1454.29,4116578.0,6368105233.0
2024-10-30,1448.0,1472.87,1446.49,1454.65,3200574.0,4913175983.0
2024-10-31,1454.79,1462.24,1443.25,1450.65,2995735.0,4575545180.0
2024-11-01,1444.2,1467.12,1444.01,1456.31,3228392.0,4954302212.0
2024-11-04,1466.93,1471.74,1450.91,1470.03,2909292.0,4481761764.0
2024-11-05,1462.24,1498.04,1458.46,1497.37,4564047.0,7134443464.0
2024-11-06,1495.48,1508.76,1482.39,1491.68,3763143.0,5916917616.0
2024-11-07,1483.57,1570.01,1483.42,1565.87,7473872.0,12074951757.0
2024-11-08,1577.03,1582.94,1520.17,1528.68,6077120.0,9885645907.0
2024-11-11,1509.72,1528.66,1488.06,1517.33,4385365.0,6957095385.0
2024-11-12,1508.77,1541.05,1494.48,1497.57,4922266.0,7844798676.0
2024-11-13,1488.83,1506.55,1482.45,1498.8,2912526.0,4594445032.0
2024-11-14,1490.73,1513.95,1486.6,1494.34,2924814.0,4617144097.0
2024-11-15,1489.78,1503.83,1474.59,1480.29,3376112.0,5295326892.0
2024-11-18,1483.13,1496.42,1476.49,1480.29,2709219.0,4237197499.0
2024-11-19,1485.98,1490.13,1448.0,1464.07,3326643.0,5138831155.0
2024-11-20,1465.09,1475.51,1453.98,1466.81,2134455.0,3292675257.0
2024-11-21,1465.92,1470.78,1454.65,1467.12,1826179.0,2810933515.0
2024-11-22,1463.34,1469.62,1431.69,1431.69,3343611.0,5107288992.0
2024-11-25,1434.71,1454.65,1421.1,1422.91,3318556.0,5011136234.0
2024-11-26,1422.91,1442.19,1413.71,1432.81,2574479.0,3876885984.0
2024-11-27,1432.81,1445.3,1429.01,1442.35,2593417.0,3927607772.0
2024-11-28,1445.15,1447.99,1426.16,1441.36,2395203.0,3627662382.0
2024-11-29,1440.41,1476.49,1436.81,1448.7,3608810.0,5534035503.0
2024-12-02,1448.95,1452.74,1438.6,1448.0,2681954.0,4086609952.0
2024-12-03,1447.05,1451.71,1439.53,1449.65,2480662.0,3777197199.0
2024-12-04,1443.32,1446.73,1433.76,1443.25,2392389.0,3626565544.0
2024-12-05,1434.58,1441.22,1433.76,1434.71,1614147.0,2441318387.0
2024-12-06,1436.61,1461.2,1431.93,1444.21,3203969.0,4883148600.0
2024-12-09,1445.17,1452.48,1436.8,1442.12,1979986.0,3008173586.0
2024-12-10,1490.73,1499.97,1467.16,1468.5,6031210.0,9421340719.0
2024-12-11,1462.24,1476.49,1453.68,1458.07,2967112.0,4569662604.0
2024-12-12,1454.67,1486.93,1451.8,1486.74,4193652.0,6510547810.0
2024-12-13,1471.75,1476.48,1442.19,1442.3,4951197.0,7580908315.0
2024-12-16,1444.2,1451.8,1434.43,1450.09,3253710.0,4945298799.0
2024-12-17,1448.94,1489.78,1444.21,1479.34,5417163.0,8398945449.0
2024-12-18,1479.31,1497.38,1468.99,1492.15,4116226.0,6440801971.0
2024-12-19,1486.12,1488.76,1472.05,1472.7,2480932.0,3862602665.0
2024-12-20,1476.56,1486.85,1465.84,1467.75,2815774.0,4307425535.0
2024-12-23,1468.72,1483.18,1462.93,1472.04,2160269.0,3300971424.0
2024-12-24,1470.65,1488.97,1467.36,1483.97,2210492.0,3394160299.0
2024-12-25,1483.95,1483.95,1471.71,1475.47,1712339.0,2621061878.0
2024-12-26,1479.33,1483.94,1468.72,1473.34,1828651.0,2798840003.0
2024-12-27,1474.41,1481.25,1465.34,1474.48,2075932.0,3170191445.0
2024-12-30,1479.3,1488.93,1470.65,1470.65,2512982.0,3849542646.0
2024-12-31,1471.03,1489.93,1467.76,1469.68,3935445.0,6033540366.0
2025-01-02,1469.68,1470.15,1427.25,1434.97,5002870.0,7490883773.0
2025-01-03,1441.23,1441.71,1414.72,1422.43,3262836.0,4836610288.0
2025-01-06,1401.21,1410.53,1381.73,1388.68,4425512.0,6392479712.0
2025-01-07,1393.17,1400.14,1387.71,1388.87,2422118.0,3494634227.0
2025-01-08,1388.68,1400.07,1375.81,1391.09,3525821.0,5071821246.0
2025-01-09,1397.35,1412.38,1381.91,1392.53,2970565.0,4295852736.0
2025-01-10,1395.52,1400.2,1384.82,1384.82,2187195.0,3154677598.0
2025-01-13,1374.21,1392.96,1371.33,1392.51,2108251.0,3030806870.0
2025-01-14,1393.45,1425.98,1390.6,1420.02,3095657.0,4535651504.0
2025-01-15,1414.71,1422.04,1407.97,1418.83,1839934.0,2701518712.0
2025-01-16,1421.46,1429.82,1390.6,1394.83,2634213.0,3840411437.0
2025-01-17,1394.84,1408.93,1394.83,1402.9,1830894.0,2663227309.0
2025-01-20,1408.93,1436.69,1407.96,1422.24,3140975.0,4647626351.0
2025-01-21,1428.21,1429.18,1412.79,1415.82,1685604.0,2481821229.0
2025-01-22,1411.12,1415.63,1386.75,1389.64,2829384.0,4088101682.0
2025-01-23,1398.29,1415.68,1386.75,1391.57,2712504.0,3932700850.0
2025-01-24,1390.6,1396.19,1379.33,1384.82,3136034.0,4515322685.0
2025-01-27,1385.78,1392.5,1376.16,1383.84,2935646.0,4213534543.0
2025-02-05,1388.68,1391.57,1352.23,1353.77,4075652.0,5753730034.0
2025-02-06,1350.11,1371.31,1350.11,1362.48,2735582.0,3859568163.0
2025-02-07,1363.29,1391.26,1353.39,1384.82,3724207.0,5310850624.0
2025-02-10,1386.75,1388.68,1376.23,1380.49,2083979.0,2988101756.0
2025-02-11,1383.81,1384.78,1365.44,1367.46,2357283.0,3348668867.0
2025-02-12,1367.46,1393.5,1366.38,1391.57,2547579.0,3644170477.0
2025-02-13,1391.59,1422.67,1383.38,1412.84,4338536.0,6335985851.0
2025-02-14,1412.84,1424.36,1406.25,1422.43,2709992.0,3978694098.0
2025-02-17,1428.21,1441.7,1414.81,1419.17,3247059.0,4804663813.0
2025-02-18,1417.61,1439.78,1409.97,1422.43,2779992.0,4113845397.0
2025-02-19,1422.48,1441.18,1412.69,1437.86,3239331.0,4803378441.0
2025-02-20,1430.14,1438.79,1420.88,1421.46,2374973.0,3513552984.0
2025-02-21,1427.25,1443.38,1420.51,1435.17,3641783.0,5418169587.0
2025-02-24,1434.97,1446.07,1421.46,1426.35,3474373.0,5157907322.0
2025-02-25,1417.62,1420.88,1400.25,1402.18,2838743.0,4142814459.0
2025-02-26,1403.58,1412.75,1393.5,1407.97,2636609.0,3835949041.0
2025-02-27,1407.98,1436.8,1402.18,1432.61,4976217.0,7368002361.0
2025-02-28,1432.55,1473.91,1429.18,1447.3,5612895.0,8475738166.0
2025-03-03,1449.04,1466.78,1428.7,1434.02,3159566.0,4736679903.0
2025-03-04,1432.07,1433.04,1412.99,1417.71,2521121.0,3710675863.0
2025-03-05,1419.54,1421.46,1408.06,1414.11,2460522.0,3606932152.0
2025-03-06,1421.46,1456.37,1419.61,1452.3,4216764.0,6297117400.0
2025-03-07,1449.43,1473.89,1449.43,1466.79,3799135.0,5760608729.0
2025-03-10,1465.64,1472.46,1452.46,1468.62,3136907.0,4758789260.0
2025-03-11,1462.93,1493.48,1458.11,1493.48,3977560.0,6094007854.0
2025-03-12,1491.82,1494.45,1471.95,1487.6,2960396.0,4552923644.0
2025-03-13,1488.97,1500.06,1476.32,1482.96,2572439.0,3966369271.0
2025-03-14,1492.5,1569.99,1486.08,1569.99,9291315.0,14882842708.0
2025-03-17,1597.94,1598.9,1568.9,1579.48,5468913.0,8985138902.0
2025-03-18,1586.41,1593.12,1563.9,1566.12,3161345.0,5153210436.0
2025-03-19,1566.4,1589.26,1565.15,1577.41,2738955.0,4477128770.0
2025-03-20,1577.41,1579.23,1538.22,1546.83,3673677.0,5903879207.0
2025-03-21,1542.01,1554.74,1512.91,1517.66,3361430.0,5324973190.0
2025-03-24,1514.04,1533.0,1506.69,1526.58,2556585.0,4032223482.0
2025-03-25,1531.4,1536.03,1510.82,1519.35,1767438.0,2783286813.0
2025-03-26,1516.71,1526.17,1515.01,1519.83,1432356.0,2257639750.0
2025-03-27,1519.83,1541.29,1517.3,1532.37,1795563.0,2848889210.0
2025-03-28,1534.23,1536.22,1519.83,1528.71,1622789.0,2569470015.0
2025-03-31,1524.63,1530.4,1504.46,1505.36,2108494.0,3311857714.0
2025-04-01,1508.26,1513.94,1496.89,1500.56,1855644.0,2893739955.0
2025-04-02,1502.47,1511.92,1490.42,1493.81,2167401.0,3371883024.0
2025-04-03,1475.47,1529.47,1474.51,1512.96,3548050.0,5557442052.0
2025-04-07,1465.83,1482.07,1409.89,1446.54,10195267.0,15314738235.0
2025-04-08,1459.07,1489.93,1441.72,1489.93,7387649.0,11226977557.0
2025-04-09,1470.67,1501.31,1466.36,1486.11,5563004.0,8562928225.0
2025-04-10,1495.71,1499.58,1473.54,1493.79,3862021.0,5963650791.0
2025-04-11,1523.66,1523.66,1489.93,1513.06,3263423.0,5087359924.0
2025-04-14,1505.33,1510.19,1496.23,1496.67,2171144.0,3379425640.0
2025-04-15,1496.68,1509.22,1489.93,1502.47,2148928.0,3339942729.0
2025-04-16,1496.68,1519.83,1482.22,1503.6,3115605.0,4834880596.0
2025-04-17,1498.61,1520.31,1494.75,1514.04,2384605.0,3733924973.0
2025-04-18,1510.19,1518.86,1500.54,1510.13,2029848.0,3179974340.0
2025-04-21,1509.7,1509.7,1495.72,1495.72,1805703.0,2808158177.0
2025-04-22,1494.76,1500.83,1488.21,1493.6,1843214.0,2857525967.0
2025-04-23,1503.43,1503.65,1489.93,1496.68,1866876.0,2895468892.0
2025-04-24,1496.68,1505.05,1493.77,1496.93,1487181.0,2313372072.0
2025-04-25,1501.6,1505.56,1494.76,1494.76,1476490.0,2295029705.0
2025-04-28,1496.68,1499.58,1491.48,1494.76,1465972.0,2274252465.0
2025-04-29,1494.76,1497.21,1477.42,1488.97,1892180.0,2917422938.0
2025-04-30,1494.75,1510.82,1491.19,1491.86,2575425.0,4005439429.0
2025-05-06,1503.43,1503.43,1489.29,1494.95,1830026.0,2838614215.0
2025-05-07,1514.04,1514.04,1494.95,1499.58,2746221.0,4275142569.0
2025-05-08,1497.65,1536.01,1494.59,1521.94,3348106.0,5265446444.0
2025-05-09,1522.71,1540.51,1518.91,1534.47,2367190.0,3757574546.0
2025-05-12,1541.04,1561.23,1539.7,1547.31,2473533.0,3967785800.0
2025-05-13,1551.58,1551.58,1528.61,1533.62,2125829.0,3386617848.0
2025-05-14,1533.33,1586.37,1531.57,1576.72,3946012.0,6394735058.0
2025-05-15,1576.53,1585.01,1566.24,1573.84,2473285.0,4043402636.0
2025-05-16,1575.75,1578.65,1556.6,1556.6,2293522.0,3714508659.0
2025-05-19,1539.12,1542.97,1517.78,1522.7,3806283.0,6021950010.0
2025-05-20,1523.69,1537.96,1518.96,1529.47,1952153.0,3095742637.0
2025-05-21,1528.51,1539.06,1524.62,1524.62,1979464.0,3143941416.0
2025-05-22,1524.64,1528.5,1514.14,1523.69,1509024.0,2381236586.0
2025-05-23,1519.06,1531.3,1515.64,1516.55,2153700.0,3399424961.0
2025-05-26,1514.04,1518.51,1489.93,1495.24,2708653.0,4212944430.0
2025-05-27,1495.72,1503.05,1488.5,1488.87,1775213.0,2748945675.0
2025-05-28,1488.96,1491.34,1478.36,1482.22,1626568.0,2504624605.0
2025-05-29,1485.11,1499.58,1477.4,1485.11,2185958.0,3375465796.0
2025-05-30,1485.26,1489.93,1461.23,1467.75,3123918.0,4764875947.0
2025-06-03,1454.26,1464.86,1451.38,1455.22,2897918.0,4377892799.0
2025-06-04,1456.66,1468.72,1455.43,1456.14,2300809.0,3480363797.0
2025-06-05,1460.04,1461.97,1448.66,1460.04,2321366.0,3504925524.0
2025-06-06,1459.85,1464.83,1449.43,1452.7,2502307.0,3777727616.0
2025-06-09,1451.38,1454.93,1432.73,1433.14,4495867.0,6723839138.0
2025-06-10,1433.04,1438.82,1422.24,1422.44,3049220.0,4511934584.0
2025-06-11,1424.16,1440.75,1423.49,1427.25,3089282.0,4585522755.0
2025-06-12,1427.25,1430.98,1402.27,1407.0,4990361.0,7306800800.0
2025-06-13,1392.93,1398.29,1374.27,1376.09,5911325.0,8466515559.0
2025-06-16,1351.26,1374.25,1351.24,1371.6,4288787.0,6060448438.0
2025-06-17,1369.39,1376.14,1361.85,1376.14,2723151.0,3868364671.0
2025-06-18,1388.68,1391.99,1370.36,1374.21,3076099.0,4404131364.0
2025-06-19,1375.18,1382.57,1366.67,1375.18,2450072.0,3490268568.0
2025-06-20,1372.84,1389.78,1369.58,1377.74,3481581.0,4990683314.0
2025-06-23,1369.39,1381.93,1355.1,1369.39,2672331.0,3794012343.0
2025-06-24,1372.62,1399.94,1372.62,1385.98,3631151.0,5229183514.0
2025-06-25,1387.82,1397.55,1369.88,1384.68,4105007.0,5869292227.0
2025-06-26,1391.31,1404.09,1386.47,1396.23,3486025.0,4955829982.0
2025-06-27,1396.24,1399.18,1379.6,1379.6,3824973.0,5404312675.0
2025-06-30,1380.0,1389.57,1378.53,1385.92,3045730.0,4287373691.0
2025-07-01,1385.41,1388.3,1379.82,1381.58,1987819.0,2794423203.0
2025-07-02,1385.9,1391.11,1376.56,1386.0,2621825.0,3689246316.0
2025-07-03,1388.36,1398.87,1384.43,1391.9,2441267.0,3456733002.0
2025-07-04,1392.0,1407.92,1386.4,1398.41,2876691.0,4086547268.0
2025-07-07,1398.47,1399.67,1386.4,1387.08,2385467.0,3370562659.0
2025-07-08,1387.09,1396.23,1387.08,1392.4,1867370.0,2643302691.0
2025-07-09,1391.31,1406.03,1390.49,1395.13,2774532.0,3950810723.0
2025-07-10,1395.21,1412.14,1386.79,1402.62,3872503.0,5503329754.0
2025-07-11,1399.33,1433.59,1399.33,1403.11,5724335.0,8239010390.0
2025-07-14,1406.06,1410.96,1397.8,1399.77,2778094.0,3961736006.0
2025-07-15,1397.19,1399.11,1384.74,1387.38,3540578.0,5005150165.0
2025-07-16,1386.4,1393.76,1386.35,1387.41,2128605.0,3006882579.0
2025-07-17,1390.31,1399.19,1389.23,1392.64,2310554.0,3273100406.0
2025-07-18,1396.23,1413.74,1392.67,1412.94,4182341.0,5984949774.0
2025-07-21,1412.93,1422.58,1410.98,1418.84,2620331.0,3779891829.0
2025-07-22,1419.83,1442.05,1416.56,1440.45,4211898.0,6127636851.0
2025-07-23,1444.41,1469.97,1444.36,1450.8,4504484.0,6676301462.0
2025-07-24,1451.29,1473.9,1450.31,1466.53,3880364.0,5786337377.0
2025-07-25,1466.43,1466.43,1428.67,1430.64,4191126.0,6140078741.0
2025-07-28,1428.67,1430.63,1412.25,1414.57,3858632.0,5560966386.0
2025-07-29,1415.5,1424.54,1410.99,1414.91,2630408.0,3785848102.0
2025-07-30,1419.83,1432.77,1412.94,1425.17,3186771.0,4612883040.0
2025-07-31,1418.84,1420.68,1394.26,1397.87,5179751.0,7386302758.0
2025-08-01,1398.07,1402.09,1390.33,1393.28,2963559.0,4200850790.0
2025-08-04,1391.31,1396.03,1390.33,1395.24,1868795.0,2647105740.0
2025-08-05,1397.21,1406.0,1393.39,1403.84,2534227.0,3607931488.0
2025-08-06,1405.08,1405.08,1395.54,1400.04,2369928.0,3372334940.0
2025-08-07,1400.04,1403.8,1396.29,1398.54,2800134.0,3988765795.0
2025-08-08,1399.23,1402.62,1394.26,1397.18,1865528.0,2651478118.0
2025-08-11,1399.67,1427.68,1399.18,1420.81,4715907.0,6794034090.0
2025-08-12,1424.74,1440.54,1411.96,1412.98,4201923.0,6095342036.0
2025-08-13,1401.14,1409.68,1396.23,1396.28,6552754.0,9325460101.0
2025-08-14,1397.15,1423.28,1397.15,1403.1,4812930.0,6897535330.0
2025-08-15,1402.14,1404.74,1396.44,1398.27,4758165.0,6772436997.0
2025-08-18,1403.1,1412.59,1399.28,1404.58,4737798.0,6773477871.0
2025-08-19,1409.5,1422.44,1408.03,1413.93,4637186.0,6678541001.0
2025-08-20,1413.93,1428.48,1406.08,1425.72,4580466.0,6623095725.0
2025-08-21,1429.12,1430.63,1419.48,1424.0,3089057.0,4470441662.0
2025-08-22,1424.62,1439.49,1420.58,1439.44,4497058.0,6544867368.0
2025-08-25,1445.4,1470.95,1441.46,1465.38,6532455.0,9676719498.0
2025-08-26,1465.37,1469.21,1455.23,1456.81,3960213.0,5883917000.0
2025-08-27,1457.07,1460.07,1423.76,1423.76,5600609.0,8184169113.0
2025-08-28,1423.73,1431.72,1414.68,1421.89,3928177.0,5683673273.0
2025-08-29,1428.67,1457.76,1427.69,1455.22,6225648.0,9159701454.0
2025-09-01,1457.39,1463.09,1441.16,1451.39,4512338.0,6658918555.0
2025-09-02,1453.91,1483.74,1453.26,1466.33,5668837.0,8470012816.0
2025-09-03,1466.04,1478.33,1441.46,1455.76,4504503.0,6656011145.0
2025-09-04,1447.36,1454.53,1436.02,1448.01,4774676.0,7017084750.0
2025-09-05,1446.37,1462.08,1439.49,1458.17,3738848.0,5519312163.0
2025-09-08,1458.17,1481.22,1452.76,1476.1,5138298.0,7682065696.0
2025-09-09,1479.8,1484.67,1468.42,1479.8,3574277.0,5366650005.0
2025-09-10,1481.44,1504.34,1470.95,1496.53,4966331.0,7541460049.0
2025-09-11,1496.53,1500.47,1483.25,1497.99,3723896.0,5642778456.0
2025-09-12,1500.45,1512.27,1485.24,1490.62,3372209.0,5132184935.0
2025-09-15,1490.49,1492.08,1476.36,1489.74,2582703.0,3901929718.0
2025-09-16,1489.74,1495.53,1471.16,1474.87,3271789.0,4928374478.0
2025-09-17,1474.88,1485.0,1465.07,1468.01,3033054.0,4534770634.0
2025-09-18,1467.02,1472.72,1439.0,1443.38,4972125.0,7347477479.0
2025-09-19,1443.41,1450.8,1432.62,1443.39,3263662.0,4784528851.0
2025-09-22,1440.56,1443.39,1425.73,1429.02,3494708.0,5085057536.0
2025-09-23,1426.22,1433.1,1415.89,1423.19,3866300.0,5588384388.0
2025-09-24,1410.06,1432.39,1410.06,1417.86,3074350.0,4443052872.0
2025-09-25,1418.67,1421.02,1411.96,1414.91,3386973.0,4873274661.0
2025-09-26,1417.05,1422.88,1404.1,1410.98,4512071.0,6480889597.0
2025-09-29,1415.28,1445.38,1410.98,1436.4,5368403.0,7798434586.0
2025-09-30,1435.56,1436.3,1415.89,1419.82,3936362.0,5687474876.0
2025-10-09,1411.96,1415.28,1396.23,1412.73,5491812.0,7845448947.0
2025-10-10,1413.53,1415.83,1403.6,1406.06,3600144.0,5157459262.0
2025-10-13,1392.0,1399.03,1391.43,1395.44,4606880.0,6533147458.0
2025-10-14,1406.05,1439.49,1406.05,1426.73,6667233.0,9639484605.0
2025-10-15,1426.69,1438.51,1420.89,1437.52,4278540.0,6233407482.0
2025-10-16,1437.45,1460.09,1434.46,1460.05,4573015.0,6749162949.0
2025-10-17,1458.27,1463.09,1429.69,1430.64,3808589.0,5594724900.0
2025-10-20,1430.64,1444.9,1430.52,1433.52,2594988.0,3793283759.0
2025-10-21,1434.57,1445.33,1431.13,1437.78,2544267.0,3727984130.0
2025-10-22,1437.6,1441.19,1431.62,1434.28,1819492.0,2657486636.0
2025-10-23,1430.64,1444.21,1422.97,1443.4,2932235.0,4274652090.0
2025-10-24,1443.37,1454.12,1425.08,1425.72,3822583.0,5578603148.0
2025-10-27,1415.89,1428.17,1411.95,1416.3,3710239.0,5352667152.0
2025-10-28,1417.86,1426.9,1416.97,1420.81,2712433.0,3923817140.0
2025-10-29,1415.91,1422.33,1406.1,1407.93,3393711.0,4868780319.0
2025-10-30,1398.01,1412.58,1398.01,1402.85,4745610.0,6768821311.0
2025-10-31,1398.19,1411.94,1396.34,1406.07,3569377.0,5109623861.0
2025-11-03,1407.04,1423.76,1396.33,1410.98,3454766.0,4945310830.0
2025-11-04,1411.07,1411.74,1399.94,1405.08,2656572.0,3793892903.0
2025-11-05,1402.02,1407.03,1396.24,1396.31,3447527.0,4908475373.0
2025-11-06,1406.06,1417.32,1406.05,1411.1,3834782.0,5505960415.0
2025-11-07,1411.08,1415.68,1407.15,1409.33,1886139.0,2704995856.0
2025-11-10,1410.98,1439.19,1410.96,1437.82,4945154.0,7181246441.0
2025-11-11,1437.52,1437.7,1422.78,1434.56,2669156.0,3882776772.0
2025-11-12,1435.54,1453.61,1434.78,1440.62,3299210.0,4849073051.0
2025-11-13,1437.64,1448.91,1433.59,1445.76,3117923.0,4569178269.0
2025-11-14,1445.39,1454.19,1431.92,1432.21,2747306.0,4031007106.0
2025-11-17,1429.66,1448.34,1421.59,1446.37,3446221.0,5035780027.0
2025-11-18,1446.08,1461.19,1444.41,1451.29,3420478.0,5055675474.0
2025-11-19,1449.32,1454.76,1445.35,1446.38,2204537.0,3249449214.0
2025-11-20,1447.36,1455.12,1440.5,1442.55,2400232.0,3531653943.0
2025-11-21,1445.88,1455.22,1431.62,1442.05,4260720.0,6259873433.0
2025-11-24,1442.44,1446.37,1426.84,1427.69,3360744.0,4901903705.0
2025-11-25,1433.59,1433.59,1420.32,1420.46,2844069.0,4119930011.0
2025-11-26,1424.62,1429.16,1419.41,1424.89,2030616.0,2938818095.0
2025-11-27,1425.23,1425.72,1414.95,1423.07,2228689.0,3216797187.0
2025-11-28,1422.28,1431.13,1418.84,1426.22,2321121.0,3366696622.0
2025-12-01,1426.71,1437.79,1417.86,1423.76,2733342.0,3961994999.0
2025-12-02,1423.76,1427.61,1411.0,1411.99,2504726.0,3607543825.0
2025-12-03,1411.77,1411.93,1404.09,1405.17,2357279.0,3370080066.0
2025-12-04,1405.17,1408.52,1394.63,1400.14,2907539.0,4134921902.0
2025-12-05,1400.14,1409.1,1395.74,1406.07,2540166.0,3622681597.0
2025-12-08,1405.27,1412.62,1394.26,1394.48,3360280.0,4789155770.0
2025-12-09,1394.49,1397.21,1376.61,1377.56,4263443.0,5995722121.0
2025-12-10,1376.56,1379.32,1360.02,1379.32,3313347.0,4625906139.0
2025-12-11,1383.11,1388.35,1378.09,1388.35,2238501.0,3149974074.0
2025-12-12,1394.26,1401.14,1389.9,1396.87,3715919.0,5273563274.0
2025-12-15,1415.49,1415.88,1401.7,1402.13,3335879.0,4774362060.0
2025-12-16,1402.32,1404.86,1391.31,1398.19,2396367.0,3403139194.0
2025-12-17,1401.14,1415.83,1393.95,1409.11,3138249.0,4489482138.0
2025-12-18,1409.5,1414.79,1402.23,1407.04,1782995.0,2551177659.0
2025-12-19,1410.0,1412.45,1401.01,1410.0,2650868.0,3733028357.0
2025-12-22,1410.0,1414.14,1406.58,1408.26,2042565.0,2881636856.0
2025-12-23,1408.26,1412.93,1397.19,1407.86,2450681.0,3445377032.0
2025-12-24,1404.99,1406.36,1400.0,1400.9,2518669.0,3533253565.0
2025-12-25,1405.0,1419.48,1401.38,1414.17,2338621.0,3299572096.0
2025-12-26,1414.17,1419.14,1410.0,1414.13,1780299.0,2520605635.0
2025-12-29,1414.13,1414.13,1401.0,1402.0,2630810.0,3694660107.0
2025-12-30,1401.0,1401.9,1386.0,1389.72,3379194.0,4702489813.0
2025-12-31,1390.0,1394.0,1377.17,1377.18,3476563.0,4799456452.0
2026-01-05,1385.0,1431.88,1385.0,1426.0,7094942.0,10018086372.0
2026-01-06,1432.55,1436.97,1416.53,1428.01,3958618.0,5649710153.0
2026-01-07,1432.88,1435.0,1420.2,1423.36,2968380.0,4234255286.0
2026-01-08,1423.33,1423.36,1408.14,1412.3,2913454.0,4117925041.0
2026-01-09,1417.0,1428.6,1416.01,1419.1,2984774.0,4243865418.0
2026-01-12,1419.1,1431.0,1417.1,1423.23,3608266.0,5135636033.0
2026-01-13,1426.79,1429.52,1408.99,1411.0,3916866.0,5555633779.0
2026-01-14,1411.0,1422.25,1396.18,1398.01,5175797.0,7285041159.0
2026-01-15,1396.02,1402.83,1388.58,1388.89,4090714.0,5698739671.0
2026-01-16,1395.0,1397.5,1380.0,1382.0,5512068.0,7643061998.0
2026-01-19,1381.9,1387.49,1375.0,1376.0,4228640.0,5833745442.0
2026-01-20,1379.5,1381.58,1372.05,1373.55,3648443.0,5021900765.0
2026-01-21,1373.56,1374.4,1350.0,1351.06,6451625.0,8775880803.0
2026-01-22,1352.01,1361.76,1337.48,1340.06,5901089.0,7962441434.0
2026-01-23,1340.1,1348.0,1332.47,1337.0,6194890.0,8301311489.0
2026-01-26,1340.51,1355.0,1325.12,1342.0,8016606.0,10751225525.0
2026-01-27,1344.98,1353.7,1338.0,1343.01,4841596.0,6514513216.0
2026-01-28,1343.04,1346.71,1322.01,1323.69,7621801.0,10135019524.0
2026-01-29,1335.0,1445.0,1329.06,1437.72,18953440.0,26305591086.0
2026-01-30,1435.0,1435.0,1401.0,1401.0,9447974.0,13366329414.0
2026-02-02,1425.0,1458.58,1411.62,1427.0,8572427.0,12312646443.0
2026-02-03,1445.0,1476.81,1443.03,1474.92,8632066.0,12628439703.0
2026-02-04,1485.0,1533.27,1474.0,1525.0,10912293.0,16444345980.0
2026-02-05,1520.0,1565.0,1515.0,1555.0,9162274.0,14183456476.0
2026-02-06,1555.0,1568.0,1505.88,1515.01,7896538.0,12019878669.0
2026-02-09,1518.0,1542.88,1513.49,1524.96,5116846.0,7809067705.0
2026-02-10,1524.97,1524.97,1496.5,1504.8,3957596.0,5953269321.0
2026-02-11,1504.8,1514.0,1496.0,1504.33,3092846.0,4648360030.0
2026-02-12,1500.2,1502.82,1473.36,1486.6,4624582.0,6874370113.0
2026-02-13,1486.6,1507.8,1470.58,1485.3,4167901.0,6216379203.0
2026-02-24,1521.0,1524.4,1463.6,1466.8,4191253.0,6198840572.0
2026-02-25,1470.0,1509.66,1467.88,1491.66,3688067.0,5490316149.0
2026-02-26,1486.6,1489.49,1464.67,1466.21,3295801.0,4855471430.0
2026-02-27,1466.99,1476.21,1455.02,1455.02,3216016.0,4697692477.0
2026-03-02,1450.0,1457.0,1436.66,1440.11,3545386.0,5115063511.0
2026-03-03,1440.1,1452.87,1422.13,1426.19,4589086.0,6565381648.0
2026-03-04,1415.0,1423.0,1392.09,1401.18,4801443.0,6743267103.0
2026-03-05,1406.0,1412.96,1395.0,1399.04,3050524.0,4276226062.0
2026-03-06,1395.0,1407.5,1388.0,1402.0,2915415.0,4072328833.0
2026-03-09,1390.0,1404.9,1383.2,1397.0,3744162.0,5220095639.0
2026-03-10,1404.9,1409.49,1398.0,1401.88,2462592.0,3457808916.0
2026-03-11,1402.99,1405.99,1398.02,1400.0,2445673.0,3425363892.0
2026-03-12,1395.0,1403.95,1391.01,1392.0,2758646.0,3850521717.0
2026-03-13,1392.48,1417.62,1392.0,1413.64,3360783.0,4738808558.0
2026-03-16,1420.0,1466.0,1420.0,1460.18,6008635.0,8711525836.0
2026-03-17,1468.0,1498.07,1461.19,1485.0,4945361.0,7347310632.0
2026-03-18,1489.0,1496.5,1463.15,1468.8,3555100.0,5239992522.0
2026-03-19,1472.96,1473.0,1446.0,1452.87,3031859.0,4404953481.0
2026-03-20,1452.96,1462.5,1439.0,1445.0,2613234.0,3782818260.0
2026-03-23,1433.33,1435.0,1400.03,1408.07,4725589.0,6669708665.0
2026-03-24,1416.0,1417.59,1400.18,1407.33,2856179.0,4017694387.0
2026-03-25,1410.11,1417.87,1401.01,1410.27,2609346.0,3677905549.0
2026-03-26,1409.0,1413.9,1400.3,1401.18,2309289.0,3243387502.0
2026-03-27,1400.0,1426.0,1396.66,1416.02,3008711.0,4257499781.0
2026-03-30,1407.0,1431.0,1402.52,1420.0,2868459.0,4060684934.0
2026-03-31,1468.0,1479.93,1448.41,1450.0,6169066.0,9015486797.0
2026-04-01,1464.49,1469.99,1452.88,1459.44,2912514.0,4256185472.0
2026-04-02,1459.44,1464.88,1452.1,1459.88,2106437.0,3071809846.0
2026-04-03,1459.54,1469.96,1455.0,1460.0,2019373.0,2953993081.0
2026-04-07,1460.05,1470.0,1435.05,1440.02,2415218.0,3507471653.0
2026-04-08,1460.0,1469.08,1452.13,1465.02,3383610.0,4947937007.0
2026-04-09,1465.02,1465.02,1447.5,1460.49,2070476.0,3012278579.0
2026-04-10,1459.14,1459.71,1441.1,1453.96,2886556.0,4187181529.0
2026-04-13,1444.0,1446.5,1433.0,1443.31,2521364.0,3629675490.0
2026-04-14,1442.6,1448.6,1435.0,1446.9,2423261.0,3492544230.0
2026-04-15,1444.98,1470.79,1442.0,1467.5,3455348.0,5049317187.0
2026-04-16,1467.45,1477.41,1460.0,1462.84,2451284.0,3597294838.0
2026-04-17,1400.0,1421.0,1399.87,1407.24,9682499.0,13631929446.0
2026-04-20,1403.0,1413.94,1400.0,1410.89,3645139.0,5127146041.0
2026-04-21,1411.0,1419.9,1410.0,1412.01,2175427.0,3074595192.0
2026-04-22,1415.0,1419.0,1404.98,1409.5,2691593.0,3793827534.0
2026-04-23,1408.0,1419.7,1405.1,1419.0,3770109.0,5332831151.0
2026-04-24,1413.1,1458.88,1413.1,1458.49,5545531.0,8003410999.0
